,zero_shot_baseline,in_context_learning_3-shot,style_information_style_example,chain_of_thought_zero_shot,chain_of_thought_one_shot,self-refine
0,0.0,1.285935458890961,2.3363222756889996,0.49256079261868635,2.137690009652083,8.109294790069438
1,-1.285935458890961,0.0,1.0503868167980386,-0.7933746662722747,0.8517545507611217,6.823359331178477
2,-2.3363222756889996,-1.0503868167980386,0.0,-1.8437614830703133,-0.19863226603691686,5.772972514380438
3,-0.49256079261868635,0.7933746662722747,1.8437614830703133,0.0,1.6451292170333964,7.616733997450751
4,-2.137690009652083,-0.8517545507611217,0.19863226603691686,-1.6451292170333964,0.0,5.971604780417355
5,-8.109294790069438,-6.823359331178477,-5.772972514380438,-7.616733997450751,-5.971604780417355,0.0
