,zero_shot_baseline,in_context_learning_3-shot,style_information_style_example,chain_of_thought_zero_shot,chain_of_thought_one_shot,self-refine
0,0.0,1.605924218882329,-2.9197782293240024,0.13460128667628268,-1.9688642467458308,1.4243450889252358
1,-1.605924218882329,0.0,-4.5257024482063315,-1.4713229322060464,-3.57478846562816,-0.18157912995709324
2,2.9197782293240024,4.5257024482063315,0.0,3.054379516000285,0.9509139825781716,4.344123318249238
3,-0.13460128667628268,1.4713229322060464,-3.054379516000285,0.0,-2.1034655334221135,1.2897438022489531
4,1.9688642467458308,3.57478846562816,-0.9509139825781716,2.1034655334221135,0.0,3.3932093356710666
5,-1.4243450889252358,0.18157912995709324,-4.344123318249238,-1.2897438022489531,-3.3932093356710666,0.0
