,abstracts,news,reviews,qa
0,0.0,-4.2865216165059365,-0.527169891334204,0.44966857758856404
1,4.2865216165059365,0.0,3.7593517251717326,4.736190194094501
2,0.527169891334204,-3.7593517251717326,0.0,0.976838468922768
3,-0.44966857758856404,-4.736190194094501,-0.976838468922768,0.0
