,zero_shot_baseline,in_context_learning_3-shot,style_information_style_example,chain_of_thought_zero_shot,chain_of_thought_one_shot,self-refine
0,0.0,3.753293069819744,0.33597891071347163,0.2906612304362284,-0.7582100084828021,1.9357506179006165
1,-3.753293069819744,0.0,-3.4173141591062723,-3.4626318393835156,-4.511503078302546,-1.8175424519191274
2,-0.33597891071347163,3.4173141591062723,0.0,-0.045317680277243255,-1.0941889191962737,1.599771707187145
3,-0.2906612304362284,3.4626318393835156,0.045317680277243255,0.0,-1.0488712389190304,1.6450893874643882
4,0.7582100084828021,4.511503078302546,1.0941889191962737,1.0488712389190304,0.0,2.6939606263834186
5,-1.9357506179006165,1.8175424519191274,-1.599771707187145,-1.6450893874643882,-2.6939606263834186,0.0
