,zero_shot_baseline,in_context_learning_3-shot,style_information_style_example,chain_of_thought_zero_shot,chain_of_thought_one_shot,self-refine
0,0.0,0.05324359271407886,0.362875889722023,0.7257537214419578,-1.8667639081506664,2.2869773563267266
1,-0.05324359271407886,0.0,0.30963229700794415,0.672510128727879,-1.9200075008647453,2.2337337636126477
2,-0.362875889722023,-0.30963229700794415,0.0,0.3628778317199348,-2.2296397978726894,1.9241014666047036
3,-0.7257537214419578,-0.672510128727879,-0.3628778317199348,0.0,-2.592517629592624,1.5612236348847688
4,1.8667639081506664,1.9200075008647453,2.2296397978726894,2.592517629592624,0.0,4.153741264477393
5,-2.2869773563267266,-2.2337337636126477,-1.9241014666047036,-1.5612236348847688,-4.153741264477393,0.0
