,abstracts,news,reviews,qa
0,0.0,-2.633593208434597,0.8689206384498132,3.302563776208025
1,2.633593208434597,0.0,3.50251384688441,5.936156984642622
2,-0.8689206384498132,-3.50251384688441,0.0,2.433643137758212
3,-3.302563776208025,-5.936156984642622,-2.433643137758212,0.0
