,zero_shot_baseline,in_context_learning_3-shot,style_information_style_example,chain_of_thought_zero_shot,chain_of_thought_one_shot,self-refine
0,0.0,-0.9829130602918283,-1.0459654656148238,0.01974119827155363,1.3515824596384434,4.902119363307374
1,0.9829130602918283,0.0,-0.0630524053229955,1.002654258563382,2.3344955199302717,5.885032423599203
2,1.0459654656148238,0.0630524053229955,0.0,1.0657066638863775,2.397547925253267,5.948084828922198
3,-0.01974119827155363,-1.002654258563382,-1.0657066638863775,0.0,1.3318412613668897,4.882378165035821
4,-1.3515824596384434,-2.3344955199302717,-2.397547925253267,-1.3318412613668897,0.0,3.550536903668931
5,-4.902119363307374,-5.885032423599203,-5.948084828922198,-4.882378165035821,-3.550536903668931,0.0
