,abstracts,news,reviews,qa
0,0.0,-4.115906402511289,-1.431540924631179,0.038670518150109315
1,4.115906402511289,0.0,2.6843654778801103,4.154576920661398
2,1.431540924631179,-2.6843654778801103,0.0,1.4702114427812882
3,-0.038670518150109315,-4.154576920661398,-1.4702114427812882,0.0
