,zero_shot_baseline,in_context_learning_3-shot,style_information_style_example,chain_of_thought_zero_shot,chain_of_thought_one_shot,self-refine
0,0.0,-0.0022216323796833137,-2.878506899388462,0.2808126441490799,-1.5814482241078167,2.084522843609383
1,0.0022216323796833137,0.0,-2.876285267008779,0.28303427652876323,-1.5792265917281334,2.0867444759890663
2,2.878506899388462,2.876285267008779,0.0,3.159319543537542,1.2970586752806454,4.963029742997845
3,-0.2808126441490799,-0.28303427652876323,-3.159319543537542,0.0,-1.8622608682568966,1.803710199460303
4,1.5814482241078167,1.5792265917281334,-1.2970586752806454,1.8622608682568966,0.0,3.6659710677171997
5,-2.084522843609383,-2.0867444759890663,-4.963029742997845,-1.803710199460303,-3.6659710677171997,0.0
