,zero_shot_baseline,in_context_learning_3-shot,style_information_style_example,chain_of_thought_zero_shot,chain_of_thought_one_shot,self-refine
0,0.0,-1.078964123584086,-2.0939200802772966,-0.3722731913507715,0.005826226964725123,-2.109688054109565
1,1.078964123584086,0.0,-1.0149559566932105,0.7066909322333146,1.0847903505488112,-1.030723930525479
2,2.0939200802772966,1.0149559566932105,0.0,1.721646888926525,2.0997463072420217,-0.015767973832268467
3,0.3722731913507715,-0.7066909322333146,-1.721646888926525,0.0,0.37809941831549665,-1.7374148627587935
4,-0.005826226964725123,-1.0847903505488112,-2.0997463072420217,-0.37809941831549665,0.0,-2.11551428107429
5,2.109688054109565,1.030723930525479,0.015767973832268467,1.7374148627587935,2.11551428107429,0.0
