,zero_shot_baseline,in_context_learning_3-shot,style_information_style_example,chain_of_thought_zero_shot,chain_of_thought_one_shot,self-refine
0,0.0,-0.05272028775728543,0.31405669636969336,1.0404622100264689,-4.083911689873691,7.076506816698444
1,0.05272028775728543,0.0,0.3667769841269788,1.0931824977837543,-4.031191402116406,7.12922710445573
2,-0.31405669636969336,-0.3667769841269788,0.0,0.7264055136567755,-4.3979683862433845,6.762450120328751
3,-1.0404622100264689,-1.0931824977837543,-0.7264055136567755,0.0,-5.12437389990016,6.036044606671975
4,4.083911689873691,4.031191402116406,4.3979683862433845,5.12437389990016,0.0,11.160418506572135
5,-7.076506816698444,-7.12922710445573,-6.762450120328751,-6.036044606671975,-11.160418506572135,0.0
