,zero_shot_baseline,in_context_learning_3-shot,style_information_style_example,chain_of_thought_zero_shot,chain_of_thought_one_shot,self-refine
0,0.0,3.425332087846794,-0.03958680284857152,1.9323783933930976,1.6408271548168614,11.101681860797811
1,-3.425332087846794,0.0,-3.4649188906953654,-1.4929536944536963,-1.7845049330299325,7.676349772951017
2,0.03958680284857152,3.4649188906953654,0.0,1.971965196241669,1.680413957665433,11.141268663646382
3,-1.9323783933930976,1.4929536944536963,-1.971965196241669,0.0,-0.2915512385762362,9.169303467404713
4,-1.6408271548168614,1.7845049330299325,-1.680413957665433,0.2915512385762362,0.0,9.46085470598095
5,-11.101681860797811,-7.676349772951017,-11.141268663646382,-9.169303467404713,-9.46085470598095,0.0
