,zero_shot_baseline,in_context_learning_3-shot,style_information_style_example,chain_of_thought_zero_shot,chain_of_thought_one_shot,self-refine
0,0.0,0.029879348729121347,-0.7446866762866797,1.2462621693121712,-1.8133083213083196,2.1806644508404283
1,-0.029879348729121347,0.0,-0.7745660250158011,1.2163828205830498,-1.843187670037441,2.150785102111307
2,0.7446866762866797,0.7745660250158011,0.0,1.9909488455988509,-1.06862164502164,2.925351127127108
3,-1.2462621693121712,-1.2163828205830498,-1.9909488455988509,0.0,-3.059570490620491,0.9344022815282571
4,1.8133083213083196,1.843187670037441,1.06862164502164,3.059570490620491,0.0,3.993972772148748
5,-2.1806644508404283,-2.150785102111307,-2.925351127127108,-0.9344022815282571,-3.993972772148748,0.0
