,abstracts,news,reviews,qa
0,0.0,-15.963711131836874,0.8728403810039644,1.7497614046960945
1,15.963711131836874,0.0,16.83655151284084,17.71347253653297
2,-0.8728403810039644,-16.83655151284084,0.0,0.8769210236921301
3,-1.7497614046960945,-17.71347253653297,-0.8769210236921301,0.0
