,zero_shot_baseline,in_context_learning_3-shot,style_information_style_example,chain_of_thought_zero_shot,chain_of_thought_one_shot,self-refine
0,0.0,-2.1131903771504223,-2.5210277907969196,0.16025119867259185,-3.3636083471714944,-0.20110513111263373
1,2.1131903771504223,0.0,-0.4078374136464973,2.273441575823014,-1.250417970021072,1.9120852460377886
2,2.5210277907969196,0.4078374136464973,0.0,2.6812789894695115,-0.8425805563745747,2.319922659684286
3,-0.16025119867259185,-2.273441575823014,-2.6812789894695115,0.0,-3.5238595458440862,-0.3613563297852256
4,3.3636083471714944,1.250417970021072,0.8425805563745747,3.5238595458440862,0.0,3.1625032160588606
5,0.20110513111263373,-1.9120852460377886,-2.319922659684286,0.3613563297852256,-3.1625032160588606,0.0
