,mistral,deepseek,llama3.3,qwen72b,qwen32b,qwen14b,solar
0,0.0,0.42276176677353305,-0.5032758528508516,-4.680404271384948,-4.694008617308619,-6.2477876045523075,-3.393189488577484
1,-0.42276176677353305,0.0,-0.9260376196243847,-5.103166038158481,-5.116770384082152,-6.670549371325841,-3.815951255351017
2,0.5032758528508516,0.9260376196243847,0.0,-4.177128418534096,-4.190732764457767,-5.744511751701456,-2.889913635726632
3,4.680404271384948,5.103166038158481,4.177128418534096,0.0,-0.01360434592367099,-1.56738333316736,1.2872147828074638
4,4.694008617308619,5.116770384082152,4.190732764457767,0.01360434592367099,0.0,-1.553778987243689,1.3008191287311348
5,6.2477876045523075,6.670549371325841,5.744511751701456,1.56738333316736,1.553778987243689,0.0,2.8545981159748237
6,3.393189488577484,3.815951255351017,2.889913635726632,-1.2872147828074638,-1.3008191287311348,-2.8545981159748237,0.0
