,zero_shot_baseline,in_context_learning_3-shot,style_information_style_example,chain_of_thought_zero_shot,chain_of_thought_one_shot,self-refine
0,0.0,-1.1426277398641318,-3.1156755701929377,0.17501599950238145,-2.3968553874007306,1.160611992380101
1,1.1426277398641318,0.0,-1.973047830328806,1.3176437393665132,-1.2542276475365988,2.303239732244233
2,3.1156755701929377,1.973047830328806,0.0,3.290691569695319,0.7188201827922072,4.276287562573039
3,-0.17501599950238145,-1.3176437393665132,-3.290691569695319,0.0,-2.571871386903112,0.9855959928777196
4,2.3968553874007306,1.2542276475365988,-0.7188201827922072,2.571871386903112,0.0,3.5574673797808316
5,-1.160611992380101,-2.303239732244233,-4.276287562573039,-0.9855959928777196,-3.5574673797808316,0.0
