,abstracts,news,reviews,qa
0,0.0,-9.047012737159623,-1.9903625133761054,-2.943224347569064
1,9.047012737159623,0.0,7.056650223783517,6.103788389590559
2,1.9903625133761054,-7.056650223783517,0.0,-0.9528618341929587
3,2.943224347569064,-6.103788389590559,0.9528618341929587,0.0
