,zero_shot_baseline,in_context_learning_3-shot,style_information_style_example,chain_of_thought_zero_shot,chain_of_thought_one_shot,self-refine
0,0.0,-0.9224320934417332,-2.8597447943182814,-0.018252854973939137,-2.5615437817009408,-1.2444532159161614
1,0.9224320934417332,0.0,-1.9373127008765483,0.904179238467794,-1.6391116882592076,-0.32202112247442827
2,2.8597447943182814,1.9373127008765483,0.0,2.8414919393443423,0.29820101261734067,1.61529157840212
3,0.018252854973939137,-0.904179238467794,-2.8414919393443423,0.0,-2.5432909267270016,-1.2262003609422223
4,2.5615437817009408,1.6391116882592076,-0.29820101261734067,2.5432909267270016,0.0,1.3170905657847793
5,1.2444532159161614,0.32202112247442827,-1.61529157840212,1.2262003609422223,-1.3170905657847793,0.0
