,zero_shot_baseline,in_context_learning_3-shot,style_information_style_example,chain_of_thought_zero_shot,chain_of_thought_one_shot,self-refine
0,0.0,-8.579045963062109,-8.077204087951698,-0.7879516338992723,-23.814008353547017,-9.979165158711163
1,8.579045963062109,0.0,0.5018418751104115,7.791094329162837,-15.234962390484906,-1.4001191956490544
2,8.077204087951698,-0.5018418751104115,0.0,7.289252454052425,-15.736804265595318,-1.9019610707594659
3,0.7879516338992723,-7.791094329162837,-7.289252454052425,0.0,-23.02605671964774,-9.191213524811891
4,23.814008353547017,15.234962390484906,15.736804265595318,23.02605671964774,0.0,13.834843194835852
5,9.979165158711163,1.4001191956490544,1.9019610707594659,9.191213524811891,-13.834843194835852,0.0
