,zero_shot_baseline,in_context_learning_3-shot,style_information_style_example,chain_of_thought_zero_shot,chain_of_thought_one_shot,self-refine
0,0.0,0.6787068528458278,0.9394981600021701,-0.03647550523161769,0.3876273850788543,3.2094542687951275
1,-0.6787068528458278,0.0,0.26079130715634236,-0.7151823580774455,-0.29107946776697347,2.5307474159492998
2,-0.9394981600021701,-0.26079130715634236,0.0,-0.9759736652337878,-0.5518707749233158,2.2699561087929574
3,0.03647550523161769,0.7151823580774455,0.9759736652337878,0.0,0.424102890310472,3.245929774026745
4,-0.3876273850788543,0.29107946776697347,0.5518707749233158,-0.424102890310472,0.0,2.821826883716273
5,-3.2094542687951275,-2.5307474159492998,-2.2699561087929574,-3.245929774026745,-2.821826883716273,0.0
