,zero_shot_baseline,in_context_learning_3-shot,style_information_style_example,chain_of_thought_zero_shot,chain_of_thought_one_shot,self-refine
0,0.0,0.7373862928245849,0.9695540126557667,0.28747532717147806,2.4739168126307796,7.143031567873049
1,-0.7373862928245849,0.0,0.23216771983118178,-0.44991096565310684,1.7365305198061947,6.405645275048464
2,-0.9695540126557667,-0.23216771983118178,0.0,-0.6820786854842886,1.5043627999750129,6.173477555217282
3,-0.28747532717147806,0.44991096565310684,0.6820786854842886,0.0,2.1864414854593015,6.855556240701571
4,-2.4739168126307796,-1.7365305198061947,-1.5043627999750129,-2.1864414854593015,0.0,4.669114755242269
5,-7.143031567873049,-6.405645275048464,-6.173477555217282,-6.855556240701571,-4.669114755242269,0.0
