,mistral,deepseek,llama3.3,qwen72b,qwen32b,qwen14b,solar
0,0.0,-2.430133431845931,-1.3051678700928697,-5.549091314212678,-5.9941014444161524,-2.854894679394686,-2.982191429139032
1,2.430133431845931,0.0,1.1249655617530614,-3.1189578823667468,-3.5639680125702213,-0.424761247548755,-0.552057997293101
2,1.3051678700928697,-1.1249655617530614,0.0,-4.243923444119808,-4.688933574323283,-1.5497268093018164,-1.6770235590461624
3,5.549091314212678,3.1189578823667468,4.243923444119808,0.0,-0.4450101302034746,2.6941966348179918,2.5668998850736457
4,5.9941014444161524,3.5639680125702213,4.688933574323283,0.4450101302034746,0.0,3.1392067650214663,3.0119100152771203
5,2.854894679394686,0.424761247548755,1.5497268093018164,-2.6941966348179918,-3.1392067650214663,0.0,-0.12729674974434602
6,2.982191429139032,0.552057997293101,1.6770235590461624,-2.5668998850736457,-3.0119100152771203,0.12729674974434602,0.0
