,zero_shot_baseline,in_context_learning_3-shot,style_information_style_example,chain_of_thought_zero_shot,chain_of_thought_one_shot,self-refine
0,0.0,-4.772917152027926,-19.660220830694964,-13.465669166170219,-19.783106065344295,-2.1980382722976266
1,4.772917152027926,0.0,-14.887303678667038,-8.692752014142293,-15.01018891331637,2.5748788797302993
2,19.660220830694964,14.887303678667038,0.0,6.194551664524745,-0.12288523464933121,17.462182558397338
3,13.465669166170219,8.692752014142293,-6.194551664524745,0.0,-6.317436899174076,11.267630893872592
4,19.783106065344295,15.01018891331637,0.12288523464933121,6.317436899174076,0.0,17.58506779304667
5,2.1980382722976266,-2.5748788797302993,-17.462182558397338,-11.267630893872592,-17.58506779304667,0.0
