,zero_shot_baseline,in_context_learning_3-shot,style_information_style_example,chain_of_thought_zero_shot,chain_of_thought_one_shot,self-refine
0,0.0,8.035907890624593,1.7412525769768799,0.6224081451228507,3.3733788873435913,6.399186202713405
1,-8.035907890624593,0.0,-6.294655313647713,-7.413499745501742,-4.662529003281001,-1.6367216879111872
2,-1.7412525769768799,6.294655313647713,0.0,-1.1188444318540292,1.6321263103667114,4.657933625736526
3,-0.6224081451228507,7.413499745501742,1.1188444318540292,0.0,2.7509707422207406,5.776778057590555
4,-3.3733788873435913,4.662529003281001,-1.6321263103667114,-2.7509707422207406,0.0,3.025807315369814
5,-6.399186202713405,1.6367216879111872,-4.657933625736526,-5.776778057590555,-3.025807315369814,0.0
