,zero_shot_baseline,in_context_learning_3-shot,style_information_style_example,chain_of_thought_zero_shot,chain_of_thought_one_shot,self-refine
0,0.0,9.112083986407178,3.010687391283753,0.769786508832869,3.2704519459384755,5.747025010636076
1,-9.112083986407178,0.0,-6.1013965951234255,-8.34229747757431,-5.841632040468703,-3.3650589757711025
2,-3.010687391283753,6.1013965951234255,0.0,-2.240900882450884,0.2597645546547227,2.736337619352323
3,-0.769786508832869,8.34229747757431,2.240900882450884,0.0,2.5006654371056065,4.977238501803207
4,-3.2704519459384755,5.841632040468703,-0.2597645546547227,-2.5006654371056065,0.0,2.4765730646976003
5,-5.747025010636076,3.3650589757711025,-2.736337619352323,-4.977238501803207,-2.4765730646976003,0.0
