,zero_shot_baseline,in_context_learning_3-shot,style_information_style_example,chain_of_thought_zero_shot,chain_of_thought_one_shot,self-refine
0,0.0,3.107963925852509,-0.4123460072335021,-0.2831398018647988,-0.10661735764236013,5.096972461797467
1,-3.107963925852509,0.0,-3.5203099330860113,-3.391103727717308,-3.2145812834948693,1.9890085359449579
2,0.4123460072335021,3.5203099330860113,0.0,0.1292062053687033,0.305728649591142,5.509318469030969
3,0.2831398018647988,3.391103727717308,-0.1292062053687033,0.0,0.17652244422243868,5.380112263662266
4,0.10661735764236013,3.2145812834948693,-0.305728649591142,-0.17652244422243868,0.0,5.203589819439827
5,-5.096972461797467,-1.9890085359449579,-5.509318469030969,-5.380112263662266,-5.203589819439827,0.0
