,zero_shot_baseline,in_context_learning_3-shot,style_information_style_example,chain_of_thought_zero_shot,chain_of_thought_one_shot,self-refine
0,0.0,4.036871282321879,1.3712395398202197,1.910223174703848,-0.4970667483360707,7.332310562534666
1,-4.036871282321879,0.0,-2.6656317425016596,-2.1266481076180312,-4.53393803065795,3.2954392802127863
2,-1.3712395398202197,2.6656317425016596,0.0,0.5389836348836283,-1.8683062881562904,5.961071022714446
3,-1.910223174703848,2.1266481076180312,-0.5389836348836283,0.0,-2.4072899230399187,5.422087387830818
4,0.4970667483360707,4.53393803065795,1.8683062881562904,2.4072899230399187,0.0,7.829377310870736
5,-7.332310562534666,-3.2954392802127863,-5.961071022714446,-5.422087387830818,-7.829377310870736,0.0
