,zero_shot_baseline,in_context_learning_3-shot,style_information_style_example,chain_of_thought_zero_shot,chain_of_thought_one_shot,self-refine
0,0.0,-1.5412341976730382,-3.0171895568320757,0.6160419909547876,-3.885178437936311,2.800645055415311
1,1.5412341976730382,0.0,-1.4759553591590375,2.1572761886278258,-2.343944240263273,4.341879253088349
2,3.0171895568320757,1.4759553591590375,0.0,3.6332315477868633,-0.8679888811042353,5.8178346122473865
3,-0.6160419909547876,-2.1572761886278258,-3.6332315477868633,0.0,-4.501220428891099,2.184603064460523
4,3.885178437936311,2.343944240263273,0.8679888811042353,4.501220428891099,0.0,6.685823493351622
5,-2.800645055415311,-4.341879253088349,-5.8178346122473865,-2.184603064460523,-6.685823493351622,0.0
