,zero_shot_baseline,in_context_learning_3-shot,style_information_style_example,chain_of_thought_zero_shot,chain_of_thought_one_shot,self-refine
0,0.0,0.8187106527819239,1.606350677281764,-0.07741627163358444,0.8791432638161503,3.507185845849463
1,-0.8187106527819239,0.0,0.78764002449984,-0.8961269244155083,0.06043261103422637,2.6884751930675392
2,-1.606350677281764,-0.78764002449984,0.0,-1.6837669489153484,-0.7272074134656137,1.9008351685676992
3,0.07741627163358444,0.8961269244155083,1.6837669489153484,0.0,0.9565595354497347,3.5846021174830476
4,-0.8791432638161503,-0.06043261103422637,0.7272074134656137,-0.9565595354497347,0.0,2.628042582033313
5,-3.507185845849463,-2.6884751930675392,-1.9008351685676992,-3.5846021174830476,-2.628042582033313,0.0
