,mistral,deepseek,llama3.3,qwen72b,qwen32b,qwen14b,solar
0,0.0,-0.777205023774588,-0.6052671683180826,-0.5623111740202305,-17.67129095974709,-7.615385800048369,-2.8115762151443846
1,0.777205023774588,0.0,0.17193785545650542,0.21489384975435755,-16.8940859359725,-6.838180776273781,-2.0343711913697966
2,0.6052671683180826,-0.17193785545650542,0.0,0.04295599429785213,-17.066023791429007,-7.010118631730286,-2.206309046826302
3,0.5623111740202305,-0.21489384975435755,-0.04295599429785213,0.0,-17.10897978572686,-7.053074626028138,-2.249265041124154
4,17.67129095974709,16.8940859359725,17.066023791429007,17.10897978572686,0.0,10.055905159698721,14.859714744602705
5,7.615385800048369,6.838180776273781,7.010118631730286,7.053074626028138,-10.055905159698721,0.0,4.803809584903984
6,2.8115762151443846,2.0343711913697966,2.206309046826302,2.249265041124154,-14.859714744602705,-4.803809584903984,0.0
