,zero_shot_baseline,in_context_learning_3-shot,style_information_style_example,chain_of_thought_zero_shot,chain_of_thought_one_shot,self-refine
0,0.0,2.8242816179191195,-2.7230630721130673,0.13904576442076433,-9.921307640507635,9.278275579570511
1,-2.8242816179191195,0.0,-5.547344690032187,-2.685235853498355,-12.745589258426754,6.453993961651392
2,2.7230630721130673,5.547344690032187,0.0,2.8621088365338316,-7.198244568394568,12.001338651683579
3,-0.13904576442076433,2.685235853498355,-2.8621088365338316,0.0,-10.0603534049284,9.139229815149747
4,9.921307640507635,12.745589258426754,7.198244568394568,10.0603534049284,0.0,19.199583220078146
5,-9.278275579570511,-6.453993961651392,-12.001338651683579,-9.139229815149747,-19.199583220078146,0.0
