,zero_shot_baseline,in_context_learning_3-shot,style_information_style_example,chain_of_thought_zero_shot,chain_of_thought_one_shot,self-refine
0,0.0,5.6685648987499135,4.932042883448254,-2.558717354404653,4.443492262083552,11.186168147940169
1,-5.6685648987499135,0.0,-0.7365220153016594,-8.227282253154566,-1.2250726366663613,5.517603249190255
2,-4.932042883448254,0.7365220153016594,0.0,-7.490760237852907,-0.48855062136470195,6.254125264491915
3,2.558717354404653,8.227282253154566,7.490760237852907,0.0,7.002209616488205,13.744885502344822
4,-4.443492262083552,1.2250726366663613,0.48855062136470195,-7.002209616488205,0.0,6.742675885856617
5,-11.186168147940169,-5.517603249190255,-6.254125264491915,-13.744885502344822,-6.742675885856617,0.0
