,abstracts,news,reviews,qa
0,0.0,0.7002585236865109,1.877639092798578,1.3183556204162912
1,-0.7002585236865109,0.0,1.1773805691120671,0.6180970967297803
2,-1.877639092798578,-1.1773805691120671,0.0,-0.5592834723822868
3,-1.3183556204162912,-0.6180970967297803,0.5592834723822868,0.0
