,zero_shot_baseline,in_context_learning_3-shot,style_information_style_example,chain_of_thought_zero_shot,chain_of_thought_one_shot,self-refine
0,0.0,-12.26033290415833,4.949863333333331,-0.623323333333337,-2.440706666666669,-19.072763333333334
1,12.26033290415833,0.0,17.21019623749166,11.637009570824993,9.819626237491661,-6.812430429175006
2,-4.949863333333331,-17.21019623749166,0.0,-5.573186666666668,-7.39057,-24.022626666666667
3,0.623323333333337,-11.637009570824993,5.573186666666668,0.0,-1.817383333333332,-18.44944
4,2.440706666666669,-9.819626237491661,7.39057,1.817383333333332,0.0,-16.632056666666667
5,19.072763333333334,6.812430429175006,24.022626666666667,18.44944,16.632056666666667,0.0
