,zero_shot_baseline,in_context_learning_3-shot,style_information_style_example,chain_of_thought_zero_shot,chain_of_thought_one_shot,self-refine
0,0.0,-0.1449400000000054,6.83255333333333,-2.7371366666666717,3.208903333333325,-15.959563333333342
1,0.1449400000000054,0.0,6.977493333333335,-2.5921966666666663,3.35384333333333,-15.814623333333337
2,-6.83255333333333,-6.977493333333335,0.0,-9.569690000000001,-3.623650000000005,-22.792116666666672
3,2.7371366666666717,2.5921966666666663,9.569690000000001,0.0,5.946039999999996,-13.22242666666667
4,-3.208903333333325,-3.35384333333333,3.623650000000005,-5.946039999999996,0.0,-19.168466666666667
5,15.959563333333342,15.814623333333337,22.792116666666672,13.22242666666667,19.168466666666667,0.0
