,zero_shot_baseline,in_context_learning_3-shot,style_information_style_example,chain_of_thought_zero_shot,chain_of_thought_one_shot,self-refine
0,0.0,16.84025333333333,3.070679999999996,-2.236479999999993,9.085499999999996,-11.207283333333336
1,-16.84025333333333,0.0,-13.769573333333334,-19.076733333333323,-7.754753333333333,-28.047536666666666
2,-3.070679999999996,13.769573333333334,0.0,-5.307159999999989,6.01482,-14.277963333333332
3,2.236479999999993,19.076733333333323,5.307159999999989,0.0,11.32197999999999,-8.970803333333343
4,-9.085499999999996,7.754753333333333,-6.01482,-11.32197999999999,0.0,-20.292783333333333
5,11.207283333333336,28.047536666666666,14.277963333333332,8.970803333333343,20.292783333333333,0.0
