,zero_shot_baseline,in_context_learning_3-shot,style_information_style_example,chain_of_thought_zero_shot,chain_of_thought_one_shot,self-refine
0,0.0,4.061787401356007,3.089583333333337,-1.158069999999995,1.151926666666668,-12.18645
1,-4.061787401356007,0.0,-0.9722040680226698,-5.219857401356002,-2.909860734689339,-16.248237401356008
2,-3.089583333333337,0.9722040680226698,0.0,-4.247653333333332,-1.937656666666669,-15.276033333333338
3,1.158069999999995,5.219857401356002,4.247653333333332,0.0,2.309996666666663,-11.028380000000006
4,-1.151926666666668,2.909860734689339,1.937656666666669,-2.309996666666663,0.0,-13.338376666666669
5,12.18645,16.248237401356008,15.276033333333338,11.028380000000006,13.338376666666669,0.0
