,zero_shot_baseline,in_context_learning_3-shot,style_information_style_example,chain_of_thought_zero_shot,chain_of_thought_one_shot,self-refine
0,0.0,11.255250000000004,0.6755066666666707,-1.08059333333334,2.548093333333334,-16.748276666666676
1,-11.255250000000004,0.0,-10.579743333333333,-12.335843333333344,-8.70715666666667,-28.00352666666668
2,-0.6755066666666707,10.579743333333333,0.0,-1.7561000000000107,1.8725866666666633,-17.423783333333347
3,1.08059333333334,12.335843333333344,1.7561000000000107,0.0,3.628686666666674,-15.667683333333336
4,-2.548093333333334,8.70715666666667,-1.8725866666666633,-3.628686666666674,0.0,-19.29637000000001
5,16.748276666666676,28.00352666666668,17.423783333333347,15.667683333333336,19.29637000000001,0.0
