,zero_shot_baseline,in_context_learning_3-shot,style_information_style_example,chain_of_thought_zero_shot,chain_of_thought_one_shot,self-refine
0,0.0,-17.173307400979084,2.540076666666666,-1.0867200000000006,-4.397956666666667,-16.64833
1,17.173307400979084,0.0,19.713384067645748,16.086587400979084,12.775350734312417,0.5249774009790826
2,-2.540076666666666,-19.713384067645748,0.0,-3.6267966666666664,-6.938033333333333,-19.188406666666666
3,1.0867200000000006,-16.086587400979084,3.6267966666666664,0.0,-3.311236666666667,-15.561610000000002
4,4.397956666666667,-12.775350734312417,6.938033333333333,3.311236666666667,0.0,-12.250373333333334
5,16.64833,-0.5249774009790826,19.188406666666666,15.561610000000002,12.250373333333334,0.0
