,abstracts,news,reviews,qa
0,0.0,11.431943333333336,-5.265713333333338,-18.64754666666667
1,-11.431943333333336,0.0,-16.697656666666674,-30.079490000000007
2,5.265713333333338,16.697656666666674,0.0,-13.381833333333333
3,18.64754666666667,30.079490000000007,13.381833333333333,0.0
