,zero_shot_baseline,in_context_learning_3-shot,style_information_style_example,chain_of_thought_zero_shot,chain_of_thought_one_shot,self-refine
0,0.0,-2.4824766666666562,4.68694,-4.015353333333337,4.5391266666666645,-9.121146666666661
1,2.4824766666666562,0.0,7.169416666666656,-1.5328766666666809,7.021603333333321,-6.638670000000005
2,-4.68694,-7.169416666666656,0.0,-8.702293333333337,-0.14781333333333535,-13.80808666666666
3,4.015353333333337,1.5328766666666809,8.702293333333337,0.0,8.554480000000002,-5.105793333333324
4,-4.5391266666666645,-7.021603333333321,0.14781333333333535,-8.554480000000002,0.0,-13.660273333333325
5,9.121146666666661,6.638670000000005,13.80808666666666,5.105793333333324,13.660273333333325,0.0
