,mistral,deepseek,llama3.3,qwen72b,qwen32b,qwen14b,solar
0,0.0,1.7802533333333272,-4.114190000000008,7.88580666666666,11.416573333333325,11.364756666666658,8.022013333333327
1,-1.7802533333333272,0.0,-5.894443333333335,6.105553333333333,9.636319999999998,9.58450333333333,6.241759999999999
2,4.114190000000008,5.894443333333335,0.0,11.999996666666668,15.530763333333333,15.478946666666666,12.136203333333334
3,-7.88580666666666,-6.105553333333333,-11.999996666666668,0.0,3.530766666666665,3.4789499999999975,0.13620666666666637
4,-11.416573333333325,-9.636319999999998,-15.530763333333333,-3.530766666666665,0.0,-0.05181666666666729,-3.3945599999999985
5,-11.364756666666658,-9.58450333333333,-15.478946666666666,-3.4789499999999975,0.05181666666666729,0.0,-3.342743333333331
6,-8.022013333333327,-6.241759999999999,-12.136203333333334,-0.13620666666666637,3.3945599999999985,3.342743333333331,0.0
