,zero_shot_baseline,in_context_learning_3-shot,style_information_style_example,chain_of_thought_zero_shot,chain_of_thought_one_shot,self-refine
0,0.0,15.07746000000001,1.6860966666666783,-1.5181299999999922,3.4729333333333514,-16.854573333333327
1,-15.07746000000001,0.0,-13.39136333333333,-16.59559,-11.604526666666658,-31.932033333333337
2,-1.6860966666666783,13.39136333333333,0.0,-3.2042266666666706,1.786836666666673,-18.540670000000006
3,1.5181299999999922,16.59559,3.2042266666666706,0.0,4.991063333333344,-15.336443333333335
4,-3.4729333333333514,11.604526666666658,-1.786836666666673,-4.991063333333344,0.0,-20.32750666666668
5,16.854573333333327,31.932033333333337,18.540670000000006,15.336443333333335,20.32750666666668,0.0
