,zero_shot_baseline,in_context_learning_3-shot,style_information_style_example,chain_of_thought_zero_shot,chain_of_thought_one_shot,self-refine
0,0.0,14.166259999999994,2.9136766666666603,-0.5469533333333345,3.325816666666661,-7.273953333333338
1,-14.166259999999994,0.0,-11.252583333333334,-14.713213333333329,-10.840443333333333,-21.440213333333332
2,-2.9136766666666603,11.252583333333334,0.0,-3.4606299999999948,0.41214000000000084,-10.187629999999999
3,0.5469533333333345,14.713213333333329,3.4606299999999948,0.0,3.8727699999999956,-6.727000000000004
4,-3.325816666666661,10.840443333333333,-0.41214000000000084,-3.8727699999999956,0.0,-10.59977
5,7.273953333333338,21.440213333333332,10.187629999999999,6.727000000000004,10.59977,0.0
