,zero_shot_baseline,in_context_learning_3-shot,style_information_style_example,chain_of_thought_zero_shot,chain_of_thought_one_shot,self-refine
0,0.0,-10.376603333333321,0.24846333333333348,-5.261306666666663,1.6460099999999969,-22.050463333333326
1,10.376603333333321,0.0,10.625066666666655,5.115296666666659,12.022613333333318,-11.673860000000005
2,-0.24846333333333348,-10.625066666666655,0.0,-5.509769999999996,1.3975466666666634,-22.29892666666666
3,5.261306666666663,-5.115296666666659,5.509769999999996,0.0,6.907316666666659,-16.789156666666663
4,-1.6460099999999969,-12.022613333333318,-1.3975466666666634,-6.907316666666659,0.0,-23.696473333333323
5,22.050463333333326,11.673860000000005,22.29892666666666,16.789156666666663,23.696473333333323,0.0
