,mistral,deepseek,llama3.3,qwen72b,qwen32b,qwen14b,solar
0,0.0,5.204203333333332,-0.05587999999999482,9.221393333333332,16.951106666666654,16.194693333333333,15.38404333333333
1,-5.204203333333332,0.0,-5.260083333333327,4.017189999999999,11.746903333333321,10.990490000000001,10.179839999999999
2,0.05587999999999482,5.260083333333327,0.0,9.277273333333326,17.00698666666665,16.250573333333328,15.439923333333326
3,-9.221393333333332,-4.017189999999999,-9.277273333333326,0.0,7.729713333333322,6.973300000000002,6.162649999999999
4,-16.951106666666654,-11.746903333333321,-17.00698666666665,-7.729713333333322,0.0,-0.7564133333333203,-1.5670633333333228
5,-16.194693333333333,-10.990490000000001,-16.250573333333328,-6.973300000000002,0.7564133333333203,0.0,-0.8106500000000025
6,-15.38404333333333,-10.179839999999999,-15.439923333333326,-6.162649999999999,1.5670633333333228,0.8106500000000025,0.0
