,zero_shot_baseline,in_context_learning_3-shot,style_information_style_example,chain_of_thought_zero_shot,chain_of_thought_one_shot,self-refine
0,0.0,6.359034560409029,1.9080966666666583,-0.27636000000001104,-0.006349999999997635,6.84347666666666
1,-6.359034560409029,0.0,-4.4509378937423705,-6.63539456040904,-6.3653845604090264,0.4844421062576316
2,-1.9080966666666583,4.4509378937423705,0.0,-2.1844566666666694,-1.914446666666656,4.935380000000002
3,0.27636000000001104,6.63539456040904,2.1844566666666694,0.0,0.2700100000000134,7.1198366666666715
4,0.006349999999997635,6.3653845604090264,1.914446666666656,-0.2700100000000134,0.0,6.849826666666658
5,-6.84347666666666,-0.4844421062576316,-4.935380000000002,-7.1198366666666715,-6.849826666666658,0.0
