,zero_shot_baseline,in_context_learning_3-shot,style_information_style_example,chain_of_thought_zero_shot,chain_of_thought_one_shot,self-refine
0,0.0,7.913480056864337,4.720826666666667,-0.017963333333330667,1.8867066666666652,-10.15921333333333
1,-7.913480056864337,0.0,-3.1926533901976697,-7.931443390197668,-6.026773390197672,-18.072693390197667
2,-4.720826666666667,3.1926533901976697,0.0,-4.738789999999998,-2.834120000000002,-14.880039999999997
3,0.017963333333330667,7.931443390197668,4.738789999999998,0.0,1.9046699999999959,-10.14125
4,-1.8867066666666652,6.026773390197672,2.834120000000002,-1.9046699999999959,0.0,-12.045919999999995
5,10.15921333333333,18.072693390197667,14.880039999999997,10.14125,12.045919999999995,0.0
