,zero_shot_baseline,in_context_learning_3-shot,style_information_style_example,chain_of_thought_zero_shot,chain_of_thought_one_shot,self-refine
0,0.0,-8.139318568232664,6.746230000000001,-1.39265,3.7451100000000004,-24.714983333333333
1,8.139318568232664,0.0,14.885548568232664,6.746668568232663,11.884428568232664,-16.57566476510067
2,-6.746230000000001,-14.885548568232664,0.0,-8.13888,-3.0011200000000002,-31.461213333333333
3,1.39265,-6.746668568232663,8.13888,0.0,5.13776,-23.322333333333333
4,-3.7451100000000004,-11.884428568232664,3.0011200000000002,-5.13776,0.0,-28.460093333333333
5,24.714983333333333,16.57566476510067,31.461213333333333,23.322333333333333,28.460093333333333,0.0
