,zero_shot_baseline,in_context_learning_3-shot,style_information_style_example,chain_of_thought_zero_shot,chain_of_thought_one_shot,self-refine
0,0.0,9.03119666666666,5.43286333333333,-1.5073733333333408,20.67927999999999,2.11878999999999
1,-9.03119666666666,0.0,-3.598333333333329,-10.53857,11.648083333333332,-6.912406666666669
2,-5.43286333333333,3.598333333333329,0.0,-6.940236666666671,15.246416666666661,-3.31407333333334
3,1.5073733333333408,10.53857,6.940236666666671,0.0,22.186653333333332,3.6261633333333307
4,-20.67927999999999,-11.648083333333332,-15.246416666666661,-22.186653333333332,0.0,-18.56049
5,-2.11878999999999,6.912406666666669,3.31407333333334,-3.6261633333333307,18.56049,0.0
