,zero_shot_baseline,in_context_learning_3-shot,style_information_style_example,chain_of_thought_zero_shot,chain_of_thought_one_shot,self-refine
0,0.0,-4.662099999999995,-5.208843333333334,-0.09742333333333164,1.7545833333333363,-13.640979999999992
1,4.662099999999995,0.0,-0.5467433333333389,4.564676666666664,6.4166833333333315,-8.978879999999997
2,5.208843333333334,0.5467433333333389,0.0,5.1114200000000025,6.96342666666667,-8.432136666666658
3,0.09742333333333164,-4.564676666666664,-5.1114200000000025,0.0,1.852006666666668,-13.54355666666666
4,-1.7545833333333363,-6.4166833333333315,-6.96342666666667,-1.852006666666668,0.0,-15.395563333333328
5,13.640979999999992,8.978879999999997,8.432136666666658,13.54355666666666,15.395563333333328,0.0
