,zero_shot_baseline,in_context_learning_3-shot,style_information_style_example,chain_of_thought_zero_shot,chain_of_thought_one_shot,self-refine
0,0.0,4.153926666666665,4.876086666666666,0.4242699999999995,0.5210366666666664,-14.764436666666668
1,-4.153926666666665,0.0,0.7221600000000006,-3.729656666666666,-3.6328899999999993,-18.918363333333332
2,-4.876086666666666,-0.7221600000000006,0.0,-4.451816666666667,-4.35505,-19.640523333333334
3,-0.4242699999999995,3.729656666666666,4.451816666666667,0.0,0.09676666666666689,-15.188706666666668
4,-0.5210366666666664,3.6328899999999993,4.35505,-0.09676666666666689,0.0,-15.285473333333334
5,14.764436666666668,18.918363333333332,19.640523333333334,15.188706666666668,15.285473333333334,0.0
