,abstracts,news,reviews,qa
0,0.0,2.426846666666666,2.7744566666666657,-13.139470000000003
1,-2.426846666666666,0.0,0.34760999999999953,-15.566316666666669
2,-2.7744566666666657,-0.34760999999999953,0.0,-15.913926666666669
3,13.139470000000003,15.566316666666669,15.913926666666669,0.0
