,abstracts,news,reviews,qa
0,0.0,-3.782869999999999,-5.433776666666674,-15.321260000000002
1,3.782869999999999,0.0,-1.6509066666666747,-11.538390000000003
2,5.433776666666674,1.6509066666666747,0.0,-9.887483333333329
3,15.321260000000002,11.538390000000003,9.887483333333329,0.0
