,zero_shot_baseline,in_context_learning_3-shot,style_information_style_example,chain_of_thought_zero_shot,chain_of_thought_one_shot,self-refine
0,0.0,-6.1329133333333345,6.355356666666669,-2.7909699999999944,-0.2447299999999899,-16.680136666666662
1,6.1329133333333345,0.0,12.488270000000004,3.34194333333334,5.888183333333345,-10.547223333333328
2,-6.355356666666669,-12.488270000000004,0.0,-9.146326666666663,-6.600086666666659,-23.03549333333333
3,2.7909699999999944,-3.34194333333334,9.146326666666663,0.0,2.5462400000000045,-13.889166666666668
4,0.2447299999999899,-5.888183333333345,6.600086666666659,-2.5462400000000045,0.0,-16.435406666666672
5,16.680136666666662,10.547223333333328,23.03549333333333,13.889166666666668,16.435406666666672,0.0
