,zero_shot_baseline,in_context_learning_3-shot,style_information_style_example,chain_of_thought_zero_shot,chain_of_thought_one_shot,self-refine
0,0.0,-10.921326272090695,2.3541566666666682,0.7352300000000005,0.6417233333333341,-6.8161266666666664
1,10.921326272090695,0.0,13.275482938757364,11.656556272090697,11.56304960542403,4.105199605424029
2,-2.3541566666666682,-13.275482938757364,0.0,-1.6189266666666677,-1.7124333333333341,-9.170283333333336
3,-0.7352300000000005,-11.656556272090697,1.6189266666666677,0.0,-0.0935066666666664,-7.551356666666667
4,-0.6417233333333341,-11.56304960542403,1.7124333333333341,0.0935066666666664,0.0,-7.4578500000000005
5,6.8161266666666664,-4.105199605424029,9.170283333333336,7.551356666666667,7.4578500000000005,0.0
