,zero_shot_baseline,in_context_learning_3-shot,style_information_style_example,chain_of_thought_zero_shot,chain_of_thought_one_shot,self-refine
0,0.0,4.591280000000001,-3.29967666666667,-0.05196666666667227,-1.9982766666666691,-0.5683799999999977
1,-4.591280000000001,0.0,-7.890956666666671,-4.643246666666673,-6.58955666666667,-5.159659999999999
2,3.29967666666667,7.890956666666671,0.0,3.247709999999998,1.301400000000001,2.7312966666666725
3,0.05196666666667227,4.643246666666673,-3.247709999999998,0.0,-1.9463099999999969,-0.5164133333333254
4,1.9982766666666691,6.58955666666667,-1.301400000000001,1.9463099999999969,0.0,1.4298966666666715
5,0.5683799999999977,5.159659999999999,-2.7312966666666725,0.5164133333333254,-1.4298966666666715,0.0
