,zero_shot_baseline,in_context_learning_3-shot,style_information_style_example,chain_of_thought_zero_shot,chain_of_thought_one_shot,self-refine
0,0.0,-1.8976443859064105,2.771253333333334,-0.8702100000000002,3.608940000000004,-3.84084
1,1.8976443859064105,0.0,4.6688977192397445,1.0274343859064103,5.5065843859064145,-1.9431956140935895
2,-2.771253333333334,-4.6688977192397445,0.0,-3.641463333333334,0.83768666666667,-6.612093333333334
3,0.8702100000000002,-1.0274343859064103,3.641463333333334,0.0,4.479150000000004,-2.97063
4,-3.608940000000004,-5.5065843859064145,-0.83768666666667,-4.479150000000004,0.0,-7.449780000000004
5,3.84084,1.9431956140935895,6.612093333333334,2.97063,7.449780000000004,0.0
