,mistral,deepseek,llama3.3,qwen72b,qwen32b,qwen14b,solar
0,0.0,1.3791533333333348,-6.4648599999999945,-0.48448666666666895,43.991600000000005,21.535563333333332,3.6796466666666667
1,-1.3791533333333348,0.0,-7.844013333333329,-1.8636400000000037,42.61244666666667,20.156409999999997,2.300493333333332
2,6.4648599999999945,7.844013333333329,0.0,5.9803733333333255,50.45645999999999,28.000423333333327,10.144506666666661
3,0.48448666666666895,1.8636400000000037,-5.9803733333333255,0.0,44.476086666666674,22.02005,4.164133333333336
4,-43.991600000000005,-42.61244666666667,-50.45645999999999,-44.476086666666674,0.0,-22.45603666666667,-40.311953333333335
5,-21.535563333333332,-20.156409999999997,-28.000423333333327,-22.02005,22.45603666666667,0.0,-17.855916666666666
6,-3.6796466666666667,-2.300493333333332,-10.144506666666661,-4.164133333333336,40.311953333333335,17.855916666666666,0.0
