,zero_shot_baseline,in_context_learning_3-shot,style_information_style_example,chain_of_thought_zero_shot,chain_of_thought_one_shot,self-refine
0,0.0,-8.2821605557408,7.464143333333338,9.717540000000005,2.806226666666671,-20.125986666666666
1,8.2821605557408,0.0,15.746303889074138,17.999700555740805,11.088387222407471,-11.843826110925866
2,-7.464143333333338,-15.746303889074138,0.0,2.253396666666667,-4.657916666666667,-27.590130000000002
3,-9.717540000000005,-17.999700555740805,-2.253396666666667,0.0,-6.911313333333334,-29.84352666666667
4,-2.806226666666671,-11.088387222407471,4.657916666666667,6.911313333333334,0.0,-22.932213333333337
5,20.125986666666666,11.843826110925866,27.590130000000002,29.84352666666667,22.932213333333337,0.0
