,zero_shot_baseline,in_context_learning_3-shot,style_information_style_example,chain_of_thought_zero_shot,chain_of_thought_one_shot,self-refine
0,0.0,-17.041543333333337,2.259606666666667,-0.6259333333333337,-0.8559633333333339,-16.774493333333332
1,17.041543333333337,0.0,19.301150000000003,16.41561,16.18558,0.2670500000000047
2,-2.259606666666667,-19.301150000000003,0.0,-2.8855400000000007,-3.115570000000001,-19.0341
3,0.6259333333333337,-16.41561,2.8855400000000007,0.0,-0.23003000000000018,-16.148559999999996
4,0.8559633333333339,-16.18558,3.115570000000001,0.23003000000000018,0.0,-15.918529999999997
5,16.774493333333332,-0.2670500000000047,19.0341,16.148559999999996,15.918529999999997,0.0
