,zero_shot_baseline,in_context_learning_3-shot,style_information_style_example,chain_of_thought_zero_shot,chain_of_thought_one_shot,self-refine
0,0.0,-5.932756666666666,-6.41253,5.098923333333334,2.7136900000000015,-22.079506666666664
1,5.932756666666666,0.0,-0.47977333333333405,11.031680000000001,8.646446666666668,-16.146749999999997
2,6.41253,0.47977333333333405,0.0,11.511453333333336,9.126220000000002,-15.666976666666663
3,-5.098923333333334,-11.031680000000001,-11.511453333333336,0.0,-2.385233333333333,-27.17843
4,-2.7136900000000015,-8.646446666666668,-9.126220000000002,2.385233333333333,0.0,-24.793196666666667
5,22.079506666666664,16.146749999999997,15.666976666666663,27.17843,24.793196666666667,0.0
