,abstracts,news,reviews,qa
0,0.0,0.9523399999999995,-10.40444666666667,-18.95634333333333
1,-0.9523399999999995,0.0,-11.35678666666667,-19.90868333333333
2,10.40444666666667,11.35678666666667,0.0,-8.551896666666659
3,18.95634333333333,19.90868333333333,8.551896666666659,0.0
