,zero_shot_baseline,in_context_learning_3-shot,style_information_style_example,chain_of_thought_zero_shot,chain_of_thought_one_shot,self-refine
0,0.0,-7.603773333333329,6.8766900000000035,-1.2397599999999898,9.679083333333338,-25.98114666666666
1,7.603773333333329,0.0,14.480463333333333,6.3640133333333395,17.282856666666667,-18.37737333333333
2,-6.8766900000000035,-14.480463333333333,0.0,-8.116449999999993,2.8023933333333346,-32.857836666666664
3,1.2397599999999898,-6.3640133333333395,8.116449999999993,0.0,10.918843333333328,-24.74138666666667
4,-9.679083333333338,-17.282856666666667,-2.8023933333333346,-10.918843333333328,0.0,-35.66023
5,25.98114666666666,18.37737333333333,32.857836666666664,24.74138666666667,35.66023,0.0
