,mistral,deepseek,llama3.3,qwen72b,qwen32b,qwen14b,solar
0,0.0,7.0279766666666665,3.113446666666667,4.250723333333334,14.241443333333335,11.055959999999997,2.2051400000000005
1,-7.0279766666666665,0.0,-3.9145299999999996,-2.7772533333333325,7.213466666666669,4.0279833333333315,-4.8228366666666656
2,-3.113446666666667,3.9145299999999996,0.0,1.1372766666666672,11.127996666666668,7.942513333333331,-0.9083066666666664
3,-4.250723333333334,2.7772533333333325,-1.1372766666666672,0.0,9.990720000000001,6.805236666666664,-2.0455833333333335
4,-14.241443333333335,-7.213466666666669,-11.127996666666668,-9.990720000000001,0.0,-3.1854833333333374,-12.036303333333334
5,-11.055959999999997,-4.0279833333333315,-7.942513333333331,-6.805236666666664,3.1854833333333374,0.0,-8.850819999999997
6,-2.2051400000000005,4.8228366666666656,0.9083066666666664,2.0455833333333335,12.036303333333334,8.850819999999997,0.0
