,zero_shot_baseline,in_context_learning_3-shot,style_information_style_example,chain_of_thought_zero_shot,chain_of_thought_one_shot,self-refine
0,0.0,3.6695133333333274,31.206433333333337,14.481070000000003,25.562306666666668,3.3429966666666644
1,-3.6695133333333274,0.0,27.53692000000001,10.811556666666675,21.89279333333334,-0.326516666666663
2,-31.206433333333337,-27.53692000000001,0.0,-16.725363333333334,-5.6441266666666685,-27.863436666666672
3,-14.481070000000003,-10.811556666666675,16.725363333333334,0.0,11.081236666666666,-11.138073333333338
4,-25.562306666666668,-21.89279333333334,5.6441266666666685,-11.081236666666666,0.0,-22.219310000000004
5,-3.3429966666666644,0.326516666666663,27.863436666666672,11.138073333333338,22.219310000000004,0.0
