,zero_shot_baseline,in_context_learning_3-shot,style_information_style_example,chain_of_thought_zero_shot,chain_of_thought_one_shot,self-refine
0,0.0,0.32479333333333216,-0.5152633333333299,-4.635613333333325,5.515749999999997,-7.536639679037123
1,-0.32479333333333216,0.0,-0.840056666666662,-4.960406666666657,5.190956666666665,-7.861433012370455
2,0.5152633333333299,0.840056666666662,0.0,-4.120349999999995,6.031013333333327,-7.021376345703793
3,4.635613333333325,4.960406666666657,4.120349999999995,0.0,10.151363333333322,-2.901026345703798
4,-5.515749999999997,-5.190956666666665,-6.031013333333327,-10.151363333333322,0.0,-13.05238967903712
5,7.536639679037123,7.861433012370455,7.021376345703793,2.901026345703798,13.05238967903712,0.0
