,zero_shot_baseline,in_context_learning_3-shot,style_information_style_example,chain_of_thought_zero_shot,chain_of_thought_one_shot,self-refine
0,0.0,-29.338016666666665,-31.653353333333335,-5.282413333333334,-9.608866666666668,133.42741999999998
1,29.338016666666665,0.0,-2.3153366666666706,24.05560333333333,19.729149999999997,162.76543666666663
2,31.653353333333335,2.3153366666666706,0.0,26.37094,22.044486666666668,165.0807733333333
3,5.282413333333334,-24.05560333333333,-26.37094,0.0,-4.326453333333333,138.7098333333333
4,9.608866666666668,-19.729149999999997,-22.044486666666668,4.326453333333333,0.0,143.03628666666663
5,-133.42741999999998,-162.76543666666663,-165.0807733333333,-138.7098333333333,-143.03628666666663,0.0
