,abstracts,news,reviews,qa
0,0.0,30.70249666666666,-7.694783333333355,-21.78121333333334
1,-30.70249666666666,0.0,-38.397280000000016,-52.48371
2,7.694783333333355,38.397280000000016,0.0,-14.086429999999984
3,21.78121333333334,52.48371,14.086429999999984,0.0
