,zero_shot_baseline,in_context_learning_3-shot,style_information_style_example,chain_of_thought_zero_shot,chain_of_thought_one_shot,self-refine
0,0.0,0.0448284464008772,0.0121584274592655,-4.2255626078291364e-05,0.0007757317032729971,-0.00025510443153389795
1,-0.0448284464008772,0.0,-0.0326700189416117,-0.04487070202695549,-0.0440527146976042,-0.0450835508324111
2,-0.0121584274592655,0.0326700189416117,0.0,-0.012200683085343791,-0.011382695755992503,-0.012413531890799398
3,4.2255626078291364e-05,0.04487070202695549,0.012200683085343791,0.0,0.0008179873293512885,-0.00021284880545560658
4,-0.0007757317032729971,0.0440527146976042,0.011382695755992503,-0.0008179873293512885,0.0,-0.001030836134806895
5,0.00025510443153389795,0.0450835508324111,0.012413531890799398,0.00021284880545560658,0.001030836134806895,0.0
