,zero_shot_baseline,in_context_learning_3-shot,style_information_style_example,chain_of_thought_zero_shot,chain_of_thought_one_shot,self-refine
0,0.0,-0.0019659165736211,0.001696883623919905,-0.0008231432272974987,-0.0012750501024977948,-0.03297210833280349
1,0.0019659165736211,0.0,0.003662800197541005,0.0011427733463236014,0.0006908664711233053,-0.031006191759182393
2,-0.001696883623919905,-0.003662800197541005,0.0,-0.0025200268512174037,-0.0029719337264177,-0.0346689919567234
3,0.0008231432272974987,-0.0011427733463236014,0.0025200268512174037,0.0,-0.0004519068752002961,-0.032148965105505994
4,0.0012750501024977948,-0.0006908664711233053,0.0029719337264177,0.0004519068752002961,0.0,-0.0316970582303057
5,0.03297210833280349,0.031006191759182393,0.0346689919567234,0.032148965105505994,0.0316970582303057,0.0
