,zero_shot_baseline,in_context_learning_3-shot,style_information_style_example,chain_of_thought_zero_shot,chain_of_thought_one_shot,self-refine
0,0.0,-0.002054844931039801,0.0028942132972512996,-0.000574876065197398,-0.006287677864217404,-0.019411435783079904
1,0.002054844931039801,0.0,0.0049490582282911005,0.001479968865842403,-0.0042328329331776035,-0.017356590852040103
2,-0.0028942132972512996,-0.0049490582282911005,0.0,-0.0034690893624486976,-0.009181891161468704,-0.022305649080331204
3,0.000574876065197398,-0.001479968865842403,0.0034690893624486976,0.0,-0.005712801799020006,-0.018836559717882506
4,0.006287677864217404,0.0042328329331776035,0.009181891161468704,0.005712801799020006,0.0,-0.0131237579188625
5,0.019411435783079904,0.017356590852040103,0.022305649080331204,0.018836559717882506,0.0131237579188625,0.0
