,zero_shot_baseline,in_context_learning_3-shot,style_information_style_example,chain_of_thought_zero_shot,chain_of_thought_one_shot,self-refine
0,0.0,0.00032821582014429945,0.0007816826913729993,0.0013058664957375996,0.000137312843243996,-0.014460734289050904
1,-0.00032821582014429945,0.0,0.0004534668712286999,0.0009776506755933,-0.00019090297690030344,-0.014788950109195204
2,-0.0007816826913729993,-0.0004534668712286999,0.0,0.0005241838043646002,-0.0006443698481290033,-0.015242416980423903
3,-0.0013058664957375996,-0.0009776506755933,-0.0005241838043646002,0.0,-0.0011685536524936035,-0.015766600784788504
4,-0.000137312843243996,0.00019090297690030344,0.0006443698481290033,0.0011685536524936035,0.0,-0.0145980471322949
5,0.014460734289050904,0.014788950109195204,0.015242416980423903,0.015766600784788504,0.0145980471322949,0.0
