,zero_shot_baseline,in_context_learning_3-shot,style_information_style_example,chain_of_thought_zero_shot,chain_of_thought_one_shot,self-refine
0,0.0,0.039863519783488593,0.008311225034258699,-0.000667633248720309,0.008647309858107896,-0.01598204265485191
1,-0.039863519783488593,0.0,-0.031552294749229895,-0.0405311530322089,-0.031216209925380697,-0.055845562438340504
2,-0.008311225034258699,0.031552294749229895,0.0,-0.008978858282979008,0.0003360848238491976,-0.02429326768911061
3,0.000667633248720309,0.0405311530322089,0.008978858282979008,0.0,0.009314943106828205,-0.015314409406131602
4,-0.008647309858107896,0.031216209925380697,-0.0003360848238491976,-0.009314943106828205,0.0,-0.024629352512959807
5,0.01598204265485191,0.055845562438340504,0.02429326768911061,0.015314409406131602,0.024629352512959807,0.0
