,zero_shot_baseline,in_context_learning_3-shot,style_information_style_example,chain_of_thought_zero_shot,chain_of_thought_one_shot,self-refine
0,0.0,0.0010912000190710022,0.0032928136609106998,-0.0005300677643857998,-0.0017393345093080978,-0.023296091068505907
1,-0.0010912000190710022,0.0,0.0022016136418396975,-0.001621267783456802,-0.0028305345283791,-0.02438729108757691
2,-0.0032928136609106998,-0.0022016136418396975,0.0,-0.0038228814252964996,-0.005032148170218798,-0.026588904729416607
3,0.0005300677643857998,0.001621267783456802,0.0038228814252964996,0.0,-0.001209266744922298,-0.022766023304120107
4,0.0017393345093080978,0.0028305345283791,0.005032148170218798,0.001209266744922298,0.0,-0.02155675655919781
5,0.023296091068505907,0.02438729108757691,0.026588904729416607,0.022766023304120107,0.02155675655919781,0.0
