,zero_shot_baseline,in_context_learning_3-shot,style_information_style_example,chain_of_thought_zero_shot,chain_of_thought_one_shot,self-refine
0,0.0,0.042761627130300905,0.0035283262593570064,-0.001963714979205694,0.00040249818533270865,-0.024030698921136184
1,-0.042761627130300905,0.0,-0.0392333008709439,-0.0447253421095066,-0.0423591289449682,-0.06679232605143709
2,-0.0035283262593570064,0.0392333008709439,0.0,-0.0054920412385627004,-0.0031258280740242977,-0.02755902518049319
3,0.001963714979205694,0.0447253421095066,0.0054920412385627004,0.0,0.0023662131645384027,-0.02206698394193049
4,-0.00040249818533270865,0.0423591289449682,0.0031258280740242977,-0.0023662131645384027,0.0,-0.024433197106468893
5,0.024030698921136184,0.06679232605143709,0.02755902518049319,0.02206698394193049,0.024433197106468893,0.0
