,zero_shot_baseline,in_context_learning_3-shot,style_information_style_example,chain_of_thought_zero_shot,chain_of_thought_one_shot,self-refine
0,0.0,0.004289172251910597,0.0012330225684323987,-0.0016677739243527029,-0.003910997669558103,-0.016136559483753997
1,-0.004289172251910597,0.0,-0.0030561496834781987,-0.0059569461762633,-0.0082001699214687,-0.020425731735664594
2,-0.0012330225684323987,0.0030561496834781987,0.0,-0.0029007964927851015,-0.0051440202379905015,-0.017369582052186396
3,0.0016677739243527029,0.0059569461762633,0.0029007964927851015,0.0,-0.0022432237452054,-0.014468785559401294
4,0.003910997669558103,0.0082001699214687,0.0051440202379905015,0.0022432237452054,0.0,-0.012225561814195894
5,0.016136559483753997,0.020425731735664594,0.017369582052186396,0.014468785559401294,0.012225561814195894,0.0
