,abstracts,news,reviews,qa
0,0.0,0.0157451960495031,0.010180645276657999,0.0012145599573812
1,-0.0157451960495031,0.0,-0.0055645507728451,-0.0145306360921219
2,-0.010180645276657999,0.0055645507728451,0.0,-0.0089660853192768
3,-0.0012145599573812,0.0145306360921219,0.0089660853192768,0.0
