,zero_shot_baseline,in_context_learning_3-shot,style_information_style_example,chain_of_thought_zero_shot,chain_of_thought_one_shot,self-refine
0,0.0,0.005556709664272304,-0.0017330603304163972,-0.00020240689221239644,-0.0015570340020506016,-0.008699092699706798
1,-0.005556709664272304,0.0,-0.007289769994688701,-0.0057591165564847,-0.007113743666322905,-0.014255802363979102
2,0.0017330603304163972,0.007289769994688701,0.0,0.0015306534382040007,0.00017602632836579563,-0.006966032369290401
3,0.00020240689221239644,0.0057591165564847,-0.0015306534382040007,0.0,-0.0013546271098382051,-0.008496685807494402
4,0.0015570340020506016,0.007113743666322905,-0.00017602632836579563,0.0013546271098382051,0.0,-0.0071420586976561964
5,0.008699092699706798,0.014255802363979102,0.006966032369290401,0.008496685807494402,0.0071420586976561964,0.0
