,abstracts,news,reviews,qa
0,0.0,0.0217989210829556,0.029981283312351403,-0.0032571703753398002
1,-0.0217989210829556,0.0,0.008182362229395803,-0.0250560914582954
2,-0.029981283312351403,-0.008182362229395803,0.0,-0.033238453687691204
3,0.0032571703753398002,0.0250560914582954,0.033238453687691204,0.0
