,abstracts,news,reviews,qa
0,0.0,0.0127679389025269,0.017585652857667,-0.0016510935673055443
1,-0.0127679389025269,0.0,0.004817713955140102,-0.014419032469832444
2,-0.017585652857667,-0.004817713955140102,0.0,-0.019236746424972546
3,0.0016510935673055443,0.014419032469832444,0.019236746424972546,0.0
