,zero_shot_baseline,in_context_learning_3-shot,style_information_style_example,chain_of_thought_zero_shot,chain_of_thought_one_shot,self-refine
0,0.0,-0.0037594398149413955,-0.0008851311469620995,-0.003913834386538001,-0.003282664261933299,-0.031478665491666
1,0.0037594398149413955,0.0,0.002874308667979296,-0.00015439457159660552,0.0004767755530080964,-0.027719225676724607
2,0.0008851311469620995,-0.002874308667979296,0.0,-0.0030287032395759014,-0.0023975331149711995,-0.030593534344703903
3,0.003913834386538001,0.00015439457159660552,0.0030287032395759014,0.0,0.0006311701246047019,-0.027564831105128
4,0.003282664261933299,-0.0004767755530080964,0.0023975331149711995,-0.0006311701246047019,0.0,-0.028196001229732703
5,0.031478665491666,0.027719225676724607,0.030593534344703903,0.027564831105128,0.028196001229732703,0.0
