,abstracts,news,reviews,qa
0,0.0,0.029071936690042398,0.0244945586693556,-0.0032306644096991
1,-0.029071936690042398,0.0,-0.0045773780206867995,-0.0323026010997415
2,-0.0244945586693556,0.0045773780206867995,0.0,-0.0277252230790547
3,0.0032306644096991,0.0323026010997415,0.0277252230790547,0.0
