,zero_shot_baseline,in_context_learning_3-shot,style_information_style_example,chain_of_thought_zero_shot,chain_of_thought_one_shot,self-refine
0,0.0,-0.002630297703364301,0.003385714633326098,-0.003065631726077704,-0.0058552846176673015,-0.0197225880062614
1,0.002630297703364301,0.0,0.006016012336690399,-0.0004353340227134031,-0.0032249869143030005,-0.0170922903028971
2,-0.003385714633326098,-0.006016012336690399,0.0,-0.006451346359403802,-0.0092409992509934,-0.023108302639587498
3,0.003065631726077704,0.0004353340227134031,0.006451346359403802,0.0,-0.0027896528915895974,-0.016656956280183696
4,0.0058552846176673015,0.0032249869143030005,0.0092409992509934,0.0027896528915895974,0.0,-0.013867303388594099
5,0.0197225880062614,0.0170922903028971,0.023108302639587498,0.016656956280183696,0.013867303388594099,0.0
