,zero_shot_baseline,in_context_learning_3-shot,style_information_style_example,chain_of_thought_zero_shot,chain_of_thought_one_shot,self-refine
0,0.0,0.006470698947692893,-0.0011259687073858077,0.0020836767001364,-0.0005413705037130984,-0.012804302618939098
1,-0.006470698947692893,0.0,-0.007596667655078701,-0.0043870222475564935,-0.007012069451405992,-0.01927500156663199
2,0.0011259687073858077,0.007596667655078701,0.0,0.0032096454075222075,0.0005845982036727093,-0.01167833391155329
3,-0.0020836767001364,0.0043870222475564935,-0.0032096454075222075,0.0,-0.002625047203849498,-0.014887979319075498
4,0.0005413705037130984,0.007012069451405992,-0.0005845982036727093,0.002625047203849498,0.0,-0.012262932115226
5,0.012804302618939098,0.01927500156663199,0.01167833391155329,0.014887979319075498,0.012262932115226,0.0
