,zero_shot_baseline,in_context_learning_3-shot,style_information_style_example,chain_of_thought_zero_shot,chain_of_thought_one_shot,self-refine
0,0.0,0.0008235364896553993,-0.005538771629398795,0.00012736105101041062,-0.0010829439130600887,-0.01067296984713989
1,-0.0008235364896553993,0.0,-0.006362308119054194,-0.0006961754386449887,-0.001906480402715488,-0.01149650633679529
2,0.005538771629398795,0.006362308119054194,0.0,0.0056661326804092055,0.004455827716338706,-0.0051341982177410955
3,-0.00012736105101041062,0.0006961754386449887,-0.0056661326804092055,0.0,-0.0012103049640704994,-0.010800330898150301
4,0.0010829439130600887,0.001906480402715488,-0.004455827716338706,0.0012103049640704994,0.0,-0.009590025934079802
5,0.01067296984713989,0.01149650633679529,0.0051341982177410955,0.010800330898150301,0.009590025934079802,0.0
