,zero_shot_baseline,in_context_learning_3-shot,style_information_style_example,chain_of_thought_zero_shot,chain_of_thought_one_shot,self-refine
0,0.0,0.026575596023791198,-0.001453832624368101,-0.0009361854179691098,-0.011119993794356298,0.011171240246390102
1,-0.026575596023791198,0.0,-0.0280294286481593,-0.027511781441760308,-0.037695589818147496,-0.015404355777401096
2,0.001453832624368101,0.0280294286481593,0.0,0.0005176472063989912,-0.009666161169988197,0.012625072870758203
3,0.0009361854179691098,0.027511781441760308,-0.0005176472063989912,0.0,-0.010183808376387188,0.012107425664359212
4,0.011119993794356298,0.037695589818147496,0.009666161169988197,0.010183808376387188,0.0,0.0222912340407464
5,-0.011171240246390102,0.015404355777401096,-0.012625072870758203,-0.012107425664359212,-0.0222912340407464,0.0
