,zero_shot_baseline,in_context_learning_3-shot,style_information_style_example,chain_of_thought_zero_shot,chain_of_thought_one_shot,self-refine
0,0.0,0.0199366726334078,-0.00019450645553090173,-0.0034380236826039023,0.0005044125236093044,-0.017085713334446806
1,-0.0199366726334078,0.0,-0.020131179088938703,-0.023374696316011703,-0.019432260109798496,-0.03702238596785461
2,0.00019450645553090173,0.020131179088938703,0.0,-0.0032435172270730006,0.0006989189791402062,-0.016891206878915904
3,0.0034380236826039023,0.023374696316011703,0.0032435172270730006,0.0,0.003942436206213207,-0.013647689651842904
4,-0.0005044125236093044,0.019432260109798496,-0.0006989189791402062,-0.003942436206213207,0.0,-0.01759012585805611
5,0.017085713334446806,0.03702238596785461,0.016891206878915904,0.013647689651842904,0.01759012585805611,0.0
