,abstracts,news,reviews,qa
0,0.0,0.011568572086748101,0.0091988940405891,-0.0044863267361536
1,-0.011568572086748101,0.0,-0.0023696780461590003,-0.0160548988229017
2,-0.0091988940405891,0.0023696780461590003,0.0,-0.0136852207767427
3,0.0044863267361536,0.0160548988229017,0.0136852207767427,0.0
