,zero_shot_baseline,in_context_learning_3-shot,style_information_style_example,chain_of_thought_zero_shot,chain_of_thought_one_shot,self-refine
0,0.0,0.00033647981009379824,-0.001771610942213002,-0.0009688892168885008,-0.006332936745688897,-0.019262390379634294
1,-0.00033647981009379824,0.0,-0.0021080907523068,-0.001305369026982299,-0.006669416555782695,-0.019598870189728092
2,0.001771610942213002,0.0021080907523068,0.0,0.0008027217253245011,-0.004561325803475895,-0.01749077943742129
3,0.0009688892168885008,0.001305369026982299,-0.0008027217253245011,0.0,-0.005364047528800396,-0.018293501162745793
4,0.006332936745688897,0.006669416555782695,0.004561325803475895,0.005364047528800396,0.0,-0.012929453633945397
5,0.019262390379634294,0.019598870189728092,0.01749077943742129,0.018293501162745793,0.012929453633945397,0.0
