,zero_shot_baseline,in_context_learning_3-shot,style_information_style_example,chain_of_thought_zero_shot,chain_of_thought_one_shot,self-refine
0,0.0,0.0006768349719730032,-0.0009353892228728955,0.004693749856994701,-0.0035870670405301966,-0.0246802409365827
1,-0.0006768349719730032,0.0,-0.0016122241948458987,0.004016914885021698,-0.0042639020125032,-0.025357075908555703
2,0.0009353892228728955,0.0016122241948458987,0.0,0.005629139079867597,-0.002651677817657301,-0.023744851713709804
3,-0.004693749856994701,-0.004016914885021698,-0.005629139079867597,0.0,-0.008280816897524898,-0.0293739907935774
4,0.0035870670405301966,0.0042639020125032,0.002651677817657301,0.008280816897524898,0.0,-0.021093173896052503
5,0.0246802409365827,0.025357075908555703,0.023744851713709804,0.0293739907935774,0.021093173896052503,0.0
