,zero_shot_baseline,in_context_learning_3-shot,style_information_style_example,chain_of_thought_zero_shot,chain_of_thought_one_shot,self-refine
0,0.0,0.0163999357754345,-0.0051484010587195955,-0.00021349133552869826,-0.004956776064513696,-0.0010473373096478028
1,-0.0163999357754345,0.0,-0.021548336834154094,-0.016613427110963197,-0.021356711839948195,-0.0174472730850823
2,0.0051484010587195955,0.021548336834154094,0.0,0.004934909723190897,0.0001916249942058995,0.004101063749071793
3,0.00021349133552869826,0.016613427110963197,-0.004934909723190897,0.0,-0.004743284728984998,-0.0008338459741191045
4,0.004956776064513696,0.021356711839948195,-0.0001916249942058995,0.004743284728984998,0.0,0.003909438754865893
5,0.0010473373096478028,0.0174472730850823,-0.004101063749071793,0.0008338459741191045,-0.003909438754865893,0.0
