,zero_shot_baseline,in_context_learning_3-shot,style_information_style_example,chain_of_thought_zero_shot,chain_of_thought_one_shot,self-refine
0,0.0,0.011630085771112401,0.0003418751483887997,-0.0009005683266656017,-0.0005353045564773992,-0.016665859668620497
1,-0.011630085771112401,0.0,-0.011288210622723602,-0.012530654097778003,-0.0121653903275898,-0.0282959454397329
2,-0.0003418751483887997,0.011288210622723602,0.0,-0.0012424434750544014,-0.0008771797048661989,-0.017007734817009297
3,0.0009005683266656017,0.012530654097778003,0.0012424434750544014,0.0,0.0003652637701882025,-0.015765291341954896
4,0.0005353045564773992,0.0121653903275898,0.0008771797048661989,-0.0003652637701882025,0.0,-0.016130555112143098
5,0.016665859668620497,0.0282959454397329,0.017007734817009297,0.015765291341954896,0.016130555112143098,0.0
