,zero_shot_baseline,in_context_learning_3-shot,style_information_style_example,chain_of_thought_zero_shot,chain_of_thought_one_shot,self-refine
0,0.0,0.0036811134085106,0.008357153315770596,-0.0013523437899931046,0.005956606648953894,-0.002403454310200101
1,-0.0036811134085106,0.0,0.004676039907259996,-0.005033457198503705,0.0022754932404432937,-0.006084567718710701
2,-0.008357153315770596,-0.004676039907259996,0.0,-0.0097094971057637,-0.0024005466668167025,-0.010760607625970697
3,0.0013523437899931046,0.005033457198503705,0.0097094971057637,0.0,0.007308950438946998,-0.0010511105202069965
4,-0.005956606648953894,-0.0022754932404432937,0.0024005466668167025,-0.007308950438946998,0.0,-0.008360060959153995
5,0.002403454310200101,0.006084567718710701,0.010760607625970697,0.0010511105202069965,0.008360060959153995,0.0
