,mistral,deepseek,llama3.3,qwen72b,qwen32b,qwen14b,solar
0,0.0,0.0035885175108092,0.007126906042748703,0.005732202507253904,0.008966500234554302,0.005641452575066298,0.005914950807594001
1,-0.0035885175108092,0.0,0.003538388531939503,0.0021436849964447044,0.005377982723745102,0.0020529350642570984,0.002326433296784801
2,-0.007126906042748703,-0.003538388531939503,0.0,-0.0013947035354947984,0.0018395941918055991,-0.0014854534676824044,-0.001211955235154702
3,-0.005732202507253904,-0.0021436849964447044,0.0013947035354947984,0.0,0.0032342977273003976,-9.074993218760596e-05,0.00018274830034009648
4,-0.008966500234554302,-0.005377982723745102,-0.0018395941918055991,-0.0032342977273003976,0.0,-0.0033250476594880035,-0.003051549426960301
5,-0.005641452575066298,-0.0020529350642570984,0.0014854534676824044,9.074993218760596e-05,0.0033250476594880035,0.0,0.00027349823252770245
6,-0.005914950807594001,-0.002326433296784801,0.001211955235154702,-0.00018274830034009648,0.003051549426960301,-0.00027349823252770245,0.0
