,zero_shot_baseline,in_context_learning_3-shot,style_information_style_example,chain_of_thought_zero_shot,chain_of_thought_one_shot,self-refine
0,0.0,-0.003618680894404598,-0.0113502495216811,-0.002957473609973199,-0.003930122849846902,-0.032425736045407695
1,0.003618680894404598,0.0,-0.007731568627276503,0.000661207284431399,-0.00031144195544230424,-0.028807055151003097
2,0.0113502495216811,0.007731568627276503,0.0,0.008392775911707902,0.0074201266718341985,-0.021075486523726594
3,0.002957473609973199,-0.000661207284431399,-0.008392775911707902,0.0,-0.0009726492398737033,-0.029468262435434496
4,0.003930122849846902,0.00031144195544230424,-0.0074201266718341985,0.0009726492398737033,0.0,-0.028495613195560793
5,0.032425736045407695,0.028807055151003097,0.021075486523726594,0.029468262435434496,0.028495613195560793,0.0
