,zero_shot_baseline,in_context_learning_3-shot,style_information_style_example,chain_of_thought_zero_shot,chain_of_thought_one_shot,self-refine
0,0.0,-0.0002468814374968972,0.003824975672048904,0.0087866247630164,0.0028599613149214026,-0.014010754558070791
1,0.0002468814374968972,0.0,0.004071857109545801,0.009033506200513297,0.0031068427524183,-0.013763873120573894
2,-0.003824975672048904,-0.004071857109545801,0.0,0.004961649090967496,-0.0009650143571275013,-0.017835730230119695
3,-0.0087866247630164,-0.009033506200513297,-0.004961649090967496,0.0,-0.005926663448094997,-0.02279737932108719
4,-0.0028599613149214026,-0.0031068427524183,0.0009650143571275013,0.005926663448094997,0.0,-0.016870715872992194
5,0.014010754558070791,0.013763873120573894,0.017835730230119695,0.02279737932108719,0.016870715872992194,0.0
