,zero_shot_baseline,in_context_learning_3-shot,style_information_style_example,chain_of_thought_zero_shot,chain_of_thought_one_shot,self-refine
0,0.0,0.0046781202314245054,0.002605397741960905,-0.0024801294906241986,-0.001154897136918194,-0.018652318515224593
1,-0.0046781202314245054,0.0,-0.0020727224894636007,-0.007158249722048704,-0.0058330173683426995,-0.0233304387466491
2,-0.002605397741960905,0.0020727224894636007,0.0,-0.005085527232585103,-0.003760294878879099,-0.021257716257185498
3,0.0024801294906241986,0.007158249722048704,0.005085527232585103,0.0,0.0013252323537060046,-0.016172189024600395
4,0.001154897136918194,0.0058330173683426995,0.003760294878879099,-0.0013252323537060046,0.0,-0.0174974213783064
5,0.018652318515224593,0.0233304387466491,0.021257716257185498,0.016172189024600395,0.0174974213783064,0.0
