,zero_shot_baseline,in_context_learning_3-shot,style_information_style_example,chain_of_thought_zero_shot,chain_of_thought_one_shot,self-refine
0,0.0,0.0098106429978213,-0.0022924533269539013,-0.0012475039375285032,-0.004497695722283701,-0.0162946569437502
1,-0.0098106429978213,0.0,-0.0121030963247752,-0.011058146935349802,-0.014308338720105,-0.0261052999415715
2,0.0022924533269539013,0.0121030963247752,0.0,0.001044949389425398,-0.0022052423953297998,-0.0140022036167963
3,0.0012475039375285032,0.011058146935349802,-0.001044949389425398,0.0,-0.003250191784755198,-0.015047153006221697
4,0.004497695722283701,0.014308338720105,0.0022052423953297998,0.003250191784755198,0.0,-0.0117969612214665
5,0.0162946569437502,0.0261052999415715,0.0140022036167963,0.015047153006221697,0.0117969612214665,0.0
