,zero_shot_baseline,in_context_learning_3-shot,style_information_style_example,chain_of_thought_zero_shot,chain_of_thought_one_shot,self-refine
0,0.0,0.0013372424651112002,0.0009050280730522999,2.814669317990036e-05,0.0007575129616339002,-0.00041825160523669986
1,-0.0013372424651112002,0.0,-0.0004322143920589003,-0.0013090957719312998,-0.0005797295034773,-0.0017554940703479
2,-0.0009050280730522999,0.0004322143920589003,0.0,-0.0008768813798723995,-0.00014751511141839965,-0.0013232796782889997
3,-2.814669317990036e-05,0.0013090957719312998,0.0008768813798723995,0.0,0.0007293662684539999,-0.0004463982984166002
4,-0.0007575129616339002,0.0005797295034773,0.00014751511141839965,-0.0007293662684539999,0.0,-0.0011757645668706
5,0.00041825160523669986,0.0017554940703479,0.0013232796782889997,0.0004463982984166002,0.0011757645668706,0.0
