,mistral,deepseek,llama3.3,qwen72b,qwen32b,qwen14b,solar
0,0.0,0.00011093417285399997,-6.384886022520002e-05,0.0001612255041095,0.00021921047025819996,0.0001077099338599,-0.0001634324393476
1,-0.00011093417285399997,0.0,-0.0001747830330792,5.029133125550002e-05,0.00010827629740419999,-3.224238994099977e-06,-0.00027436661220159997
2,6.384886022520002e-05,0.0001747830330792,0.0,0.00022507436433470002,0.0002830593304834,0.00017155879408510002,-9.958357912239998e-05
3,-0.0001612255041095,-5.029133125550002e-05,-0.00022507436433470002,0.0,5.798496614869996e-05,-5.35155702496e-05,-0.0003246579434571
4,-0.00021921047025819996,-0.00010827629740419999,-0.0002830593304834,-5.798496614869996e-05,0.0,-0.00011150053639829996,-0.00038264290960579996
5,-0.0001077099338599,3.224238994099977e-06,-0.00017155879408510002,5.35155702496e-05,0.00011150053639829996,0.0,-0.0002711423732075
6,0.0001634324393476,0.00027436661220159997,9.958357912239998e-05,0.0003246579434571,0.00038264290960579996,0.0002711423732075,0.0
