,zero_shot_baseline,in_context_learning_3-shot,style_information_style_example,chain_of_thought_zero_shot,chain_of_thought_one_shot,self-refine
0,0.0,-0.0010685137878591001,0.0001654521495538,0.0001547995419958,-0.00026626348943010005,7.397933779999962e-07
1,0.0010685137878591001,0.0,0.0012339659374129,0.0012233133298549,0.000802250298429,0.0010692535812371
2,-0.0001654521495538,-0.0012339659374129,0.0,-1.0652607557999996e-05,-0.0004317156389839,-0.0001647123561758
3,-0.0001547995419958,-0.0012233133298549,1.0652607557999996e-05,0.0,-0.0004210630314259,-0.0001540597486178
4,0.00026626348943010005,-0.000802250298429,0.0004317156389839,0.0004210630314259,0.0,0.00026700328280810005
5,-7.397933779999962e-07,-0.0010692535812371,0.0001647123561758,0.0001540597486178,-0.00026700328280810005,0.0
