,zero_shot_baseline,in_context_learning_3-shot,style_information_style_example,chain_of_thought_zero_shot,chain_of_thought_one_shot,self-refine
0,0.0,-0.0016019437801899003,0.0008177758566692002,0.0001503701317173002,0.0024680104139335,-0.0014216102732746002
1,0.0016019437801899003,0.0,0.0024197196368591005,0.0017523139119072005,0.0040699541941234,0.00018033350691530007
2,-0.0008177758566692002,-0.0024197196368591005,0.0,-0.0006674057249519,0.0016502345572642998,-0.0022393861299438004
3,-0.0001503701317173002,-0.0017523139119072005,0.0006674057249519,0.0,0.0023176402822161998,-0.0015719804049919004
4,-0.0024680104139335,-0.0040699541941234,-0.0016502345572642998,-0.0023176402822161998,0.0,-0.0038896206872081
5,0.0014216102732746002,-0.00018033350691530007,0.0022393861299438004,0.0015719804049919004,0.0038896206872081,0.0
