,mistral,deepseek,llama3.3,qwen72b,qwen32b,qwen14b,solar
0,0.0,9.475739580430001e-05,-9.824692017079998e-05,-0.00012913805975149997,-0.0002423921090923,9.278165996030001e-05,-0.00016322129484829998
1,-9.475739580430001e-05,0.0,-0.0001930043159751,-0.00022389545555579998,-0.0003371495048966,-1.975735843999998e-06,-0.00025797869065259996
2,9.824692017079998e-05,0.0001930043159751,0.0,-3.0891139580699984e-05,-0.0001441451889215,0.0001910285801311,-6.49743746775e-05
3,0.00012913805975149997,0.00022389545555579998,3.0891139580699984e-05,0.0,-0.00011325404934080002,0.00022191971971179998,-3.408323509680001e-05
4,0.0002423921090923,0.0003371495048966,0.0001441451889215,0.00011325404934080002,0.0,0.0003351737690526,7.917081424400001e-05
5,-9.278165996030001e-05,1.975735843999998e-06,-0.0001910285801311,-0.00022191971971179998,-0.0003351737690526,0.0,-0.0002560029548086
6,0.00016322129484829998,0.00025797869065259996,6.49743746775e-05,3.408323509680001e-05,-7.917081424400001e-05,0.0002560029548086,0.0
