,zero_shot_baseline,in_context_learning_3-shot,style_information_style_example,chain_of_thought_zero_shot,chain_of_thought_one_shot,self-refine
0,0.0,-7.181716320589997e-05,-2.086264492400002e-05,-0.00013148658756120005,8.814734377510003e-05,-0.0006318282990938002
1,7.181716320589997e-05,0.0,5.0954518281899955e-05,-5.966942435530007e-05,0.000159964506981,-0.0005600111358879001
2,2.086264492400002e-05,-5.0954518281899955e-05,0.0,-0.00011062394263720003,0.00010900998869910005,-0.0006109656541698001
3,0.00013148658756120005,5.966942435530007e-05,0.00011062394263720003,0.0,0.00021963393133630008,-0.0005003417115326
4,-8.814734377510003e-05,-0.000159964506981,-0.00010900998869910005,-0.00021963393133630008,0.0,-0.0007199756428689001
5,0.0006318282990938002,0.0005600111358879001,0.0006109656541698001,0.0005003417115326,0.0007199756428689001,0.0
