,zero_shot_baseline,in_context_learning_3-shot,style_information_style_example,chain_of_thought_zero_shot,chain_of_thought_one_shot,self-refine
0,0.0,-0.0013783857086617,0.00032658178367310866,0.0001281613994902,3.211127993789999e-05,-0.00016657045697990005
1,0.0013783857086617,0.0,0.0017049674923348087,0.0015065471081519002,0.0014104969885996,0.0012118152516818002
2,-0.00032658178367310866,-0.0017049674923348087,0.0,-0.00019842038418290865,-0.0002944705037352086,-0.0004931522406530087
3,-0.0001281613994902,-0.0015065471081519002,0.00019842038418290865,0.0,-9.60501195523e-05,-0.00029473185647010004
4,-3.211127993789999e-05,-0.0014104969885996,0.0002944705037352086,9.60501195523e-05,0.0,-0.00019868173691780003
5,0.00016657045697990005,-0.0012118152516818002,0.0004931522406530087,0.00029473185647010004,0.00019868173691780003,0.0
