,zero_shot_baseline,in_context_learning_3-shot,style_information_style_example,chain_of_thought_zero_shot,chain_of_thought_one_shot,self-refine
0,0.0,0.0031604121965778,0.0023109986019632,6.028511290490004e-05,3.499679388390027e-05,0.0002168778899893
1,-0.0031604121965778,0.0,-0.0008494135946146,-0.0031001270836729,-0.0031254154026939,-0.0029435343065885
2,-0.0023109986019632,0.0008494135946146,0.0,-0.0022507134890583,-0.0022760018080793,-0.0020941207119739
3,-6.028511290490004e-05,0.0031001270836729,0.0022507134890583,0.0,-2.5288319020999768e-05,0.00015659277708439997
4,-3.499679388390027e-05,0.0031254154026939,0.0022760018080793,2.5288319020999768e-05,0.0,0.00018188109610539974
5,-0.0002168778899893,0.0029435343065885,0.0020941207119739,-0.00015659277708439997,-0.00018188109610539974,0.0
