,zero_shot_baseline,in_context_learning_3-shot,style_information_style_example,chain_of_thought_zero_shot,chain_of_thought_one_shot,self-refine
0,0.0,-0.0014065008923764,3.756371013010002e-05,8.129428158630002e-05,9.658103876920002e-05,-0.0001413644849708
1,0.0014065008923764,0.0,0.0014440646025065,0.0014877951739627,0.0015030819311456002,0.0012651364074056002
2,-3.756371013010002e-05,-0.0014440646025065,0.0,4.3730571456200004e-05,5.9017328639100004e-05,-0.00017892819510090003
3,-8.129428158630002e-05,-0.0014877951739627,-4.3730571456200004e-05,0.0,1.52867571829e-05,-0.00022265876655710003
4,-9.658103876920002e-05,-0.0015030819311456002,-5.9017328639100004e-05,-1.52867571829e-05,0.0,-0.00023794552374000003
5,0.0001413644849708,-0.0012651364074056002,0.00017892819510090003,0.00022265876655710003,0.00023794552374000003,0.0
