,abstracts,news,reviews,qa
0,0.0,0.0037853397958422003,0.0055762548289438,-0.0002470858689376
1,-0.0037853397958422003,0.0,0.0017909150331016001,-0.0040324256647798
2,-0.0055762548289438,-0.0017909150331016001,0.0,-0.0058233406978814
3,0.0002470858689376,0.0040324256647798,0.0058233406978814,0.0
