,abstracts,news,reviews,qa
0,0.0,0.00017938481051739993,0.0040179223652814,-0.0007088995927873
1,-0.00017938481051739993,0.0,0.003838537554764,-0.0008882844033046999
2,-0.0040179223652814,-0.003838537554764,0.0,-0.0047268219580687
3,0.0007088995927873,0.0008882844033046999,0.0047268219580687,0.0
