,zero_shot_baseline,in_context_learning_3-shot,style_information_style_example,chain_of_thought_zero_shot,chain_of_thought_one_shot,self-refine
0,0.0,0.000497899289259,-0.0007512316653173999,6.798027887940008e-05,0.0012867463952405001,-0.0034407779114165996
1,-0.000497899289259,0.0,-0.0012491309545764,-0.0004299190103795999,0.0007888471059815001,-0.003938677200675599
2,0.0007512316653173999,0.0012491309545764,0.0,0.0008192119441968,0.0020379780605579,-0.0026895462460991997
3,-6.798027887940008e-05,0.0004299190103795999,-0.0008192119441968,0.0,0.0012187661163611,-0.0035087581902959997
4,-0.0012867463952405001,-0.0007888471059815001,-0.0020379780605579,-0.0012187661163611,0.0,-0.004727524306657099
5,0.0034407779114165996,0.003938677200675599,0.0026895462460991997,0.0035087581902959997,0.004727524306657099,0.0
