,zero_shot_baseline,in_context_learning_3-shot,style_information_style_example,chain_of_thought_zero_shot,chain_of_thought_one_shot,self-refine
0,0.0,-0.0001901859994183,0.0001362545086836,-0.00014956339961229997,1.9470988344399975e-05,-0.000310314985851
1,0.0001901859994183,0.0,0.0003264405081019,4.062259980600004e-05,0.0002096569877627,-0.00012012898643270001
2,-0.0001362545086836,-0.0003264405081019,0.0,-0.0002858179082959,-0.00011678352033920003,-0.0004465694945346
3,0.00014956339961229997,-4.062259980600004e-05,0.0002858179082959,0.0,0.00016903438795669995,-0.00016075158623870005
4,-1.9470988344399975e-05,-0.0002096569877627,0.00011678352033920003,-0.00016903438795669995,0.0,-0.0003297859741954
5,0.000310314985851,0.00012012898643270001,0.0004465694945346,0.00016075158623870005,0.0003297859741954,0.0
