,mistral,deepseek,llama3.3,qwen72b,qwen32b,qwen14b,solar
0,0.0,0.0016808145249622005,-0.0052485939345231995,-0.00036413364260159953,0.0036841570115745004,0.0027191848538492,0.0001573728404936003
1,-0.0016808145249622005,0.0,-0.0069294084594854,-0.0020449481675638,0.0020033424866123,0.0010383703288869995,-0.0015234416844686002
2,0.0052485939345231995,0.0069294084594854,0.0,0.0048844602919216,0.0089327509460977,0.0079677787883724,0.0054059667750168
3,0.00036413364260159953,0.0020449481675638,-0.0048844602919216,0.0,0.0040482906541761,0.0030833184964507996,0.0005215064830951998
4,-0.0036841570115745004,-0.0020033424866123,-0.0089327509460977,-0.0040482906541761,0.0,-0.0009649721577253004,-0.0035267841710809
5,-0.0027191848538492,-0.0010383703288869995,-0.0079677787883724,-0.0030833184964507996,0.0009649721577253004,0.0,-0.0025618120133555997
6,-0.0001573728404936003,0.0015234416844686002,-0.0054059667750168,-0.0005215064830951998,0.0035267841710809,0.0025618120133555997,0.0
