,zero_shot_baseline,in_context_learning_3-shot,style_information_style_example,chain_of_thought_zero_shot,chain_of_thought_one_shot,self-refine
0,0.0,-0.0001060912915048,0.00021552577980989997,6.493173804649995e-05,-9.9607510797e-05,-0.001357637213833
1,0.0001060912915048,0.0,0.0003216170713147,0.00017102302955129996,6.4837807078000015e-06,-0.0012515459223282
2,-0.00021552577980989997,-0.0003216170713147,0.0,-0.00015059404176340002,-0.0003151332906069,-0.0015731629936429
3,-6.493173804649995e-05,-0.00017102302955129996,0.00015059404176340002,0.0,-0.00016453924884349996,-0.0014225689518795
4,9.9607510797e-05,-6.4837807078000015e-06,0.0003151332906069,0.00016453924884349996,0.0,-0.001258029703036
5,0.001357637213833,0.0012515459223282,0.0015731629936429,0.0014225689518795,0.001258029703036,0.0
