,zero_shot_baseline,in_context_learning_3-shot,style_information_style_example,chain_of_thought_zero_shot,chain_of_thought_one_shot,self-refine
0,0.0,-0.0008111163831893999,4.03865903667e-05,4.7973076748800006e-05,-0.00021863890124689997,-8.491647513190001e-05
1,0.0008111163831893999,0.0,0.0008515029735561,0.0008590894599381999,0.0005924774819424999,0.0007261999080574999
2,-4.03865903667e-05,-0.0008515029735561,0.0,7.586486382100006e-06,-0.00025902549161359995,-0.0001253030654986
3,-4.7973076748800006e-05,-0.0008590894599381999,-7.586486382100006e-06,0.0,-0.0002666119779957,-0.00013288955188070001
4,0.00021863890124689997,-0.0005924774819424999,0.00025902549161359995,0.0002666119779957,0.0,0.00013372242611499997
5,8.491647513190001e-05,-0.0007261999080574999,0.0001253030654986,0.00013288955188070001,-0.00013372242611499997,0.0
