,zero_shot_baseline,in_context_learning_3-shot,style_information_style_example,chain_of_thought_zero_shot,chain_of_thought_one_shot,self-refine
0,0.0,0.0026096206673596996,0.0024951148505089,-4.335523065689996e-05,0.0008128391889569994,-0.0009071715349666006
1,-0.0026096206673596996,0.0,-0.00011450581685079966,-0.0026529758980165996,-0.0017967814784027002,-0.0035167922023263
2,-0.0024951148505089,0.00011450581685079966,0.0,-0.0025384700811658,-0.0016822756615519005,-0.0034022863854755005
3,4.335523065689996e-05,0.0026529758980165996,0.0025384700811658,0.0,0.0008561944196138994,-0.0008638163043097006
4,-0.0008128391889569994,0.0017967814784027002,0.0016822756615519005,-0.0008561944196138994,0.0,-0.0017200107239236
5,0.0009071715349666006,0.0035167922023263,0.0034022863854755005,0.0008638163043097006,0.0017200107239236,0.0
