,zero_shot_baseline,in_context_learning_3-shot,style_information_style_example,chain_of_thought_zero_shot,chain_of_thought_one_shot,self-refine
0,0.0,0.0008492962530749998,0.0005451811624449998,-0.0001329556476093001,-3.545387353150013e-05,-0.0020168529920953004
1,-0.0008492962530749998,0.0,-0.00030411509063,-0.0009822519006842999,-0.0008847501266064999,-0.0028661492451703
2,-0.0005451811624449998,0.00030411509063,0.0,-0.0006781368100542999,-0.0005806350359764999,-0.0025620341545403
3,0.0001329556476093001,0.0009822519006842999,0.0006781368100542999,0.0,9.750177407779996e-05,-0.0018838973444860003
4,3.545387353150013e-05,0.0008847501266064999,0.0005806350359764999,-9.750177407779996e-05,0.0,-0.0019813991185638003
5,0.0020168529920953004,0.0028661492451703,0.0025620341545403,0.0018838973444860003,0.0019813991185638003,0.0
