,mistral,deepseek,llama3.3,qwen72b,qwen32b,qwen14b,solar
0,0.0,0.0005497702299454002,0.0003722982957408,0.0005263663022190999,0.0013068852464363,0.0011397825384294,-0.00017227640298219998
1,-0.0005497702299454002,0.0,-0.0001774719342046002,-2.340392772630026e-05,0.0007571150164908998,0.0005900123084839998,-0.0007220466329276001
2,-0.0003722982957408,0.0001774719342046002,0.0,0.00015406800647829993,0.0009345869506955,0.0007674842426886,-0.000544574698723
3,-0.0005263663022190999,2.340392772630026e-05,-0.00015406800647829993,0.0,0.0007805189442172001,0.0006134162362103001,-0.0006986427052012999
4,-0.0013068852464363,-0.0007571150164908998,-0.0009345869506955,-0.0007805189442172001,0.0,-0.0001671027080069,-0.0014791616494185
5,-0.0011397825384294,-0.0005900123084839998,-0.0007674842426886,-0.0006134162362103001,0.0001671027080069,0.0,-0.0013120589414116
6,0.00017227640298219998,0.0007220466329276001,0.000544574698723,0.0006986427052012999,0.0014791616494185,0.0013120589414116,0.0
