,zero_shot_baseline,in_context_learning_3-shot,style_information_style_example,chain_of_thought_zero_shot,chain_of_thought_one_shot,self-refine
0,0.0,-0.0002819947131682,4.996820984550003e-05,1.6592556694000312e-06,-8.6479429531e-05,-0.0005247634837978
1,0.0002819947131682,0.0,0.0003319629230137,0.0002836539688376,0.0001955152836372,-0.00024276877062960004
2,-4.996820984550003e-05,-0.0003319629230137,0.0,-4.83089541761e-05,-0.00013644763937650003,-0.0005747316936433001
3,-1.6592556694000312e-06,-0.0002836539688376,4.83089541761e-05,0.0,-8.813868520040003e-05,-0.0005264227394672001
4,8.6479429531e-05,-0.0001955152836372,0.00013644763937650003,8.813868520040003e-05,0.0,-0.00043828405426680003
5,0.0005247634837978,0.00024276877062960004,0.0005747316936433001,0.0005264227394672001,0.00043828405426680003,0.0
