,abstracts,news,reviews,qa
0,0.0,0.0024851938690643996,0.0050739783518844,-0.0006937601743885
1,-0.0024851938690643996,0.0,0.0025887844828200004,-0.0031789540434529
2,-0.0050739783518844,-0.0025887844828200004,0.0,-0.0057677385262729
3,0.0006937601743885,0.0031789540434529,0.0057677385262729,0.0
