,zero_shot_baseline,in_context_learning_3-shot,style_information_style_example,chain_of_thought_zero_shot,chain_of_thought_one_shot,self-refine
0,0.0,-0.0005060377680768,0.0003662292875144,0.00026719697241580004,-2.901059165830004e-05,0.00019708880010460003
1,0.0005060377680768,0.0,0.0008722670555912,0.0007732347404926,0.0004770271764184999,0.0007031265681814
2,-0.0003662292875144,-0.0008722670555912,0.0,-9.90323150986e-05,-0.00039523987917270006,-0.0001691404874098
3,-0.00026719697241580004,-0.0007732347404926,9.90323150986e-05,0.0,-0.0002962075640741001,-7.010817231119999e-05
4,2.901059165830004e-05,-0.0004770271764184999,0.00039523987917270006,0.0002962075640741001,0.0,0.00022609939176290007
5,-0.00019708880010460003,-0.0007031265681814,0.0001691404874098,7.010817231119999e-05,-0.00022609939176290007,0.0
