,zero_shot_baseline,in_context_learning_3-shot,style_information_style_example,chain_of_thought_zero_shot,chain_of_thought_one_shot,self-refine
0,0.0,0.0007381272490032998,-0.0015623048383497005,-0.00017406432248220005,0.0007429071811990999,-0.0002567442688986999
1,-0.0007381272490032998,0.0,-0.0023004320873530005,-0.0009121915714854999,4.779932195800047e-06,-0.0009948715179019998
2,0.0015623048383497005,0.0023004320873530005,0.0,0.0013882405158675004,0.0023052120195488,0.0013055605694510006
3,0.00017406432248220005,0.0009121915714854999,-0.0013882405158675004,0.0,0.0009169715036812999,-8.267994641649986e-05
4,-0.0007429071811990999,-4.779932195800047e-06,-0.0023052120195488,-0.0009169715036812999,0.0,-0.0009996514500977998
5,0.0002567442688986999,0.0009948715179019998,-0.0013055605694510006,8.267994641649986e-05,0.0009996514500977998,0.0
