,zero_shot_baseline,in_context_learning_3-shot,style_information_style_example,chain_of_thought_zero_shot,chain_of_thought_one_shot,self-refine
0,0.0,0.0020129050950098,0.0017877560977139003,0.0002087001020808,0.0002982184989686002,0.0004153501651616002
1,-0.0020129050950098,0.0,-0.00022514899729589983,-0.001804204992929,-0.0017146865960411999,-0.0015975549298482
2,-0.0017877560977139003,0.00022514899729589983,0.0,-0.0015790559956331003,-0.0014895375987453,-0.0013724059325523
3,-0.0002087001020808,0.001804204992929,0.0015790559956331003,0.0,8.95183968878002e-05,0.0002066500630808002
4,-0.0002982184989686002,0.0017146865960411999,0.0014895375987453,-8.95183968878002e-05,0.0,0.00011713166619299999
5,-0.0004153501651616002,0.0015975549298482,0.0013724059325523,-0.0002066500630808002,-0.00011713166619299999,0.0
