,zero_shot_baseline,in_context_learning_3-shot,style_information_style_example,chain_of_thought_zero_shot,chain_of_thought_one_shot,self-refine
0,0.0,0.0008787644478042002,-0.0009985611438994,-0.00013695988657220007,0.0017182202487220001,-0.0038842263019796
1,-0.0008787644478042002,0.0,-0.0018773255917036002,-0.0010157243343764002,0.0008394558009178,-0.0047629907497838
2,0.0009985611438994,0.0018773255917036002,0.0,0.0008616012573272,0.0027167813926214004,-0.0028856651580802
3,0.00013695988657220007,0.0010157243343764002,-0.0008616012573272,0.0,0.0018551801352942002,-0.0037472664154074
4,-0.0017182202487220001,-0.0008394558009178,-0.0027167813926214004,-0.0018551801352942002,0.0,-0.0056024465507016
5,0.0038842263019796,0.0047629907497838,0.0028856651580802,0.0037472664154074,0.0056024465507016,0.0
