,zero_shot_baseline,in_context_learning_3-shot,style_information_style_example,chain_of_thought_zero_shot,chain_of_thought_one_shot,self-refine
0,0.0,-0.0003760710167135001,0.000446207587082,8.623518392599926e-06,4.260278743129994e-05,-0.0007507043811949001
1,0.0003760710167135001,0.0,0.0008222786037955001,0.00038469453510610004,0.00041867380414480006,-0.0003746333644814
2,-0.000446207587082,-0.0008222786037955001,0.0,-0.00043758406868940006,-0.00040360479965070005,-0.0011969119682769
3,-8.623518392599926e-06,-0.00038469453510610004,0.00043758406868940006,0.0,3.397926903870002e-05,-0.0007593278995875
4,-4.260278743129994e-05,-0.00041867380414480006,0.00040360479965070005,-3.397926903870002e-05,0.0,-0.0007933071686262001
5,0.0007507043811949001,0.0003746333644814,0.0011969119682769,0.0007593278995875,0.0007933071686262001,0.0
