,zero_shot_baseline,in_context_learning_3-shot,style_information_style_example,chain_of_thought_zero_shot,chain_of_thought_one_shot,self-refine
0,0.0,0.0021402359513255,0.00048104014290879966,0.0002693378431028997,0.0013123234629097997,-0.0017404205652949006
1,-0.0021402359513255,0.0,-0.0016591958084167004,-0.0018708981082226003,-0.0008279124884157003,-0.0038806565166204007
2,-0.00048104014290879966,0.0016591958084167004,0.0,-0.00021170229980589997,0.000831283320001,-0.0022214607082037003
3,-0.0002693378431028997,0.0018708981082226003,0.00021170229980589997,0.0,0.0010429856198069,-0.0020097584083978003
4,-0.0013123234629097997,0.0008279124884157003,-0.000831283320001,-0.0010429856198069,0.0,-0.0030527440282047003
5,0.0017404205652949006,0.0038806565166204007,0.0022214607082037003,0.0020097584083978003,0.0030527440282047003,0.0
