,zero_shot_baseline,in_context_learning_3-shot,style_information_style_example,chain_of_thought_zero_shot,chain_of_thought_one_shot,self-refine
0,0.0,0.0010811223359656,-0.0006691147279809999,0.000124309448702,0.0020816114538338,-0.0008114410840057
1,-0.0010811223359656,0.0,-0.0017502370639466,-0.0009568128872636001,0.0010004891178682,-0.0018925634199713
2,0.0006691147279809999,0.0017502370639466,0.0,0.0007934241766829999,0.0027507261818148,-0.00014232635602470008
3,-0.000124309448702,0.0009568128872636001,-0.0007934241766829999,0.0,0.0019573020051318,-0.0009357505327077
4,-0.0020816114538338,-0.0010004891178682,-0.0027507261818148,-0.0019573020051318,0.0,-0.0028930525378395
5,0.0008114410840057,0.0018925634199713,0.00014232635602470008,0.0009357505327077,0.0028930525378395,0.0
