,zero_shot_baseline,in_context_learning_3-shot,style_information_style_example,chain_of_thought_zero_shot,chain_of_thought_one_shot,self-refine
0,0.0,-0.00047764632059420003,1.0746873584200023e-05,5.111012928400022e-06,6.081064226000001e-05,-0.00023128777760089998
1,0.00047764632059420003,0.0,0.0004883931941784001,0.00048275733352260005,0.0005384569628542,0.0002463585429933
2,-1.0746873584200023e-05,-0.0004883931941784001,0.0,-5.635860655800001e-06,5.0063768675799984e-05,-0.0002420346511851
3,-5.111012928400022e-06,-0.00048275733352260005,5.635860655800001e-06,0.0,5.5699629331599986e-05,-0.0002363987905293
4,-6.081064226000001e-05,-0.0005384569628542,-5.0063768675799984e-05,-5.5699629331599986e-05,0.0,-0.0002920984198609
5,0.00023128777760089998,-0.0002463585429933,0.0002420346511851,0.0002363987905293,0.0002920984198609,0.0
