,zero_shot_baseline,in_context_learning_3-shot,style_information_style_example,chain_of_thought_zero_shot,chain_of_thought_one_shot,self-refine
0,0.0,-0.00048785457507700015,-0.0034424321969498003,0.0001533729947481,0.002106134161532,-0.0020696611222234995
1,0.00048785457507700015,0.0,-0.0029545776218728,0.0006412275698251002,0.002593988736609,-0.0015818065471464994
2,0.0034424321969498003,0.0029545776218728,0.0,0.0035958051916979003,0.0055485663584818,0.0013727710747263007
3,-0.0001533729947481,-0.0006412275698251002,-0.0035958051916979003,0.0,0.0019527611667839,-0.0022230341169715995
4,-0.002106134161532,-0.002593988736609,-0.0055485663584818,-0.0019527611667839,0.0,-0.0041757952837554995
5,0.0020696611222234995,0.0015818065471464994,-0.0013727710747263007,0.0022230341169715995,0.0041757952837554995,0.0
