,zero_shot_baseline,in_context_learning_3-shot,style_information_style_example,chain_of_thought_zero_shot,chain_of_thought_one_shot,self-refine
0,0.0,0.0017205573905699997,0.00029481829084210005,-0.0001020856347506002,-0.00012051231723390031,0.00031409702430509976
1,-0.0017205573905699997,0.0,-0.0014257390997278996,-0.0018226430253205999,-0.0018410697078039,-0.0014064603662649
2,-0.00029481829084210005,0.0014257390997278996,0.0,-0.00039690392559270024,-0.00041533060807600036,1.9278733462999714e-05
3,0.0001020856347506002,0.0018226430253205999,0.00039690392559270024,0.0,-1.8426682483300115e-05,0.00041618265905569995
4,0.00012051231723390031,0.0018410697078039,0.00041533060807600036,1.8426682483300115e-05,0.0,0.00043460934153900007
5,-0.00031409702430509976,0.0014064603662649,-1.9278733462999714e-05,-0.00041618265905569995,-0.00043460934153900007,0.0
