,zero_shot_baseline,in_context_learning_3-shot,style_information_style_example,chain_of_thought_zero_shot,chain_of_thought_one_shot,self-refine
0,0.0,0.0009820837235802,0.00045917717748559985,0.00018386241177259944,-0.0005194331569371999,0.0006457412452763999
1,-0.0009820837235802,0.0,-0.0005229065460946002,-0.0007982213118076006,-0.0015015168805174,-0.0003363424783038001
2,-0.00045917717748559985,0.0005229065460946002,0.0,-0.0002753147657130004,-0.0009786103344227998,0.00018656406779080006
3,-0.00018386241177259944,0.0007982213118076006,0.0002753147657130004,0.0,-0.0007032955687097994,0.00046187883350380047
4,0.0005194331569371999,0.0015015168805174,0.0009786103344227998,0.0007032955687097994,0.0,0.0011651744022135998
5,-0.0006457412452763999,0.0003363424783038001,-0.00018656406779080006,-0.00046187883350380047,-0.0011651744022135998,0.0
