,zero_shot_baseline,in_context_learning_3-shot,style_information_style_example,chain_of_thought_zero_shot,chain_of_thought_one_shot,self-refine
0,0.0,0.014484939393157802,-0.0035030023566899986,-0.001038177523692698,-0.0082265849779702,-0.007414111334381898
1,-0.014484939393157802,0.0,-0.0179879417498478,-0.0155231169168505,-0.022711524371128,-0.0218990507275397
2,0.0035030023566899986,0.0179879417498478,0.0,0.0024648248329973005,-0.004723582621280201,-0.0039111089776919
3,0.001038177523692698,0.0155231169168505,-0.0024648248329973005,0.0,-0.007188407454277502,-0.0063759338106892
4,0.0082265849779702,0.022711524371128,0.004723582621280201,0.007188407454277502,0.0,0.0008124736435883018
5,0.007414111334381898,0.0218990507275397,0.0039111089776919,0.0063759338106892,-0.0008124736435883018,0.0
