,zero_shot_baseline,in_context_learning_3-shot,style_information_style_example,chain_of_thought_zero_shot,chain_of_thought_one_shot,self-refine
0,0.0,-0.0005692894451181001,-0.002049731467994001,0.0013128984048565995,0.0023067176478405,-0.0068884279327621
1,0.0005692894451181001,0.0,-0.001480442022875901,0.0018821878499746996,0.0028760070929586,-0.006319138487644
2,0.002049731467994001,0.001480442022875901,0.0,0.0033626298728506006,0.004356449115834501,-0.004838696464768099
3,-0.0013128984048565995,-0.0018821878499746996,-0.0033626298728506006,0.0,0.0009938192429839003,-0.008201326337618699
4,-0.0023067176478405,-0.0028760070929586,-0.004356449115834501,-0.0009938192429839003,0.0,-0.009195145580602599
5,0.0068884279327621,0.006319138487644,0.004838696464768099,0.008201326337618699,0.009195145580602599,0.0
