,abstracts,news,reviews,qa
0,0.0,0.0325133926024583,0.0126397497890969,0.0028190646041507997
1,-0.0325133926024583,0.0,-0.0198736428133614,-0.0296943279983075
2,-0.0126397497890969,0.0198736428133614,0.0,-0.0098206851849461
3,-0.0028190646041507997,0.0296943279983075,0.0098206851849461,0.0
