,zero_shot_baseline,in_context_learning_3-shot,style_information_style_example,chain_of_thought_zero_shot,chain_of_thought_one_shot,self-refine
0,0.0,0.0022500798818889944,-3.374961168430002e-05,-0.0006773456306621017,0.002318170194954297,-0.004839386649379801
1,-0.0022500798818889944,0.0,-0.0022838294935732945,-0.002927425512551096,6.809031306530267e-05,-0.0070894665312687954
2,3.374961168430002e-05,0.0022838294935732945,0.0,-0.0006435960189778017,0.002351919806638597,-0.004805637037695501
3,0.0006773456306621017,0.002927425512551096,0.0006435960189778017,0.0,0.002995515825616399,-0.004162041018717699
4,-0.002318170194954297,-6.809031306530267e-05,-0.002351919806638597,-0.002995515825616399,0.0,-0.007157556844334098
5,0.004839386649379801,0.0070894665312687954,0.004805637037695501,0.004162041018717699,0.007157556844334098,0.0
