,abstracts,news,reviews,qa
0,0.0,-0.006034942705527601,-0.0131581368176888,-0.0144276576385052
1,0.006034942705527601,0.0,-0.007123194112161199,-0.008392714932977599
2,0.0131581368176888,0.007123194112161199,0.0,-0.0012695208208164002
3,0.0144276576385052,0.008392714932977599,0.0012695208208164002,0.0
