,zero_shot_baseline,in_context_learning_3-shot,style_information_style_example,chain_of_thought_zero_shot,chain_of_thought_one_shot,self-refine
0,0.0,0.0105496206683597,-0.007352899244534299,-0.0028557275836612987,-0.013044229908528097,-0.0169105683360075
1,-0.0105496206683597,0.0,-0.017902519912894,-0.013405348252020999,-0.023593850576887797,-0.0274601890043672
2,0.007352899244534299,0.017902519912894,0.0,0.004497171660873,-0.005691330663993799,-0.009557669091473202
3,0.0028557275836612987,0.013405348252020999,-0.004497171660873,0.0,-0.010188502324866799,-0.014054840752346202
4,0.013044229908528097,0.023593850576887797,0.005691330663993799,0.010188502324866799,0.0,-0.003866338427479403
5,0.0169105683360075,0.0274601890043672,0.009557669091473202,0.014054840752346202,0.003866338427479403,0.0
