,mistral,deepseek,llama3.3,qwen72b,qwen32b,qwen14b,solar
0,0.0,0.0014072788634116994,-0.0009372742630702003,0.0012068102582583002,0.0009967833002662001,0.0023572200914157,0.0021068527981801997
1,-0.0014072788634116994,0.0,-0.0023445531264818997,-0.00020046860515339927,-0.0004104955631454993,0.0009499412280040004,0.0006995739347685002
2,0.0009372742630702003,0.0023445531264818997,0.0,0.0021440845213285004,0.0019340575633364004,0.0032944943544859,0.0030441270612504
3,-0.0012068102582583002,0.00020046860515339927,-0.0021440845213285004,0.0,-0.00021002695799210002,0.0011504098331573996,0.0009000425399218995
4,-0.0009967833002662001,0.0004104955631454993,-0.0019340575633364004,0.00021002695799210002,0.0,0.0013604367911494997,0.0011100694979139995
5,-0.0023572200914157,-0.0009499412280040004,-0.0032944943544859,-0.0011504098331573996,-0.0013604367911494997,0.0,-0.00025036729323550016
6,-0.0021068527981801997,-0.0006995739347685002,-0.0030441270612504,-0.0009000425399218995,-0.0011100694979139995,0.00025036729323550016,0.0
