,zero_shot_baseline,in_context_learning_3-shot,style_information_style_example,chain_of_thought_zero_shot,chain_of_thought_one_shot,self-refine
0,0.0,-0.0018041997023510994,-0.0040987034756477,-8.794126812799313e-06,-0.00010007076442669974,-1.0003705991899238e-05
1,0.0018041997023510994,0.0,-0.0022945037732966,0.0017954055755383,0.0017041289379243997,0.0017941959963592002
2,0.0040987034756477,0.0022945037732966,0.0,0.0040899093488349,0.003998632711221,0.0040886997696558
3,8.794126812799313e-06,-0.0017954055755383,-0.0040899093488349,0.0,-9.127663761390042e-05,-1.2095791790999247e-06
4,0.00010007076442669974,-0.0017041289379243997,-0.003998632711221,9.127663761390042e-05,0.0,9.00670584348005e-05
5,1.0003705991899238e-05,-0.0017941959963592002,-0.0040886997696558,1.2095791790999247e-06,-9.00670584348005e-05,0.0
