,zero_shot_baseline,in_context_learning_3-shot,style_information_style_example,chain_of_thought_zero_shot,chain_of_thought_one_shot,self-refine
0,0.0,-0.0008494643079016003,-0.0006906132975964003,-5.2740348473199854e-05,0.0006362674965589002,0.00010881621356800038
1,0.0008494643079016003,0.0,0.00015885101030520005,0.0007967239594284005,0.0014857318044605005,0.0009582805214696007
2,0.0006906132975964003,-0.00015885101030520005,0.0,0.0006378729491232004,0.0013268807941553004,0.0007994295111644007
3,5.2740348473199854e-05,-0.0007967239594284005,-0.0006378729491232004,0.0,0.0006890078450321,0.00016155656204120024
4,-0.0006362674965589002,-0.0014857318044605005,-0.0013268807941553004,-0.0006890078450321,0.0,-0.0005274512829908998
5,-0.00010881621356800038,-0.0009582805214696007,-0.0007994295111644007,-0.00016155656204120024,0.0005274512829908998,0.0
