,zero_shot_baseline,in_context_learning_3-shot,style_information_style_example,chain_of_thought_zero_shot,chain_of_thought_one_shot,self-refine
0,0.0,-0.0140929013317131,-0.004918422875753503,-0.00012168487412060267,0.001776343250680299,-0.0033326404964151013
1,0.0140929013317131,0.0,0.009174478455959596,0.013971216457592497,0.0158692445823934,0.010760260835297998
2,0.004918422875753503,-0.009174478455959596,0.0,0.0047967380016329005,0.006694766126433802,0.0015857823793384018
3,0.00012168487412060267,-0.013971216457592497,-0.0047967380016329005,0.0,0.0018980281248009018,-0.0032109556222944986
4,-0.001776343250680299,-0.0158692445823934,-0.006694766126433802,-0.0018980281248009018,0.0,-0.0051089837470954
5,0.0033326404964151013,-0.010760260835297998,-0.0015857823793384018,0.0032109556222944986,0.0051089837470954,0.0
