,zero_shot_baseline,in_context_learning_3-shot,style_information_style_example,chain_of_thought_zero_shot,chain_of_thought_one_shot,self-refine
0,0.0,-0.0021178531423058002,-0.0020349432199339,-0.00027105274452379996,-0.0002782390043560999,-0.0090025246596999
1,0.0021178531423058002,0.0,8.290992237190015e-05,0.001846800397782,0.0018396141379497,-0.0068846715173941
2,0.0020349432199339,-8.290992237190015e-05,0.0,0.0017638904754101,0.0017567042155778,-0.006967581439766
3,0.00027105274452379996,-0.001846800397782,-0.0017638904754101,0.0,-7.186259832299945e-06,-0.0087314719151761
4,0.0002782390043560999,-0.0018396141379497,-0.0017567042155778,7.186259832299945e-06,0.0,-0.0087242856553438
5,0.0090025246596999,0.0068846715173941,0.006967581439766,0.0087314719151761,0.0087242856553438,0.0
