,zero_shot_baseline,in_context_learning_3-shot,style_information_style_example,chain_of_thought_zero_shot,chain_of_thought_one_shot,self-refine
0,0.0,-0.0002466204787148008,-0.0006475631425600006,0.0003429884350165998,0.0005686242116678996,1.6585153723499592e-05
1,0.0002466204787148008,0.0,-0.0004009426638451998,0.0005896089137314006,0.0008152446903827004,0.0002632056324383004
2,0.0006475631425600006,0.0004009426638451998,0.0,0.0009905515775766004,0.0012161873542279001,0.0006641482962835002
3,-0.0003429884350165998,-0.0005896089137314006,-0.0009905515775766004,0.0,0.00022563577665129977,-0.0003264032812931002
4,-0.0005686242116678996,-0.0008152446903827004,-0.0012161873542279001,-0.00022563577665129977,0.0,-0.0005520390579444
5,-1.6585153723499592e-05,-0.0002632056324383004,-0.0006641482962835002,0.0003264032812931002,0.0005520390579444,0.0
