,zero_shot_baseline,in_context_learning_3-shot,style_information_style_example,chain_of_thought_zero_shot,chain_of_thought_one_shot,self-refine
0,0.0,-0.002510501382937601,-0.0023044262842184006,-0.0009209768913847,0.0015944519815907,0.0020038125300292997
1,0.002510501382937601,0.0,0.00020607509871920036,0.001589524491552901,0.004104953364528301,0.004514313912966901
2,0.0023044262842184006,-0.00020607509871920036,0.0,0.0013834493928337006,0.0038988782658091006,0.0043082388142477
3,0.0009209768913847,-0.001589524491552901,-0.0013834493928337006,0.0,0.0025154288729754,0.0029247894214139997
4,-0.0015944519815907,-0.004104953364528301,-0.0038988782658091006,-0.0025154288729754,0.0,0.00040936054843859976
5,-0.0020038125300292997,-0.004514313912966901,-0.0043082388142477,-0.0029247894214139997,-0.00040936054843859976,0.0
