,zero_shot_baseline,in_context_learning_3-shot,style_information_style_example,chain_of_thought_zero_shot,chain_of_thought_one_shot,self-refine
0,0.0,-0.0007918687750892005,-0.0004660372564893999,4.4020476288799716e-05,0.0020741777109433996,0.0011580353451739996
1,0.0007918687750892005,0.0,0.00032583151859980064,0.0008358892513780003,0.0028660464860326,0.0019499041202632001
2,0.0004660372564893999,-0.00032583151859980064,0.0,0.0005100577327781996,0.0025402149674327995,0.0016240726016633995
3,-4.4020476288799716e-05,-0.0008358892513780003,-0.0005100577327781996,0.0,0.0020301572346546,0.0011140148688851999
4,-0.0020741777109433996,-0.0028660464860326,-0.0025402149674327995,-0.0020301572346546,0.0,-0.0009161423657694
5,-0.0011580353451739996,-0.0019499041202632001,-0.0016240726016633995,-0.0011140148688851999,0.0009161423657694,0.0
