,abstracts,news,reviews,qa
0,0.0,0.0255373940957307,0.0048044461754857,-0.0037203442815286
1,-0.0255373940957307,0.0,-0.020732947920245,-0.0292577383772593
2,-0.0048044461754857,0.020732947920245,0.0,-0.0085247904570143
3,0.0037203442815286,0.0292577383772593,0.0085247904570143,0.0
