,zero_shot_baseline,in_context_learning_3-shot,style_information_style_example,chain_of_thought_zero_shot,chain_of_thought_one_shot,self-refine
0,0.0,-0.0043015878499745,0.0083995952569942,-0.0022535567126789995,0.0008777213273132994,0.0082382921510678
1,0.0043015878499745,0.0,0.012701183106968699,0.0020480311372955,0.005179309177287799,0.0125398800010423
2,-0.0083995952569942,-0.012701183106968699,0.0,-0.010653151969673199,-0.0075218739296809,-0.0001613031059263994
3,0.0022535567126789995,-0.0020480311372955,0.010653151969673199,0.0,0.003131278039992299,0.0104918488637468
4,-0.0008777213273132994,-0.005179309177287799,0.0075218739296809,-0.003131278039992299,0.0,0.007360570823754501
5,-0.0082382921510678,-0.0125398800010423,0.0001613031059263994,-0.0104918488637468,-0.007360570823754501,0.0
