,zero_shot_baseline,in_context_learning_3-shot,style_information_style_example,chain_of_thought_zero_shot,chain_of_thought_one_shot,self-refine
0,0.0,-0.0019645122092278,-0.0019762316739179,4.419528281910008e-05,-4.99036882633001e-05,-0.000764298113025
1,0.0019645122092278,0.0,-1.171946469010008e-05,0.0020087074920469,0.0019146085209644998,0.0012002140962027999
2,0.0019762316739179,1.171946469010008e-05,0.0,0.002020426956737,0.0019263279856545999,0.0012119335608929
3,-4.419528281910008e-05,-0.0020087074920469,-0.002020426956737,0.0,-9.409897108240018e-05,-0.0008084933958441001
4,4.99036882633001e-05,-0.0019146085209644998,-0.0019263279856545999,9.409897108240018e-05,0.0,-0.0007143944247616999
5,0.000764298113025,-0.0012002140962027999,-0.0012119335608929,0.0008084933958441001,0.0007143944247616999,0.0
