,abstracts,news,reviews,qa
0,0.0,-0.0076664303910470005,-0.014149192518673002,-0.013106472431947501
1,0.0076664303910470005,0.0,-0.0064827621276260005,-0.005440042040900501
2,0.014149192518673002,0.0064827621276260005,0.0,0.0010427200867254996
3,0.013106472431947501,0.005440042040900501,-0.0010427200867254996,0.0
