,zero_shot_baseline,in_context_learning_3-shot,style_information_style_example,chain_of_thought_zero_shot,chain_of_thought_one_shot,self-refine
0,0.0,-0.0014272491209606011,0.005326237922739001,-0.0028757729667872045,-0.0014626827828514016,-0.014554436372112602
1,0.0014272491209606011,0.0,0.006753487043699602,-0.0014485238458266034,-3.5433661890800494e-05,-0.013127187251152
2,-0.005326237922739001,-0.006753487043699602,0.0,-0.008202010889526205,-0.0067889207055904024,-0.019880674294851602
3,0.0028757729667872045,0.0014485238458266034,0.008202010889526205,0.0,0.0014130901839358029,-0.011678663405325397
4,0.0014626827828514016,3.5433661890800494e-05,0.0067889207055904024,-0.0014130901839358029,0.0,-0.0130917535892612
5,0.014554436372112602,0.013127187251152,0.019880674294851602,0.011678663405325397,0.0130917535892612,0.0
