,mistral,deepseek,llama3.3,qwen72b,qwen32b,qwen14b,solar
0,0.0,0.0062348921412129985,0.0038249788764581003,0.0045557598903492,0.008366030295578999,0.0047767755794344,0.005901588662383401
1,-0.0062348921412129985,0.0,-0.002409913264754898,-0.0016791322508637983,0.0021311381543660003,-0.0014581165617785982,-0.00033330347882959757
2,-0.0038249788764581003,0.002409913264754898,0.0,0.0007307810138910999,0.0045410514191208985,0.0009517967029763,0.0020766097859253006
3,-0.0045557598903492,0.0016791322508637983,-0.0007307810138910999,0.0,0.0038102704052297987,0.0002210156890852001,0.0013458287720342008
4,-0.008366030295578999,-0.0021311381543660003,-0.0045410514191208985,-0.0038102704052297987,0.0,-0.0035892547161445985,-0.002464441633195598
5,-0.0047767755794344,0.0014581165617785982,-0.0009517967029763,-0.0002210156890852001,0.0035892547161445985,0.0,0.0011248130829490006
6,-0.005901588662383401,0.00033330347882959757,-0.0020766097859253006,-0.0013458287720342008,0.002464441633195598,-0.0011248130829490006,0.0
