,zero_shot_baseline,in_context_learning_3-shot,style_information_style_example,chain_of_thought_zero_shot,chain_of_thought_one_shot,self-refine
0,0.0,-0.0005206541348063,-0.0007184021750613,9.57827527174e-05,0.00028657515261849994,-0.0045664439129089
1,0.0005206541348063,0.0,-0.00019774804025500005,0.0006164368875237,0.0008072292874247999,-0.004045789778102601
2,0.0007184021750613,0.00019774804025500005,0.0,0.0008141849277787,0.0010049773276798,-0.0038480417378476003
3,-9.57827527174e-05,-0.0006164368875237,-0.0008141849277787,0.0,0.00019079239990109993,-0.0046622266656263
4,-0.00028657515261849994,-0.0008072292874247999,-0.0010049773276798,-0.00019079239990109993,0.0,-0.0048530190655274
5,0.0045664439129089,0.004045789778102601,0.0038480417378476003,0.0046622266656263,0.0048530190655274,0.0
