,abstracts,news,reviews,qa
0,0.0,-0.004110807497605097,-0.0161519478790151,-0.0104008964957957
1,0.004110807497605097,0.0,-0.012041140381410001,-0.006290088998190602
2,0.0161519478790151,0.012041140381410001,0.0,0.005751051383219399
3,0.0104008964957957,0.006290088998190602,-0.005751051383219399,0.0
