,zero_shot_baseline,in_context_learning_3-shot,style_information_style_example,chain_of_thought_zero_shot,chain_of_thought_one_shot,self-refine
0,0.0,-0.0079008747237708,-0.0098795039843327,-0.0027983454405577004,0.0023157358032299003,0.0025782273266989
1,0.0079008747237708,0.0,-0.0019786292605618993,0.0051025292832131,0.010216610527000701,0.0104791020504697
2,0.0098795039843327,0.0019786292605618993,0.0,0.007081158543775,0.0121952397875626,0.0124577313110316
3,0.0027983454405577004,-0.0051025292832131,-0.007081158543775,0.0,0.005114081243787601,0.0053765727672566
4,-0.0023157358032299003,-0.010216610527000701,-0.0121952397875626,-0.005114081243787601,0.0,0.0002624915234689996
5,-0.0025782273266989,-0.0104791020504697,-0.0124577313110316,-0.0053765727672566,-0.0002624915234689996,0.0
