,zero_shot_baseline,in_context_learning_3-shot,style_information_style_example,chain_of_thought_zero_shot,chain_of_thought_one_shot,self-refine
0,0.0,-0.0022079923591300996,0.0014143930124745005,-0.0007633443661139005,0.0030263550157758005,0.0037732033482807993
1,0.0022079923591300996,0.0,0.0036223853716046,0.001444647993016199,0.0052343473749059,0.005981195707410899
2,-0.0014143930124745005,-0.0036223853716046,0.0,-0.002177737378588401,0.0016119620033013,0.002358810335806299
3,0.0007633443661139005,-0.001444647993016199,0.002177737378588401,0.0,0.003789699381889701,0.0045365477143947
4,-0.0030263550157758005,-0.0052343473749059,-0.0016119620033013,-0.003789699381889701,0.0,0.0007468483325049988
5,-0.0037732033482807993,-0.005981195707410899,-0.002358810335806299,-0.0045365477143947,-0.0007468483325049988,0.0
