,zero_shot_baseline,in_context_learning_3-shot,style_information_style_example,chain_of_thought_zero_shot,chain_of_thought_one_shot,self-refine
0,0.0,0.0055994876799461005,0.004061292900411901,-0.0003481472808043,0.0048315211172381,0.005538791660397901
1,-0.0055994876799461005,0.0,-0.0015381947795341999,-0.0059476349607504005,-0.0007679665627080001,-6.0696019548199705e-05
2,-0.004061292900411901,0.0015381947795341999,0.0,-0.004409440181216201,0.0007702282168261998,0.0014774987599860002
3,0.0003481472808043,0.0059476349607504005,0.004409440181216201,0.0,0.0051796683980424,0.005886938941202201
4,-0.0048315211172381,0.0007679665627080001,-0.0007702282168261998,-0.0051796683980424,0.0,0.0007072705431598004
5,-0.005538791660397901,6.0696019548199705e-05,-0.0014774987599860002,-0.005886938941202201,-0.0007072705431598004,0.0
