,zero_shot_baseline,in_context_learning_3-shot,style_information_style_example,chain_of_thought_zero_shot,chain_of_thought_one_shot,self-refine
0,0.0,-0.0020727726378836006,0.002815764265650101,-0.0008673898728084016,0.0035601611858143006,0.0075715073890000005
1,0.0020727726378836006,0.0,0.004888536903533702,0.001205382765075199,0.005632933823697901,0.009644280026883601
2,-0.002815764265650101,-0.004888536903533702,0.0,-0.0036831541384585026,0.0007443969201641996,0.0047557431233498995
3,0.0008673898728084016,-0.001205382765075199,0.0036831541384585026,0.0,0.004427551058622702,0.008438897261808402
4,-0.0035601611858143006,-0.005632933823697901,-0.0007443969201641996,-0.004427551058622702,0.0,0.0040113462031857
5,-0.0075715073890000005,-0.009644280026883601,-0.0047557431233498995,-0.008438897261808402,-0.0040113462031857,0.0
