,zero_shot_baseline,in_context_learning_3-shot,style_information_style_example,chain_of_thought_zero_shot,chain_of_thought_one_shot,self-refine
0,0.0,-0.002986423662394204,0.0037820734822790955,-0.004204176662568004,0.006208939526654099,-0.004332622805975801
1,0.002986423662394204,0.0,0.0067684971446732994,-0.0012177530001738004,0.009195363189048303,-0.0013461991435815973
2,-0.0037820734822790955,-0.0067684971446732994,0.0,-0.0079862501448471,0.0024268660443750034,-0.008114696288254897
3,0.004204176662568004,0.0012177530001738004,0.0079862501448471,0.0,0.010413116189222103,-0.00012844614340779686
4,-0.006208939526654099,-0.009195363189048303,-0.0024268660443750034,-0.010413116189222103,0.0,-0.0105415623326299
5,0.004332622805975801,0.0013461991435815973,0.008114696288254897,0.00012844614340779686,0.0105415623326299,0.0
