,abstracts,news,reviews,qa
0,0.0,-0.0003974098613861998,-0.014044836935633399,-0.008635416612046799
1,0.0003974098613861998,0.0,-0.013647427074247199,-0.008238006750660599
2,0.014044836935633399,0.013647427074247199,0.0,0.0054094203235866
3,0.008635416612046799,0.008238006750660599,-0.0054094203235866,0.0
