,zero_shot_baseline,in_context_learning_3-shot,style_information_style_example,chain_of_thought_zero_shot,chain_of_thought_one_shot,self-refine
0,0.0,0.00029793877260740273,0.003000870330957802,-0.000124832948386,0.003321003296877203,-0.0084295466367421
1,-0.00029793877260740273,0.0,0.0027029315583503993,-0.00042277172099340274,0.0030230645242698,-0.008727485409349502
2,-0.003000870330957802,-0.0027029315583503993,0.0,-0.003125703279343802,0.00032013296591940077,-0.011430416967699902
3,0.000124832948386,0.00042277172099340274,0.003125703279343802,0.0,0.003445836245263203,-0.0083047136883561
4,-0.003321003296877203,-0.0030230645242698,-0.00032013296591940077,-0.003445836245263203,0.0,-0.011750549933619302
5,0.0084295466367421,0.008727485409349502,0.011430416967699902,0.0083047136883561,0.011750549933619302,0.0
