,zero_shot_baseline,in_context_learning_3-shot,style_information_style_example,chain_of_thought_zero_shot,chain_of_thought_one_shot,self-refine
0,0.0,0.004313204626619001,-0.00016238996873389755,-0.00011706045629960096,-0.0030226100186709973,0.0017630043453413999
1,-0.004313204626619001,0.0,-0.004475594595352898,-0.004430265082918602,-0.007335814645289998,-0.002550200281277601
2,0.00016238996873389755,0.004475594595352898,0.0,4.532951243429659e-05,-0.0028602200499370997,0.0019253943140752974
3,0.00011706045629960096,0.004430265082918602,-4.532951243429659e-05,0.0,-0.0029055495623713963,0.0018800648016410008
4,0.0030226100186709973,0.007335814645289998,0.0028602200499370997,0.0029055495623713963,0.0,0.004785614364012397
5,-0.0017630043453413999,0.002550200281277601,-0.0019253943140752974,-0.0018800648016410008,-0.004785614364012397,0.0
