,zero_shot_baseline,in_context_learning_3-shot,style_information_style_example,chain_of_thought_zero_shot,chain_of_thought_one_shot,self-refine
0,0.0,-0.0013815524498804986,0.009070796410729401,-0.004388158346017201,0.0007037705455091997,0.004765729827283301
1,0.0013815524498804986,0.0,0.0104523488606099,-0.003006605896136702,0.0020853229953896983,0.006147282277163799
2,-0.009070796410729401,-0.0104523488606099,0.0,-0.013458954756746602,-0.008367025865220201,-0.0043050665834461
3,0.004388158346017201,0.003006605896136702,0.013458954756746602,0.0,0.0050919288915264,0.009153888173300501
4,-0.0007037705455091997,-0.0020853229953896983,0.008367025865220201,-0.0050919288915264,0.0,0.004061959281774101
5,-0.004765729827283301,-0.006147282277163799,0.0043050665834461,-0.009153888173300501,-0.004061959281774101,0.0
