,zero_shot_baseline,in_context_learning_3-shot,style_information_style_example,chain_of_thought_zero_shot,chain_of_thought_one_shot,self-refine
0,0.0,-0.0024822869646329,0.0003285323175660999,0.00032730474967289987,0.0008680981338145999,-0.0059584253130234
1,0.0024822869646329,0.0,0.002810819282199,0.0028095917143058,0.0033503850984475,-0.0034761383483904998
2,-0.0003285323175660999,-0.002810819282199,0.0,-1.2275678932000423e-06,0.0005395658162485,-0.0062869576305895
3,-0.00032730474967289987,-0.0028095917143058,1.2275678932000423e-06,0.0,0.0005407933841417,-0.006285730062696299
4,-0.0008680981338145999,-0.0033503850984475,-0.0005395658162485,-0.0005407933841417,0.0,-0.006826523446838
5,0.0059584253130234,0.0034761383483904998,0.0062869576305895,0.006285730062696299,0.006826523446838,0.0
