,mistral,deepseek,llama3.3,qwen72b,qwen32b,qwen14b,solar
0,0.0,0.002728464069969301,-0.0024194625045109025,0.0053126427948883,0.006789024326724499,0.006383981234125199,0.009305519704186301
1,-0.002728464069969301,0.0,-0.005147926574480204,0.0025841787249189993,0.004060560256755198,0.0036555171641558977,0.006577055634217
2,0.0024194625045109025,0.005147926574480204,0.0,0.007732105299399203,0.009208486831235402,0.008803443738636101,0.011724982208697204
3,-0.0053126427948883,-0.0025841787249189993,-0.007732105299399203,0.0,0.001476381531836199,0.0010713384392368984,0.003992876909298001
4,-0.006789024326724499,-0.004060560256755198,-0.009208486831235402,-0.001476381531836199,0.0,-0.0004050430925993005,0.002516495377461802
5,-0.006383981234125199,-0.0036555171641558977,-0.008803443738636101,-0.0010713384392368984,0.0004050430925993005,0.0,0.0029215384700611025
6,-0.009305519704186301,-0.006577055634217,-0.011724982208697204,-0.003992876909298001,-0.002516495377461802,-0.0029215384700611025,0.0
