,zero_shot_baseline,in_context_learning_3-shot,style_information_style_example,chain_of_thought_zero_shot,chain_of_thought_one_shot,self-refine
0,0.0,-0.000207503715199,-5.895011089489992e-05,-7.583612124879998e-05,-0.000476067101115,-0.0051322773863608
1,0.000207503715199,0.0,0.00014855360430410009,0.00013166759395020003,-0.000268563385916,-0.0049247736711618
2,5.895011089489992e-05,-0.00014855360430410009,0.0,-1.6886010353900057e-05,-0.00041711699022010007,-0.0050733272754659
3,7.583612124879998e-05,-0.00013166759395020003,1.6886010353900057e-05,0.0,-0.0004002309798662,-0.005056441265112
4,0.000476067101115,0.000268563385916,0.00041711699022010007,0.0004002309798662,0.0,-0.0046562102852458
5,0.0051322773863608,0.0049247736711618,0.0050733272754659,0.005056441265112,0.0046562102852458,0.0
