,zero_shot_baseline,in_context_learning_3-shot,style_information_style_example,chain_of_thought_zero_shot,chain_of_thought_one_shot,self-refine
0,0.0,0.010421977660302402,-0.0091908426434941,-0.0006027892035842981,-0.0124895336253423,-0.0006517171735864989
1,-0.010421977660302402,0.0,-0.0196128203037965,-0.0110247668638867,-0.0229115112856447,-0.011073694833888901
2,0.0091908426434941,0.0196128203037965,0.0,0.008588053439909801,-0.0032986909818482,0.0085391254699076
3,0.0006027892035842981,0.0110247668638867,-0.008588053439909801,0.0,-0.011886744421758001,-4.892797000220078e-05
4,0.0124895336253423,0.0229115112856447,0.0032986909818482,0.011886744421758001,0.0,0.0118378164517558
5,0.0006517171735864989,0.011073694833888901,-0.0085391254699076,4.892797000220078e-05,-0.0118378164517558,0.0
