,zero_shot_baseline,in_context_learning_3-shot,style_information_style_example,chain_of_thought_zero_shot,chain_of_thought_one_shot,self-refine
0,0.0,-0.000567440198244902,0.0054946092561712,0.00033214778026039934,-0.0016639168024010012,0.0148918692309666
1,0.000567440198244902,0.0,0.006062049454416102,0.0008995879785053014,-0.0010964766041560992,0.015459309429211502
2,-0.0054946092561712,-0.006062049454416102,0.0,-0.0051624614759108005,-0.007158526058572201,0.0093972599747954
3,-0.00033214778026039934,-0.0008995879785053014,0.0051624614759108005,0.0,-0.0019960645826614005,0.014559721450706201
4,0.0016639168024010012,0.0010964766041560992,0.007158526058572201,0.0019960645826614005,0.0,0.016555786033367603
5,-0.0148918692309666,-0.015459309429211502,-0.0093972599747954,-0.014559721450706201,-0.016555786033367603,0.0
