,zero_shot_baseline,in_context_learning_3-shot,style_information_style_example,chain_of_thought_zero_shot,chain_of_thought_one_shot,self-refine
0,0.0,-0.002912705841147299,0.0014002338481359025,-0.00017923598579039704,0.0016953367293585028,-0.006620346673908796
1,0.002912705841147299,0.0,0.004312939689283202,0.002733469855356902,0.004608042570505802,-0.003707640832761497
2,-0.0014002338481359025,-0.004312939689283202,0.0,-0.0015794698339262996,0.0002951028812226003,-0.008020580522044699
3,0.00017923598579039704,-0.002733469855356902,0.0015794698339262996,0.0,0.0018745727151488999,-0.006441110688118399
4,-0.0016953367293585028,-0.004608042570505802,-0.0002951028812226003,-0.0018745727151488999,0.0,-0.008315683403267299
5,0.006620346673908796,0.003707640832761497,0.008020580522044699,0.006441110688118399,0.008315683403267299,0.0
