,zero_shot_baseline,in_context_learning_3-shot,style_information_style_example,chain_of_thought_zero_shot,chain_of_thought_one_shot,self-refine
0,0.0,-0.0027942225832536007,0.0029157098984426005,-0.0006548378160973999,0.0022083952161494995,0.0019155773481673993
1,0.0027942225832536007,0.0,0.005709932481696201,0.002139384767156201,0.0050026177994031,0.004709799931421
2,-0.0029157098984426005,-0.005709932481696201,0.0,-0.0035705477145400004,-0.000707314682293101,-0.0010001325502752012
3,0.0006548378160973999,-0.002139384767156201,0.0035705477145400004,0.0,0.0028632330322468993,0.002570415164264799
4,-0.0022083952161494995,-0.0050026177994031,0.000707314682293101,-0.0028632330322468993,0.0,-0.00029281786798210016
5,-0.0019155773481673993,-0.004709799931421,0.0010001325502752012,-0.002570415164264799,0.00029281786798210016,0.0
