,zero_shot_baseline,in_context_learning_3-shot,style_information_style_example,chain_of_thought_zero_shot,chain_of_thought_one_shot,self-refine
0,0.0,-0.0009690830433150002,-0.0016000698101425001,-0.0001512530878539,0.0007412627842940001,-0.010111437391023199
1,0.0009690830433150002,0.0,-0.0006309867668275,0.0008178299554611002,0.0017103458276090003,-0.0091423543477082
2,0.0016000698101425001,0.0006309867668275,0.0,0.0014488167222886001,0.0023413325944365002,-0.0085113675808807
3,0.0001512530878539,-0.0008178299554611002,-0.0014488167222886001,0.0,0.0008925158721479001,-0.009960184303169299
4,-0.0007412627842940001,-0.0017103458276090003,-0.0023413325944365002,-0.0008925158721479001,0.0,-0.0108527001753172
5,0.010111437391023199,0.0091423543477082,0.0085113675808807,0.009960184303169299,0.0108527001753172,0.0
