,zero_shot_baseline,in_context_learning_3-shot,style_information_style_example,chain_of_thought_zero_shot,chain_of_thought_one_shot,self-refine
0,0.0,-0.0070092629587689,-0.0010728235220104007,-0.0034156005566262013,0.0016091257020608984,-0.006346824772513901
1,0.0070092629587689,0.0,0.005936439436758499,0.0035936624021426986,0.008618388660829798,0.0006624381862549988
2,0.0010728235220104007,-0.005936439436758499,0.0,-0.0023427770346158006,0.002681949224071299,-0.0052740012505035
3,0.0034156005566262013,-0.0035936624021426986,0.0023427770346158006,0.0,0.0050247262586871,-0.0029312242158876997
4,-0.0016091257020608984,-0.008618388660829798,-0.002681949224071299,-0.0050247262586871,0.0,-0.0079559504745748
5,0.006346824772513901,-0.0006624381862549988,0.0052740012505035,0.0029312242158876997,0.0079559504745748,0.0
