,zero_shot_baseline,in_context_learning_3-shot,style_information_style_example,chain_of_thought_zero_shot,chain_of_thought_one_shot,self-refine
0,0.0,-0.00010337319849619553,0.0033260940944448043,-0.0008185625348678949,0.0003652682841631012,-0.006108897186969796
1,0.00010337319849619553,0.0,0.003429467292941,-0.0007151893363716993,0.00046864148265929675,-0.0060055239884736
2,-0.0033260940944448043,-0.003429467292941,0.0,-0.004144656629312699,-0.002960825810281703,-0.0094349912814146
3,0.0008185625348678949,0.0007151893363716993,0.004144656629312699,0.0,0.001183830819030996,-0.005290334652101901
4,-0.0003652682841631012,-0.00046864148265929675,0.002960825810281703,-0.001183830819030996,0.0,-0.006474165471132897
5,0.006108897186969796,0.0060055239884736,0.0094349912814146,0.005290334652101901,0.006474165471132897,0.0
