,zero_shot_baseline,in_context_learning_3-shot,style_information_style_example,chain_of_thought_zero_shot,chain_of_thought_one_shot,self-refine
0,0.0,-0.0002613382485461002,-0.000903486281007,-0.00038728305882760033,-0.0016463021524792997,-0.0024960290072928003
1,0.0002613382485461002,0.0,-0.0006421480324608998,-0.0001259448102815001,-0.0013849639039331995,-0.0022346907587467
2,0.000903486281007,0.0006421480324608998,0.0,0.0005162032221793997,-0.0007428158714722997,-0.0015925427262858003
3,0.00038728305882760033,0.0001259448102815001,-0.0005162032221793997,0.0,-0.0012590190936516994,-0.0021087459484652
4,0.0016463021524792997,0.0013849639039331995,0.0007428158714722997,0.0012590190936516994,0.0,-0.0008497268548135007
5,0.0024960290072928003,0.0022346907587467,0.0015925427262858003,0.0021087459484652,0.0008497268548135007,0.0
