,abstracts,news,reviews,qa
0,0.0,0.026162935158521302,0.0105033778039344,-0.0055356956270997005
1,-0.026162935158521302,0.0,-0.0156595573545869,-0.031698630785621004
2,-0.0105033778039344,0.0156595573545869,0.0,-0.016039073431034098
3,0.0055356956270997005,0.031698630785621004,0.016039073431034098,0.0
