,zero_shot_baseline,in_context_learning_3-shot,style_information_style_example,chain_of_thought_zero_shot,chain_of_thought_one_shot,self-refine
0,0.0,-0.0014880901900889,-0.00024798285160360003,0.00011151156329590006,-0.0013144764135190998,-0.0063525185958005
1,0.0014880901900889,0.0,0.0012401073384853,0.0015996017533848,0.0001736137765698002,-0.0048644284057116
2,0.00024798285160360003,-0.0012401073384853,0.0,0.0003594944148995001,-0.0010664935619154998,-0.0061045357441969
3,-0.00011151156329590006,-0.0015996017533848,-0.0003594944148995001,0.0,-0.0014259879768149999,-0.0064640301590964
4,0.0013144764135190998,-0.0001736137765698002,0.0010664935619154998,0.0014259879768149999,0.0,-0.0050380421822813996
5,0.0063525185958005,0.0048644284057116,0.0061045357441969,0.0064640301590964,0.0050380421822813996,0.0
