,zero_shot_baseline,in_context_learning_3-shot,style_information_style_example,chain_of_thought_zero_shot,chain_of_thought_one_shot,self-refine
0,0.0,-0.002964186710051501,0.0004930149642650003,-0.0003564629301263996,0.0023132480210527996,-0.0007304122886972004
1,0.002964186710051501,0.0,0.003457201674316501,0.0026077237799251012,0.0052774347311043005,0.0022337744213543004
2,-0.0004930149642650003,-0.003457201674316501,0.0,-0.0008494778943913999,0.0018202330567877994,-0.0012234272529622007
3,0.0003564629301263996,-0.0026077237799251012,0.0008494778943913999,0.0,0.0026697109511791993,-0.0003739493585708008
4,-0.0023132480210527996,-0.0052774347311043005,-0.0018202330567877994,-0.0026697109511791993,0.0,-0.00304366030975
5,0.0007304122886972004,-0.0022337744213543004,0.0012234272529622007,0.0003739493585708008,0.00304366030975,0.0
