,zero_shot_baseline,in_context_learning_3-shot,style_information_style_example,chain_of_thought_zero_shot,chain_of_thought_one_shot,self-refine
0,0.0,-0.003027295312486803,-0.003239538577832303,-0.007147952043445302,0.0022473392051599976,-0.00011097825044610252
1,0.003027295312486803,0.0,-0.0002122432653454999,-0.004120656730958499,0.005274634517646801,0.0029163170620407006
2,0.003239538577832303,0.0002122432653454999,0.0,-0.003908413465612999,0.005486877782992301,0.0031285603273862005
3,0.007147952043445302,0.004120656730958499,0.003908413465612999,0.0,0.0093952912486053,0.0070369737929991995
4,-0.0022473392051599976,-0.005274634517646801,-0.005486877782992301,-0.0093952912486053,0.0,-0.0023583174556061
5,0.00011097825044610252,-0.0029163170620407006,-0.0031285603273862005,-0.0070369737929991995,0.0023583174556061,0.0
