,mistral,deepseek,llama3.3,qwen72b,qwen32b,qwen14b,solar
0,0.0,-0.00022420882210769967,-0.0092308915396808,0.0015531140344957999,0.0066343161444076,0.004281355299338201,0.0006264790088069995
1,0.00022420882210769967,0.0,-0.0090066827175731,0.0017773228566034995,0.0068585249665153,0.0045055641214459,0.0008506878309146992
2,0.0092308915396808,0.0090066827175731,0.0,0.0107840055741766,0.0158652076840884,0.013512246839019,0.0098573705484878
3,-0.0015531140344957999,-0.0017773228566034995,-0.0107840055741766,0.0,0.0050812021099118,0.002728241264842401,-0.0009266350256888004
4,-0.0066343161444076,-0.0068585249665153,-0.0158652076840884,-0.0050812021099118,0.0,-0.0023529608450693993,-0.0060078371356006004
5,-0.004281355299338201,-0.0045055641214459,-0.013512246839019,-0.002728241264842401,0.0023529608450693993,0.0,-0.003654876290531201
6,-0.0006264790088069995,-0.0008506878309146992,-0.0098573705484878,0.0009266350256888004,0.0060078371356006004,0.003654876290531201,0.0
