,zero_shot_baseline,in_context_learning_3-shot,style_information_style_example,chain_of_thought_zero_shot,chain_of_thought_one_shot,self-refine
0,0.0,-0.006361077873911101,-0.0014746158460864,-0.0002690001935539005,0.0006919492644399997,0.0009720044351572998
1,0.006361077873911101,0.0,0.004886462027824701,0.006092077680357201,0.007053027138351101,0.0073330823090684005
2,0.0014746158460864,-0.004886462027824701,0.0,0.0012056156525324995,0.0021665651105263997,0.0024466202812437
3,0.0002690001935539005,-0.006092077680357201,-0.0012056156525324995,0.0,0.0009609494579939002,0.0012410046287112003
4,-0.0006919492644399997,-0.007053027138351101,-0.0021665651105263997,-0.0009609494579939002,0.0,0.0002800551707173001
5,-0.0009720044351572998,-0.0073330823090684005,-0.0024466202812437,-0.0012410046287112003,-0.0002800551707173001,0.0
