,zero_shot_baseline,in_context_learning_3-shot,style_information_style_example,chain_of_thought_zero_shot,chain_of_thought_one_shot,self-refine
0,0.0,-0.0021107784146389003,-0.0009823787756842997,0.0003362015798020002,0.0011381455294242,-0.0003071416119262002
1,0.0021107784146389003,0.0,0.0011283996389546006,0.0024469799944409005,0.0032489239440631,0.0018036368027127
2,0.0009823787756842997,-0.0011283996389546006,0.0,0.0013185803554862999,0.0021205243051084996,0.0006752371637580995
3,-0.0003362015798020002,-0.0024469799944409005,-0.0013185803554862999,0.0,0.0008019439496221997,-0.0006433431917282004
4,-0.0011381455294242,-0.0032489239440631,-0.0021205243051084996,-0.0008019439496221997,0.0,-0.0014452871413504
5,0.0003071416119262002,-0.0018036368027127,-0.0006752371637580995,0.0006433431917282004,0.0014452871413504,0.0
