,zero_shot_baseline,in_context_learning_3-shot,style_information_style_example,chain_of_thought_zero_shot,chain_of_thought_one_shot,self-refine
0,0.0,-0.0042803118662819994,-0.0015739321859128998,-0.001493704074852699,0.0020029155635963997,-0.012918068684642701
1,0.0042803118662819994,0.0,0.0027063796803690997,0.0027866077914293005,0.006283227429878399,-0.008637756818360702
2,0.0015739321859128998,-0.0027063796803690997,0.0,8.022811106020086e-05,0.0035768477495092994,-0.011344136498729802
3,0.001493704074852699,-0.0027866077914293005,-8.022811106020086e-05,0.0,0.0034966196384490986,-0.011424364609790003
4,-0.0020029155635963997,-0.006283227429878399,-0.0035768477495092994,-0.0034966196384490986,0.0,-0.014920984248239101
5,0.012918068684642701,0.008637756818360702,0.011344136498729802,0.011424364609790003,0.014920984248239101,0.0
