,zero_shot_baseline,in_context_learning_3-shot,style_information_style_example,chain_of_thought_zero_shot,chain_of_thought_one_shot,self-refine
0,0.0,-0.0004829674150201996,0.003869466415632801,0.0028418080074183033,0.005796374811247101,0.013785801751742204
1,0.0004829674150201996,0.0,0.0043524338306530005,0.003324775422438503,0.0062793422262673,0.014268769166762403
2,-0.003869466415632801,-0.0043524338306530005,0.0,-0.0010276584082144977,0.0019269083956142997,0.009916335336109403
3,-0.0028418080074183033,-0.003324775422438503,0.0010276584082144977,0.0,0.0029545668038287974,0.0109439937443239
4,-0.005796374811247101,-0.0062793422262673,-0.0019269083956142997,-0.0029545668038287974,0.0,0.007989426940495103
5,-0.013785801751742204,-0.014268769166762403,-0.009916335336109403,-0.0109439937443239,-0.007989426940495103,0.0
