,zero_shot_baseline,in_context_learning_3-shot,style_information_style_example,chain_of_thought_zero_shot,chain_of_thought_one_shot,self-refine
0,0.0,-0.013495145815540802,-0.0034775410127948977,-0.0007149242800403993,-0.0006713066185842012,-0.0027255904815400994
1,0.013495145815540802,0.0,0.010017604802745904,0.012780221535500402,0.0128238391969566,0.010769555334000702
2,0.0034775410127948977,-0.010017604802745904,0.0,0.0027626167327544984,0.0028062343942106965,0.0007519505312547983
3,0.0007149242800403993,-0.012780221535500402,-0.0027626167327544984,0.0,4.361766145619811e-05,-0.0020106662014997
4,0.0006713066185842012,-0.0128238391969566,-0.0028062343942106965,-4.361766145619811e-05,0.0,-0.002054283862955898
5,0.0027255904815400994,-0.010769555334000702,-0.0007519505312547983,0.0020106662014997,0.002054283862955898,0.0
