,zero_shot_baseline,in_context_learning_3-shot,style_information_style_example,chain_of_thought_zero_shot,chain_of_thought_one_shot,self-refine
0,0.0,-0.0037889702934117003,0.004754537164518194,-0.002409232979148801,0.0015779980341072003,-0.015974404695730006
1,0.0037889702934117003,0.0,0.008543507457929894,0.0013797373142628994,0.005366968327518901,-0.012185434402318306
2,-0.004754537164518194,-0.008543507457929894,0.0,-0.007163770143666995,-0.0031765391304109936,-0.0207289418602482
3,0.002409232979148801,-0.0013797373142628994,0.007163770143666995,0.0,0.003987231013256001,-0.013565171716581205
4,-0.0015779980341072003,-0.005366968327518901,0.0031765391304109936,-0.003987231013256001,0.0,-0.017552402729837206
5,0.015974404695730006,0.012185434402318306,0.0207289418602482,0.013565171716581205,0.017552402729837206,0.0
