,zero_shot_baseline,in_context_learning_3-shot,style_information_style_example,chain_of_thought_zero_shot,chain_of_thought_one_shot,self-refine
0,0.0,-0.0005640944018119008,0.0034840957674833993,1.0597841090899396e-05,0.0037412781599224995,0.001629651199875899
1,0.0005640944018119008,0.0,0.0040481901692953,0.0005746922429028002,0.0043053725617344,0.0021937456016878
2,-0.0034840957674833993,-0.0040481901692953,0.0,-0.0034734979263925,0.0002571823924391002,-0.0018544445676075003
3,-1.0597841090899396e-05,-0.0005746922429028002,0.0034734979263925,0.0,0.0037306803188316,0.0016190533587849996
4,-0.0037412781599224995,-0.0043053725617344,-0.0002571823924391002,-0.0037306803188316,0.0,-0.0021116269600466005
5,-0.001629651199875899,-0.0021937456016878,0.0018544445676075003,-0.0016190533587849996,0.0021116269600466005,0.0
