,zero_shot_baseline,in_context_learning_3-shot,style_information_style_example,chain_of_thought_zero_shot,chain_of_thought_one_shot,self-refine
0,0.0,0.0181875353889793,0.0009221661753888999,-0.0018932341784820006,-0.006715096170420001,-0.0075703089334354
1,-0.0181875353889793,0.0,-0.0172653692135904,-0.020080769567461302,-0.024902631559399303,-0.0257578443224147
2,-0.0009221661753888999,0.0172653692135904,0.0,-0.0028154003538709005,-0.007637262345808901,-0.0084924751088243
3,0.0018932341784820006,0.020080769567461302,0.0028154003538709005,0.0,-0.004821861991938001,-0.005677074754953399
4,0.006715096170420001,0.024902631559399303,0.007637262345808901,0.004821861991938001,0.0,-0.0008552127630153984
5,0.0075703089334354,0.0257578443224147,0.0084924751088243,0.005677074754953399,0.0008552127630153984,0.0
