,mistral,deepseek,llama3.3,qwen72b,qwen32b,qwen14b,solar
0,0.0,0.0005359605127642001,0.000790224704539,0.0005080280153556,0.0005307266819678,0.000846373869778,0.00035814402609520013
1,-0.0005359605127642001,0.0,0.00025426419177479996,-2.793249740860003e-05,-5.233830796400095e-06,0.0003104133570138,-0.00017781648666899993
2,-0.000790224704539,-0.00025426419177479996,0.0,-0.0002821966891834,-0.00025949802257120005,5.614916523900002e-05,-0.0004320806784437999
3,-0.0005080280153556,2.793249740860003e-05,0.0002821966891834,0.0,2.2698666612199934e-05,0.0003383458544224,-0.0001498839892603999
4,-0.0005307266819678,5.233830796400095e-06,0.00025949802257120005,-2.2698666612199934e-05,0.0,0.00031564718781020007,-0.00017258265587259984
5,-0.000846373869778,-0.0003104133570138,-5.614916523900002e-05,-0.0003383458544224,-0.00031564718781020007,0.0,-0.0004882298436827999
6,-0.00035814402609520013,0.00017781648666899993,0.0004320806784437999,0.0001498839892603999,0.00017258265587259984,0.0004882298436827999,0.0
