,zero_shot_baseline,in_context_learning_3-shot,style_information_style_example,chain_of_thought_zero_shot,chain_of_thought_one_shot,self-refine
0,0.0,-0.0006073005087116005,0.0015898403008007995,-5.868768851590052e-05,0.0004233700197894992,0.0030882907495203994
1,0.0006073005087116005,0.0,0.0021971408095124,0.0005486128201957,0.0010306705285010997,0.003695591258232
2,-0.0015898403008007995,-0.0021971408095124,0.0,-0.0016485279893167,-0.0011664702810113003,0.0014984504487195998
3,5.868768851590052e-05,-0.0005486128201957,0.0016485279893167,0.0,0.0004820577083053997,0.0031469784380363
4,-0.0004233700197894992,-0.0010306705285010997,0.0011664702810113003,-0.0004820577083053997,0.0,0.0026649207297309
5,-0.0030882907495203994,-0.003695591258232,-0.0014984504487195998,-0.0031469784380363,-0.0026649207297309,0.0
