,zero_shot_baseline,in_context_learning_3-shot,style_information_style_example,chain_of_thought_zero_shot,chain_of_thought_one_shot,self-refine
0,0.0,-0.0010881984905697015,0.008382081854026398,0.006085214592386395,0.019102307449138496,0.009286280875442102
1,0.0010881984905697015,0.0,0.0094702803445961,0.007173413082956097,0.020190505939708198,0.010374479366011803
2,-0.008382081854026398,-0.0094702803445961,0.0,-0.0022968672616400024,0.010720225595112098,0.0009041990214157039
3,-0.006085214592386395,-0.007173413082956097,0.0022968672616400024,0.0,0.0130170928567521,0.0032010662830557063
4,-0.019102307449138496,-0.020190505939708198,-0.010720225595112098,-0.0130170928567521,0.0,-0.009816026573696394
5,-0.009286280875442102,-0.010374479366011803,-0.0009041990214157039,-0.0032010662830557063,0.009816026573696394,0.0
