,zero_shot_baseline,in_context_learning_3-shot,style_information_style_example,chain_of_thought_zero_shot,chain_of_thought_one_shot,self-refine
0,0.0,0.0016633879001919996,-0.0012244372448304008,-0.005556401501879603,0.0028273395348917957,9.936099072669485e-05
1,-0.0016633879001919996,0.0,-0.0028878251450224005,-0.0072197894020716025,0.001163951634699796,-0.0015640269094653048
2,0.0012244372448304008,0.0028878251450224005,0.0,-0.004331964257049202,0.0040517767797221965,0.0013237982355570957
3,0.005556401501879603,0.0072197894020716025,0.004331964257049202,0.0,0.008383741036771399,0.005655762492606298
4,-0.0028273395348917957,-0.001163951634699796,-0.0040517767797221965,-0.008383741036771399,0.0,-0.002727978544165101
5,-9.936099072669485e-05,0.0015640269094653048,-0.0013237982355570957,-0.005655762492606298,0.002727978544165101,0.0
