,zero_shot_baseline,in_context_learning_3-shot,style_information_style_example,chain_of_thought_zero_shot,chain_of_thought_one_shot,self-refine
0,0.0,0.0163498363425752,-0.00021197196021599876,0.00017353542989529888,-0.010154198230177498,-0.0050067143870643
1,-0.0163498363425752,0.0,-0.0165618083027912,-0.0161763009126799,-0.0265040345727527,-0.0213565507296395
2,0.00021197196021599876,0.0165618083027912,0.0,0.00038550739011129764,-0.0099422262699615,-0.004794742426848301
3,-0.00017353542989529888,0.0161763009126799,-0.00038550739011129764,0.0,-0.010327733660072797,-0.0051802498169595985
4,0.010154198230177498,0.0265040345727527,0.0099422262699615,0.010327733660072797,0.0,0.005147483843113199
5,0.0050067143870643,0.0213565507296395,0.004794742426848301,0.0051802498169595985,-0.005147483843113199,0.0
