,zero_shot_baseline,in_context_learning_3-shot,style_information_style_example,chain_of_thought_zero_shot,chain_of_thought_one_shot,self-refine
0,0.0,-0.0011320878507919997,-0.0006904114826148007,-0.0005458115571954011,-0.0015627966781505999,-0.0043395128614695
1,0.0011320878507919997,0.0,0.000441676368177199,0.0005862762935965986,-0.00043070882735860017,-0.0032074250106775004
2,0.0006904114826148007,-0.000441676368177199,0.0,0.00014459992541939956,-0.0008723851955357992,-0.0036491013788546994
3,0.0005458115571954011,-0.0005862762935965986,-0.00014459992541939956,0.0,-0.0010169851209551987,-0.003793701304274099
4,0.0015627966781505999,0.00043070882735860017,0.0008723851955357992,0.0010169851209551987,0.0,-0.0027767161833189002
5,0.0043395128614695,0.0032074250106775004,0.0036491013788546994,0.003793701304274099,0.0027767161833189002,0.0
