,abstracts,news,reviews,qa
0,0.0,0.0286316547152326,0.008734847885142,0.0020532092966395
1,-0.0286316547152326,0.0,-0.0198968068300906,-0.0265784454185931
2,-0.008734847885142,0.0198968068300906,0.0,-0.0066816385885024995
3,-0.0020532092966395,0.0265784454185931,0.0066816385885024995,0.0
