,zero_shot_baseline,in_context_learning_3-shot,style_information_style_example,chain_of_thought_zero_shot,chain_of_thought_one_shot,self-refine
0,0.0,-0.0089919143232138,0.0024006489229416,-0.003719694935885899,-0.000361231232301501,0.0103860445339091
1,0.0089919143232138,0.0,0.0113925632461554,0.0052722193873279005,0.008630683090912299,0.0193779588571229
2,-0.0024006489229416,-0.0113925632461554,0.0,-0.006120343858827499,-0.002761880155243101,0.0079853956109675
3,0.003719694935885899,-0.0052722193873279005,0.006120343858827499,0.0,0.003358463703584398,0.014105739469794999
4,0.000361231232301501,-0.008630683090912299,0.002761880155243101,-0.003358463703584398,0.0,0.0107472757662106
5,-0.0103860445339091,-0.0193779588571229,-0.0079853956109675,-0.014105739469794999,-0.0107472757662106,0.0
