,mistral,deepseek,llama3.3,qwen72b,qwen32b,qwen14b,solar
0,0.0,0.0011615015755548005,0.003490475622911403,0.0003140293444078984,0.007506725188695301,0.0039406344892799,0.0017974145589259999
1,-0.0011615015755548005,0.0,0.0023289740473566023,-0.0008474722311469021,0.006345223613140501,0.002779132913725099,0.0006359129833711993
2,-0.003490475622911403,-0.0023289740473566023,0.0,-0.0031764462785035044,0.004016249565783898,0.0004501588663684969,-0.001693061063985403
3,-0.0003140293444078984,0.0008474722311469021,0.0031764462785035044,0.0,0.007192695844287403,0.0036266051448720013,0.0014833852145181015
4,-0.007506725188695301,-0.006345223613140501,-0.004016249565783898,-0.007192695844287403,0.0,-0.0035660906994154015,-0.005709310629769301
5,-0.0039406344892799,-0.002779132913725099,-0.0004501588663684969,-0.0036266051448720013,0.0035660906994154015,0.0,-0.0021432199303539
6,-0.0017974145589259999,-0.0006359129833711993,0.001693061063985403,-0.0014833852145181015,0.005709310629769301,0.0021432199303539,0.0
