,abstracts,news,reviews,qa
0,0.0,0.0269766646285615,0.0103478908117739,0.00458183131097
1,-0.0269766646285615,0.0,-0.016628773816787602,-0.022394833317591498
2,-0.0103478908117739,0.016628773816787602,0.0,-0.005766059500803899
3,-0.00458183131097,0.022394833317591498,0.005766059500803899,0.0
