,zero_shot_baseline,in_context_learning_3-shot,style_information_style_example,chain_of_thought_zero_shot,chain_of_thought_one_shot,self-refine
0,0.0,0.010773447480954802,-0.001551865677181699,5.079427175710277e-05,0.001857204759666102,-0.0037559244120824037
1,-0.010773447480954802,0.0,-0.012325313158136501,-0.0107226532091977,-0.0089162427212887,-0.014529371893037206
2,0.001551865677181699,0.012325313158136501,0.0,0.0016026599489388019,0.003409070436847801,-0.0022040587349007046
3,-5.079427175710277e-05,0.0107226532091977,-0.0016026599489388019,0.0,0.0018064104879089993,-0.0038067186838395065
4,-0.001857204759666102,0.0089162427212887,-0.003409070436847801,-0.0018064104879089993,0.0,-0.005613129171748506
5,0.0037559244120824037,0.014529371893037206,0.0022040587349007046,0.0038067186838395065,0.005613129171748506,0.0
