,zero_shot_baseline,in_context_learning_3-shot,style_information_style_example,chain_of_thought_zero_shot,chain_of_thought_one_shot,self-refine
0,0.0,-0.0018189622605414013,0.006502517276558199,-0.0019376980448150005,-0.004140695524201203,0.00021904540216709928
1,0.0018189622605414013,0.0,0.0083214795370996,-0.00011873578427359921,-0.0023217332636598018,0.0020380076627085006
2,-0.006502517276558199,-0.0083214795370996,0.0,-0.0084402153213732,-0.010643212800759402,-0.0062834718743911
3,0.0019376980448150005,0.00011873578427359921,0.0084402153213732,0.0,-0.0022029974793862026,0.0021567434469821
4,0.004140695524201203,0.0023217332636598018,0.010643212800759402,0.0022029974793862026,0.0,0.004359740926368302
5,-0.00021904540216709928,-0.0020380076627085006,0.0062834718743911,-0.0021567434469821,-0.004359740926368302,0.0
