,zero_shot_baseline,in_context_learning_3-shot,style_information_style_example,chain_of_thought_zero_shot,chain_of_thought_one_shot,self-refine
0,0.0,0.0035957606782636986,-0.0024304993685741044,0.002010407387532498,-0.0004193141396364036,-0.0031604549474827034
1,-0.0035957606782636986,0.0,-0.006026260046837803,-0.0015853532907312007,-0.004015074817900102,-0.006756215625746402
2,0.0024304993685741044,0.006026260046837803,0.0,0.004440906756106602,0.002011185228937701,-0.000729955578908599
3,-0.002010407387532498,0.0015853532907312007,-0.004440906756106602,0.0,-0.0024297215271689016,-0.005170862335015201
4,0.0004193141396364036,0.004015074817900102,-0.002011185228937701,0.0024297215271689016,0.0,-0.0027411408078463
5,0.0031604549474827034,0.006756215625746402,0.000729955578908599,0.005170862335015201,0.0027411408078463,0.0
