,zero_shot_baseline,in_context_learning_3-shot,style_information_style_example,chain_of_thought_zero_shot,chain_of_thought_one_shot,self-refine
0,0.0,0.001598191619669606,-0.003739968129040594,-0.001346449598272799,-0.007009729029282999,-0.01196753616932799
1,-0.001598191619669606,0.0,-0.0053381597487102,-0.002944641217942405,-0.008607920648952605,-0.013565727788997596
2,0.003739968129040594,0.0053381597487102,0.0,0.002393518530767795,-0.003269760900242405,-0.008227568040287396
3,0.001346449598272799,0.002944641217942405,-0.002393518530767795,0.0,-0.0056632794310102,-0.010621086571055191
4,0.007009729029282999,0.008607920648952605,0.003269760900242405,0.0056632794310102,0.0,-0.004957807140044991
5,0.01196753616932799,0.013565727788997596,0.008227568040287396,0.010621086571055191,0.004957807140044991,0.0
