,zero_shot_baseline,in_context_learning_3-shot,style_information_style_example,chain_of_thought_zero_shot,chain_of_thought_one_shot,self-refine
0,0.0,-0.002196539417015801,0.005291973506550404,-0.0006691262164972012,-0.0018888473797607983,-0.008234648002208002
1,0.002196539417015801,0.0,0.007488512923566205,0.0015274132005186,0.00030769203725500294,-0.006038108585192201
2,-0.005291973506550404,-0.007488512923566205,0.0,-0.005961099723047605,-0.0071808208863112025,-0.013526621508758406
3,0.0006691262164972012,-0.0015274132005186,0.005961099723047605,0.0,-0.001219721163263597,-0.007565521785710801
4,0.0018888473797607983,-0.00030769203725500294,0.0071808208863112025,0.001219721163263597,0.0,-0.0063458006224472036
5,0.008234648002208002,0.006038108585192201,0.013526621508758406,0.007565521785710801,0.0063458006224472036,0.0
