,zero_shot_baseline,in_context_learning_3-shot,style_information_style_example,chain_of_thought_zero_shot,chain_of_thought_one_shot,self-refine
0,0.0,-0.002034593816656098,0.004377443865172796,0.005638311529870703,-0.007469546527088401,-0.0035913478424033016
1,0.002034593816656098,0.0,0.006412037681828894,0.007672905346526801,-0.005434952710432303,-0.0015567540257472035
2,-0.004377443865172796,-0.006412037681828894,0.0,0.0012608676646979067,-0.011846990392261197,-0.007968791707576098
3,-0.005638311529870703,-0.007672905346526801,-0.0012608676646979067,0.0,-0.013107858056959104,-0.009229659372274004
4,0.007469546527088401,0.005434952710432303,0.011846990392261197,0.013107858056959104,0.0,0.0038781986846850997
5,0.0035913478424033016,0.0015567540257472035,0.007968791707576098,0.009229659372274004,-0.0038781986846850997,0.0
