,zero_shot_baseline,in_context_learning_3-shot,style_information_style_example,chain_of_thought_zero_shot,chain_of_thought_one_shot,self-refine
0,0.0,0.009758873249533999,-0.0036909890800269005,-5.3032932994398485e-05,-0.0013902837088191969,-3.6147929773702736e-05
1,-0.009758873249533999,0.0,-0.0134498623295609,-0.009811906182528397,-0.011149156958353196,-0.009795021179307702
2,0.0036909890800269005,0.0134498623295609,0.0,0.003637956147032502,0.0023007053712077036,0.0036548411502531977
3,5.3032932994398485e-05,0.009811906182528397,-0.003637956147032502,0.0,-0.0013372507758247984,1.688500322069575e-05
4,0.0013902837088191969,0.011149156958353196,-0.0023007053712077036,0.0013372507758247984,0.0,0.0013541357790454941
5,3.6147929773702736e-05,0.009795021179307702,-0.0036548411502531977,-1.688500322069575e-05,-0.0013541357790454941,0.0
