,abstracts,news,reviews,qa
0,0.0,-0.0178878905438715,-0.010761479652561601,-0.0137616592435622
1,0.0178878905438715,0.0,0.007126410891309901,0.0041262313003093
2,0.010761479652561601,-0.007126410891309901,0.0,-0.0030001795910006004
3,0.0137616592435622,-0.0041262313003093,0.0030001795910006004,0.0
