,zero_shot_baseline,in_context_learning_3-shot,style_information_style_example,chain_of_thought_zero_shot,chain_of_thought_one_shot,self-refine
0,0.0,0.004210844960097396,0.00045970613532370086,-0.0018151142992307995,-0.0013317422658413042,-0.010043335552323701
1,-0.004210844960097396,0.0,-0.003751138824773695,-0.006025959259328195,-0.0055425872259387,-0.014254180512421097
2,-0.00045970613532370086,0.003751138824773695,0.0,-0.0022748204345545003,-0.001791448401165005,-0.010503041687647402
3,0.0018151142992307995,0.006025959259328195,0.0022748204345545003,0.0,0.0004833720333894953,-0.008228221253092902
4,0.0013317422658413042,0.0055425872259387,0.001791448401165005,-0.0004833720333894953,0.0,-0.008711593286482397
5,0.010043335552323701,0.014254180512421097,0.010503041687647402,0.008228221253092902,0.008711593286482397,0.0
