,zero_shot_baseline,in_context_learning_3-shot,style_information_style_example,chain_of_thought_zero_shot,chain_of_thought_one_shot,self-refine
0,0.0,-0.005481305305306099,0.002436150192923897,-0.004108007632671204,-0.005269686968784701,-0.013736294277799002
1,0.005481305305306099,0.0,0.007917455498229996,0.0013732976726348947,0.00021161833652139778,-0.008254988972492903
2,-0.002436150192923897,-0.007917455498229996,0.0,-0.006544157825595101,-0.007705837161708598,-0.0161724444707229
3,0.004108007632671204,-0.0013732976726348947,0.006544157825595101,0.0,-0.001161679336113497,-0.009628286645127798
4,0.005269686968784701,-0.00021161833652139778,0.007705837161708598,0.001161679336113497,0.0,-0.008466607309014301
5,0.013736294277799002,0.008254988972492903,0.0161724444707229,0.009628286645127798,0.008466607309014301,0.0
