,zero_shot_baseline,in_context_learning_3-shot,style_information_style_example,chain_of_thought_zero_shot,chain_of_thought_one_shot,self-refine
0,0.0,0.009305617095007004,0.008551093517959296,0.0005772293111661053,0.013749225918445906,-0.004993911808977805
1,-0.009305617095007004,0.0,-0.0007545235770477082,-0.008728387783840899,0.004443608823438902,-0.01429952890398481
2,-0.008551093517959296,0.0007545235770477082,0.0,-0.00797386420679319,0.00519813240048661,-0.013545005326937101
3,-0.0005772293111661053,0.008728387783840899,0.00797386420679319,0.0,0.013171996607279801,-0.00557114112014391
4,-0.013749225918445906,-0.004443608823438902,-0.00519813240048661,-0.013171996607279801,0.0,-0.01874313772742371
5,0.004993911808977805,0.01429952890398481,0.013545005326937101,0.00557114112014391,0.01874313772742371,0.0
