,zero_shot_baseline,in_context_learning_3-shot,style_information_style_example,chain_of_thought_zero_shot,chain_of_thought_one_shot,self-refine
0,0.0,0.013450978905257607,0.007323083183557705,-0.00011513660908360479,0.0005767289615234983,0.011315403575850105
1,-0.013450978905257607,0.0,-0.0061278957216999025,-0.013566115514341212,-0.012874249943734109,-0.002135575329407502
2,-0.007323083183557705,0.0061278957216999025,0.0,-0.00743821979264131,-0.0067463542220342065,0.0039923203922924005
3,0.00011513660908360479,0.013566115514341212,0.00743821979264131,0.0,0.0006918655706071031,0.01143054018493371
4,-0.0005767289615234983,0.012874249943734109,0.0067463542220342065,-0.0006918655706071031,0.0,0.010738674614326607
5,-0.011315403575850105,0.002135575329407502,-0.0039923203922924005,-0.01143054018493371,-0.010738674614326607,0.0
