,mistral,deepseek,llama3.3,qwen72b,qwen32b,qwen14b,solar
0,0.0,0.004365078465652303,0.005497653995310298,0.006560122809908198,0.009674948961944901,0.007059517136743701,0.007826880874527396
1,-0.004365078465652303,0.0,0.0011325755296579948,0.002195044344255895,0.0053098704962925986,0.002694438671091398,0.0034618024088750934
2,-0.005497653995310298,-0.0011325755296579948,0.0,0.0010624688145979,0.004177294966634604,0.0015618631414334033,0.0023292268792170986
3,-0.006560122809908198,-0.002195044344255895,-0.0010624688145979,0.0,0.0031148261520367038,0.0004993943268355033,0.0012667580646191987
4,-0.009674948961944901,-0.0053098704962925986,-0.004177294966634604,-0.0031148261520367038,0.0,-0.0026154318252012004,-0.0018480680874175051
5,-0.007059517136743701,-0.002694438671091398,-0.0015618631414334033,-0.0004993943268355033,0.0026154318252012004,0.0,0.0007673637377836953
6,-0.007826880874527396,-0.0034618024088750934,-0.0023292268792170986,-0.0012667580646191987,0.0018480680874175051,-0.0007673637377836953,0.0
