,zero_shot_baseline,in_context_learning_3-shot,style_information_style_example,chain_of_thought_zero_shot,chain_of_thought_one_shot,self-refine
0,0.0,-0.004290650229328501,-0.0012125559967049032,-0.00015419745826680126,-0.000530834830262901,-0.014039245231129906
1,0.004290650229328501,0.0,0.0030780942326235974,0.004136452771061699,0.0037598153990655997,-0.009748595001801405
2,0.0012125559967049032,-0.0030780942326235974,0.0,0.001058358538438102,0.0006817211664420023,-0.012826689234425002
3,0.00015419745826680126,-0.004136452771061699,-0.001058358538438102,0.0,-0.0003766373719960997,-0.013885047772863104
4,0.000530834830262901,-0.0037598153990655997,-0.0006817211664420023,0.0003766373719960997,0.0,-0.013508410400867005
5,0.014039245231129906,0.009748595001801405,0.012826689234425002,0.013885047772863104,0.013508410400867005,0.0
