,zero_shot_baseline,in_context_learning_3-shot,style_information_style_example,chain_of_thought_zero_shot,chain_of_thought_one_shot,self-refine
0,0.0,0.025037566271755803,0.0083999202794163,-0.0009319981331277899,0.009577291232893803,-0.0128566108156411
1,-0.025037566271755803,0.0,-0.016637645992339502,-0.025969564404883592,-0.015460275038862,-0.0378941770873969
2,-0.0083999202794163,0.016637645992339502,0.0,-0.00933191841254409,0.0011773709534775023,-0.0212565310950574
3,0.0009319981331277899,0.025969564404883592,0.00933191841254409,0.0,0.010509289366021593,-0.01192461268251331
4,-0.009577291232893803,0.015460275038862,-0.0011773709534775023,-0.010509289366021593,0.0,-0.022433902048534904
5,0.0128566108156411,0.0378941770873969,0.0212565310950574,0.01192461268251331,0.022433902048534904,0.0
