,zero_shot_baseline,in_context_learning_3-shot,style_information_style_example,chain_of_thought_zero_shot,chain_of_thought_one_shot,self-refine
0,0.0,0.022643505097454192,0.002584661514352493,-0.0002475305978990039,0.005672250398477796,-0.015540132690127204
1,-0.022643505097454192,0.0,-0.0200588435831017,-0.022891035695353196,-0.016971254698976396,-0.038183637787581395
2,-0.002584661514352493,0.0200588435831017,0.0,-0.002832192112251497,0.003087588884125303,-0.018124794204479697
3,0.0002475305978990039,0.022891035695353196,0.002832192112251497,0.0,0.0059197809963768,-0.0152926020922282
4,-0.005672250398477796,0.016971254698976396,-0.003087588884125303,-0.0059197809963768,0.0,-0.021212383088605
5,0.015540132690127204,0.038183637787581395,0.018124794204479697,0.0152926020922282,0.021212383088605,0.0
