,zero_shot_baseline,in_context_learning_3-shot,style_information_style_example,chain_of_thought_zero_shot,chain_of_thought_one_shot,self-refine
0,0.0,0.014779512477083902,0.0064009709124822,-0.0005647859274737974,0.0009014566438663996,-0.003320706883612197
1,-0.014779512477083902,0.0,-0.008378541564601702,-0.015344298404557699,-0.013878055833217502,-0.0181002193606961
2,-0.0064009709124822,0.008378541564601702,0.0,-0.006965756839955997,-0.0054995142686158,-0.009721677796094397
3,0.0005647859274737974,0.015344298404557699,0.006965756839955997,0.0,0.001466242571340197,-0.0027559209561383996
4,-0.0009014566438663996,0.013878055833217502,0.0054995142686158,-0.001466242571340197,0.0,-0.0042221635274785965
5,0.003320706883612197,0.0181002193606961,0.009721677796094397,0.0027559209561383996,0.0042221635274785965,0.0
