,zero_shot_baseline,in_context_learning_3-shot,style_information_style_example,chain_of_thought_zero_shot,chain_of_thought_one_shot,self-refine
0,0.0,0.007397228763072597,0.008688966119201696,-0.000773039952742402,0.004531959756233703,0.004003410069820204
1,-0.007397228763072597,0.0,0.0012917373561290996,-0.008170268715814999,-0.002865269006838894,-0.003393818693252393
2,-0.008688966119201696,-0.0012917373561290996,0.0,-0.009462006071944098,-0.004157006362967994,-0.004685556049381492
3,0.000773039952742402,0.008170268715814999,0.009462006071944098,0.0,0.005304999708976105,0.004776450022562606
4,-0.004531959756233703,0.002865269006838894,0.004157006362967994,-0.005304999708976105,0.0,-0.0005285496864134986
5,-0.004003410069820204,0.003393818693252393,0.004685556049381492,-0.004776450022562606,0.0005285496864134986,0.0
