,abstracts,news,reviews,qa
0,0.0,-0.0017391996702744994,-0.008621040898628399,-0.0154078423928341
1,0.0017391996702744994,0.0,-0.0068818412283539,-0.0136686427225596
2,0.008621040898628399,0.0068818412283539,0.0,-0.0067868014942057
3,0.0154078423928341,0.0136686427225596,0.0067868014942057,0.0
