,zero_shot_baseline,in_context_learning_3-shot,style_information_style_example,chain_of_thought_zero_shot,chain_of_thought_one_shot,self-refine
0,0.0,0.0273385073619518,0.012465474282373906,-0.0004661142282288977,0.007565407532249213,0.006139807250217302
1,-0.0273385073619518,0.0,-0.014873033079577894,-0.027804621590180698,-0.019773099829702587,-0.021198700111734498
2,-0.012465474282373906,0.014873033079577894,0.0,-0.012931588510602804,-0.004900066750124693,-0.006325667032156604
3,0.0004661142282288977,0.027804621590180698,0.012931588510602804,0.0,0.00803152176047811,0.0066059214784462
4,-0.007565407532249213,0.019773099829702587,0.004900066750124693,-0.00803152176047811,0.0,-0.0014256002820319108
5,-0.006139807250217302,0.021198700111734498,0.006325667032156604,-0.0066059214784462,0.0014256002820319108,0.0
