,mistral,deepseek,llama3.3,qwen72b,qwen32b,qwen14b,solar
0,0.0,-0.0016413034193306988,-0.0066857871555905946,0.002194867685452101,0.021458384711085902,0.014426433164299403,0.0084770714429186
1,0.0016413034193306988,0.0,-0.005044483736259896,0.0038361711047828,0.0230996881304166,0.0160677365836301,0.0101183748622493
2,0.0066857871555905946,0.005044483736259896,0.0,0.008880654841042696,0.028144171866676497,0.021112220319889997,0.015162858598509195
3,-0.002194867685452101,-0.0038361711047828,-0.008880654841042696,0.0,0.0192635170256338,0.012231565478847302,0.006282203757466499
4,-0.021458384711085902,-0.0230996881304166,-0.028144171866676497,-0.0192635170256338,0.0,-0.0070319515467865,-0.012981313268167302
5,-0.014426433164299403,-0.0160677365836301,-0.021112220319889997,-0.012231565478847302,0.0070319515467865,0.0,-0.0059493617213808025
6,-0.0084770714429186,-0.0101183748622493,-0.015162858598509195,-0.006282203757466499,0.012981313268167302,0.0059493617213808025,0.0
