,zero_shot_baseline,in_context_learning_3-shot,style_information_style_example,chain_of_thought_zero_shot,chain_of_thought_one_shot,self-refine
0,0.0,0.021672821414267796,0.009378113673046293,-0.0017935015904016055,0.01821182121050119,-0.0077261199267218
1,-0.021672821414267796,0.0,-0.012294707741221503,-0.0234663230046694,-0.0034610002037666066,-0.029398941340989596
2,-0.009378113673046293,0.012294707741221503,0.0,-0.011171615263447898,0.008833707537454896,-0.017104233599768093
3,0.0017935015904016055,0.0234663230046694,0.011171615263447898,0.0,0.020005322800902794,-0.0059326183363201945
4,-0.01821182121050119,0.0034610002037666066,-0.008833707537454896,-0.020005322800902794,0.0,-0.02593794113722299
5,0.0077261199267218,0.029398941340989596,0.017104233599768093,0.0059326183363201945,0.02593794113722299,0.0
