,zero_shot_baseline,in_context_learning_3-shot,style_information_style_example,chain_of_thought_zero_shot,chain_of_thought_one_shot,self-refine
0,0.0,-0.0038655089346938953,-0.004219629823690098,-0.003090997177096995,0.0008387052874422041,-0.0115014402883577
1,0.0038655089346938953,0.0,-0.0003541208889962025,0.0007745117575969004,0.004704214222136099,-0.007635931353663805
2,0.004219629823690098,0.0003541208889962025,0.0,0.001128632646593103,0.005058335111132302,-0.007281810464667603
3,0.003090997177096995,-0.0007745117575969004,-0.001128632646593103,0.0,0.003929702464539199,-0.008410443111260706
4,-0.0008387052874422041,-0.004704214222136099,-0.005058335111132302,-0.003929702464539199,0.0,-0.012340145575799905
5,0.0115014402883577,0.007635931353663805,0.007281810464667603,0.008410443111260706,0.012340145575799905,0.0
