,abstracts,news,reviews,qa
0,0.0,-0.0257060765703162,-0.0165794184448145,-0.0120187542269313
1,0.0257060765703162,0.0,0.0091266581255017,0.0136873223433849
2,0.0165794184448145,-0.0091266581255017,0.0,0.0045606642178832
3,0.0120187542269313,-0.0136873223433849,-0.0045606642178832,0.0
