,zero_shot_baseline,in_context_learning_3-shot,style_information_style_example,chain_of_thought_zero_shot,chain_of_thought_one_shot,self-refine
0,0.0,0.004196153198715996,0.0028604407153440953,-0.0021775001001290983,0.0011051768328950995,-0.012932694770640199
1,-0.004196153198715996,0.0,-0.0013357124833719008,-0.0063736532988450945,-0.0030909763658208966,-0.017128847969356195
2,-0.0028604407153440953,0.0013357124833719008,0.0,-0.005037940815473194,-0.0017552638824489958,-0.015793135485984294
3,0.0021775001001290983,0.0063736532988450945,0.005037940815473194,0.0,0.003282676933024198,-0.0107551946705111
4,-0.0011051768328950995,0.0030909763658208966,0.0017552638824489958,-0.003282676933024198,0.0,-0.014037871603535299
5,0.012932694770640199,0.017128847969356195,0.015793135485984294,0.0107551946705111,0.014037871603535299,0.0
