,zero_shot_baseline,in_context_learning_3-shot,style_information_style_example,chain_of_thought_zero_shot,chain_of_thought_one_shot,self-refine
0,0.0,0.011495168323866302,-0.00040004503581710094,-0.0017515864117826074,0.00022130360204999922,-0.004409245262597103
1,-0.011495168323866302,0.0,-0.011895213359683403,-0.01324675473564891,-0.011273864721816303,-0.015904413586463405
2,0.00040004503581710094,0.011895213359683403,0.0,-0.0013515413759655065,0.0006213486378671002,-0.004009200226780002
3,0.0017515864117826074,0.01324675473564891,0.0013515413759655065,0.0,0.0019728900138326066,-0.0026576588508144955
4,-0.00022130360204999922,0.011273864721816303,-0.0006213486378671002,-0.0019728900138326066,0.0,-0.004630548864647102
5,0.004409245262597103,0.015904413586463405,0.004009200226780002,0.0026576588508144955,0.004630548864647102,0.0
