,abstracts,news,reviews,qa
0,0.0,-0.0128724448510242,0.0003911607458962005,-0.0143590928260216
1,0.0128724448510242,0.0,0.0132636055969204,-0.0014866479749973999
2,-0.0003911607458962005,-0.0132636055969204,0.0,-0.014750253571917801
3,0.0143590928260216,0.0014866479749973999,0.014750253571917801,0.0
