,zero_shot_baseline,in_context_learning_3-shot,style_information_style_example,chain_of_thought_zero_shot,chain_of_thought_one_shot,self-refine
0,0.0,-0.0031518519912490037,-0.009828483533948204,-0.0016872768176375008,-0.0035843365188589008,-0.0182212266573668
1,0.0031518519912490037,0.0,-0.0066766315426992,0.0014645751736115029,-0.0004324845276098971,-0.015069374666117796
2,0.009828483533948204,0.0066766315426992,0.0,0.008141206716310703,0.006244147015089303,-0.008392743123418596
3,0.0016872768176375008,-0.0014645751736115029,-0.008141206716310703,0.0,-0.0018970597012214,-0.0165339498397293
4,0.0035843365188589008,0.0004324845276098971,-0.006244147015089303,0.0018970597012214,0.0,-0.0146368901385079
5,0.0182212266573668,0.015069374666117796,0.008392743123418596,0.0165339498397293,0.0146368901385079,0.0
