,abstracts,news,reviews,qa
0,0.0,-0.0135226354194153,-0.0124454254718812,-0.0078902536221379
1,0.0135226354194153,0.0,0.0010772099475340998,0.005632381797277399
2,0.0124454254718812,-0.0010772099475340998,0.0,0.0045551718497433
3,0.0078902536221379,-0.005632381797277399,-0.0045551718497433,0.0
