,zero_shot_baseline,in_context_learning_3-shot,style_information_style_example,chain_of_thought_zero_shot,chain_of_thought_one_shot,self-refine
0,0.0,0.006006169101858104,-0.003684538470990595,-0.001782815236374198,-0.002225006554894597,-0.008970873706170501
1,-0.006006169101858104,0.0,-0.009690707572848699,-0.007788984338232302,-0.008231175656752701,-0.014977042808028605
2,0.003684538470990595,0.009690707572848699,0.0,0.0019017232346163968,0.0014595319160959977,-0.0052863352351799064
3,0.001782815236374198,0.007788984338232302,-0.0019017232346163968,0.0,-0.00044219131852039906,-0.007188058469796303
4,0.002225006554894597,0.008231175656752701,-0.0014595319160959977,0.00044219131852039906,0.0,-0.006745867151275904
5,0.008970873706170501,0.014977042808028605,0.0052863352351799064,0.007188058469796303,0.006745867151275904,0.0
