,zero_shot_baseline,in_context_learning_3-shot,style_information_style_example,chain_of_thought_zero_shot,chain_of_thought_one_shot,self-refine
0,0.0,0.8170666666666637,-1.2298133333333379,0.817979999999995,-1.4840933333333357,2.7335533333333313
1,-0.8170666666666637,0.0,-2.0468800000000016,0.0009133333333313232,-2.3011599999999994,1.9164866666666676
2,1.2298133333333379,2.0468800000000016,0.0,2.047793333333333,-0.25427999999999784,3.963366666666669
3,-0.817979999999995,-0.0009133333333313232,-2.047793333333333,0.0,-2.3020733333333308,1.9155733333333362
4,1.4840933333333357,2.3011599999999994,0.25427999999999784,2.3020733333333308,0.0,4.217646666666667
5,-2.7335533333333313,-1.9164866666666676,-3.963366666666669,-1.9155733333333362,-4.217646666666667,0.0
