,zero_shot_baseline,in_context_learning_3-shot,style_information_style_example,chain_of_thought_zero_shot,chain_of_thought_one_shot,self-refine
0,0.0,0.22759000000000285,0.10680666666666916,0.8902866666666682,-1.2627233333333319,1.870365182213309
1,-0.22759000000000285,0.0,-0.12078333333333369,0.6626966666666654,-1.4903133333333347,1.642775182213306
2,-0.10680666666666916,0.12078333333333369,0.0,0.7834799999999991,-1.369530000000001,1.7635585155466398
3,-0.8902866666666682,-0.6626966666666654,-0.7834799999999991,0.0,-2.15301,0.9800785155466407
4,1.2627233333333319,1.4903133333333347,1.369530000000001,2.15301,0.0,3.133088515546641
5,-1.870365182213309,-1.642775182213306,-1.7635585155466398,-0.9800785155466407,-3.133088515546641,0.0
