,mistral,deepseek,llama3.3,qwen72b,qwen32b,qwen14b,solar
0,0.0,-0.38207000000000235,0.548919999999999,0.040620000000000545,-10.28141666666667,-5.4002933333333285,-1.311583333333333
1,0.38207000000000235,0.0,0.9309900000000013,0.4226900000000029,-9.899346666666668,-5.018223333333326,-0.9295133333333307
2,-0.548919999999999,-0.9309900000000013,0.0,-0.5082999999999984,-10.83033666666667,-5.9492133333333275,-1.860503333333332
3,-0.040620000000000545,-0.4226900000000029,0.5082999999999984,0.0,-10.322036666666671,-5.440913333333329,-1.3522033333333336
4,10.28141666666667,9.899346666666668,10.83033666666667,10.322036666666671,0.0,4.881123333333342,8.969833333333337
5,5.4002933333333285,5.018223333333326,5.9492133333333275,5.440913333333329,-4.881123333333342,0.0,4.088709999999995
6,1.311583333333333,0.9295133333333307,1.860503333333332,1.3522033333333336,-8.969833333333337,-4.088709999999995,0.0
