,zero_shot_baseline,in_context_learning_3-shot,style_information_style_example,chain_of_thought_zero_shot,chain_of_thought_one_shot,self-refine
0,0.0,-0.8054400000000008,-0.5729400000000027,-0.018396666666667727,0.758153333333329,3.6774499999999968
1,0.8054400000000008,0.0,0.23249999999999815,0.7870433333333331,1.5635933333333298,4.482889999999998
2,0.5729400000000027,-0.23249999999999815,0.0,0.5545433333333349,1.3310933333333317,4.2503899999999994
3,0.018396666666667727,-0.7870433333333331,-0.5545433333333349,0.0,0.7765499999999967,3.6958466666666645
4,-0.758153333333329,-1.5635933333333298,-1.3310933333333317,-0.7765499999999967,0.0,2.9192966666666678
5,-3.6774499999999968,-4.482889999999998,-4.2503899999999994,-3.6958466666666645,-2.9192966666666678,0.0
