,zero_shot_baseline,in_context_learning_3-shot,style_information_style_example,chain_of_thought_zero_shot,chain_of_thought_one_shot,self-refine
0,0.0,-1.3382042810722972,-0.9078833333333343,-0.017706666666665427,0.22305333333333266,3.148226666666668
1,1.3382042810722972,0.0,0.4303209477389629,1.3204976144056317,1.5612576144056298,4.486430947738965
2,0.9078833333333343,-0.4303209477389629,0.0,0.8901766666666688,1.130936666666667,4.056110000000002
3,0.017706666666665427,-1.3204976144056317,-0.8901766666666688,0.0,0.2407599999999981,3.1659333333333333
4,-0.22305333333333266,-1.5612576144056298,-1.130936666666667,-0.2407599999999981,0.0,2.925173333333335
5,-3.148226666666668,-4.486430947738965,-4.056110000000002,-3.1659333333333333,-2.925173333333335,0.0
