,zero_shot_baseline,in_context_learning_3-shot,style_information_style_example,chain_of_thought_zero_shot,chain_of_thought_one_shot,self-refine
0,0.0,-0.8096966666666656,0.7185100000000002,-0.00934666666666395,0.632380000000003,0.6765966666666703
1,0.8096966666666656,0.0,1.5282066666666658,0.8003500000000017,1.4420766666666687,1.486293333333336
2,-0.7185100000000002,-1.5282066666666658,0.0,-0.7278566666666642,-0.08612999999999715,-0.041913333333329916
3,0.00934666666666395,-0.8003500000000017,0.7278566666666642,0.0,0.641726666666667,0.6859433333333342
4,-0.632380000000003,-1.4420766666666687,0.08612999999999715,-0.641726666666667,0.0,0.04421666666666724
5,-0.6765966666666703,-1.486293333333336,0.041913333333329916,-0.6859433333333342,-0.04421666666666724,0.0
