,zero_shot_baseline,in_context_learning_3-shot,style_information_style_example,chain_of_thought_zero_shot,chain_of_thought_one_shot,self-refine
0,0.0,4.208600640213408,-0.08778666666666268,-0.1639899999999983,0.7201600000000035,1.9640233333333406
1,-4.208600640213408,0.0,-4.296387306880071,-4.3725906402134065,-3.4884406402134047,-2.2445773068800676
2,0.08778666666666268,4.296387306880071,0.0,-0.07620333333333562,0.8079466666666661,2.0518100000000032
3,0.1639899999999983,4.3725906402134065,0.07620333333333562,0.0,0.8841500000000018,2.128013333333339
4,-0.7201600000000035,3.4884406402134047,-0.8079466666666661,-0.8841500000000018,0.0,1.243863333333337
5,-1.9640233333333406,2.2445773068800676,-2.0518100000000032,-2.128013333333339,-1.243863333333337,0.0
