,abstracts,news,reviews,qa
0,0.0,-0.31109333333333566,2.867266666666664,3.359076666666665
1,0.31109333333333566,0.0,3.1783599999999996,3.6701700000000006
2,-2.867266666666664,-3.1783599999999996,0.0,0.49181000000000097
3,-3.359076666666665,-3.6701700000000006,-0.49181000000000097,0.0
