,zero_shot_baseline,in_context_learning_3-shot,style_information_style_example,chain_of_thought_zero_shot,chain_of_thought_one_shot,self-refine
0,0.0,0.4253666666666671,-1.4538600000000006,0.8154733333333333,-0.6591300000000011,2.969669999999999
1,-0.4253666666666671,0.0,-1.8792266666666677,0.39010666666666616,-1.0844966666666682,2.544303333333332
2,1.4538600000000006,1.8792266666666677,0.0,2.269333333333334,0.7947299999999995,4.4235299999999995
3,-0.8154733333333333,-0.39010666666666616,-2.269333333333334,0.0,-1.4746033333333344,2.1541966666666656
4,0.6591300000000011,1.0844966666666682,-0.7947299999999995,1.4746033333333344,0.0,3.6288
5,-2.969669999999999,-2.544303333333332,-4.4235299999999995,-2.1541966666666656,-3.6288,0.0
