,zero_shot_baseline,in_context_learning_3-shot,style_information_style_example,chain_of_thought_zero_shot,chain_of_thought_one_shot,self-refine
0,0.0,1.2145233333333358,-0.3214566666666663,-0.019270000000000564,0.11732333333333322,0.10722333333333367
1,-1.2145233333333358,0.0,-1.5359800000000021,-1.2337933333333364,-1.0972000000000026,-1.1073000000000022
2,0.3214566666666663,1.5359800000000021,0.0,0.3021866666666657,0.4387799999999995,0.42867999999999995
3,0.019270000000000564,1.2337933333333364,-0.3021866666666657,0.0,0.1365933333333338,0.12649333333333423
4,-0.11732333333333322,1.0972000000000026,-0.4387799999999995,-0.1365933333333338,0.0,-0.010099999999999554
5,-0.10722333333333367,1.1073000000000022,-0.42867999999999995,-0.12649333333333423,0.010099999999999554,0.0
