,zero_shot_baseline,in_context_learning_3-shot,style_information_style_example,chain_of_thought_zero_shot,chain_of_thought_one_shot,self-refine
0,0.0,1.9943533333333328,-1.3601500000000009,1.07836,0.402316666666664,5.1075833333333325
1,-1.9943533333333328,0.0,-3.3545033333333336,-0.9159933333333328,-1.5920366666666688,3.1132299999999997
2,1.3601500000000009,3.3545033333333336,0.0,2.438510000000001,1.7624666666666648,6.467733333333333
3,-1.07836,0.9159933333333328,-2.438510000000001,0.0,-0.676043333333336,4.0292233333333325
4,-0.402316666666664,1.5920366666666688,-1.7624666666666648,0.676043333333336,0.0,4.7052666666666685
5,-5.1075833333333325,-3.1132299999999997,-6.467733333333333,-4.0292233333333325,-4.7052666666666685,0.0
