,mistral,deepseek,llama3.3,qwen72b,qwen32b,qwen14b,solar
0,0.0,-1.4282333333333384,-0.8143266666666662,-2.0700399999999988,-4.164020000000001,-2.484490000000001,-1.027076666666666
1,1.4282333333333384,0.0,0.6139066666666722,-0.6418066666666604,-2.7357866666666624,-1.0562566666666626,0.4011566666666724
2,0.8143266666666662,-0.6139066666666722,0.0,-1.2557133333333326,-3.3496933333333345,-1.6701633333333348,-0.21274999999999977
3,2.0700399999999988,0.6418066666666604,1.2557133333333326,0.0,-2.093980000000002,-0.4144500000000022,1.0429633333333328
4,4.164020000000001,2.7357866666666624,3.3496933333333345,2.093980000000002,0.0,1.6795299999999997,3.1369433333333347
5,2.484490000000001,1.0562566666666626,1.6701633333333348,0.4144500000000022,-1.6795299999999997,0.0,1.457413333333335
6,1.027076666666666,-0.4011566666666724,0.21274999999999977,-1.0429633333333328,-3.1369433333333347,-1.457413333333335,0.0
