,abstracts,news,reviews,qa
0,0.0,-6.428490000000005,3.7239999999999975,4.806446666666666
1,6.428490000000005,0.0,10.152490000000004,11.234936666666671
2,-3.7239999999999975,-10.152490000000004,0.0,1.0824466666666686
3,-4.806446666666666,-11.234936666666671,-1.0824466666666686,0.0
