,zero_shot_baseline,in_context_learning_3-shot,style_information_style_example,chain_of_thought_zero_shot,chain_of_thought_one_shot,self-refine
0,0.0,2.8146739124152518,-1.739096666666665,-0.873423333333335,-0.6784133333333351,3.842880000000001
1,-2.8146739124152518,0.0,-4.553770579081917,-3.6880972457485868,-3.493087245748587,1.0282060875847492
2,1.739096666666665,4.553770579081917,0.0,0.86567333333333,1.0606833333333299,5.581976666666666
3,0.873423333333335,3.6880972457485868,-0.86567333333333,0.0,0.1950099999999999,4.716303333333336
4,0.6784133333333351,3.493087245748587,-1.0606833333333299,-0.1950099999999999,0.0,4.521293333333336
5,-3.842880000000001,-1.0282060875847492,-5.581976666666666,-4.716303333333336,-4.521293333333336,0.0
