,zero_shot_baseline,in_context_learning_3-shot,style_information_style_example,chain_of_thought_zero_shot,chain_of_thought_one_shot,self-refine
0,0.0,-0.9052766666666692,-0.6448933333333322,0.16455999999999982,-1.0329833333333323,3.143086666666667
1,0.9052766666666692,0.0,0.26038333333333696,1.069836666666669,-0.12770666666666308,4.048363333333336
2,0.6448933333333322,-0.26038333333333696,0.0,0.809453333333332,-0.38809000000000005,3.7879799999999992
3,-0.16455999999999982,-1.069836666666669,-0.809453333333332,0.0,-1.197543333333332,2.978526666666667
4,1.0329833333333323,0.12770666666666308,0.38809000000000005,1.197543333333332,0.0,4.176069999999999
5,-3.143086666666667,-4.048363333333336,-3.7879799999999992,-2.978526666666667,-4.176069999999999,0.0
