,zero_shot_baseline,in_context_learning_3-shot,style_information_style_example,chain_of_thought_zero_shot,chain_of_thought_one_shot,self-refine
0,0.0,2.1994999999999987,-2.0965666666666642,0.4711299999999987,-3.6854533333333315,6.212913333333335
1,-2.1994999999999987,0.0,-4.296066666666663,-1.72837,-5.88495333333333,4.013413333333336
2,2.0965666666666642,4.296066666666663,0.0,2.567696666666663,-1.5888866666666672,8.309479999999999
3,-0.4711299999999987,1.72837,-2.567696666666663,0.0,-4.15658333333333,5.741783333333336
4,3.6854533333333315,5.88495333333333,1.5888866666666672,4.15658333333333,0.0,9.898366666666666
5,-6.212913333333335,-4.013413333333336,-8.309479999999999,-5.741783333333336,-9.898366666666666,0.0
