,zero_shot_baseline,in_context_learning_3-shot,style_information_style_example,chain_of_thought_zero_shot,chain_of_thought_one_shot,self-refine
0,0.0,7.044157561192698,0.07076333333333196,0.3292433333333271,2.336949999999998,4.011653333333335
1,-7.044157561192698,0.0,-6.973394227859366,-6.714914227859371,-4.7072075611927,-3.032504227859363
2,-0.07076333333333196,6.973394227859366,0.0,0.25847999999999516,2.266186666666666,3.940890000000003
3,-0.3292433333333271,6.714914227859371,-0.25847999999999516,0.0,2.007706666666671,3.682410000000008
4,-2.336949999999998,4.7072075611927,-2.266186666666666,-2.007706666666671,0.0,1.674703333333337
5,-4.011653333333335,3.032504227859363,-3.940890000000003,-3.682410000000008,-1.674703333333337,0.0
