,zero_shot_baseline,in_context_learning_3-shot,style_information_style_example,chain_of_thought_zero_shot,chain_of_thought_one_shot,self-refine
0,0.0,5.377479999999995,-0.46659000000000006,0.11089333333332974,0.9656999999999982,2.6940366666666655
1,-5.377479999999995,0.0,-5.844069999999995,-5.266586666666665,-4.411779999999997,-2.6834433333333294
2,0.46659000000000006,5.844069999999995,0.0,0.5774833333333298,1.4322899999999983,3.1606266666666656
3,-0.11089333333332974,5.266586666666665,-0.5774833333333298,0.0,0.8548066666666685,2.583143333333336
4,-0.9656999999999982,4.411779999999997,-1.4322899999999983,-0.8548066666666685,0.0,1.7283366666666673
5,-2.6940366666666655,2.6834433333333294,-3.1606266666666656,-2.583143333333336,-1.7283366666666673,0.0
