,mistral,deepseek,llama3.3,qwen72b,qwen32b,qwen14b,solar
0,0.0,-0.19926000000000066,0.536446666666663,-2.229000000000001,-2.7166499999999996,-2.876456666666664,-1.7435499999999955
1,0.19926000000000066,0.0,0.7357066666666636,-2.0297400000000003,-2.517389999999999,-2.6771966666666636,-1.5442899999999948
2,-0.536446666666663,-0.7357066666666636,0.0,-2.765446666666664,-3.2530966666666625,-3.412903333333327,-2.2799966666666585
3,2.229000000000001,2.0297400000000003,2.765446666666664,0.0,-0.4876499999999986,-0.6474566666666632,0.4854500000000055
4,2.7166499999999996,2.517389999999999,3.2530966666666625,0.4876499999999986,0.0,-0.15980666666666465,0.9731000000000041
5,2.876456666666664,2.6771966666666636,3.412903333333327,0.6474566666666632,0.15980666666666465,0.0,1.1329066666666687
6,1.7435499999999955,1.5442899999999948,2.2799966666666585,-0.4854500000000055,-0.9731000000000041,-1.1329066666666687,0.0
