,zero_shot_baseline,in_context_learning_3-shot,style_information_style_example,chain_of_thought_zero_shot,chain_of_thought_one_shot,self-refine
0,0.0,-1.4454148471712784,-0.7067999999999994,0.09106333333333616,-0.9973866666666638,-0.9728166666666667
1,1.4454148471712784,0.0,0.738614847171279,1.5364781805046146,0.4480281805046147,0.4725981805046118
2,0.7067999999999994,-0.738614847171279,0.0,0.7978633333333356,-0.29058666666666433,-0.26601666666666723
3,-0.09106333333333616,-1.5364781805046146,-0.7978633333333356,0.0,-1.08845,-1.0638800000000028
4,0.9973866666666638,-0.4480281805046147,0.29058666666666433,1.08845,0.0,0.024569999999997094
5,0.9728166666666667,-0.4725981805046118,0.26601666666666723,1.0638800000000028,-0.024569999999997094,0.0
