,zero_shot_baseline,in_context_learning_3-shot,style_information_style_example,chain_of_thought_zero_shot,chain_of_thought_one_shot,self-refine
0,0.0,1.9200533333333283,2.101406666666662,-1.2045966666666708,0.6298399999999944,6.027333333333328
1,-1.9200533333333283,0.0,0.18135333333333392,-3.124649999999999,-1.2902133333333339,4.107279999999999
2,-2.101406666666662,-0.18135333333333392,0.0,-3.306003333333333,-1.4715666666666678,3.9259266666666655
3,1.2045966666666708,3.124649999999999,3.306003333333333,0.0,1.8344366666666652,7.231929999999998
4,-0.6298399999999944,1.2902133333333339,1.4715666666666678,-1.8344366666666652,0.0,5.397493333333333
5,-6.027333333333328,-4.107279999999999,-3.9259266666666655,-7.231929999999998,-5.397493333333333,0.0
