,zero_shot_baseline,in_context_learning_3-shot,style_information_style_example,chain_of_thought_zero_shot,chain_of_thought_one_shot,self-refine
0,0.0,-2.436183333333334,-0.7490833333333331,0.4831966666666645,-2.4321300000000026,2.527029999999998
1,2.436183333333334,0.0,1.687100000000001,2.9193799999999985,0.004053333333331466,4.963213333333332
2,0.7490833333333331,-1.687100000000001,0.0,1.2322799999999976,-1.6830466666666695,3.276113333333331
3,-0.4831966666666645,-2.9193799999999985,-1.2322799999999976,0.0,-2.915326666666667,2.0438333333333336
4,2.4321300000000026,-0.004053333333331466,1.6830466666666695,2.915326666666667,0.0,4.959160000000001
5,-2.527029999999998,-4.963213333333332,-3.276113333333331,-2.0438333333333336,-4.959160000000001,0.0
