,zero_shot_baseline,in_context_learning_3-shot,style_information_style_example,chain_of_thought_zero_shot,chain_of_thought_one_shot,self-refine
0,0.0,7.044770000000003,7.216970000000003,1.2403766666666733,3.15221,6.2841600000000035
1,-7.044770000000003,0.0,0.17220000000000013,-5.80439333333333,-3.892560000000003,-0.7606099999999998
2,-7.216970000000003,-0.17220000000000013,0.0,-5.97659333333333,-4.064760000000003,-0.9328099999999999
3,-1.2403766666666733,5.80439333333333,5.97659333333333,0.0,1.9118333333333268,5.04378333333333
4,-3.15221,3.892560000000003,4.064760000000003,-1.9118333333333268,0.0,3.1319500000000033
5,-6.2841600000000035,0.7606099999999998,0.9328099999999999,-5.04378333333333,-3.1319500000000033,0.0
