,zero_shot_baseline,in_context_learning_3-shot,style_information_style_example,chain_of_thought_zero_shot,chain_of_thought_one_shot,self-refine
0,0.0,-2.2326133333333313,-0.7899766666666679,0.2705800000000025,-1.4268733333333312,2.8968666666666696
1,2.2326133333333313,0.0,1.4426366666666635,2.503193333333334,0.8057400000000001,5.129480000000001
2,0.7899766666666679,-1.4426366666666635,0.0,1.0605566666666704,-0.6368966666666633,3.6868433333333375
3,-0.2705800000000025,-2.503193333333334,-1.0605566666666704,0.0,-1.6974533333333337,2.626286666666667
4,1.4268733333333312,-0.8057400000000001,0.6368966666666633,1.6974533333333337,0.0,4.323740000000001
5,-2.8968666666666696,-5.129480000000001,-3.6868433333333375,-2.626286666666667,-4.323740000000001,0.0
