,zero_shot_baseline,in_context_learning_3-shot,style_information_style_example,chain_of_thought_zero_shot,chain_of_thought_one_shot,self-refine
0,0.0,2.78585,-0.17403666666666595,1.210796666666667,-0.36281999999999925,5.349120000000001
1,-2.78585,0.0,-2.959886666666666,-1.575053333333333,-3.148669999999999,2.563270000000001
2,0.17403666666666595,2.959886666666666,0.0,1.384833333333333,-0.1887833333333333,5.523156666666667
3,-1.210796666666667,1.575053333333333,-1.384833333333333,0.0,-1.5736166666666662,4.138323333333334
4,0.36281999999999925,3.148669999999999,0.1887833333333333,1.5736166666666662,0.0,5.71194
5,-5.349120000000001,-2.563270000000001,-5.523156666666667,-4.138323333333334,-5.71194,0.0
