,zero_shot_baseline,in_context_learning_3-shot,style_information_style_example,chain_of_thought_zero_shot,chain_of_thought_one_shot,self-refine
0,0.0,-2.7170700000000014,-2.547083333333335,-0.056869999999999976,-8.807633333333337,-2.4025966666666694
1,2.7170700000000014,0.0,0.1699866666666665,2.6602000000000015,-6.0905633333333355,0.31447333333333205
2,2.547083333333335,-0.1699866666666665,0.0,2.490213333333335,-6.260550000000002,0.14448666666666554
3,0.056869999999999976,-2.6602000000000015,-2.490213333333335,0.0,-8.750763333333337,-2.3457266666666694
4,8.807633333333337,6.0905633333333355,6.260550000000002,8.750763333333337,0.0,6.405036666666668
5,2.4025966666666694,-0.31447333333333205,-0.14448666666666554,2.3457266666666694,-6.405036666666668,0.0
