,zero_shot_baseline,in_context_learning_3-shot,style_information_style_example,chain_of_thought_zero_shot,chain_of_thought_one_shot,self-refine
0,0.0,-1.2101799999999958,-9.507146666666666,-5.337553333333327,-7.940073333333329,-0.9625899999999934
1,1.2101799999999958,0.0,-8.29696666666667,-4.127373333333331,-6.729893333333333,0.24759000000000242
2,9.507146666666666,8.29696666666667,0.0,4.169593333333339,1.5670733333333366,8.544556666666672
3,5.337553333333327,4.127373333333331,-4.169593333333339,0.0,-2.602520000000002,4.3749633333333335
4,7.940073333333329,6.729893333333333,-1.5670733333333366,2.602520000000002,0.0,6.9774833333333355
5,0.9625899999999934,-0.24759000000000242,-8.544556666666672,-4.3749633333333335,-6.9774833333333355,0.0
