,zero_shot_baseline,in_context_learning_3-shot,style_information_style_example,chain_of_thought_zero_shot,chain_of_thought_one_shot,self-refine
0,0.0,-2.1940633333333306,-0.8345766666666652,3.0000000000640625e-05,-1.2569799999999987,0.8822300000000016
1,2.1940633333333306,0.0,1.3594866666666654,2.1940933333333312,0.9370833333333319,3.076293333333332
2,0.8345766666666652,-1.3594866666666654,0.0,0.8346066666666658,-0.42240333333333346,1.7168066666666668
3,-3.0000000000640625e-05,-2.1940933333333312,-0.8346066666666658,0.0,-1.2570099999999993,0.882200000000001
4,1.2569799999999987,-0.9370833333333319,0.42240333333333346,1.2570099999999993,0.0,2.1392100000000003
5,-0.8822300000000016,-3.076293333333332,-1.7168066666666668,-0.882200000000001,-2.1392100000000003,0.0
