,zero_shot_baseline,in_context_learning_3-shot,style_information_style_example,chain_of_thought_zero_shot,chain_of_thought_one_shot,self-refine
0,0.0,5.389511363130975,-0.3492699999999971,0.39628000000000085,1.7392900000000004,4.379179999999998
1,-5.389511363130975,0.0,-5.738781363130972,-4.993231363130974,-3.6502213631309743,-1.0103313631309767
2,0.3492699999999971,5.738781363130972,0.0,0.7455499999999979,2.0885599999999975,4.728449999999995
3,-0.39628000000000085,4.993231363130974,-0.7455499999999979,0.0,1.3430099999999996,3.982899999999997
4,-1.7392900000000004,3.6502213631309743,-2.0885599999999975,-1.3430099999999996,0.0,2.6398899999999976
5,-4.379179999999998,1.0103313631309767,-4.728449999999995,-3.982899999999997,-2.6398899999999976,0.0
