,zero_shot_baseline,in_context_learning_3-shot,style_information_style_example,chain_of_thought_zero_shot,chain_of_thought_one_shot,self-refine
0,0.0,3.9558392841163297,-1.0558433333333355,0.35700666666666336,-0.32118000000000535,4.346143333333334
1,-3.9558392841163297,0.0,-5.011682617449665,-3.5988326174496663,-4.277019284116335,0.39030404921700423
2,1.0558433333333355,5.011682617449665,0.0,1.4128499999999988,0.7346633333333301,5.401986666666669
3,-0.35700666666666336,3.5988326174496663,-1.4128499999999988,0.0,-0.6781866666666687,3.9891366666666705
4,0.32118000000000535,4.277019284116335,-0.7346633333333301,0.6781866666666687,0.0,4.667323333333339
5,-4.346143333333334,-0.39030404921700423,-5.401986666666669,-3.9891366666666705,-4.667323333333339,0.0
