,zero_shot_baseline,in_context_learning_3-shot,style_information_style_example,chain_of_thought_zero_shot,chain_of_thought_one_shot,self-refine
0,0.0,-1.2413082449705453,-1.1414866666666708,0.15770999999999802,0.35098999999999947,3.1229600000000026
1,1.2413082449705453,0.0,0.0998215783038745,1.3990182449705433,1.5922982449705447,4.364268244970548
2,1.1414866666666708,-0.0998215783038745,0.0,1.2991966666666688,1.4924766666666702,4.264446666666673
3,-0.15770999999999802,-1.3990182449705433,-1.2991966666666688,0.0,0.19328000000000145,2.9652500000000046
4,-0.35098999999999947,-1.5922982449705447,-1.4924766666666702,-0.19328000000000145,0.0,2.771970000000003
5,-3.1229600000000026,-4.364268244970548,-4.264446666666673,-2.9652500000000046,-2.771970000000003,0.0
