,abstracts,news,reviews,qa
0,0.0,-3.226896666666663,2.0450599999999994,2.9671100000000012
1,3.226896666666663,0.0,5.271956666666663,6.194006666666665
2,-2.0450599999999994,-5.271956666666663,0.0,0.9220500000000018
3,-2.9671100000000012,-6.194006666666665,-0.9220500000000018,0.0
