,zero_shot_baseline,in_context_learning_3-shot,style_information_style_example,chain_of_thought_zero_shot,chain_of_thought_one_shot,self-refine
0,0.0,1.0856433333333335,1.0909433333333336,0.02303333333333235,0.11094333333333495,3.0659633333333325
1,-1.0856433333333335,0.0,0.005300000000000082,-1.0626100000000012,-0.9746999999999986,1.980319999999999
2,-1.0909433333333336,-0.005300000000000082,0.0,-1.0679100000000012,-0.9799999999999986,1.9750199999999989
3,-0.02303333333333235,1.0626100000000012,1.0679100000000012,0.0,0.0879100000000026,3.04293
4,-0.11094333333333495,0.9746999999999986,0.9799999999999986,-0.0879100000000026,0.0,2.9550199999999975
5,-3.0659633333333325,-1.980319999999999,-1.9750199999999989,-3.04293,-2.9550199999999975,0.0
