,zero_shot_baseline,in_context_learning_3-shot,style_information_style_example,chain_of_thought_zero_shot,chain_of_thought_one_shot,self-refine
0,0.0,-0.009038828619191905,-0.0024469568668976024,-0.000366366851643804,0.0017693906393560985,-0.008877237161308102
1,0.009038828619191905,0.0,0.006591871752294302,0.0086724617675481,0.010808219258548003,0.00016159145788380291
2,0.0024469568668976024,-0.006591871752294302,0.0,0.0020805900152537984,0.004216347506253701,-0.0064302802944104995
3,0.000366366851643804,-0.0086724617675481,-0.0020805900152537984,0.0,0.0021357574909999025,-0.008510870309664298
4,-0.0017693906393560985,-0.010808219258548003,-0.004216347506253701,-0.0021357574909999025,0.0,-0.0106466278006642
5,0.008877237161308102,-0.00016159145788380291,0.0064302802944104995,0.008510870309664298,0.0106466278006642,0.0
