,zero_shot_baseline,in_context_learning_3-shot,style_information_style_example,chain_of_thought_zero_shot,chain_of_thought_one_shot,self-refine
0,0.0,0.0017588278038235053,-0.0023881428326617965,0.000935089888305804,0.0038983592637471046,-0.009855315469915596
1,-0.0017588278038235053,0.0,-0.004146970636485302,-0.0008237379155177013,0.0021395314599235993,-0.011614143273739101
2,0.0023881428326617965,0.004146970636485302,0.0,0.0033232327209676005,0.006286502096408901,-0.007467172637253799
3,-0.000935089888305804,0.0008237379155177013,-0.0033232327209676005,0.0,0.0029632693754413006,-0.0107904053582214
4,-0.0038983592637471046,-0.0021395314599235993,-0.006286502096408901,-0.0029632693754413006,0.0,-0.0137536747336627
5,0.009855315469915596,0.011614143273739101,0.007467172637253799,0.0107904053582214,0.0137536747336627,0.0
