,zero_shot_baseline,in_context_learning_3-shot,style_information_style_example,chain_of_thought_zero_shot,chain_of_thought_one_shot,self-refine
0,0.0,-0.0084065706297334,-0.002416421211885199,-0.00048073599590209987,0.0018432952668630959,-0.008615169427542702
1,0.0084065706297334,0.0,0.005990149417848201,0.0079258346338313,0.010249865896596495,-0.00020859879780930207
2,0.002416421211885199,-0.005990149417848201,0.0,0.001935685215983099,0.004259716478748295,-0.006198748215657503
3,0.00048073599590209987,-0.0079258346338313,-0.001935685215983099,0.0,0.0023240312627651957,-0.008134433431640602
4,-0.0018432952668630959,-0.010249865896596495,-0.004259716478748295,-0.0023240312627651957,0.0,-0.010458464694405797
5,0.008615169427542702,0.00020859879780930207,0.006198748215657503,0.008134433431640602,0.010458464694405797,0.0
