,zero_shot_baseline,in_context_learning_3-shot,style_information_style_example,chain_of_thought_zero_shot,chain_of_thought_one_shot,self-refine
0,0.0,0.0011737956370260001,0.00037959100292480003,-2.260562380159998e-05,0.0007969283527893001,0.0007239743329462
1,-0.0011737956370260001,0.0,-0.0007942046341012001,-0.0011964012608276001,-0.00037686728423670006,-0.0004498213040798002
2,-0.00037959100292480003,0.0007942046341012001,0.0,-0.0004021966267264,0.00041733734986450005,0.00034438333002139994
3,2.260562380159998e-05,0.0011964012608276001,0.0004021966267264,0.0,0.0008195339765909001,0.0007465799567477999
4,-0.0007969283527893001,0.00037686728423670006,-0.00041733734986450005,-0.0008195339765909001,0.0,-7.295401984310011e-05
5,-0.0007239743329462,0.0004498213040798002,-0.00034438333002139994,-0.0007465799567477999,7.295401984310011e-05,0.0
