,zero_shot_baseline,in_context_learning_3-shot,style_information_style_example,chain_of_thought_zero_shot,chain_of_thought_one_shot,self-refine
0,0.0,0.0013087098281285015,-0.009551651619992302,-9.827048110649939e-05,0.0019421149367895019,-0.00023845130854580066
1,-0.0013087098281285015,0.0,-0.010860361448120803,-0.0014069803092350008,0.0006334051086610004,-0.001547161136674302
2,0.009551651619992302,0.010860361448120803,0.0,0.009453381138885802,0.011493766556781804,0.009313200311446501
3,9.827048110649939e-05,0.0014069803092350008,-0.009453381138885802,0.0,0.0020403854178960013,-0.00014018082743930127
4,-0.0019421149367895019,-0.0006334051086610004,-0.011493766556781804,-0.0020403854178960013,0.0,-0.0021805662453353025
5,0.00023845130854580066,0.001547161136674302,-0.009313200311446501,0.00014018082743930127,0.0021805662453353025,0.0
