,zero_shot_baseline,in_context_learning_3-shot,style_information_style_example,chain_of_thought_zero_shot,chain_of_thought_one_shot,self-refine
0,0.0,-0.00019941727833500003,0.00021730630981979998,0.00010769132773159998,0.0001155566658139,-7.811551945799996e-05
1,0.00019941727833500003,0.0,0.0004167235881548,0.0003071086060666,0.00031497394414890003,0.00012130175887700007
2,-0.00021730630981979998,-0.0004167235881548,0.0,-0.0001096149820882,-0.00010174964400589998,-0.00029542182927779994
3,-0.00010769132773159998,-0.0003071086060666,0.0001096149820882,0.0,7.865338082300023e-06,-0.00018580684718959994
4,-0.0001155566658139,-0.00031497394414890003,0.00010174964400589998,-7.865338082300023e-06,0.0,-0.00019367218527189997
5,7.811551945799996e-05,-0.00012130175887700007,0.00029542182927779994,0.00018580684718959994,0.00019367218527189997,0.0
