,zero_shot_baseline,in_context_learning_3-shot,style_information_style_example,chain_of_thought_zero_shot,chain_of_thought_one_shot,self-refine
0,0.0,0.013287803080347896,-0.013808072265418594,0.012551742465190308,-0.0006613295115778933,0.011482879503185703
1,-0.013287803080347896,0.0,-0.02709587534576649,-0.0007360606151575882,-0.01394913259192579,-0.001804923577162193
2,0.013808072265418594,0.02709587534576649,0.0,0.026359814730608902,0.013146742753840701,0.025290951768604297
3,-0.012551742465190308,0.0007360606151575882,-0.026359814730608902,0.0,-0.013213071976768201,-0.0010688629620046047
4,0.0006613295115778933,0.01394913259192579,-0.013146742753840701,0.013213071976768201,0.0,0.012144209014763596
5,-0.011482879503185703,0.001804923577162193,-0.025290951768604297,0.0010688629620046047,-0.012144209014763596,0.0
