,abstracts,news,reviews,qa
0,0.0,-0.0217217335819111,-0.0141976832763551,-0.0279225230355769
1,0.0217217335819111,0.0,0.007524050305556,-0.006200789453665801
2,0.0141976832763551,-0.007524050305556,0.0,-0.0137248397592218
3,0.0279225230355769,0.006200789453665801,0.0137248397592218,0.0
