,zero_shot_baseline,in_context_learning_3-shot,style_information_style_example,chain_of_thought_zero_shot,chain_of_thought_one_shot,self-refine
0,0.0,0.005120950202275203,-0.0009171899835652975,-0.0001212012415312963,0.0012292695721752012,0.0020356842604952047
1,-0.005120950202275203,0.0,-0.0060381401858405,-0.005242151443806499,-0.0038916806301000015,-0.003085265941779998
2,0.0009171899835652975,0.0060381401858405,0.0,0.0007959887420340012,0.0021464595557404986,0.002952874244060502
3,0.0001212012415312963,0.005242151443806499,-0.0007959887420340012,0.0,0.0013504708137064975,0.002156885502026501
4,-0.0012292695721752012,0.0038916806301000015,-0.0021464595557404986,-0.0013504708137064975,0.0,0.0008064146883200035
5,-0.0020356842604952047,0.003085265941779998,-0.002952874244060502,-0.002156885502026501,-0.0008064146883200035,0.0
