,zero_shot_baseline,in_context_learning_3-shot,style_information_style_example,chain_of_thought_zero_shot,chain_of_thought_one_shot,self-refine
0,0.0,0.043858289206129095,0.002906899633000698,0.0008333504061106972,0.0003749164308710917,-0.01995556864889861
1,-0.043858289206129095,0.0,-0.0409513895731284,-0.0430249388000184,-0.043483372775258,-0.0638138578550277
2,-0.002906899633000698,0.0409513895731284,0.0,-0.0020735492268900008,-0.0025319832021296063,-0.022862468281899306
3,-0.0008333504061106972,0.0430249388000184,0.0020735492268900008,0.0,-0.0004584339752396055,-0.020788919055009306
4,-0.0003749164308710917,0.043483372775258,0.0025319832021296063,0.0004584339752396055,0.0,-0.0203304850797697
5,0.01995556864889861,0.0638138578550277,0.022862468281899306,0.020788919055009306,0.0203304850797697,0.0
