,mistral,deepseek,llama3.3,qwen72b,qwen32b,qwen14b,solar
0,0.0,0.0036689448747926,0.0026298526378773987,-0.004035864903496902,-0.007588675837886999,-0.0123153955720256,-0.005666700005895503
1,-0.0036689448747926,0.0,-0.0010390922369152011,-0.007704809778289502,-0.011257620712679599,-0.0159843404468182,-0.009335644880688103
2,-0.0026298526378773987,0.0010390922369152011,0.0,-0.006665717541374301,-0.010218528475764398,-0.014945248209902999,-0.008296552643772902
3,0.004035864903496902,0.007704809778289502,0.006665717541374301,0.0,-0.0035528109343900965,-0.008279530668528698,-0.0016308351023986006
4,0.007588675837886999,0.011257620712679599,0.010218528475764398,0.0035528109343900965,0.0,-0.004726719734138601,0.001921975831991496
5,0.0123153955720256,0.0159843404468182,0.014945248209902999,0.008279530668528698,0.004726719734138601,0.0,0.006648695566130097
6,0.005666700005895503,0.009335644880688103,0.008296552643772902,0.0016308351023986006,-0.001921975831991496,-0.006648695566130097,0.0
