,zero_shot_baseline,in_context_learning_3-shot,style_information_style_example,chain_of_thought_zero_shot,chain_of_thought_one_shot,self-refine
0,0.0,-0.0004108336747154998,0.0022881542738865997,0.0004421014567295,0.0011056086287079998,-0.0007583933816381998
1,0.0004108336747154998,0.0,0.0026989879486020996,0.0008529351314449998,0.0015164423034234997,-0.00034755970692269995
2,-0.0022881542738865997,-0.0026989879486020996,0.0,-0.0018460528171570997,-0.0011825456451786,-0.0030465476555247995
3,-0.0004421014567295,-0.0008529351314449998,0.0018460528171570997,0.0,0.0006635071719784998,-0.0012004948383676998
4,-0.0011056086287079998,-0.0015164423034234997,0.0011825456451786,-0.0006635071719784998,0.0,-0.0018640020103461996
5,0.0007583933816381998,0.00034755970692269995,0.0030465476555247995,0.0012004948383676998,0.0018640020103461996,0.0
