,abstracts,news,reviews,qa
0,0.0,-0.0011325384597332,-0.0003077488832447001,-0.0004990510913561
1,0.0011325384597332,0.0,0.0008247895764885,0.0006334873683771
2,0.0003077488832447001,-0.0008247895764885,0.0,-0.00019130220811139993
3,0.0004990510913561,-0.0006334873683771,0.00019130220811139993,0.0
