,abstracts,news,reviews,qa
0,0.0,0.009431037461888198,-0.009326584116579703,0.028813537266530395
1,-0.009431037461888198,0.0,-0.0187576215784679,0.019382499804642198
2,0.009326584116579703,0.0187576215784679,0.0,0.0381401213831101
3,-0.028813537266530395,-0.019382499804642198,-0.0381401213831101,0.0
