,zero_shot_baseline,in_context_learning_3-shot,style_information_style_example,chain_of_thought_zero_shot,chain_of_thought_one_shot,self-refine
0,0.0,0.002346630345084401,0.0036921311355974026,-0.0015141547638356997,-0.0029096998718600997,-0.013134693452234496
1,-0.002346630345084401,0.0,0.0013455007905130018,-0.0038607851089201006,-0.005256330216944501,-0.015481323797318897
2,-0.0036921311355974026,-0.0013455007905130018,0.0,-0.005206285899433102,-0.006601831007457502,-0.0168268245878319
3,0.0015141547638356997,0.0038607851089201006,0.005206285899433102,0.0,-0.0013955451080244,-0.011620538688398796
4,0.0029096998718600997,0.005256330216944501,0.006601831007457502,0.0013955451080244,0.0,-0.010224993580374396
5,0.013134693452234496,0.015481323797318897,0.0168268245878319,0.011620538688398796,0.010224993580374396,0.0
