,abstracts,news,reviews,qa
0,0.0,-0.0012247206148741,-0.00015084094330219998,-0.0007952536064429
1,0.0012247206148741,0.0,0.0010738796715719001,0.0004294670084312
2,0.00015084094330219998,-0.0010738796715719001,0.0,-0.0006444126631407
3,0.0007952536064429,-0.0004294670084312,0.0006444126631407,0.0
