,zero_shot_baseline,in_context_learning_3-shot,style_information_style_example,chain_of_thought_zero_shot,chain_of_thought_one_shot,self-refine
0,0.0,-0.0031478055196726,0.0008991112351134003,0.0008255907812400997,-5.308147522669997e-05,-0.0034457879416908005
1,0.0031478055196726,0.0,0.004046916754786,0.0039733963009127,0.0030947240444459,-0.00029798242201820035
2,-0.0008991112351134003,-0.004046916754786,0.0,-7.352045387330058e-05,-0.0009521927103401003,-0.004344899176804201
3,-0.0008255907812400997,-0.0039733963009127,7.352045387330058e-05,0.0,-0.0008786722564667997,-0.0042713787229309
4,5.308147522669997e-05,-0.0030947240444459,0.0009521927103401003,0.0008786722564667997,0.0,-0.0033927064664641005
5,0.0034457879416908005,0.00029798242201820035,0.004344899176804201,0.0042713787229309,0.0033927064664641005,0.0
