,zero_shot_baseline,in_context_learning_3-shot,style_information_style_example,chain_of_thought_zero_shot,chain_of_thought_one_shot,self-refine
0,0.0,-0.000420043525202,0.0001171565826214,3.9973608373299985e-05,2.10624165047e-05,-0.0002031505095411
1,0.000420043525202,0.0,0.0005372001078234,0.0004600171335753,0.0004411059417067,0.0002168930156609
2,-0.0001171565826214,-0.0005372001078234,0.0,-7.718297424810002e-05,-9.60941661167e-05,-0.0003203070921625
3,-3.9973608373299985e-05,-0.0004600171335753,7.718297424810002e-05,0.0,-1.8911191868599983e-05,-0.00024312411791439998
4,-2.10624165047e-05,-0.0004411059417067,9.60941661167e-05,1.8911191868599983e-05,0.0,-0.0002242129260458
5,0.0002031505095411,-0.0002168930156609,0.0003203070921625,0.00024312411791439998,0.0002242129260458,0.0
