,zero_shot_baseline,in_context_learning_3-shot,style_information_style_example,chain_of_thought_zero_shot,chain_of_thought_one_shot,self-refine
0,0.0,0.02320509242459201,0.002025106399070914,0.002207432650388197,0.0016423629144869112,0.019049797095572696
1,-0.02320509242459201,0.0,-0.021179986025521097,-0.020997659774203814,-0.0215627295101051,-0.004155295329019315
2,-0.002025106399070914,0.021179986025521097,0.0,0.00018232625131728297,-0.00038274348458400276,0.017024690696501782
3,-0.002207432650388197,0.020997659774203814,-0.00018232625131728297,0.0,-0.0005650697359012857,0.0168423644451845
4,-0.0016423629144869112,0.0215627295101051,0.00038274348458400276,0.0005650697359012857,0.0,0.017407434181085785
5,-0.019049797095572696,0.004155295329019315,-0.017024690696501782,-0.0168423644451845,-0.017407434181085785,0.0
