,zero_shot_baseline,in_context_learning_3-shot,style_information_style_example,chain_of_thought_zero_shot,chain_of_thought_one_shot,self-refine
0,0.0,-0.0003172819556283,0.00022485573125479997,4.254311216049999e-05,2.0835128621099963e-05,-0.00024381771395890004
1,0.0003172819556283,0.0,0.0005421376868830999,0.0003598250677888,0.00033811708424939997,7.346424166939996e-05
2,-0.00022485573125479997,-0.0005421376868830999,0.0,-0.00018231261909429998,-0.0002040206026337,-0.0004686734452137
3,-4.254311216049999e-05,-0.0003598250677888,0.00018231261909429998,0.0,-2.170798353940003e-05,-0.00028636082611940004
4,-2.0835128621099963e-05,-0.00033811708424939997,0.0002040206026337,2.170798353940003e-05,0.0,-0.00026465284258
5,0.00024381771395890004,-7.346424166939996e-05,0.0004686734452137,0.00028636082611940004,0.00026465284258,0.0
