,zero_shot_baseline,in_context_learning_3-shot,style_information_style_example,chain_of_thought_zero_shot,chain_of_thought_one_shot,self-refine
0,0.0,-0.005147653399961302,0.014279867880806998,0.0017244339623269933,-0.0033567388403902,0.0174540535702358
1,0.005147653399961302,0.0,0.0194275212807683,0.0068720873622882955,0.0017909145595711023,0.022601706970197102
2,-0.014279867880806998,-0.0194275212807683,0.0,-0.012555433918480005,-0.0176366067211972,0.0031741856894288017
3,-0.0017244339623269933,-0.0068720873622882955,0.012555433918480005,0.0,-0.005081172802717193,0.015729619607908807
4,0.0033567388403902,-0.0017909145595711023,0.0176366067211972,0.005081172802717193,0.0,0.020810792410626
5,-0.0174540535702358,-0.022601706970197102,-0.0031741856894288017,-0.015729619607908807,-0.020810792410626,0.0
