,mistral,deepseek,llama3.3,qwen72b,qwen32b,qwen14b,solar
0,0.0,0.004543537246772297,0.010443796829826796,0.0027875942631368084,-0.0186602234126495,-0.0165067431038875,0.00041499354205140615
1,-0.004543537246772297,0.0,0.0059002595830544985,-0.001755942983635489,-0.0232037606594218,-0.021050280350659797,-0.004128543704720891
2,-0.010443796829826796,-0.0059002595830544985,0.0,-0.0076562025666899874,-0.029104020242476297,-0.026950539933714296,-0.01002880328777539
3,-0.0027875942631368084,0.001755942983635489,0.0076562025666899874,0.0,-0.02144781767578631,-0.01929433736702431,-0.002372600721085402
4,0.0186602234126495,0.0232037606594218,0.029104020242476297,0.02144781767578631,0.0,0.0021534803087620014,0.019075216954700908
5,0.0165067431038875,0.021050280350659797,0.026950539933714296,0.01929433736702431,-0.0021534803087620014,0.0,0.016921736645938906
6,-0.00041499354205140615,0.004128543704720891,0.01002880328777539,0.002372600721085402,-0.019075216954700908,-0.016921736645938906,0.0
