,zero_shot_baseline,in_context_learning_3-shot,style_information_style_example,chain_of_thought_zero_shot,chain_of_thought_one_shot,self-refine
0,0.0,-0.0045748370286871,0.00020608369543720015,0.0030258228293974995,-0.005414786322920001,-0.013133508599681602
1,0.0045748370286871,0.0,0.0047809207241243,0.007600659858084599,-0.0008399492942329015,-0.008558671570994502
2,-0.00020608369543720015,-0.0047809207241243,0.0,0.0028197391339602994,-0.005620870018357201,-0.013339592295118802
3,-0.0030258228293974995,-0.007600659858084599,-0.0028197391339602994,0.0,-0.0084406091523175,-0.0161593314290791
4,0.005414786322920001,0.0008399492942329015,0.005620870018357201,0.0084406091523175,0.0,-0.0077187222767616005
5,0.013133508599681602,0.008558671570994502,0.013339592295118802,0.0161593314290791,0.0077187222767616005,0.0
