,zero_shot_baseline,in_context_learning_3-shot,style_information_style_example,chain_of_thought_zero_shot,chain_of_thought_one_shot,self-refine
0,0.0,-0.001773374782211401,0.0034027110263357974,-0.00026168215668359585,0.006879550559238709,-0.0043499552668109925
1,0.001773374782211401,0.0,0.005176085808547198,0.0015116926255278051,0.00865292534145011,-0.0025765804845995915
2,-0.0034027110263357974,-0.005176085808547198,0.0,-0.003664393183019393,0.0034768395329029117,-0.00775266629314679
3,0.00026168215668359585,-0.0015116926255278051,0.003664393183019393,0.0,0.007141232715922305,-0.004088273110127397
4,-0.006879550559238709,-0.00865292534145011,-0.0034768395329029117,-0.007141232715922305,0.0,-0.011229505826049702
5,0.0043499552668109925,0.0025765804845995915,0.00775266629314679,0.004088273110127397,0.011229505826049702,0.0
