,zero_shot_baseline,in_context_learning_3-shot,style_information_style_example,chain_of_thought_zero_shot,chain_of_thought_one_shot,self-refine
0,0.0,0.03770559836398189,0.0038261856591767923,0.001011142239374499,0.0026837846563562,-0.016630309180784106
1,-0.03770559836398189,0.0,-0.0338794127048051,-0.036694456124607394,-0.03502181370762569,-0.054335907544766
2,-0.0038261856591767923,0.0338794127048051,0.0,-0.0028150434198022933,-0.0011424010028205922,-0.020456494839960898
3,-0.001011142239374499,0.036694456124607394,0.0028150434198022933,0.0,0.0016726424169817011,-0.017641451420158605
4,-0.0026837846563562,0.03502181370762569,0.0011424010028205922,-0.0016726424169817011,0.0,-0.019314093837140306
5,0.016630309180784106,0.054335907544766,0.020456494839960898,0.017641451420158605,0.019314093837140306,0.0
