,zero_shot_baseline,in_context_learning_3-shot,style_information_style_example,chain_of_thought_zero_shot,chain_of_thought_one_shot,self-refine
0,0.0,-0.023290069403787104,0.002418583203801797,-0.0006927178160602981,-0.004000845649155503,-0.0023265807205222963
1,0.023290069403787104,0.0,0.0257086526075889,0.022597351587726806,0.0192892237546316,0.020963488683264808
2,-0.002418583203801797,-0.0257086526075889,0.0,-0.003111301019862095,-0.0064194288529573,-0.004745163924324093
3,0.0006927178160602981,-0.022597351587726806,0.003111301019862095,0.0,-0.003308127833095205,-0.0016338629044619982
4,0.004000845649155503,-0.0192892237546316,0.0064194288529573,0.003308127833095205,0.0,0.0016742649286332068
5,0.0023265807205222963,-0.020963488683264808,0.004745163924324093,0.0016338629044619982,-0.0016742649286332068,0.0
