,zero_shot_baseline,in_context_learning_3-shot,style_information_style_example,chain_of_thought_zero_shot,chain_of_thought_one_shot,self-refine
0,0.0,-0.015273360574298497,0.011473446337743803,0.001456847205604711,-0.007629693819514796,0.010084914842770007
1,0.015273360574298497,0.0,0.0267468069120423,0.01673020777990321,0.007643666754783701,0.025358275417068504
2,-0.011473446337743803,-0.0267468069120423,0.0,-0.010016599132139092,-0.0191031401572586,-0.0013885314949737965
3,-0.001456847205604711,-0.01673020777990321,0.010016599132139092,0.0,-0.009086541025119507,0.008628067637165296
4,0.007629693819514796,-0.007643666754783701,0.0191031401572586,0.009086541025119507,0.0,0.017714608662284803
5,-0.010084914842770007,-0.025358275417068504,0.0013885314949737965,-0.008628067637165296,-0.017714608662284803,0.0
