,mistral,deepseek,llama3.3,qwen72b,qwen32b,qwen14b,solar
0,0.0,0.0005647899181678,0.0006167616243372,-0.00010340909215810021,0.0002452147279773998,0.0002293336534833,0.00022099451370410006
1,-0.0005647899181678,0.0,5.1971706169399914e-05,-0.0006681990103259003,-0.0003195751901904002,-0.00033545626468450005,-0.0003437954044637
2,-0.0006167616243372,-5.1971706169399914e-05,0.0,-0.0007201707164953002,-0.00037154689635980013,-0.00038742797085389996,-0.0003957671106330999
3,0.00010340909215810021,0.0006681990103259003,0.0007201707164953002,0.0,0.00034862382013550004,0.0003327427456414002,0.00032440360586220027
4,-0.0002452147279773998,0.0003195751901904002,0.00037154689635980013,-0.00034862382013550004,0.0,-1.5881074494099832e-05,-2.422021427329977e-05
5,-0.0002293336534833,0.00033545626468450005,0.00038742797085389996,-0.0003327427456414002,1.5881074494099832e-05,0.0,-8.339139779199936e-06
6,-0.00022099451370410006,0.0003437954044637,0.0003957671106330999,-0.00032440360586220027,2.422021427329977e-05,8.339139779199936e-06,0.0
