,zero_shot_baseline,in_context_learning_3-shot,style_information_style_example,chain_of_thought_zero_shot,chain_of_thought_one_shot,self-refine
0,0.0,0.035171780992575605,-0.005738055573262499,0.00032183916403560886,-0.001268621519193297,-0.012845987896941094
1,-0.035171780992575605,0.0,-0.040909836565838104,-0.034849941828539996,-0.0364404025117689,-0.0480177688895167
2,0.005738055573262499,0.040909836565838104,0.0,0.006059894737298108,0.004469434054069202,-0.007107932323678595
3,-0.00032183916403560886,0.034849941828539996,-0.006059894737298108,0.0,-0.0015904606832289059,-0.013167827060976703
4,0.001268621519193297,0.0364404025117689,-0.004469434054069202,0.0015904606832289059,0.0,-0.011577366377747797
5,0.012845987896941094,0.0480177688895167,0.007107932323678595,0.013167827060976703,0.011577366377747797,0.0
