,zero_shot_baseline,in_context_learning_3-shot,style_information_style_example,chain_of_thought_zero_shot,chain_of_thought_one_shot,self-refine
0,0.0,0.0010945171962909001,0.0002986968887945,2.4843777840800104e-05,0.00020800762148730006,0.0009332156097218
1,-0.0010945171962909001,0.0,-0.0007958203074964001,-0.0010696734184501,-0.0008865095748036001,-0.00016130158656910013
2,-0.0002986968887945,0.0007958203074964001,0.0,-0.0002738531109536999,-9.068926730719995e-05,0.0006345187209273
3,-2.4843777840800104e-05,0.0010696734184501,0.0002738531109536999,0.0,0.00018316384364649996,0.0009083718318809999
4,-0.00020800762148730006,0.0008865095748036001,9.068926730719995e-05,-0.00018316384364649996,0.0,0.0007252079882344999
5,-0.0009332156097218,0.00016130158656910013,-0.0006345187209273,-0.0009083718318809999,-0.0007252079882344999,0.0
