,zero_shot_baseline,in_context_learning_3-shot,style_information_style_example,chain_of_thought_zero_shot,chain_of_thought_one_shot,self-refine
0,0.0,-0.009571468816490701,0.0049414388516244995,-0.000413752009520596,-0.011596765808925602,-0.019012310413116497
1,0.009571468816490701,0.0,0.0145129076681152,0.009157716806970105,-0.002025296992434901,-0.009440841596625796
2,-0.0049414388516244995,-0.0145129076681152,0.0,-0.0053551908611450955,-0.0165382046605501,-0.023953749264740996
3,0.000413752009520596,-0.009157716806970105,0.0053551908611450955,0.0,-0.011183013799405006,-0.0185985584035959
4,0.011596765808925602,0.002025296992434901,0.0165382046605501,0.011183013799405006,0.0,-0.007415544604190895
5,0.019012310413116497,0.009440841596625796,0.023953749264740996,0.0185985584035959,0.007415544604190895,0.0
