,zero_shot_baseline,in_context_learning_3-shot,style_information_style_example,chain_of_thought_zero_shot,chain_of_thought_one_shot,self-refine
0,0.0,-0.0016455309288194025,0.00035619862292679896,0.0034482348810998993,-0.008773188430987802,-0.023281323946070104
1,0.0016455309288194025,0.0,0.0020017295517462015,0.005093765809919302,-0.0071276575021684,-0.0216357930172507
2,-0.00035619862292679896,-0.0020017295517462015,0.0,0.0030920362581731003,-0.009129387053914601,-0.023637522568996903
3,-0.0034482348810998993,-0.005093765809919302,-0.0030920362581731003,0.0,-0.012221423312087702,-0.026729558827170003
4,0.008773188430987802,0.0071276575021684,0.009129387053914601,0.012221423312087702,0.0,-0.014508135515082302
5,0.023281323946070104,0.0216357930172507,0.023637522568996903,0.026729558827170003,0.014508135515082302,0.0
