,zero_shot_baseline,in_context_learning_3-shot,style_information_style_example,chain_of_thought_zero_shot,chain_of_thought_one_shot,self-refine
0,0.0,0.034662239212589804,-0.005435165909451201,0.00040313212672869747,-0.000918884638031095,-0.014007379575423903
1,-0.034662239212589804,0.0,-0.040097405122041005,-0.03425910708586111,-0.0355811238506209,-0.04866961878801371
2,0.005435165909451201,0.040097405122041005,0.0,0.005838298036179898,0.004516281271420106,-0.008572213665972703
3,-0.00040313212672869747,0.03425910708586111,-0.005838298036179898,0.0,-0.0013220167647597925,-0.0144105117021526
4,0.000918884638031095,0.0355811238506209,-0.004516281271420106,0.0013220167647597925,0.0,-0.013088494937392808
5,0.014007379575423903,0.04866961878801371,0.008572213665972703,0.0144105117021526,0.013088494937392808,0.0
