,zero_shot_baseline,in_context_learning_3-shot,style_information_style_example,chain_of_thought_zero_shot,chain_of_thought_one_shot,self-refine
0,0.0,0.009941531145415003,-0.0328623761276558,-6.630250327649412e-05,-0.026186448765926393,-0.019424902287744697
1,-0.009941531145415003,0.0,-0.042803907273070804,-0.010007833648691497,-0.036127979911341396,-0.0293664334331597
2,0.0328623761276558,0.042803907273070804,0.0,0.03279607362437931,0.0066759273617294085,0.013437473839911104
3,6.630250327649412e-05,0.010007833648691497,-0.03279607362437931,0.0,-0.0261201462626499,-0.019358599784468203
4,0.026186448765926393,0.036127979911341396,-0.0066759273617294085,0.0261201462626499,0.0,0.006761546478181696
5,0.019424902287744697,0.0293664334331597,-0.013437473839911104,0.019358599784468203,-0.006761546478181696,0.0
