,zero_shot_baseline,in_context_learning_3-shot,style_information_style_example,chain_of_thought_zero_shot,chain_of_thought_one_shot,self-refine
0,0.0,-0.004383315088724901,0.0005419656112337981,0.0031530338695141998,-0.005230436098100401,-0.010769880035834699
1,0.004383315088724901,0.0,0.004925280699958699,0.007536348958239101,-0.0008471210093754997,-0.006386564947109798
2,-0.0005419656112337981,-0.004925280699958699,0.0,0.0026110682582804016,-0.005772401709334199,-0.011311845647068497
3,-0.0031530338695141998,-0.007536348958239101,-0.0026110682582804016,0.0,-0.0083834699676146,-0.013922913905348899
4,0.005230436098100401,0.0008471210093754997,0.005772401709334199,0.0083834699676146,0.0,-0.005539443937734298
5,0.010769880035834699,0.006386564947109798,0.011311845647068497,0.013922913905348899,0.005539443937734298,0.0
