,zero_shot_baseline,in_context_learning_3-shot,style_information_style_example,chain_of_thought_zero_shot,chain_of_thought_one_shot,self-refine
0,0.0,0.011775706009584497,0.00034228281811379824,-1.966853815420222e-05,-0.010196612868664204,-0.0004400144088624047
1,-0.011775706009584497,0.0,-0.011433423191470699,-0.011795374547738699,-0.0219723188782487,-0.012215720418446901
2,-0.00034228281811379824,0.011433423191470699,0.0,-0.00036195135626800046,-0.010538895686778002,-0.000782297226976203
3,1.966853815420222e-05,0.011795374547738699,0.00036195135626800046,0.0,-0.010176944330510002,-0.0004203458707082025
4,0.010196612868664204,0.0219723188782487,0.010538895686778002,0.010176944330510002,0.0,0.009756598459801799
5,0.0004400144088624047,0.012215720418446901,0.000782297226976203,0.0004203458707082025,-0.009756598459801799,0.0
