,zero_shot_baseline,in_context_learning_3-shot,style_information_style_example,chain_of_thought_zero_shot,chain_of_thought_one_shot,self-refine
0,0.0,0.020197389416018202,0.008693242036100501,-0.0009742656301596972,0.002322421437672903,0.001791581256643502
1,-0.020197389416018202,0.0,-0.0115041473799177,-0.0211716550461779,-0.0178749679783453,-0.0184058081593747
2,-0.008693242036100501,0.0115041473799177,0.0,-0.009667507666260199,-0.006370820598427598,-0.006901660779456999
3,0.0009742656301596972,0.0211716550461779,0.009667507666260199,0.0,0.0032966870678326,0.002765846886803199
4,-0.002322421437672903,0.0178749679783453,0.006370820598427598,-0.0032966870678326,0.0,-0.000530840181029401
5,-0.001791581256643502,0.0184058081593747,0.006901660779456999,-0.002765846886803199,0.000530840181029401,0.0
