,mistral,deepseek,llama3.3,qwen72b,qwen32b,qwen14b,solar
0,0.0,0.0016431000235790985,4.073939269669952e-05,-0.0005705439035800005,0.0018494074161432995,0.0016449047879112996,0.0023601075273318
1,-0.0016431000235790985,0.0,-0.001602360630882399,-0.002213643927159099,0.00020630739256420096,1.8047643322010448e-06,0.0007170075037527014
2,-4.073939269669952e-05,0.001602360630882399,0.0,-0.0006112832962767,0.0018086680234466,0.0016041653952146,0.0023193681346351004
3,0.0005705439035800005,0.002213643927159099,0.0006112832962767,0.0,0.0024199513197233,0.0022154486914913,0.0029306514309118004
4,-0.0018494074161432995,-0.00020630739256420096,-0.0018086680234466,-0.0024199513197233,0.0,-0.0002045026282319999,0.0005107001111885005
5,-0.0016449047879112996,-1.8047643322010448e-06,-0.0016041653952146,-0.0022154486914913,0.0002045026282319999,0.0,0.0007152027394205004
6,-0.0023601075273318,-0.0007170075037527014,-0.0023193681346351004,-0.0029306514309118004,-0.0005107001111885005,-0.0007152027394205004,0.0
