,zero_shot_baseline,in_context_learning_3-shot,style_information_style_example,chain_of_thought_zero_shot,chain_of_thought_one_shot,self-refine
0,0.0,0.0010919228989767996,0.002027227769932599,0.0001268956664701986,0.0008752624086890998,-0.001984679633871401
1,-0.0010919228989767996,0.0,0.0009353048709557993,-0.000965027232506601,-0.0002166604902876998,-0.003076602532848201
2,-0.002027227769932599,-0.0009353048709557993,0.0,-0.0019003321034624003,-0.0011519653612434991,-0.004011907403804
3,-0.0001268956664701986,0.000965027232506601,0.0019003321034624003,0.0,0.0007483667422189012,-0.0021115753003415998
4,-0.0008752624086890998,0.0002166604902876998,0.0011519653612434991,-0.0007483667422189012,0.0,-0.002859942042560501
5,0.001984679633871401,0.003076602532848201,0.004011907403804,0.0021115753003415998,0.002859942042560501,0.0
