,zero_shot_baseline,in_context_learning_3-shot,style_information_style_example,chain_of_thought_zero_shot,chain_of_thought_one_shot,self-refine
0,0.0,-0.008234117334755299,0.003055034255846103,-0.0005572106706246,-0.012932455370244095,-0.017212801075088296
1,0.008234117334755299,0.0,0.011289151590601402,0.007676906664130699,-0.004698338035488796,-0.008978683740332997
2,-0.003055034255846103,-0.011289151590601402,0.0,-0.003612244926470703,-0.015987489626090198,-0.0202678353309344
3,0.0005572106706246,-0.007676906664130699,0.003612244926470703,0.0,-0.012375244699619495,-0.016655590404463697
4,0.012932455370244095,0.004698338035488796,0.015987489626090198,0.012375244699619495,0.0,-0.004280345704844202
5,0.017212801075088296,0.008978683740332997,0.0202678353309344,0.016655590404463697,0.004280345704844202,0.0
