,mistral,deepseek,llama3.3,qwen72b,qwen32b,qwen14b,solar
0,0.0,0.005132468995352399,0.008430012253797102,0.0030255276110821017,-0.035690069931735,-0.017615685729448702,0.0012372174662121024
1,-0.005132468995352399,0.0,0.003297543258444703,-0.002106941384270297,-0.0408225389270874,-0.0227481547248011,-0.0038952515291402964
2,-0.008430012253797102,-0.003297543258444703,0.0,-0.005404484642715,-0.0441200821855321,-0.026045697983245804,-0.007192794787585
3,-0.0030255276110821017,0.002106941384270297,0.005404484642715,0.0,-0.0387155975428171,-0.020641213340530803,-0.0017883101448699992
4,0.035690069931735,0.0408225389270874,0.0441200821855321,0.0387155975428171,0.0,0.018074384202286298,0.0369272873979471
5,0.017615685729448702,0.0227481547248011,0.026045697983245804,0.020641213340530803,-0.018074384202286298,0.0,0.018852903195660804
6,-0.0012372174662121024,0.0038952515291402964,0.007192794787585,0.0017883101448699992,-0.0369272873979471,-0.018852903195660804,0.0
