,abstracts,news,reviews,qa
0,0.0,0.0009623924195246,-0.0022388822417713002,-0.0157413933152176
1,-0.0009623924195246,0.0,-0.0032012746612959,-0.0167037857347422
2,0.0022388822417713002,0.0032012746612959,0.0,-0.0135025110734463
3,0.0157413933152176,0.0167037857347422,0.0135025110734463,0.0
