,zero_shot_baseline,in_context_learning_3-shot,style_information_style_example,chain_of_thought_zero_shot,chain_of_thought_one_shot,self-refine
0,0.0,0.029765961492855708,7.244209737211627e-05,-0.000633357667436385,0.004195686473479093,0.012122590529106692
1,-0.029765961492855708,0.0,-0.029693519395483592,-0.030399319160292093,-0.025570275019376615,-0.017643370963749017
2,-7.244209737211627e-05,0.029693519395483592,0.0,-0.0007057997648085013,0.004123244376106977,0.012050148431734575
3,0.000633357667436385,0.030399319160292093,0.0007057997648085013,0.0,0.004829044140915478,0.012755948196543077
4,-0.004195686473479093,0.025570275019376615,-0.004123244376106977,-0.004829044140915478,0.0,0.007926904055627598
5,-0.012122590529106692,0.017643370963749017,-0.012050148431734575,-0.012755948196543077,-0.007926904055627598,0.0
