,zero_shot_baseline,in_context_learning_3-shot,style_information_style_example,chain_of_thought_zero_shot,chain_of_thought_one_shot,self-refine
0,0.0,0.00039417458854039997,-7.820718102799994e-05,0.00020716865952410003,4.939750961809996e-05,0.0003266906026418001
1,-0.00039417458854039997,0.0,-0.0004723817695683999,-0.00018700592901629994,-0.0003447770789223,-6.748398589859986e-05
2,7.820718102799994e-05,0.0004723817695683999,0.0,0.00028537584055209997,0.0001276046906460999,0.00040489778366980004
3,-0.00020716865952410003,0.00018700592901629994,-0.00028537584055209997,0.0,-0.00015777114990600007,0.00011952194311770008
4,-4.939750961809996e-05,0.0003447770789223,-0.0001276046906460999,0.00015777114990600007,0.0,0.00027729309302370014
5,-0.0003266906026418001,6.748398589859986e-05,-0.00040489778366980004,-0.00011952194311770008,-0.00027729309302370014,0.0
