,zero_shot_baseline,in_context_learning_3-shot,style_information_style_example,chain_of_thought_zero_shot,chain_of_thought_one_shot,self-refine
0,0.0,0.036786756085164504,-0.001423981079878095,0.0006329180502677029,0.0052357584221948,-0.0156748122769637
1,-0.036786756085164504,0.0,-0.0382107371650426,-0.0361538380348968,-0.031550997662969704,-0.0524615683621282
2,0.001423981079878095,0.0382107371650426,0.0,0.002056899130145798,0.006659739502072895,-0.014250831197085603
3,-0.0006329180502677029,0.0361538380348968,-0.002056899130145798,0.0,0.004602840371927097,-0.0163077303272314
4,-0.0052357584221948,0.031550997662969704,-0.006659739502072895,-0.004602840371927097,0.0,-0.0209105706991585
5,0.0156748122769637,0.0524615683621282,0.014250831197085603,0.0163077303272314,0.0209105706991585,0.0
