,abstracts,news,reviews,qa
0,0.0,-0.0030237146294811003,-0.008326050124961501,-0.0101567780110438
1,0.0030237146294811003,0.0,-0.0053023354954804,-0.0071330633815627
2,0.008326050124961501,0.0053023354954804,0.0,-0.0018307278860823003
3,0.0101567780110438,0.0071330633815627,0.0018307278860823003,0.0
