,zero_shot_baseline,in_context_learning_3-shot,style_information_style_example,chain_of_thought_zero_shot,chain_of_thought_one_shot,self-refine
0,0.0,0.005067920423085404,-0.0005269000121977951,0.0004943668109027022,0.005755096709511805,-0.0024821358439089947
1,-0.005067920423085404,0.0,-0.005594820435283199,-0.004573553612182701,0.0006871762864264011,-0.007550056266994398
2,0.0005269000121977951,0.005594820435283199,0.0,0.0010212668231004973,0.0062819967217096,-0.0019552358317111995
3,-0.0004943668109027022,0.004573553612182701,-0.0010212668231004973,0.0,0.0052607298986091025,-0.002976502654811697
4,-0.005755096709511805,-0.0006871762864264011,-0.0062819967217096,-0.0052607298986091025,0.0,-0.0082372325534208
5,0.0024821358439089947,0.007550056266994398,0.0019552358317111995,0.002976502654811697,0.0082372325534208,0.0
