,zero_shot_baseline,in_context_learning_3-shot,style_information_style_example,chain_of_thought_zero_shot,chain_of_thought_one_shot,self-refine
0,0.0,-0.012061223940935999,-0.006892164827494204,-0.0020541575716926004,-0.0117809368278926,-0.013044142702336205
1,0.012061223940935999,0.0,0.005169059113441794,0.010007066369243398,0.00028028711304339815,-0.000982918761400206
2,0.006892164827494204,-0.005169059113441794,0.0,0.004838007255801604,-0.004888772000398396,-0.006151977874842
3,0.0020541575716926004,-0.010007066369243398,-0.004838007255801604,0.0,-0.0097267792562,-0.010989985130643604
4,0.0117809368278926,-0.00028028711304339815,0.004888772000398396,0.0097267792562,0.0,-0.0012632058744436042
5,0.013044142702336205,0.000982918761400206,0.006151977874842,0.010989985130643604,0.0012632058744436042,0.0
