,zero_shot_baseline,in_context_learning_3-shot,style_information_style_example,chain_of_thought_zero_shot,chain_of_thought_one_shot,self-refine
0,0.0,-0.0078052617818548005,-0.006455656516097998,0.001651023920460102,-0.0036661187058695983,-0.007289580647427896
1,0.0078052617818548005,0.0,0.0013496052657568022,0.009456285702314902,0.004139143075985202,0.0005156811344269041
2,0.006455656516097998,-0.0013496052657568022,0.0,0.0081066804365581,0.0027895378102284,-0.0008339241313298981
3,-0.001651023920460102,-0.009456285702314902,-0.0081066804365581,0.0,-0.0053171426263297,-0.008940604567887998
4,0.0036661187058695983,-0.004139143075985202,-0.0027895378102284,0.0053171426263297,0.0,-0.003623461941558298
5,0.007289580647427896,-0.0005156811344269041,0.0008339241313298981,0.008940604567887998,0.003623461941558298,0.0
