,zero_shot_baseline,in_context_learning_3-shot,style_information_style_example,chain_of_thought_zero_shot,chain_of_thought_one_shot,self-refine
0,0.0,0.024524199199327107,-0.010668719106129695,0.008855039532053008,0.00016578961151529625,-0.0038081936307872016
1,-0.024524199199327107,0.0,-0.0351929183054568,-0.0156691596672741,-0.02435840958781181,-0.02833239283011431
2,0.010668719106129695,0.0351929183054568,0.0,0.019523758638182703,0.010834508717644992,0.006860525475342494
3,-0.008855039532053008,0.0156691596672741,-0.019523758638182703,0.0,-0.008689249920537712,-0.01266323316284021
4,-0.00016578961151529625,0.02435840958781181,-0.010834508717644992,0.008689249920537712,0.0,-0.003973983242302498
5,0.0038081936307872016,0.02833239283011431,-0.006860525475342494,0.01266323316284021,0.003973983242302498,0.0
