,zero_shot_baseline,in_context_learning_3-shot,style_information_style_example,chain_of_thought_zero_shot,chain_of_thought_one_shot,self-refine
0,0.0,3.8398690961099786e-05,-0.00012938522778849996,6.885991735139981e-05,0.0004013363221422998,0.0001988055221962999
1,-3.8398690961099786e-05,0.0,-0.00016778391874959974,3.0461226390300026e-05,0.0003629376311812,0.00016040683123520012
2,0.00012938522778849996,0.00016778391874959974,0.0,0.00019824514513989977,0.0005307215499307997,0.00032819074998479986
3,-6.885991735139981e-05,-3.0461226390300026e-05,-0.00019824514513989977,0.0,0.00033247640479089997,0.0001299456048449001
4,-0.0004013363221422998,-0.0003629376311812,-0.0005307215499307997,-0.00033247640479089997,0.0,-0.00020253079994599988
5,-0.0001988055221962999,-0.00016040683123520012,-0.00032819074998479986,-0.0001299456048449001,0.00020253079994599988,0.0
