,zero_shot_baseline,in_context_learning_3-shot,style_information_style_example,chain_of_thought_zero_shot,chain_of_thought_one_shot,self-refine
0,0.0,-0.00029937799562370005,3.130364303779998e-05,-1.5968835536000028e-05,1.623986837469998e-05,-0.0006774373165322001
1,0.00029937799562370005,0.0,0.00033068163866150003,0.0002834091600877,0.00031561786399840003,-0.0003780593209085
2,-3.130364303779998e-05,-0.00033068163866150003,0.0,-4.7272478573800005e-05,-1.5063774663099999e-05,-0.0007087409595700001
3,1.5968835536000028e-05,-0.0002834091600877,4.7272478573800005e-05,0.0,3.2208703910700006e-05,-0.0006614684809962
4,-1.623986837469998e-05,-0.00031561786399840003,1.5063774663099999e-05,-3.2208703910700006e-05,0.0,-0.0006936771849069001
5,0.0006774373165322001,0.0003780593209085,0.0007087409595700001,0.0006614684809962,0.0006936771849069001,0.0
