,zero_shot_baseline,in_context_learning_3-shot,style_information_style_example,chain_of_thought_zero_shot,chain_of_thought_one_shot,self-refine
0,0.0,-0.00020482467203709973,0.0011068010975818,0.00014245243905360028,0.0006837753564532,0.0003832202395808999
1,0.00020482467203709973,0.0,0.0013116257696188997,0.0003472771110907,0.0008886000284902998,0.0005880449116179996
2,-0.0011068010975818,-0.0013116257696188997,0.0,-0.0009643486585281997,-0.00042302574112859995,-0.0007235808580009001
3,-0.00014245243905360028,-0.0003472771110907,0.0009643486585281997,0.0,0.0005413229173995998,0.00024076780052729964
4,-0.0006837753564532,-0.0008886000284902998,0.00042302574112859995,-0.0005413229173995998,0.0,-0.0003005551168723001
5,-0.0003832202395808999,-0.0005880449116179996,0.0007235808580009001,-0.00024076780052729964,0.0003005551168723001,0.0
