,zero_shot_baseline,in_context_learning_3-shot,style_information_style_example,chain_of_thought_zero_shot,chain_of_thought_one_shot,self-refine
0,0.0,0.0005974567572228,0.0004427165764410001,3.395131547520016e-05,0.0005156953176471001,0.0005120249061794
1,-0.0005974567572228,0.0,-0.0001547401807817999,-0.0005635054417475998,-8.176143957569991e-05,-8.54318510434e-05
2,-0.0004427165764410001,0.0001547401807817999,0.0,-0.0004087652609657999,7.297874120609999e-05,6.930832973839991e-05
3,-3.395131547520016e-05,0.0005635054417475998,0.0004087652609657999,0.0,0.0004817440021718999,0.00047807359070419983
4,-0.0005156953176471001,8.176143957569991e-05,-7.297874120609999e-05,-0.0004817440021718999,0.0,-3.6704114677000785e-06
5,-0.0005120249061794,8.54318510434e-05,-6.930832973839991e-05,-0.00047807359070419983,3.6704114677000785e-06,0.0
