,abstracts,news,reviews,qa
0,0.0,-0.0134121575046899,-0.024616157357389,-0.0184786908060184
1,0.0134121575046899,0.0,-0.0112039998526991,-0.0050665333013285
2,0.024616157357389,0.0112039998526991,0.0,0.0061374665513706
3,0.0184786908060184,0.0050665333013285,-0.0061374665513706,0.0
