,zero_shot_baseline,in_context_learning_3-shot,style_information_style_example,chain_of_thought_zero_shot,chain_of_thought_one_shot,self-refine
0,0.0,-0.0037462618869214,0.0013899334916954009,0.0004700534137765007,-0.0010245397775029991,-0.003557262137108299
1,0.0037462618869214,0.0,0.005136195378616801,0.004216315300697901,0.0027217221094184008,0.00018899974981310096
2,-0.0013899334916954009,-0.005136195378616801,0.0,-0.0009198800779189002,-0.0024144732691984,-0.0049471956288037
3,-0.0004700534137765007,-0.004216315300697901,0.0009198800779189002,0.0,-0.0014945931912794998,-0.0040273155508848
4,0.0010245397775029991,-0.0027217221094184008,0.0024144732691984,0.0014945931912794998,0.0,-0.0025327223596053
5,0.003557262137108299,-0.00018899974981310096,0.0049471956288037,0.0040273155508848,0.0025327223596053,0.0
