,zero_shot_baseline,in_context_learning_3-shot,style_information_style_example,chain_of_thought_zero_shot,chain_of_thought_one_shot,self-refine
0,0.0,0.0005485509024620999,-0.0022188135379414033,2.725889932200104e-05,0.0032404706529407003,-0.0055798245956163
1,-0.0005485509024620999,0.0,-0.002767364440403503,-0.0005212920031400989,0.0026919197504786004,-0.0061283754980784
2,0.0022188135379414033,0.002767364440403503,0.0,0.0022460724372634043,0.0054592841908821035,-0.0033610110576748967
3,-2.725889932200104e-05,0.0005212920031400989,-0.0022460724372634043,0.0,0.0032132117536186992,-0.005607083494938301
4,-0.0032404706529407003,-0.0026919197504786004,-0.0054592841908821035,-0.0032132117536186992,0.0,-0.008820295248557
5,0.0055798245956163,0.0061283754980784,0.0033610110576748967,0.005607083494938301,0.008820295248557,0.0
