,zero_shot_baseline,in_context_learning_3-shot,style_information_style_example,chain_of_thought_zero_shot,chain_of_thought_one_shot,self-refine
0,0.0,-0.0230693931762279,0.0023876933103557027,-0.0006758723085101004,-0.005220767220373207,-0.0016581531664354998
1,0.0230693931762279,0.0,0.025457086486583604,0.0223935208677178,0.017848625955854694,0.0214112400097924
2,-0.0023876933103557027,-0.025457086486583604,0.0,-0.003063565618865803,-0.00760846053072891,-0.0040458464767912025
3,0.0006758723085101004,-0.0223935208677178,0.003063565618865803,0.0,-0.004544894911863107,-0.0009822808579253994
4,0.005220767220373207,-0.017848625955854694,0.00760846053072891,0.004544894911863107,0.0,0.003562614053937707
5,0.0016581531664354998,-0.0214112400097924,0.0040458464767912025,0.0009822808579253994,-0.003562614053937707,0.0
