,zero_shot_baseline,in_context_learning_3-shot,style_information_style_example,chain_of_thought_zero_shot,chain_of_thought_one_shot,self-refine
0,0.0,-0.0025007274568489,0.015014651718319796,-0.00013054669085441062,0.005019363012074798,0.02236744409625989
1,0.0025007274568489,0.0,0.017515379175168697,0.0023701807659944896,0.007520090468923699,0.02486817155310879
2,-0.015014651718319796,-0.017515379175168697,0.0,-0.015145198409174207,-0.009995288706244998,0.007352792377940093
3,0.00013054669085441062,-0.0023701807659944896,0.015145198409174207,0.0,0.005149909702929209,0.0224979907871143
4,-0.005019363012074798,-0.007520090468923699,0.009995288706244998,-0.005149909702929209,0.0,0.01734808108418509
5,-0.02236744409625989,-0.02486817155310879,-0.007352792377940093,-0.0224979907871143,-0.01734808108418509,0.0
