,zero_shot_baseline,in_context_learning_3-shot,style_information_style_example,chain_of_thought_zero_shot,chain_of_thought_one_shot,self-refine
0,0.0,0.0220068561746391,-0.006594072491973607,-0.0022882155988949993,0.003326574055745074,0.01392981353584638
1,-0.0220068561746391,0.0,-0.028600928666612707,-0.0242950717735341,-0.018680282118894026,-0.00807704263879272
2,0.006594072491973607,0.028600928666612707,0.0,0.004305856893078608,0.009920646547718681,0.020523886027819987
3,0.0022882155988949993,0.0242950717735341,-0.004305856893078608,0.0,0.005614789654640073,0.01621802913474138
4,-0.003326574055745074,0.018680282118894026,-0.009920646547718681,-0.005614789654640073,0.0,0.010603239480101306
5,-0.01392981353584638,0.00807704263879272,-0.020523886027819987,-0.01621802913474138,-0.010603239480101306,0.0
