,abstracts,news,reviews,qa
0,0.0,-0.0079735042441927,-0.0068805200066196,-0.0200604639137605
1,0.0079735042441927,0.0,0.0010929842375730998,-0.0120869596695678
2,0.0068805200066196,-0.0010929842375730998,0.0,-0.0131799439071409
3,0.0200604639137605,0.0120869596695678,0.0131799439071409,0.0
