,zero_shot_baseline,in_context_learning_3-shot,style_information_style_example,chain_of_thought_zero_shot,chain_of_thought_one_shot,self-refine
0,0.0,-0.008207868858935402,-0.0015419005355254006,-0.0004339091411183979,0.0025748758497705013,-0.011304978618784503
1,0.008207868858935402,0.0,0.0066659683234100015,0.007773959717817004,0.010782744708705903,-0.003097109759849101
2,0.0015419005355254006,-0.0066659683234100015,0.0,0.0011079913944070027,0.004116776385295902,-0.009763078083259102
3,0.0004339091411183979,-0.007773959717817004,-0.0011079913944070027,0.0,0.003008784990888899,-0.010871069477666105
4,-0.0025748758497705013,-0.010782744708705903,-0.004116776385295902,-0.003008784990888899,0.0,-0.013879854468555004
5,0.011304978618784503,0.003097109759849101,0.009763078083259102,0.010871069477666105,0.013879854468555004,0.0
