,zero_shot_baseline,in_context_learning_3-shot,style_information_style_example,chain_of_thought_zero_shot,chain_of_thought_one_shot,self-refine
0,0.0,-0.0004766691743703,-0.00047475549134000004,-0.00020455074992600016,-0.0002517213020880001,-0.00043302270334960005
1,0.0004766691743703,0.0,1.9136830302999425e-06,0.0002721184244442998,0.00022494787228229986,4.3646471020699924e-05
2,0.00047475549134000004,-1.9136830302999425e-06,0.0,0.00027020474141399987,0.00022303418925199991,4.173278799039998e-05
3,0.00020455074992600016,-0.0002721184244442998,-0.00027020474141399987,0.0,-4.717055216199996e-05,-0.0002284719534235999
4,0.0002517213020880001,-0.00022494787228229986,-0.00022303418925199991,4.717055216199996e-05,0.0,-0.00018130140126159993
5,0.00043302270334960005,-4.3646471020699924e-05,-4.173278799039998e-05,0.0002284719534235999,0.00018130140126159993,0.0
