,zero_shot_baseline,in_context_learning_3-shot,style_information_style_example,chain_of_thought_zero_shot,chain_of_thought_one_shot,self-refine
0,0.0,0.026760527948846313,0.04722627129685482,0.006706094945012814,0.031272866804464006,0.04778203755263381
1,-0.026760527948846313,0.0,0.020465743348008505,-0.0200544330038335,0.0045123388556176924,0.0210215096037875
2,-0.04722627129685482,-0.020465743348008505,0.0,-0.040520176351842005,-0.015953404492390813,0.0005557662557789944
3,-0.006706094945012814,0.0200544330038335,0.040520176351842005,0.0,0.024566771859451192,0.041075942607621
4,-0.031272866804464006,-0.0045123388556176924,0.015953404492390813,-0.024566771859451192,0.0,0.016509170748169807
5,-0.04778203755263381,-0.0210215096037875,-0.0005557662557789944,-0.041075942607621,-0.016509170748169807,0.0
