,zero_shot_baseline,in_context_learning_3-shot,style_information_style_example,chain_of_thought_zero_shot,chain_of_thought_one_shot,self-refine
0,0.0,0.034269021326933005,0.028677561731835305,0.004844564354718112,0.02016467856587971,0.018708794199109105
1,-0.034269021326933005,0.0,-0.0055914595950977,-0.029424456972214894,-0.014104342761053296,-0.0155602271278239
2,-0.028677561731835305,0.0055914595950977,0.0,-0.023832997377117193,-0.008512883165955595,-0.0099687675327262
3,-0.004844564354718112,0.029424456972214894,0.023832997377117193,0.0,0.015320114211161598,0.013864229844390993
4,-0.02016467856587971,0.014104342761053296,0.008512883165955595,-0.015320114211161598,0.0,-0.0014558843667706045
5,-0.018708794199109105,0.0155602271278239,0.0099687675327262,-0.013864229844390993,0.0014558843667706045,0.0
