,zero_shot_baseline,in_context_learning_3-shot,style_information_style_example,chain_of_thought_zero_shot,chain_of_thought_one_shot,self-refine
0,0.0,0.012350752611017604,0.006365582831691002,-0.0007227363225571909,-0.003716378046714,0.014028914931730807
1,-0.012350752611017604,0.0,-0.005985169779326602,-0.013073488933574795,-0.016067130657731604,0.001678162320713203
2,-0.006365582831691002,0.005985169779326602,0.0,-0.007088319154248193,-0.010081960878405002,0.007663332100039805
3,0.0007227363225571909,0.013073488933574795,0.007088319154248193,0.0,-0.002993641724156809,0.014751651254287998
4,0.003716378046714,0.016067130657731604,0.010081960878405002,0.002993641724156809,0.0,0.017745292978444807
5,-0.014028914931730807,-0.001678162320713203,-0.007663332100039805,-0.014751651254287998,-0.017745292978444807,0.0
