,zero_shot_baseline,in_context_learning_3-shot,style_information_style_example,chain_of_thought_zero_shot,chain_of_thought_one_shot,self-refine
0,0.0,0.0010325576218154998,0.0004508834584718998,-9.95641247040005e-06,0.0006135805538953999,0.0002428128945865999
1,-0.0010325576218154998,0.0,-0.0005816741633436,-0.0010425140342858999,-0.00041897706792009995,-0.0007897447272288999
2,-0.0004508834584718998,0.0005816741633436,0.0,-0.00046083987094229983,0.0001626970954235001,-0.00020807056388529987
3,9.95641247040005e-06,0.0010425140342858999,0.00046083987094229983,0.0,0.0006235369663657999,0.00025276930705699996
4,-0.0006135805538953999,0.00041897706792009995,-0.0001626970954235001,-0.0006235369663657999,0.0,-0.0003707676593088
5,-0.0002428128945865999,0.0007897447272288999,0.00020807056388529987,-0.00025276930705699996,0.0003707676593088,0.0
