,zero_shot_baseline,in_context_learning_3-shot,style_information_style_example,chain_of_thought_zero_shot,chain_of_thought_one_shot,self-refine
0,0.0,-0.0007700976355008021,-0.0012098574339384008,0.0012574561959615982,-0.0013822243415696003,-0.023906066089238905
1,0.0007700976355008021,0.0,-0.00043975979843759866,0.0020275538314624003,-0.0006121267060687982,-0.023135968453738102
2,0.0012098574339384008,0.00043975979843759866,0.0,0.002467313629899999,-0.00017236690763119955,-0.022696208655300504
3,-0.0012574561959615982,-0.0020275538314624003,-0.002467313629899999,0.0,-0.0026396805375311985,-0.025163522285200503
4,0.0013822243415696003,0.0006121267060687982,0.00017236690763119955,0.0026396805375311985,0.0,-0.022523841747669304
5,0.023906066089238905,0.023135968453738102,0.022696208655300504,0.025163522285200503,0.022523841747669304,0.0
