,zero_shot_baseline,in_context_learning_3-shot,style_information_style_example,chain_of_thought_zero_shot,chain_of_thought_one_shot,self-refine
0,0.0,0.0426259306932734,-0.002085416635394702,0.00023648828742189876,0.006181772177542302,-0.0225083395369009
1,-0.0426259306932734,0.0,-0.044711347328668105,-0.042389442405851505,-0.0364441585157311,-0.0651342702301743
2,0.002085416635394702,0.044711347328668105,0.0,0.0023219049228166005,0.008267188812937004,-0.0204229229015062
3,-0.00023648828742189876,0.042389442405851505,-0.0023219049228166005,0.0,0.005945283890120404,-0.0227448278243228
4,-0.006181772177542302,0.0364441585157311,-0.008267188812937004,-0.005945283890120404,0.0,-0.028690111714443203
5,0.0225083395369009,0.0651342702301743,0.0204229229015062,0.0227448278243228,0.028690111714443203,0.0
