,zero_shot_baseline,in_context_learning_3-shot,style_information_style_example,chain_of_thought_zero_shot,chain_of_thought_one_shot,self-refine
0,0.0,0.0005902590706022004,0.0005075702185639991,0.005210746244128303,0.0006998986346284028,-0.0010382371132110005
1,-0.0005902590706022004,0.0,-8.268885203820131e-05,0.004620487173526103,0.0001096395640262024,-0.0016284961838132009
2,-0.0005075702185639991,8.268885203820131e-05,0.0,0.004703176025564304,0.0001923284160644037,-0.0015458073317749996
3,-0.005210746244128303,-0.004620487173526103,-0.004703176025564304,0.0,-0.0045108476094999,-0.006248983357339304
4,-0.0006998986346284028,-0.0001096395640262024,-0.0001923284160644037,0.0045108476094999,0.0,-0.0017381357478394033
5,0.0010382371132110005,0.0016284961838132009,0.0015458073317749996,0.006248983357339304,0.0017381357478394033,0.0
