,zero_shot_baseline,in_context_learning_3-shot,style_information_style_example,chain_of_thought_zero_shot,chain_of_thought_one_shot,self-refine
0,0.0,0.0395220707693542,0.004448832409811199,0.0011258629373197965,-0.0037937781323007097,0.009860788296044698
1,-0.0395220707693542,0.0,-0.035073238359543,-0.0383962078320344,-0.04331584890165491,-0.0296612824733095
2,-0.004448832409811199,0.035073238359543,0.0,-0.003322969472491402,-0.008242610542111908,0.005411955886233499
3,-0.0011258629373197965,0.0383962078320344,0.003322969472491402,0.0,-0.004919641069620506,0.008734925358724902
4,0.0037937781323007097,0.04331584890165491,0.008242610542111908,0.004919641069620506,0.0,0.013654566428345408
5,-0.009860788296044698,0.0296612824733095,-0.005411955886233499,-0.008734925358724902,-0.013654566428345408,0.0
