,zero_shot_baseline,in_context_learning_3-shot,style_information_style_example,chain_of_thought_zero_shot,chain_of_thought_one_shot,self-refine
0,0.0,0.0300353873892341,0.004410981877166195,0.0005945605658436992,-0.00023986659576079317,-0.008578987110538394
1,-0.0300353873892341,0.0,-0.025624405512067905,-0.0294408268233904,-0.030275253984994893,-0.038614374499772494
2,-0.004410981877166195,0.025624405512067905,0.0,-0.003816421311322496,-0.004650848472926988,-0.01298996898770459
3,-0.0005945605658436992,0.0294408268233904,0.003816421311322496,0.0,-0.0008344271616044924,-0.009173547676382093
4,0.00023986659576079317,0.030275253984994893,0.004650848472926988,0.0008344271616044924,0.0,-0.008339120514777601
5,0.008578987110538394,0.038614374499772494,0.01298996898770459,0.009173547676382093,0.008339120514777601,0.0
