,mistral,deepseek,llama3.3,qwen72b,qwen32b,qwen14b,solar
0,0.0,-0.013269654275743892,0.0039378889523581095,-0.001388904843275779,-0.014727055057377175,-0.014442322302255589,0.004560600885524124
1,0.013269654275743892,0.0,0.017207543228102,0.011880749432468113,-0.0014574007816332835,-0.0011726680265116973,0.017830255161268016
2,-0.0039378889523581095,-0.017207543228102,0.0,-0.0053267937956338884,-0.018664944009735285,-0.0183802112546137,0.0006227119331660147
3,0.001388904843275779,-0.011880749432468113,0.0053267937956338884,0.0,-0.013338150214101396,-0.01305341745897981,0.005949505728799903
4,0.014727055057377175,0.0014574007816332835,0.018664944009735285,0.013338150214101396,0.0,0.00028473275512158613,0.0192876559429013
5,0.014442322302255589,0.0011726680265116973,0.0183802112546137,0.01305341745897981,-0.00028473275512158613,0.0,0.019002923187779713
6,-0.004560600885524124,-0.017830255161268016,-0.0006227119331660147,-0.005949505728799903,-0.0192876559429013,-0.019002923187779713,0.0
