,zero_shot_baseline,in_context_learning_3-shot,style_information_style_example,chain_of_thought_zero_shot,chain_of_thought_one_shot,self-refine
0,0.0,-0.0013996385433059002,-0.0011406030399379007,0.0002897350064998,-0.0134122134592189,-0.0029458712605845002
1,0.0013996385433059002,0.0,0.00025903550336799953,0.0016893735498057002,-0.012012574915913,-0.0015462327172786
2,0.0011406030399379007,-0.00025903550336799953,0.0,0.0014303380464377007,-0.012271610419281,-0.0018052682206465996
3,-0.0002897350064998,-0.0016893735498057002,-0.0014303380464377007,0.0,-0.0137019484657187,-0.0032356062670843002
4,0.0134122134592189,0.012012574915913,0.012271610419281,0.0137019484657187,0.0,0.0104663421986344
5,0.0029458712605845002,0.0015462327172786,0.0018052682206465996,0.0032356062670843002,-0.0104663421986344,0.0
