,zero_shot_baseline,in_context_learning_3-shot,style_information_style_example,chain_of_thought_zero_shot,chain_of_thought_one_shot,self-refine
0,0.0,0.0010257474215204,0.0002711210759014,1.1087159434999827e-05,0.0006148730141227999,0.0005004239540006999
1,-0.0010257474215204,0.0,-0.000754626345619,-0.0010146602620854002,-0.0004108744073976001,-0.0005253234675197001
2,-0.0002711210759014,0.000754626345619,0.0,-0.0002600339164664002,0.00034375193822139987,0.0002293028780992999
3,-1.1087159434999827e-05,0.0010146602620854002,0.0002600339164664002,0.0,0.0006037858546878,0.0004893367945657001
4,-0.0006148730141227999,0.0004108744073976001,-0.00034375193822139987,-0.0006037858546878,0.0,-0.00011444906012209998
5,-0.0005004239540006999,0.0005253234675197001,-0.0002293028780992999,-0.0004893367945657001,0.00011444906012209998,0.0
