,zero_shot_baseline,in_context_learning_3-shot,style_information_style_example,chain_of_thought_zero_shot,chain_of_thought_one_shot,self-refine
0,0.0,-0.012234312962529997,-0.005975820434930702,-0.0016082908234619012,-0.008821877673620998,-0.013521176115540497
1,0.012234312962529997,0.0,0.006258492527599295,0.010626022139068096,0.0034124352889089993,-0.0012868631530104993
2,0.005975820434930702,-0.006258492527599295,0.0,0.004367529611468801,-0.0028460572386902958,-0.007545355680609794
3,0.0016082908234619012,-0.010626022139068096,-0.004367529611468801,0.0,-0.007213586850159097,-0.011912885292078595
4,0.008821877673620998,-0.0034124352889089993,0.0028460572386902958,0.007213586850159097,0.0,-0.004699298441919499
5,0.013521176115540497,0.0012868631530104993,0.007545355680609794,0.011912885292078595,0.004699298441919499,0.0
