,zero_shot_baseline,in_context_learning_3-shot,style_information_style_example,chain_of_thought_zero_shot,chain_of_thought_one_shot,self-refine
0,0.0,0.017639390006081,0.0046452521578281,-0.0025765235468180048,0.0020755524937867975,-0.007551936820393804
1,-0.017639390006081,0.0,-0.012994137848252901,-0.020215913552899006,-0.015563837512294204,-0.025191326826474805
2,-0.0046452521578281,0.012994137848252901,0.0,-0.007221775704646105,-0.002569699664041303,-0.012197188978221904
3,0.0025765235468180048,0.020215913552899006,0.007221775704646105,0.0,0.004652076040604802,-0.004975413273575799
4,-0.0020755524937867975,0.015563837512294204,0.002569699664041303,-0.004652076040604802,0.0,-0.009627489314180601
5,0.007551936820393804,0.025191326826474805,0.012197188978221904,0.004975413273575799,0.009627489314180601,0.0
