,zero_shot_baseline,in_context_learning_3-shot,style_information_style_example,chain_of_thought_zero_shot,chain_of_thought_one_shot,self-refine
0,0.0,-0.005568492256248301,-0.0011915455754854002,0.00035252895505539974,-0.0030742364372122006,-0.0036017523403141993
1,0.005568492256248301,0.0,0.0043769466807629005,0.0059210212113037005,0.0024942558190361,0.0019667399159341015
2,0.0011915455754854002,-0.0043769466807629005,0.0,0.0015440745305408,-0.0018826908617268004,-0.002410206764828799
3,-0.00035252895505539974,-0.0059210212113037005,-0.0015440745305408,0.0,-0.0034267653922676004,-0.003954281295369599
4,0.0030742364372122006,-0.0024942558190361,0.0018826908617268004,0.0034267653922676004,0.0,-0.0005275159031019987
5,0.0036017523403141993,-0.0019667399159341015,0.002410206764828799,0.003954281295369599,0.0005275159031019987,0.0
