,zero_shot_baseline,in_context_learning_3-shot,style_information_style_example,chain_of_thought_zero_shot,chain_of_thought_one_shot,self-refine
0,0.0,0.0005416581670952998,0.0003346480454596997,5.16514120318997e-05,0.0004935853557272998,0.00028773474166459974
1,-0.0005416581670952998,0.0,-0.00020701012163560012,-0.0004900067550634001,-4.8072811368000045e-05,-0.0002539234254307001
2,-0.0003346480454596997,0.00020701012163560012,0.0,-0.0002829966334278,0.00015893731026760008,-4.691330379509996e-05
3,-5.16514120318997e-05,0.0004900067550634001,0.0002829966334278,0.0,0.0004419339436954001,0.00023608332963270004
4,-0.0004935853557272998,4.8072811368000045e-05,-0.00015893731026760008,-0.0004419339436954001,0.0,-0.00020585061406270004
5,-0.00028773474166459974,0.0002539234254307001,4.691330379509996e-05,-0.00023608332963270004,0.00020585061406270004,0.0
