,zero_shot_baseline,in_context_learning_3-shot,style_information_style_example,chain_of_thought_zero_shot,chain_of_thought_one_shot,self-refine
0,0.0,9.043496021589998e-05,-0.00014128206073750005,-4.4360218648100075e-05,0.00010138816055440007,-0.00047200798636510004
1,-9.043496021589998e-05,0.0,-0.00023171702095340003,-0.00013479517886400005,1.095320033850009e-05,-0.000562442946581
2,0.00014128206073750005,0.00023171702095340003,0.0,9.692184208939998e-05,0.00024267022129190012,-0.0003307259256276
3,4.4360218648100075e-05,0.00013479517886400005,-9.692184208939998e-05,0.0,0.00014574837920250014,-0.00042764776771699996
4,-0.00010138816055440007,-1.095320033850009e-05,-0.00024267022129190012,-0.00014574837920250014,0.0,-0.0005733961469195001
5,0.00047200798636510004,0.000562442946581,0.0003307259256276,0.00042764776771699996,0.0005733961469195001,0.0
