,zero_shot_baseline,in_context_learning_3-shot,style_information_style_example,chain_of_thought_zero_shot,chain_of_thought_one_shot,self-refine
0,0.0,0.022850783301601105,0.00544107043078261,-0.003761788698119689,0.0005485609494986082,-0.005876633050526492
1,-0.022850783301601105,0.0,-0.017409712870818495,-0.026612571999720794,-0.022302222352102496,-0.028727416352127597
2,-0.00544107043078261,0.017409712870818495,0.0,-0.0092028591289023,-0.004892509481284002,-0.011317703481309102
3,0.003761788698119689,0.026612571999720794,0.0092028591289023,0.0,0.004310349647618297,-0.002114844352406803
4,-0.0005485609494986082,0.022302222352102496,0.004892509481284002,-0.004310349647618297,0.0,-0.0064251940000251
5,0.005876633050526492,0.028727416352127597,0.011317703481309102,0.002114844352406803,0.0064251940000251,0.0
