,zero_shot_baseline,in_context_learning_3-shot,style_information_style_example,chain_of_thought_zero_shot,chain_of_thought_one_shot,self-refine
0,0.0,0.0391656494269026,0.0048679244432548036,0.0011353267846384019,-0.003091919687103095,0.009863638204139998
1,-0.0391656494269026,0.0,-0.0342977249836478,-0.0380303226422642,-0.042257569114005696,-0.029302011222762603
2,-0.0048679244432548036,0.0342977249836478,0.0,-0.0037325976586164017,-0.007959844130357899,0.004995713760885194
3,-0.0011353267846384019,0.0380303226422642,0.0037325976586164017,0.0,-0.004227246471741497,0.008728311419501596
4,0.003091919687103095,0.042257569114005696,0.007959844130357899,0.004227246471741497,0.0,0.012955557891243093
5,-0.009863638204139998,0.029302011222762603,-0.004995713760885194,-0.008728311419501596,-0.012955557891243093,0.0
