,zero_shot_baseline,in_context_learning_3-shot,style_information_style_example,chain_of_thought_zero_shot,chain_of_thought_one_shot,self-refine
0,0.0,0.028158244594312612,0.021521832675715016,-0.0010950077286500937,0.00875895396728231,0.001277365324889701
1,-0.028158244594312612,0.0,-0.006636411918597596,-0.029253252322962706,-0.019399290627030302,-0.02688087926942291
2,-0.021521832675715016,0.006636411918597596,0.0,-0.02261684040436511,-0.012762878708432707,-0.020244467350825315
3,0.0010950077286500937,0.029253252322962706,0.02261684040436511,0.0,0.009853961695932403,0.0023723730535397947
4,-0.00875895396728231,0.019399290627030302,0.012762878708432707,-0.009853961695932403,0.0,-0.007481588642392609
5,-0.001277365324889701,0.02688087926942291,0.020244467350825315,-0.0023723730535397947,0.007481588642392609,0.0
