,zero_shot_baseline,in_context_learning_3-shot,style_information_style_example,chain_of_thought_zero_shot,chain_of_thought_one_shot,self-refine
0,0.0,-0.0057111929505765015,-0.016101946246648402,-0.00021853834955420058,-0.0156226497280562,-0.0221628612447013
1,0.0057111929505765015,0.0,-0.010390753296071899,0.005492654601022301,-0.009911456777479698,-0.016451668294124797
2,0.016101946246648402,0.010390753296071899,0.0,0.0158834078970942,0.000479296518592201,-0.006060914998052898
3,0.00021853834955420058,-0.005492654601022301,-0.0158834078970942,0.0,-0.015404111378501999,-0.021944322895147098
4,0.0156226497280562,0.009911456777479698,-0.000479296518592201,0.015404111378501999,0.0,-0.006540211516645099
5,0.0221628612447013,0.016451668294124797,0.006060914998052898,0.021944322895147098,0.006540211516645099,0.0
