,zero_shot_baseline,in_context_learning_3-shot,style_information_style_example,chain_of_thought_zero_shot,chain_of_thought_one_shot,self-refine
0,0.0,-0.0007501902327151001,-0.0009394590977178,-0.0002615368483162001,-0.00013349793902929996,-0.00047478702069999993
1,0.0007501902327151001,0.0,-0.00018926886500269993,0.0004886533843989,0.0006166922936858001,0.00027540321201510016
2,0.0009394590977178,0.00018926886500269993,0.0,0.0006779222494015999,0.0008059611586885001,0.0004646720770178001
3,0.0002615368483162001,-0.0004886533843989,-0.0006779222494015999,0.0,0.00012803890928690014,-0.00021325017238379984
4,0.00013349793902929996,-0.0006166922936858001,-0.0008059611586885001,-0.00012803890928690014,0.0,-0.0003412890816707
5,0.00047478702069999993,-0.00027540321201510016,-0.0004646720770178001,0.00021325017238379984,0.0003412890816707,0.0
