,mistral,deepseek,llama3.3,qwen72b,qwen32b,qwen14b,solar
0,0.0,-0.013943597494243717,-0.030417973542215218,0.0016883253742759896,-0.001449940528555002,0.0039437175702004,0.005262873530493595
1,0.013943597494243717,0.0,-0.0164743760479715,0.015631922868519707,0.012493656965688715,0.017887315064444118,0.019206471024737312
2,0.030417973542215218,0.0164743760479715,0.0,0.03210629891649121,0.028968033013660216,0.03436169111241562,0.03568084707270881
3,-0.0016883253742759896,-0.015631922868519707,-0.03210629891649121,0.0,-0.0031382659028309917,0.0022553921959244105,0.003574548156217605
4,0.001449940528555002,-0.012493656965688715,-0.028968033013660216,0.0031382659028309917,0.0,0.005393658098755402,0.006712814059048597
5,-0.0039437175702004,-0.017887315064444118,-0.03436169111241562,-0.0022553921959244105,-0.005393658098755402,0.0,0.0013191559602931946
6,-0.005262873530493595,-0.019206471024737312,-0.03568084707270881,-0.003574548156217605,-0.006712814059048597,-0.0013191559602931946,0.0
