,zero_shot_baseline,in_context_learning_3-shot,style_information_style_example,chain_of_thought_zero_shot,chain_of_thought_one_shot,self-refine
0,0.0,-0.0048465695435489006,-0.0017305618896776998,3.1674605694004265e-06,-0.0046114710391391995,-0.0085659382623983
1,0.0048465695435489006,0.0,0.0031160076538712007,0.004849737004118301,0.00023509850440970106,-0.003719368718849399
2,0.0017305618896776998,-0.0031160076538712007,0.0,0.0017337293502471002,-0.0028809091494614997,-0.0068353763727206
3,-3.1674605694004265e-06,-0.004849737004118301,-0.0017337293502471002,0.0,-0.0046146384997086,-0.0085691057229677
4,0.0046114710391391995,-0.00023509850440970106,0.0028809091494614997,0.0046146384997086,0.0,-0.0039544672232591
5,0.0085659382623983,0.003719368718849399,0.0068353763727206,0.0085691057229677,0.0039544672232591,0.0
