,mistral,deepseek,llama3.3,qwen72b,qwen32b,qwen14b,solar
0,0.0,0.007354029349905589,0.012035941091498789,0.009084130444827698,0.0005697105804578911,-0.0010977458510565002,0.01581745991548679
1,-0.007354029349905589,0.0,0.0046819117415932004,0.0017301010949221096,-0.0067843187694476975,-0.008451775200962089,0.008463430565581201
2,-0.012035941091498789,-0.0046819117415932004,0.0,-0.002951810646671091,-0.011466230511040898,-0.01313368694255529,0.0037815188239880004
3,-0.009084130444827698,-0.0017301010949221096,0.002951810646671091,0.0,-0.008514419864369807,-0.010181876295884199,0.006733329470659091
4,-0.0005697105804578911,0.0067843187694476975,0.011466230511040898,0.008514419864369807,0.0,-0.0016674564315143914,0.015247749335028898
5,0.0010977458510565002,0.008451775200962089,0.01313368694255529,0.010181876295884199,0.0016674564315143914,0.0,0.01691520576654329
6,-0.01581745991548679,-0.008463430565581201,-0.0037815188239880004,-0.006733329470659091,-0.015247749335028898,-0.01691520576654329,0.0
