,zero_shot_baseline,in_context_learning_3-shot,style_information_style_example,chain_of_thought_zero_shot,chain_of_thought_one_shot,self-refine
0,0.0,0.00010894979487870008,-0.00014949301459010007,-1.5881681446500064e-05,0.00046150204889830004,0.00032738235072250006
1,-0.00010894979487870008,0.0,-0.00025844280946880015,-0.00012483147632520015,0.00035255225401959996,0.00021843255584379998
2,0.00014949301459010007,0.00025844280946880015,0.0,0.0001336113331436,0.0006109950634884001,0.00047687536531260013
3,1.5881681446500064e-05,0.00012483147632520015,-0.0001336113331436,0.0,0.0004773837303448001,0.00034326403216900013
4,-0.00046150204889830004,-0.00035255225401959996,-0.0006109950634884001,-0.0004773837303448001,0.0,-0.00013411969817579998
5,-0.00032738235072250006,-0.00021843255584379998,-0.00047687536531260013,-0.00034326403216900013,0.00013411969817579998,0.0
