,zero_shot_baseline,in_context_learning_3-shot,style_information_style_example,chain_of_thought_zero_shot,chain_of_thought_one_shot,self-refine
0,0.0,-0.0010426569419468013,-0.0006395187599545007,0.001086070313922896,-0.0012913117824851009,-0.0204840323023801
1,0.0010426569419468013,0.0,0.0004031381819923005,0.0021287272558696974,-0.0002486548405382996,-0.019441375360433298
2,0.0006395187599545007,-0.0004031381819923005,0.0,0.0017255890738773969,-0.0006517930225306001,-0.0198445135424256
3,-0.001086070313922896,-0.0021287272558696974,-0.0017255890738773969,0.0,-0.002377382096407997,-0.021570102616302995
4,0.0012913117824851009,0.0002486548405382996,0.0006517930225306001,0.002377382096407997,0.0,-0.019192720519895
5,0.0204840323023801,0.019441375360433298,0.0198445135424256,0.021570102616302995,0.019192720519895,0.0
