,mistral,deepseek,llama3.3,qwen72b,qwen32b,qwen14b,solar
0,0.0,0.005468148446968503,0.0086157350482613,0.003274901667114402,-0.035982855606543906,-0.017795350614254198,0.0013187486530034029
1,-0.005468148446968503,0.0,0.0031475866012927976,-0.002193246779854101,-0.04145100405351241,-0.0232634990612227,-0.0041493997939651
2,-0.0086157350482613,-0.0031475866012927976,0.0,-0.0053408333811468985,-0.044598590654805204,-0.026411085662515498,-0.007296986395257898
3,-0.003274901667114402,0.002193246779854101,0.0053408333811468985,0.0,-0.03925775727365831,-0.0210702522813686,-0.0019561530141109992
4,0.035982855606543906,0.04145100405351241,0.044598590654805204,0.03925775727365831,0.0,0.01818750499228971,0.03730160425954731
5,0.017795350614254198,0.0232634990612227,0.026411085662515498,0.0210702522813686,-0.01818750499228971,0.0,0.0191140992672576
6,-0.0013187486530034029,0.0041493997939651,0.007296986395257898,0.0019561530141109992,-0.03730160425954731,-0.0191140992672576,0.0
