,mistral,deepseek,llama3.3,qwen72b,qwen32b,qwen14b,solar
0,0.0,0.0008908203985948,0.0006856546340880997,-0.0020974285782344006,-0.001028037091969,-0.00032396721317630005,-0.00035578102123570016
1,-0.0008908203985948,0.0,-0.00020516576450670034,-0.0029882489768292006,-0.0019188574905638,-0.0012147876117711,-0.0012466014198305002
2,-0.0006856546340880997,0.00020516576450670034,0.0,-0.0027830832123225003,-0.0017136917260570997,-0.0010096218472643997,-0.0010414356553237998
3,0.0020974285782344006,0.0029882489768292006,0.0027830832123225003,0.0,0.0010693914862654006,0.0017734613650581006,0.0017416475569987004
4,0.001028037091969,0.0019188574905638,0.0017136917260570997,-0.0010693914862654006,0.0,0.0007040698787926999,0.0006722560707332998
5,0.00032396721317630005,0.0012147876117711,0.0010096218472643997,-0.0017734613650581006,-0.0007040698787926999,0.0,-3.18138080594001e-05
6,0.00035578102123570016,0.0012466014198305002,0.0010414356553237998,-0.0017416475569987004,-0.0006722560707332998,3.18138080594001e-05,0.0
