,zero_shot_baseline,in_context_learning_3-shot,style_information_style_example,chain_of_thought_zero_shot,chain_of_thought_one_shot,self-refine
0,0.0,-0.001760323637257498,-0.00018593809933010325,-9.65395863433971e-05,-0.0003407584563286034,-0.0034856272421117038
1,0.001760323637257498,0.0,0.0015743855379273947,0.0016637840509141008,0.0014195651809288945,-0.0017253036048542059
2,0.00018593809933010325,-0.0015743855379273947,0.0,8.939851298670615e-05,-0.00015482035699850016,-0.0032996891427816005
3,9.65395863433971e-05,-0.0016637840509141008,-8.939851298670615e-05,0.0,-0.0002442188699852063,-0.0033890876557683067
4,0.0003407584563286034,-0.0014195651809288945,0.00015482035699850016,0.0002442188699852063,0.0,-0.0031448687857831004
5,0.0034856272421117038,0.0017253036048542059,0.0032996891427816005,0.0033890876557683067,0.0031448687857831004,0.0
