,zero_shot_baseline,in_context_learning_3-shot,style_information_style_example,chain_of_thought_zero_shot,chain_of_thought_one_shot,self-refine
0,0.0,-0.0019702909424565013,0.0004147902333936984,0.0006282201369636961,0.0004351643603328001,-0.0051173295829645
1,0.0019702909424565013,0.0,0.0023850811758501997,0.0025985110794201974,0.0024054553027893014,-0.0031470386405079986
2,-0.0004147902333936984,-0.0023850811758501997,0.0,0.0002134299035699977,2.0374126939101678e-05,-0.005532119816358198
3,-0.0006282201369636961,-0.0025985110794201974,-0.0002134299035699977,0.0,-0.00019305577663089601,-0.005745549719928196
4,-0.0004351643603328001,-0.0024054553027893014,-2.0374126939101678e-05,0.00019305577663089601,0.0,-0.0055524939432973
5,0.0051173295829645,0.0031470386405079986,0.005532119816358198,0.005745549719928196,0.0055524939432973,0.0
