,zero_shot_baseline,in_context_learning_3-shot,style_information_style_example,chain_of_thought_zero_shot,chain_of_thought_one_shot,self-refine
0,0.0,0.002292664527400897,0.0038588491211253954,-0.0012469909790685033,-0.0030360692983252002,-0.013282092953698102
1,-0.002292664527400897,0.0,0.0015661845937244984,-0.0035396555064694003,-0.005328733825726097,-0.015574757481098999
2,-0.0038588491211253954,-0.0015661845937244984,0.0,-0.005105840100193899,-0.006894918419450596,-0.017140942074823497
3,0.0012469909790685033,0.0035396555064694003,0.005105840100193899,0.0,-0.001789078319256697,-0.012035101974629599
4,0.0030360692983252002,0.005328733825726097,0.006894918419450596,0.001789078319256697,0.0,-0.010246023655372902
5,0.013282092953698102,0.015574757481098999,0.017140942074823497,0.012035101974629599,0.010246023655372902,0.0
