,zero_shot_baseline,in_context_learning_3-shot,style_information_style_example,chain_of_thought_zero_shot,chain_of_thought_one_shot,self-refine
0,0.0,-0.00039447080636480003,1.061408005210003e-05,-6.796448852899992e-06,-6.01525024441e-05,-0.00020340893136410002
1,0.00039447080636480003,0.0,0.00040508488641690006,0.00038767435751190004,0.00033431830392070003,0.0001910618750007
2,-1.061408005210003e-05,-0.00040508488641690006,0.0,-1.7410528905000022e-05,-7.076658249620003e-05,-0.00021402301141620005
3,6.796448852899992e-06,-0.00038767435751190004,1.7410528905000022e-05,0.0,-5.335605359120001e-05,-0.00019661248251120003
4,6.01525024441e-05,-0.00033431830392070003,7.076658249620003e-05,5.335605359120001e-05,0.0,-0.00014325642892000002
5,0.00020340893136410002,-0.0001910618750007,0.00021402301141620005,0.00019661248251120003,0.00014325642892000002,0.0
