,zero_shot_baseline,in_context_learning_3-shot,style_information_style_example,chain_of_thought_zero_shot,chain_of_thought_one_shot,self-refine
0,0.0,-0.0006364625870549992,-0.0031762781803341966,-0.00012708835419560083,0.003920681611480903,-0.006625547826555299
1,0.0006364625870549992,0.0,-0.0025398155932791974,0.0005093742328593984,0.004557144198535902,-0.0059890852395003
2,0.0031762781803341966,0.0025398155932791974,0.0,0.003049189826138596,0.0070969597918150995,-0.0034492696462211023
3,0.00012708835419560083,-0.0005093742328593984,-0.003049189826138596,0.0,0.004047769965676504,-0.006498459472359698
4,-0.003920681611480903,-0.004557144198535902,-0.0070969597918150995,-0.004047769965676504,0.0,-0.010546229438036202
5,0.006625547826555299,0.0059890852395003,0.0034492696462211023,0.006498459472359698,0.010546229438036202,0.0
