,zero_shot_baseline,in_context_learning_3-shot,style_information_style_example,chain_of_thought_zero_shot,chain_of_thought_one_shot,self-refine
0,0.0,0.012613632357426102,0.014152492924656604,-0.0004425501038564997,0.000637774952404406,0.010019030726732103
1,-0.012613632357426102,0.0,0.0015388605672305017,-0.013056182461282602,-0.011975857405021696,-0.002594601630693999
2,-0.014152492924656604,-0.0015388605672305017,0.0,-0.014595043028513104,-0.013514717972252198,-0.004133462197924501
3,0.0004425501038564997,0.013056182461282602,0.014595043028513104,0.0,0.0010803250562609057,0.010461580830588603
4,-0.000637774952404406,0.011975857405021696,0.013514717972252198,-0.0010803250562609057,0.0,0.009381255774327697
5,-0.010019030726732103,0.002594601630693999,0.004133462197924501,-0.010461580830588603,-0.009381255774327697,0.0
