,zero_shot_baseline,in_context_learning_3-shot,style_information_style_example,chain_of_thought_zero_shot,chain_of_thought_one_shot,self-refine
0,0.0,0.04053426831473699,-0.00780886265399601,-0.00017097104469020186,-0.0018219720249532112,-0.01765016239936111
1,-0.04053426831473699,0.0,-0.048343130968733,-0.040705239359427194,-0.0423562403396902,-0.0581844307140981
2,0.00780886265399601,0.048343130968733,0.0,0.007637891609305808,0.005986890629042799,-0.0098412997453651
3,0.00017097104469020186,0.040705239359427194,-0.007637891609305808,0.0,-0.0016510009802630093,-0.01747919135467091
4,0.0018219720249532112,0.0423562403396902,-0.005986890629042799,0.0016510009802630093,0.0,-0.0158281903744079
5,0.01765016239936111,0.0581844307140981,0.0098412997453651,0.01747919135467091,0.0158281903744079,0.0
