,zero_shot_baseline,in_context_learning_3-shot,style_information_style_example,chain_of_thought_zero_shot,chain_of_thought_one_shot,self-refine
0,0.0,0.0170492972773173,-0.00862071662930608,0.0019365078651359113,-0.005077130695411575,0.022625508598122707
1,-0.0170492972773173,0.0,-0.02567001390662338,-0.015112789412181388,-0.022126427972728874,0.005576211320805408
2,0.00862071662930608,0.02567001390662338,0.0,0.010557224494441991,0.0035435859338945053,0.031246225227428787
3,-0.0019365078651359113,0.015112789412181388,-0.010557224494441991,0.0,-0.007013638560547486,0.020689000732986795
4,0.005077130695411575,0.022126427972728874,-0.0035435859338945053,0.007013638560547486,0.0,0.02770263929353428
5,-0.022625508598122707,-0.005576211320805408,-0.031246225227428787,-0.020689000732986795,-0.02770263929353428,0.0
