,zero_shot_baseline,in_context_learning_3-shot,style_information_style_example,chain_of_thought_zero_shot,chain_of_thought_one_shot,self-refine
0,0.0,-0.0004753731654543996,0.0005297479470905003,-0.00023630559025349974,0.0009137980681797001,6.4763617814997745e-06
1,0.0004753731654543996,0.0,0.0010051211125449,0.00023906757520089986,0.0013891712336340997,0.0004818495272358994
2,-0.0005297479470905003,-0.0010051211125449,0.0,-0.0007660535373440001,0.0003840501210891998,-0.0005232715853090006
3,0.00023630559025349974,-0.00023906757520089986,0.0007660535373440001,0.0,0.0011501036584331999,0.00024278195203499952
4,-0.0009137980681797001,-0.0013891712336340997,-0.0003840501210891998,-0.0011501036584331999,0.0,-0.0009073217063982003
5,-6.4763617814997745e-06,-0.0004818495272358994,0.0005232715853090006,-0.00024278195203499952,0.0009073217063982003,0.0
