,mistral,deepseek,llama3.3,qwen72b,qwen32b,qwen14b,solar
0,0.0,0.006081989872918803,0.0128456237767018,0.006729893048488603,-0.0007973204383259075,-0.002868955003429305,0.0136157327432756
1,-0.006081989872918803,0.0,0.006763633903782998,0.0006479031755698,-0.00687931031124471,-0.008950944876348108,0.007533742870356797
2,-0.0128456237767018,-0.006763633903782998,0.0,-0.006115730728213198,-0.013642944215027708,-0.015714578780131105,0.0007701089665737987
3,-0.006729893048488603,-0.0006479031755698,0.006115730728213198,0.0,-0.00752721348681451,-0.009598848051917908,0.0068858396947869965
4,0.0007973204383259075,0.00687931031124471,0.013642944215027708,0.00752721348681451,0.0,-0.0020716345651033974,0.014413053181601507
5,0.002868955003429305,0.008950944876348108,0.015714578780131105,0.009598848051917908,0.0020716345651033974,0.0,0.016484687746704904
6,-0.0136157327432756,-0.007533742870356797,-0.0007701089665737987,-0.0068858396947869965,-0.014413053181601507,-0.016484687746704904,0.0
