,zero_shot_baseline,in_context_learning_3-shot,style_information_style_example,chain_of_thought_zero_shot,chain_of_thought_one_shot,self-refine
0,0.0,-0.0005032728407504,-0.00042944876162880004,-3.64997154262e-05,-8.649235786140004e-05,-0.0006527870732281
1,0.0005032728407504,0.0,7.382407912160001e-05,0.00046677312532420004,0.000416780482889,-0.00014951423247769997
2,0.00042944876162880004,-7.382407912160001e-05,0.0,0.00039294904620260004,0.0003429564037674,-0.00022333831159929997
3,3.64997154262e-05,-0.00046677312532420004,-0.00039294904620260004,0.0,-4.999264243520004e-05,-0.0006162873578019
4,8.649235786140004e-05,-0.000416780482889,-0.0003429564037674,4.999264243520004e-05,0.0,-0.0005662947153667
5,0.0006527870732281,0.00014951423247769997,0.00022333831159929997,0.0006162873578019,0.0005662947153667,0.0
