,zero_shot_baseline,in_context_learning_3-shot,style_information_style_example,chain_of_thought_zero_shot,chain_of_thought_one_shot,self-refine
0,0.0,0.0015956618870490002,0.00017029012209770003,7.17549213611994e-05,0.0007130504031454994,-0.0014079139643688003
1,-0.0015956618870490002,0.0,-0.0014253717649513001,-0.0015239069656878008,-0.0008826114839035008,-0.0030035758514178005
2,-0.00017029012209770003,0.0014253717649513001,0.0,-9.853520073650063e-05,0.0005427602810477994,-0.0015782040864665003
3,-7.17549213611994e-05,0.0015239069656878008,9.853520073650063e-05,0.0,0.0006412954817843,-0.0014796688857299997
4,-0.0007130504031454994,0.0008826114839035008,-0.0005427602810477994,-0.0006412954817843,0.0,-0.0021209643675142997
5,0.0014079139643688003,0.0030035758514178005,0.0015782040864665003,0.0014796688857299997,0.0021209643675142997,0.0
