,zero_shot_baseline,in_context_learning_3-shot,style_information_style_example,chain_of_thought_zero_shot,chain_of_thought_one_shot,self-refine
0,0.0,3.108859900799975e-05,0.0008987431014159998,-0.00010070451906540011,0.0008277270586933001,0.0004239924948998999
1,-3.108859900799975e-05,0.0,0.000867654502408,-0.00013179311807339986,0.0007966384596853004,0.00039290389589190016
2,-0.0008987431014159998,-0.000867654502408,0.0,-0.0009994476204813999,-7.101604272269964e-05,-0.00047475060651609984
3,0.00010070451906540011,0.00013179311807339986,0.0009994476204813999,0.0,0.0009284315777587002,0.0005246970139653
4,-0.0008277270586933001,-0.0007966384596853004,7.101604272269964e-05,-0.0009284315777587002,0.0,-0.0004037345637934002
5,-0.0004239924948998999,-0.00039290389589190016,0.00047475060651609984,-0.0005246970139653,0.0004037345637934002,0.0
