,zero_shot_baseline,in_context_learning_3-shot,style_information_style_example,chain_of_thought_zero_shot,chain_of_thought_one_shot,self-refine
0,0.0,-5.627538404509992e-05,-3.3417129972699916e-05,1.8208497822099975e-05,0.00041719963721540006,-0.0006279545509592002
1,5.627538404509992e-05,0.0,2.2858254072400004e-05,7.44838818671999e-05,0.0004734750212605,-0.0005716791669141002
2,3.3417129972699916e-05,-2.2858254072400004e-05,0.0,5.162562779479989e-05,0.0004506167671881,-0.0005945374209865002
3,-1.8208497822099975e-05,-7.44838818671999e-05,-5.162562779479989e-05,0.0,0.0003989911393933001,-0.0006461630487813001
4,-0.00041719963721540006,-0.0004734750212605,-0.0004506167671881,-0.0003989911393933001,0.0,-0.0010451541881746002
5,0.0006279545509592002,0.0005716791669141002,0.0005945374209865002,0.0006461630487813001,0.0010451541881746002,0.0
