,zero_shot_baseline,in_context_learning_3-shot,style_information_style_example,chain_of_thought_zero_shot,chain_of_thought_one_shot,self-refine
0,0.0,0.018969081346328298,0.008482258369602601,-0.0008941238271688023,0.0015568311763273016,0.0014550813690753991
1,-0.018969081346328298,0.0,-0.010486822976725698,-0.0198632051734971,-0.017412250170000997,-0.0175139999772529
2,-0.008482258369602601,0.010486822976725698,0.0,-0.009376382196771404,-0.0069254271932753,-0.007027177000527202
3,0.0008941238271688023,0.0198632051734971,0.009376382196771404,0.0,0.002450955003496104,0.0023492051962442015
4,-0.0015568311763273016,0.017412250170000997,0.0069254271932753,-0.002450955003496104,0.0,-0.00010174980725190241
5,-0.0014550813690753991,0.0175139999772529,0.007027177000527202,-0.0023492051962442015,0.00010174980725190241,0.0
