,zero_shot_baseline,in_context_learning_3-shot,style_information_style_example,chain_of_thought_zero_shot,chain_of_thought_one_shot,self-refine
0,0.0,-0.0040943969357310995,-0.0007962992158694997,2.817184159000126e-06,-0.0029513916406503004,-0.0053475342393285
1,0.0040943969357310995,0.0,0.0032980977198616,0.0040972141198901,0.001143005295080799,-0.0012531373035974003
2,0.0007962992158694997,-0.0032980977198616,0.0,0.0007991164000284998,-0.0021550924247808008,-0.004551235023459
3,-2.817184159000126e-06,-0.0040972141198901,-0.0007991164000284998,0.0,-0.0029542088248093006,-0.0053503514234875
4,0.0029513916406503004,-0.001143005295080799,0.0021550924247808008,0.0029542088248093006,0.0,-0.0023961425986781994
5,0.0053475342393285,0.0012531373035974003,0.004551235023459,0.0053503514234875,0.0023961425986781994,0.0
