,zero_shot_baseline,in_context_learning_3-shot,style_information_style_example,chain_of_thought_zero_shot,chain_of_thought_one_shot,self-refine
0,0.0,-0.0014199810029751,-0.010205745950726403,0.00019484305126130086,-0.005918631004780999,-0.012588511775770202
1,0.0014199810029751,0.0,-0.008785764947751303,0.001614824054236401,-0.004498650001805899,-0.011168530772795102
2,0.010205745950726403,0.008785764947751303,0.0,0.010400589001987703,0.0042871149459454035,-0.002382765825043799
3,-0.00019484305126130086,-0.001614824054236401,-0.010400589001987703,0.0,-0.0061134740560423,-0.012783354827031503
4,0.005918631004780999,0.004498650001805899,-0.0042871149459454035,0.0061134740560423,0.0,-0.006669880770989203
5,0.012588511775770202,0.011168530772795102,0.002382765825043799,0.012783354827031503,0.006669880770989203,0.0
