,zero_shot_baseline,in_context_learning_3-shot,style_information_style_example,chain_of_thought_zero_shot,chain_of_thought_one_shot,self-refine
0,0.0,0.0015369884163064992,-0.0011331545078180974,0.0009372880856746979,0.0031352239169828017,-0.007112454471222003
1,-0.0015369884163064992,0.0,-0.0026701429241245966,-0.0005997003306318013,0.0015982355006763024,-0.008649442887528502
2,0.0011331545078180974,0.0026701429241245966,0.0,0.0020704425934927953,0.004268378424800899,-0.005979299963403906
3,-0.0009372880856746979,0.0005997003306318013,-0.0020704425934927953,0.0,0.0021979358313081038,-0.008049742556896701
4,-0.0031352239169828017,-0.0015982355006763024,-0.004268378424800899,-0.0021979358313081038,0.0,-0.010247678388204805
5,0.007112454471222003,0.008649442887528502,0.005979299963403906,0.008049742556896701,0.010247678388204805,0.0
