,abstracts,news,reviews,qa
0,0.0,-0.025095535959339898,-0.0213731402012141,-0.0253602683069546
1,0.025095535959339898,0.0,0.003722395758125798,-0.0002647323476147011
2,0.0213731402012141,-0.003722395758125798,0.0,-0.003987128105740499
3,0.0253602683069546,0.0002647323476147011,0.003987128105740499,0.0
