,mistral,deepseek,llama3.3,qwen72b,qwen32b,qwen14b,solar
0,0.0,-1.228197908900025e-05,0.0002034635202494998,-0.00033877932637150013,4.1194368031499846e-05,2.4957785153899726e-05,2.0666991345899815e-05
1,1.228197908900025e-05,0.0,0.00021574549933850006,-0.0003264973472824999,5.3476347120500096e-05,3.7239764242899976e-05,3.2948970434900065e-05
2,-0.0002034635202494998,-0.00021574549933850006,0.0,-0.0005422428466209999,-0.00016226915221799997,-0.00017850573509560009,-0.0001827965289036
3,0.00033877932637150013,0.0003264973472824999,0.0005422428466209999,0.0,0.000379973694403,0.00036373711152539985,0.00035944631771739994
4,-4.1194368031499846e-05,-5.3476347120500096e-05,0.00016226915221799997,-0.000379973694403,0.0,-1.623658287760012e-05,-2.052737668560003e-05
5,-2.4957785153899726e-05,-3.7239764242899976e-05,0.00017850573509560009,-0.00036373711152539985,1.623658287760012e-05,0.0,-4.290793807999911e-06
6,-2.0666991345899815e-05,-3.2948970434900065e-05,0.0001827965289036,-0.00035944631771739994,2.052737668560003e-05,4.290793807999911e-06,0.0
