,zero_shot_baseline,in_context_learning_3-shot,style_information_style_example,chain_of_thought_zero_shot,chain_of_thought_one_shot,self-refine
0,0.0,0.00013300993168850002,0.00022183356633979998,0.00012944510694359998,0.00013272838925460005,0.00023959603980190002
1,-0.00013300993168850002,0.0,8.882363465129996e-05,-3.5648247449000412e-06,-2.815424338999681e-07,0.0001065861081134
2,-0.00022183356633979998,-8.882363465129996e-05,0.0,-9.23884593962e-05,-8.910517708519993e-05,1.7762473462100035e-05
3,-0.00012944510694359998,3.5648247449000412e-06,9.23884593962e-05,0.0,3.283282311000073e-06,0.00011015093285830004
4,-0.00013272838925460005,2.815424338999681e-07,8.910517708519993e-05,-3.283282311000073e-06,0.0,0.00010686765054729997
5,-0.00023959603980190002,-0.0001065861081134,-1.7762473462100035e-05,-0.00011015093285830004,-0.00010686765054729997,0.0
