,zero_shot_baseline,in_context_learning_3-shot,style_information_style_example,chain_of_thought_zero_shot,chain_of_thought_one_shot,self-refine
0,0.0,0.013578084742825,0.008415060852045506,-0.0038954774712381957,0.0073668979996638,0.002970077217816801
1,-0.013578084742825,0.0,-0.0051630238907794945,-0.017473562214063196,-0.0062111867431612,-0.0106080075250082
2,-0.008415060852045506,0.0051630238907794945,0.0,-0.012310538323283701,-0.0010481628523817052,-0.005444983634228705
3,0.0038954774712381957,0.017473562214063196,0.012310538323283701,0.0,0.011262375470901996,0.0068655546890549965
4,-0.0073668979996638,0.0062111867431612,0.0010481628523817052,-0.011262375470901996,0.0,-0.0043968207818469995
5,-0.002970077217816801,0.0106080075250082,0.005444983634228705,-0.0068655546890549965,0.0043968207818469995,0.0
