,abstracts,news,reviews,qa
0,0.0,-0.010446574862259896,0.009733398974376,0.0162859359372402
1,0.010446574862259896,0.0,0.020179973836635896,0.026732510799500096
2,-0.009733398974376,-0.020179973836635896,0.0,0.006552536962864199
3,-0.0162859359372402,-0.026732510799500096,-0.006552536962864199,0.0
