,zero_shot_baseline,in_context_learning_3-shot,style_information_style_example,chain_of_thought_zero_shot,chain_of_thought_one_shot,self-refine
0,0.0,-0.0009803504320186028,-0.0101435968657436,5.6920843648798625e-05,-0.005966839712690301,-0.011477953689869098
1,0.0009803504320186028,0.0,-0.009163246433724997,0.0010372712756674014,-0.004986489280671698,-0.010497603257850496
2,0.0101435968657436,0.009163246433724997,0.0,0.010200517709392398,0.004176757153053299,-0.0013343568241254988
3,-5.6920843648798625e-05,-0.0010372712756674014,-0.010200517709392398,0.0,-0.006023760556339099,-0.011534874533517897
4,0.005966839712690301,0.004986489280671698,-0.004176757153053299,0.006023760556339099,0.0,-0.005511113977178798
5,0.011477953689869098,0.010497603257850496,0.0013343568241254988,0.011534874533517897,0.005511113977178798,0.0
