,abstracts,news,reviews,qa
0,0.0,-0.0384259783220204,-0.0144444430065016,-0.0156691356039242
1,0.0384259783220204,0.0,0.0239815353155188,0.0227568427180962
2,0.0144444430065016,-0.0239815353155188,0.0,-0.0012246925974226004
3,0.0156691356039242,-0.0227568427180962,0.0012246925974226004,0.0
