,zero_shot_baseline,in_context_learning_3-shot,style_information_style_example,chain_of_thought_zero_shot,chain_of_thought_one_shot,self-refine
0,0.0,-0.0012667546353633992,0.0002561501002249014,0.0031886664274704025,-0.010046657606014898,-0.0238677506724704
1,0.0012667546353633992,0.0,0.0015229047355883006,0.004455421062833802,-0.0087799029706515,-0.022600996037107
2,-0.0002561501002249014,-0.0015229047355883006,0.0,0.002932516327245501,-0.0103028077062398,-0.0241239007726953
3,-0.0031886664274704025,-0.004455421062833802,-0.002932516327245501,0.0,-0.013235324033485301,-0.0270564170999408
4,0.010046657606014898,0.0087799029706515,0.0103028077062398,0.013235324033485301,0.0,-0.0138210930664555
5,0.0238677506724704,0.022600996037107,0.0241239007726953,0.0270564170999408,0.0138210930664555,0.0
