,mistral,deepseek,llama3.3,qwen72b,qwen32b,qwen14b,solar
0,0.0,0.0008143115686099003,0.0096650571737698,-0.0080575577640861,-0.010969034789213503,-0.006111972159604202,-0.004119904607493799
1,-0.0008143115686099003,0.0,0.0088507456051599,-0.008871869332696,-0.011783346357823403,-0.006926283728214102,-0.004934216176103699
2,-0.0096650571737698,-0.0088507456051599,0.0,-0.0177226149378559,-0.020634091962983304,-0.015777029333374,-0.013784961781263599
3,0.0080575577640861,0.008871869332696,0.0177226149378559,0.0,-0.0029114770251274028,0.0019455856044818982,0.003937653156592301
4,0.010969034789213503,0.011783346357823403,0.020634091962983304,0.0029114770251274028,0.0,0.004857062629609301,0.006849130181719704
5,0.006111972159604202,0.006926283728214102,0.015777029333374,-0.0019455856044818982,-0.004857062629609301,0.0,0.0019920675521104027
6,0.004119904607493799,0.004934216176103699,0.013784961781263599,-0.003937653156592301,-0.006849130181719704,-0.0019920675521104027,0.0
