,zero_shot_baseline,in_context_learning_3-shot,style_information_style_example,chain_of_thought_zero_shot,chain_of_thought_one_shot,self-refine
0,0.0,0.0149133118185409,0.008600935945908397,-0.003966651371537205,0.008973283148536897,0.0027778772089660994
1,-0.0149133118185409,0.0,-0.006312375872632503,-0.018879963190078106,-0.005940028670004004,-0.0121354346095748
2,-0.008600935945908397,0.006312375872632503,0.0,-0.012567587317445603,0.00037234720262849935,-0.005823058736942298
3,0.003966651371537205,0.018879963190078106,0.012567587317445603,0.0,0.012939934520074102,0.006744528580503305
4,-0.008973283148536897,0.005940028670004004,-0.00037234720262849935,-0.012939934520074102,0.0,-0.006195405939570797
5,-0.0027778772089660994,0.0121354346095748,0.005823058736942298,-0.006744528580503305,0.006195405939570797,0.0
