,zero_shot_baseline,in_context_learning_3-shot,style_information_style_example,chain_of_thought_zero_shot,chain_of_thought_one_shot,self-refine
0,0.0,-0.0007879199968823004,0.0013138133970466,0.0012453158017485992,-0.004285037722613601,-0.0015644407868644003
1,0.0007879199968823004,0.0,0.0021017333939289005,0.0020332357986308997,-0.0034971177257313007,-0.0007765207899820999
2,-0.0013138133970466,-0.0021017333939289005,0.0,-6.849759529800083e-05,-0.005598851119660201,-0.0028782541839110004
3,-0.0012453158017485992,-0.0020332357986308997,6.849759529800083e-05,0.0,-0.0055303535243622,-0.0028097565886129995
4,0.004285037722613601,0.0034971177257313007,0.005598851119660201,0.0055303535243622,0.0,0.002720596935749201
5,0.0015644407868644003,0.0007765207899820999,0.0028782541839110004,0.0028097565886129995,-0.002720596935749201,0.0
