,zero_shot_baseline,in_context_learning_3-shot,style_information_style_example,chain_of_thought_zero_shot,chain_of_thought_one_shot,self-refine
0,0.0,-0.011274644147748501,-0.007435274762870099,-0.0019100903896541004,-0.009970920250925802,-0.013554725084891299
1,0.011274644147748501,0.0,0.003839369384878402,0.009364553758094401,0.0013037238968226991,-0.0022800809371427977
2,0.007435274762870099,-0.003839369384878402,0.0,0.005525184373215999,-0.002535645488055703,-0.0061194503220212
3,0.0019100903896541004,-0.009364553758094401,-0.005525184373215999,0.0,-0.008060829861271702,-0.011644634695237199
4,0.009970920250925802,-0.0013037238968226991,0.002535645488055703,0.008060829861271702,0.0,-0.003583804833965497
5,0.013554725084891299,0.0022800809371427977,0.0061194503220212,0.011644634695237199,0.003583804833965497,0.0
