,abstracts,news,reviews,qa
0,0.0,-0.00145270447859922,-0.0004935768738545,-0.0007878672359547999
1,0.00145270447859922,0.0,0.00095912760474472,0.00066483724264442
2,0.0004935768738545,-0.00095912760474472,0.0,-0.00029429036210029994
3,0.0007878672359547999,-0.00066483724264442,0.00029429036210029994,0.0
