,zero_shot_baseline,in_context_learning_3-shot,style_information_style_example,chain_of_thought_zero_shot,chain_of_thought_one_shot,self-refine
0,0.0,-0.012165205049697099,-0.0011859656837400027,-0.0004632582520617025,-0.0008019440912296026,-0.011096100244389902
1,0.012165205049697099,0.0,0.010979239365957096,0.011701946797635396,0.011363260958467496,0.0010691048053071972
2,0.0011859656837400027,-0.010979239365957096,0.0,0.0007227074316783003,0.00038402159251040013,-0.009910134560649899
3,0.0004632582520617025,-0.011701946797635396,-0.0007227074316783003,0.0,-0.0003386858391679001,-0.0106328419923282
4,0.0008019440912296026,-0.011363260958467496,-0.00038402159251040013,0.0003386858391679001,0.0,-0.0102941561531603
5,0.011096100244389902,-0.0010691048053071972,0.009910134560649899,0.0106328419923282,0.0102941561531603,0.0
