,zero_shot_baseline,in_context_learning_3-shot,style_information_style_example,chain_of_thought_zero_shot,chain_of_thought_one_shot,self-refine
0,0.0,0.008508932590266402,0.0015484964137431022,0.002436002327594399,0.0009071434667271006,-0.00045288219931869864
1,-0.008508932590266402,0.0,-0.0069604361765233,-0.006072930262672003,-0.0076017891235393015,-0.0089618147895851
2,-0.0015484964137431022,0.0069604361765233,0.0,0.000887505913851297,-0.0006413529470160016,-0.002001378613061801
3,-0.002436002327594399,0.006072930262672003,-0.000887505913851297,0.0,-0.0015288588608672986,-0.0028888845269130978
4,-0.0009071434667271006,0.0076017891235393015,0.0006413529470160016,0.0015288588608672986,0.0,-0.0013600256660457992
5,0.00045288219931869864,0.0089618147895851,0.002001378613061801,0.0028888845269130978,0.0013600256660457992,0.0
