,zero_shot_baseline,in_context_learning_3-shot,style_information_style_example,chain_of_thought_zero_shot,chain_of_thought_one_shot,self-refine
0,0.0,0.001594078205067198,0.0008960252042079023,0.005398723414258701,-0.0013739028642011028,0.000612583406352403
1,-0.001594078205067198,0.0,-0.0006980530008592958,0.0038046452091915033,-0.002967981069268301,-0.0009814947987147951
2,-0.0008960252042079023,0.0006980530008592958,0.0,0.004502698210050799,-0.002269928068409005,-0.0002834417978554993
3,-0.005398723414258701,-0.0038046452091915033,-0.004502698210050799,0.0,-0.006772626278459804,-0.004786140007906298
4,0.0013739028642011028,0.002967981069268301,0.002269928068409005,0.006772626278459804,0.0,0.001986486270553506
5,-0.000612583406352403,0.0009814947987147951,0.0002834417978554993,0.004786140007906298,-0.001986486270553506,0.0
