,mistral,deepseek,llama3.3,qwen72b,qwen32b,qwen14b,solar
0,0.0,0.005196619954025705,0.016709495762131404,-0.00842852961349129,-0.010868947715404698,-0.008503649401776198,-0.010015480517281197
1,-0.005196619954025705,0.0,0.0115128758081057,-0.013625149567516995,-0.016065567669430403,-0.013700269355801903,-0.015212100471306902
2,-0.016709495762131404,-0.0115128758081057,0.0,-0.025138025375622694,-0.027578443477536102,-0.025213145163907602,-0.0267249762794126
3,0.00842852961349129,0.013625149567516995,0.025138025375622694,0.0,-0.002440418101913408,-7.511978828490806e-05,-0.0015869509037899077
4,0.010868947715404698,0.016065567669430403,0.027578443477536102,0.002440418101913408,0.0,0.0023652983136285,0.0008534671981235004
5,0.008503649401776198,0.013700269355801903,0.025213145163907602,7.511978828490806e-05,-0.0023652983136285,0.0,-0.0015118311155049996
6,0.010015480517281197,0.015212100471306902,0.0267249762794126,0.0015869509037899077,-0.0008534671981235004,0.0015118311155049996,0.0
