,zero_shot_baseline,in_context_learning_3-shot,style_information_style_example,chain_of_thought_zero_shot,chain_of_thought_one_shot,self-refine
0,0.0,0.010288773976558897,0.0018262591841244,0.0023498823315181994,0.0010174328038483997,0.00036411504797919866
1,-0.010288773976558897,0.0,-0.008462514792434497,-0.007938891645040698,-0.009271341172710498,-0.009924658928579699
2,-0.0018262591841244,0.008462514792434497,0.0,0.0005236231473937994,-0.0008088263802760003,-0.0014621441361452013
3,-0.0023498823315181994,0.007938891645040698,-0.0005236231473937994,0.0,-0.0013324495276697997,-0.0019857672835390007
4,-0.0010174328038483997,0.009271341172710498,0.0008088263802760003,0.0013324495276697997,0.0,-0.000653317755869201
5,-0.00036411504797919866,0.009924658928579699,0.0014621441361452013,0.0019857672835390007,0.000653317755869201,0.0
