,zero_shot_baseline,in_context_learning_3-shot,style_information_style_example,chain_of_thought_zero_shot,chain_of_thought_one_shot,self-refine
0,0.0,-0.0006976218711125942,0.0035259869533754012,0.013766616925185098,-0.009402990033177697,0.010453195294020307
1,0.0006976218711125942,0.0,0.0042236088244879955,0.014464238796297692,-0.008705368162065102,0.0111508171651329
2,-0.0035259869533754012,-0.0042236088244879955,0.0,0.010240629971809696,-0.012928976986553098,0.006927208340644905
3,-0.013766616925185098,-0.014464238796297692,-0.010240629971809696,0.0,-0.023169606958362794,-0.003313421631164791
4,0.009402990033177697,0.008705368162065102,0.012928976986553098,0.023169606958362794,0.0,0.019856185327198003
5,-0.010453195294020307,-0.0111508171651329,-0.006927208340644905,0.003313421631164791,-0.019856185327198003,0.0
