,zero_shot_baseline,in_context_learning_3-shot,style_information_style_example,chain_of_thought_zero_shot,chain_of_thought_one_shot,self-refine
0,0.0,0.0012173846695804989,-0.0002095478287075011,7.365449530449993e-05,0.0003241687258642989,-0.0008086608551427007
1,-0.0012173846695804989,0.0,-0.001426932498288,-0.001143730174275999,-0.0008932159437162,-0.0020260455247231995
2,0.0002095478287075011,0.001426932498288,0.0,0.000283202324012001,0.0005337165545718,-0.0005991130264351996
3,-7.365449530449993e-05,0.001143730174275999,-0.000283202324012001,0.0,0.000250514230559799,-0.0008823153504472006
4,-0.0003241687258642989,0.0008932159437162,-0.0005337165545718,-0.000250514230559799,0.0,-0.0011328295810069996
5,0.0008086608551427007,0.0020260455247231995,0.0005991130264351996,0.0008823153504472006,0.0011328295810069996,0.0
