,zero_shot_baseline,in_context_learning_3-shot,style_information_style_example,chain_of_thought_zero_shot,chain_of_thought_one_shot,self-refine
0,0.0,0.034619945686755894,0.0029525741649263915,5.371766316358828e-05,-0.0027779083883213013,-0.012966497393583604
1,-0.034619945686755894,0.0,-0.0316673715218295,-0.034566228023592306,-0.037397854075077196,-0.0475864430803395
2,-0.0029525741649263915,0.0316673715218295,0.0,-0.002898856501762803,-0.005730482553247693,-0.015919071558509995
3,-5.371766316358828e-05,0.034566228023592306,0.002898856501762803,0.0,-0.0028316260514848896,-0.013020215056747192
4,0.0027779083883213013,0.037397854075077196,0.005730482553247693,0.0028316260514848896,0.0,-0.010188589005262302
5,0.012966497393583604,0.0475864430803395,0.015919071558509995,0.013020215056747192,0.010188589005262302,0.0
