,zero_shot_baseline,in_context_learning_3-shot,style_information_style_example,chain_of_thought_zero_shot,chain_of_thought_one_shot,self-refine
0,0.0,-0.012359912324684402,-0.0012798797700061988,-0.00038025153922340016,-0.0022837781549996,-0.0107667006995418
1,0.012359912324684402,0.0,0.011080032554678203,0.011979660785461001,0.010076134169684801,0.0015932116251426015
2,0.0012798797700061988,-0.011080032554678203,0.0,0.0008996282307827987,-0.0010038983849934013,-0.009486820929535601
3,0.00038025153922340016,-0.011979660785461001,-0.0008996282307827987,0.0,-0.0019035266157762,-0.0103864491603184
4,0.0022837781549996,-0.010076134169684801,0.0010038983849934013,0.0019035266157762,0.0,-0.0084829225445422
5,0.0107667006995418,-0.0015932116251426015,0.009486820929535601,0.0103864491603184,0.0084829225445422,0.0
