,zero_shot_baseline,in_context_learning_3-shot,style_information_style_example,chain_of_thought_zero_shot,chain_of_thought_one_shot,self-refine
0,0.0,0.0175183957483072,0.005733338945562501,-0.0027133427362041954,0.0027801781541498052,-0.007616589615574203
1,-0.0175183957483072,0.0,-0.0117850568027447,-0.020231738484511395,-0.014738217594157395,-0.025134985363881403
2,-0.005733338945562501,0.0117850568027447,0.0,-0.008446681681766696,-0.0029531607914126956,-0.013349928561136704
3,0.0027133427362041954,0.020231738484511395,0.008446681681766696,0.0,0.005493520890354001,-0.004903246879370007
4,-0.0027801781541498052,0.014738217594157395,0.0029531607914126956,-0.005493520890354001,0.0,-0.010396767769724008
5,0.007616589615574203,0.025134985363881403,0.013349928561136704,0.004903246879370007,0.010396767769724008,0.0
