,zero_shot_baseline,in_context_learning_3-shot,style_information_style_example,chain_of_thought_zero_shot,chain_of_thought_one_shot,self-refine
0,0.0,0.003505718683650596,-5.5784155696202153e-05,-6.506635278710066e-05,0.0010783667871141975,0.0010166097897583992
1,-0.003505718683650596,0.0,-0.003561502839346798,-0.0035707850364376965,-0.0024273518965363984,-0.0024891088938921967
2,5.5784155696202153e-05,0.003561502839346798,0.0,-9.282197090898503e-06,0.0011341509428103996,0.0010723939454546014
3,6.506635278710066e-05,0.0035707850364376965,9.282197090898503e-06,0.0,0.0011434331399012981,0.0010816761425454999
4,-0.0010783667871141975,0.0024273518965363984,-0.0011341509428103996,-0.0011434331399012981,0.0,-6.175699735579826e-05
5,-0.0010166097897583992,0.0024891088938921967,-0.0010723939454546014,-0.0010816761425454999,6.175699735579826e-05,0.0
