,abstracts,news,reviews,qa
0,0.0,-0.0156455284809776,-0.023029397261489802,-0.026595296634663302
1,0.0156455284809776,0.0,-0.0073838687805122,-0.0109497681536857
2,0.023029397261489802,0.0073838687805122,0.0,-0.0035658993731735
3,0.026595296634663302,0.0109497681536857,0.0035658993731735,0.0
