,zero_shot_baseline,in_context_learning_3-shot,style_information_style_example,chain_of_thought_zero_shot,chain_of_thought_one_shot,self-refine
0,0.0,-0.012638667805435103,-0.0015871887126093012,-0.0004372786986928008,-0.001691127875221899,-0.011138976621996598
1,0.012638667805435103,0.0,0.011051479092825802,0.012201389106742302,0.010947539930213204,0.0014996911834385049
2,0.0015871887126093012,-0.011051479092825802,0.0,0.0011499100139165004,-0.00010393916261259781,-0.009551787909387297
3,0.0004372786986928008,-0.012201389106742302,-0.0011499100139165004,0.0,-0.0012538491765290982,-0.010701697923303798
4,0.001691127875221899,-0.010947539930213204,0.00010393916261259781,0.0012538491765290982,0.0,-0.0094478487467747
5,0.011138976621996598,-0.0014996911834385049,0.009551787909387297,0.010701697923303798,0.0094478487467747,0.0
