,mistral,deepseek,llama3.3,qwen72b,qwen32b,qwen14b,solar
0,0.0,0.0007403099528587994,0.0011275770362078,-0.0024053634244839,-0.0023217870840336,-0.003386696435369301,-0.0010831992239874006
1,-0.0007403099528587994,0.0,0.0003872670833490006,-0.0031456733773426995,-0.0030620970368923995,-0.004127006388228101,-0.0018235091768462
2,-0.0011275770362078,-0.0003872670833490006,0.0,-0.0035329404606917,-0.0034493641202414,-0.004514273471577101,-0.0022107762601952007
3,0.0024053634244839,0.0031456733773426995,0.0035329404606917,0.0,8.357634045030003e-05,-0.0009813330108854011,0.0013221642004964994
4,0.0023217870840336,0.0030620970368923995,0.0034493641202414,-8.357634045030003e-05,0.0,-0.0010649093513357012,0.0012385878600461994
5,0.003386696435369301,0.004127006388228101,0.004514273471577101,0.0009813330108854011,0.0010649093513357012,0.0,0.0023034972113819005
6,0.0010831992239874006,0.0018235091768462,0.0022107762601952007,-0.0013221642004964994,-0.0012385878600461994,-0.0023034972113819005,0.0
