,zero_shot_baseline,in_context_learning_3-shot,style_information_style_example,chain_of_thought_zero_shot,chain_of_thought_one_shot,self-refine
0,0.0,0.017828152543096103,0.0069214163080514035,-0.0004291671800901939,-0.009005346717422598,0.010633846551508702
1,-0.017828152543096103,0.0,-0.0109067362350447,-0.018257319723186297,-0.0268334992605187,-0.0071943059915874005
2,-0.0069214163080514035,0.0109067362350447,0.0,-0.007350583488141597,-0.015926763025474,0.0037124302434572987
3,0.0004291671800901939,0.018257319723186297,0.007350583488141597,0.0,-0.008576179537332404,0.011063013731598896
4,0.009005346717422598,0.0268334992605187,0.015926763025474,0.008576179537332404,0.0,0.0196391932689313
5,-0.010633846551508702,0.0071943059915874005,-0.0037124302434572987,-0.011063013731598896,-0.0196391932689313,0.0
