,zero_shot_baseline,in_context_learning_3-shot,style_information_style_example,chain_of_thought_zero_shot,chain_of_thought_one_shot,self-refine
0,0.0,0.0084013377826605,0.0018086401390243999,0.002433134755984001,0.0011853907759152987,-0.0012387108357276022
1,-0.0084013377826605,0.0,-0.006592697643636101,-0.0059682030266765,-0.007215947006745202,-0.009640048618388103
2,-0.0018086401390243999,0.006592697643636101,0.0,0.0006244946169596012,-0.0006232493631091011,-0.003047350974752002
3,-0.002433134755984001,0.0059682030266765,-0.0006244946169596012,0.0,-0.0012477439800687024,-0.0036718455917116033
4,-0.0011853907759152987,0.007215947006745202,0.0006232493631091011,0.0012477439800687024,0.0,-0.002424101611642901
5,0.0012387108357276022,0.009640048618388103,0.003047350974752002,0.0036718455917116033,0.002424101611642901,0.0
