,zero_shot_baseline,in_context_learning_3-shot,style_information_style_example,chain_of_thought_zero_shot,chain_of_thought_one_shot,self-refine
0,0.0,-0.00016164829510800002,0.00017894648034199982,-0.0002614056583942,0.0005335126359811999,0.0004059278279826997
1,0.00016164829510800002,0.0,0.00034059477544999984,-9.975736328619996e-05,0.0006951609310891999,0.0005675761230906997
2,-0.00017894648034199982,-0.00034059477544999984,0.0,-0.0004403521387361998,0.00035456615563920005,0.00022698134764069988
3,0.0002614056583942,9.975736328619996e-05,0.0004403521387361998,0.0,0.0007949182943753999,0.0006673334863768997
4,-0.0005335126359811999,-0.0006951609310891999,-0.00035456615563920005,-0.0007949182943753999,0.0,-0.00012758480799850017
5,-0.0004059278279826997,-0.0005675761230906997,-0.00022698134764069988,-0.0006673334863768997,0.00012758480799850017,0.0
