,zero_shot_baseline,in_context_learning_3-shot,style_information_style_example,chain_of_thought_zero_shot,chain_of_thought_one_shot,self-refine
0,0.0,0.013614923593810599,0.008372433193861196,-0.003995604578417404,0.0071683271046762975,0.002796455742015598
1,-0.013614923593810599,0.0,-0.005242490399949402,-0.017610528172228003,-0.006446596489134301,-0.010818467851795
2,-0.008372433193861196,0.005242490399949402,0.0,-0.0123680377722786,-0.001204106089184899,-0.0055759774518455985
3,0.003995604578417404,0.017610528172228003,0.0123680377722786,0.0,0.011163931683093702,0.006792060320433002
4,-0.0071683271046762975,0.006446596489134301,0.001204106089184899,-0.011163931683093702,0.0,-0.0043718713626606995
5,-0.002796455742015598,0.010818467851795,0.0055759774518455985,-0.006792060320433002,0.0043718713626606995,0.0
