,zero_shot_baseline,in_context_learning_3-shot,style_information_style_example,chain_of_thought_zero_shot,chain_of_thought_one_shot,self-refine
0,0.0,0.015456175356525409,-0.0106793829894265,0.00857352253411331,0.001114278479003708,0.020520298390866207
1,-0.015456175356525409,0.0,-0.02613555834595191,-0.0068826528224121,-0.014341896877521701,0.005064123034340798
2,0.0106793829894265,0.02613555834595191,0.0,0.01925290552353981,0.011793661468430208,0.031199681380292707
3,-0.00857352253411331,0.0068826528224121,-0.01925290552353981,0.0,-0.007459244055109601,0.011946775856752898
4,-0.001114278479003708,0.014341896877521701,-0.011793661468430208,0.007459244055109601,0.0,0.0194060199118625
5,-0.020520298390866207,-0.005064123034340798,-0.031199681380292707,-0.011946775856752898,-0.0194060199118625,0.0
