,zero_shot_baseline,in_context_learning_3-shot,style_information_style_example,chain_of_thought_zero_shot,chain_of_thought_one_shot,self-refine
0,0.0,-0.0010860835632185012,0.00037087427211330085,0.003240260694273498,-0.009269516275504097,-0.0279931537434938
1,0.0010860835632185012,0.0,0.001456957835331802,0.004326344257491999,-0.008183432712285596,-0.0269070701802753
2,-0.00037087427211330085,-0.001456957835331802,0.0,0.0028693864221601972,-0.009640390547617398,-0.028364028015607102
3,-0.003240260694273498,-0.004326344257491999,-0.0028693864221601972,0.0,-0.012509776969777595,-0.0312334144377673
4,0.009269516275504097,0.008183432712285596,0.009640390547617398,0.012509776969777595,0.0,-0.018723637467989704
5,0.0279931537434938,0.0269070701802753,0.028364028015607102,0.0312334144377673,0.018723637467989704,0.0
