,zero_shot_baseline,in_context_learning_3-shot,style_information_style_example,chain_of_thought_zero_shot,chain_of_thought_one_shot,self-refine
0,0.0,-0.0068774698475252,-0.005841486864000399,0.0018657015219828987,-0.004465164023451602,-0.005631191798747104
1,0.0068774698475252,0.0,0.001035982983524801,0.008743171369508099,0.0024123058240735976,0.0012462780487780961
2,0.005841486864000399,-0.001035982983524801,0.0,0.007707188385983298,0.0013763228405487965,0.00021029506525329505
3,-0.0018657015219828987,-0.008743171369508099,-0.007707188385983298,0.0,-0.006330865545434501,-0.007496893320730003
4,0.004465164023451602,-0.0024123058240735976,-0.0013763228405487965,0.006330865545434501,0.0,-0.0011660277752955014
5,0.005631191798747104,-0.0012462780487780961,-0.00021029506525329505,0.007496893320730003,0.0011660277752955014,0.0
