,mistral,deepseek,llama3.3,qwen72b,qwen32b,qwen14b,solar
0,0.0,-0.0003713617530857001,0.00014819794713619996,-0.00045353139319860005,-0.00020789572705190006,-0.00034506057056280003,-0.0003800677471967001
1,0.0003713617530857001,0.0,0.0005195597002219,-8.216964011289996e-05,0.00016346602603380003,2.6301182522900065e-05,-8.705994111000027e-06
2,-0.00014819794713619996,-0.0005195597002219,0.0,-0.0006017293403348,-0.0003560936741881,-0.000493258517699,-0.0005282656943329001
3,0.00045353139319860005,8.216964011289996e-05,0.0006017293403348,0.0,0.0002456356661467,0.00010847082263580003,7.346364600189993e-05
4,0.00020789572705190006,-0.00016346602603380003,0.0003560936741881,-0.0002456356661467,0.0,-0.00013716484351089997,-0.00017217202014480006
5,0.00034506057056280003,-2.6301182522900065e-05,0.000493258517699,-0.00010847082263580003,0.00013716484351089997,0.0,-3.500717663390009e-05
6,0.0003800677471967001,8.705994111000027e-06,0.0005282656943329001,-7.346364600189993e-05,0.00017217202014480006,3.500717663390009e-05,0.0
