,zero_shot_baseline,in_context_learning_3-shot,style_information_style_example,chain_of_thought_zero_shot,chain_of_thought_one_shot,self-refine
0,0.0,0.0357158856924087,0.028683560464560803,0.004587935290799899,0.021811339941853504,0.016612058470594902
1,-0.0357158856924087,0.0,-0.007032325227847899,-0.031127950401608803,-0.013904545750555199,-0.0191038272218138
2,-0.028683560464560803,0.007032325227847899,0.0,-0.024095625173760904,-0.006872220522707299,-0.012071501993965901
3,-0.004587935290799899,0.031127950401608803,0.024095625173760904,0.0,0.017223404651053605,0.012024123179795003
4,-0.021811339941853504,0.013904545750555199,0.006872220522707299,-0.017223404651053605,0.0,-0.005199281471258602
5,-0.016612058470594902,0.0191038272218138,0.012071501993965901,-0.012024123179795003,0.005199281471258602,0.0
