,zero_shot_baseline,in_context_learning_3-shot,style_information_style_example,chain_of_thought_zero_shot,chain_of_thought_one_shot,self-refine
0,0.0,0.015166269687195005,0.001851502917144504,0.00037237685273980303,0.0021155248264558,0.0034434164970091052
1,-0.015166269687195005,0.0,-0.013314766770050501,-0.014793892834455202,-0.013050744860739205,-0.0117228531901859
2,-0.001851502917144504,0.013314766770050501,0.0,-0.001479126064404701,0.0002640219093112961,0.0015919135798646011
3,-0.00037237685273980303,0.014793892834455202,0.001479126064404701,0.0,0.0017431479737159972,0.003071039644269302
4,-0.0021155248264558,0.013050744860739205,-0.0002640219093112961,-0.0017431479737159972,0.0,0.001327891670553305
5,-0.0034434164970091052,0.0117228531901859,-0.0015919135798646011,-0.003071039644269302,-0.001327891670553305,0.0
