,zero_shot_baseline,in_context_learning_3-shot,style_information_style_example,chain_of_thought_zero_shot,chain_of_thought_one_shot,self-refine
0,0.0,-0.0076804153576358995,-0.006374627304216101,0.0016192936431852004,-0.002095175728542599,-0.007583876039549197
1,0.0076804153576358995,0.0,0.0013057880534197985,0.0092997090008211,0.0055852396290933005,9.653931808670246e-05
2,0.006374627304216101,-0.0013057880534197985,0.0,0.007993920947401301,0.004279451575673502,-0.001209248735333096
3,-0.0016192936431852004,-0.0092997090008211,-0.007993920947401301,0.0,-0.0037144693717277993,-0.009203169682734397
4,0.002095175728542599,-0.0055852396290933005,-0.004279451575673502,0.0037144693717277993,0.0,-0.005488700311006598
5,0.007583876039549197,-9.653931808670246e-05,0.001209248735333096,0.009203169682734397,0.005488700311006598,0.0
