,zero_shot_baseline,in_context_learning_3-shot,style_information_style_example,chain_of_thought_zero_shot,chain_of_thought_one_shot,self-refine
0,0.0,-0.0010043398886482998,0.0006769097160460999,0.00019758082664039995,0.0006249392795847001,0.0005471313869798
1,0.0010043398886482998,0.0,0.0016812496046943997,0.0012019207152886998,0.001629279168233,0.0015514712756280998
2,-0.0006769097160460999,-0.0016812496046943997,0.0,-0.0004793288894056999,-5.1970436461399715e-05,-0.00012977832906629991
3,-0.00019758082664039995,-0.0012019207152886998,0.0004793288894056999,0.0,0.0004273584529443002,0.0003495505603394
4,-0.0006249392795847001,-0.001629279168233,5.1970436461399715e-05,-0.0004273584529443002,0.0,-7.78078926049002e-05
5,-0.0005471313869798,-0.0015514712756280998,0.00012977832906629991,-0.0003495505603394,7.78078926049002e-05,0.0
