,abstracts,news,reviews,qa
0,0.0,-0.0048824669066329,-0.00040416259206539976,-0.023244982865085202
1,0.0048824669066329,0.0,0.0044783043145675,-0.0183625159584523
2,0.00040416259206539976,-0.0044783043145675,0.0,-0.0228408202730198
3,0.023244982865085202,0.0183625159584523,0.0228408202730198,0.0
