,zero_shot_baseline,in_context_learning_3-shot,style_information_style_example,chain_of_thought_zero_shot,chain_of_thought_one_shot,self-refine
0,0.0,0.015047038718798908,0.0012566993835878004,0.0024109088606746043,0.0062695602046792115,0.0032578485597606066
1,-0.015047038718798908,0.0,-0.013790339335211108,-0.012636129858124304,-0.008777478514119696,-0.011789190159038301
2,-0.0012566993835878004,0.013790339335211108,0.0,0.0011542094770868039,0.005012860821091411,0.002001149176172806
3,-0.0024109088606746043,0.012636129858124304,-0.0011542094770868039,0.0,0.003858651344004607,0.0008469396990860023
4,-0.0062695602046792115,0.008777478514119696,-0.005012860821091411,-0.003858651344004607,0.0,-0.003011711644918605
5,-0.0032578485597606066,0.011789190159038301,-0.002001149176172806,-0.0008469396990860023,0.003011711644918605,0.0
