,zero_shot_baseline,in_context_learning_3-shot,style_information_style_example,chain_of_thought_zero_shot,chain_of_thought_one_shot,self-refine
0,0.0,0.045084144801714604,0.0047300725792103065,0.001256282515511506,-0.00645539806968419,0.011868588952013703
1,-0.045084144801714604,0.0,-0.0403540722225043,-0.0438278622862031,-0.051539542871398794,-0.0332155558497009
2,-0.0047300725792103065,0.0403540722225043,0.0,-0.0034737900636988006,-0.011185470648894497,0.007138516372803397
3,-0.001256282515511506,0.0438278622862031,0.0034737900636988006,0.0,-0.007711680585195696,0.010612306436502197
4,0.00645539806968419,0.051539542871398794,0.011185470648894497,0.007711680585195696,0.0,0.018323987021697893
5,-0.011868588952013703,0.0332155558497009,-0.007138516372803397,-0.010612306436502197,-0.018323987021697893,0.0
