,zero_shot_baseline,in_context_learning_3-shot,style_information_style_example,chain_of_thought_zero_shot,chain_of_thought_one_shot,self-refine
0,0.0,0.0362185512210174,-0.000923253948033706,0.0007385051651113,0.005765177649889902,-0.016469066299681492
1,-0.0362185512210174,0.0,-0.037141805169051106,-0.0354800460559061,-0.0304533735711275,-0.05268761752069889
2,0.000923253948033706,0.037141805169051106,0.0,0.001661759113145006,0.006688431597923608,-0.015545812351647786
3,-0.0007385051651113,0.0354800460559061,-0.001661759113145006,0.0,0.005026672484778602,-0.017207571464792792
4,-0.005765177649889902,0.0304533735711275,-0.006688431597923608,-0.005026672484778602,0.0,-0.022234243949571394
5,0.016469066299681492,0.05268761752069889,0.015545812351647786,0.017207571464792792,0.022234243949571394,0.0
