,zero_shot_baseline,in_context_learning_3-shot,style_information_style_example,chain_of_thought_zero_shot,chain_of_thought_one_shot,self-refine
0,0.0,0.0037587727621541007,6.228502687550402e-05,2.498397934203034e-06,0.0011756470840611002,0.0018848523118135015
1,-0.0037587727621541007,0.0,-0.0036964877352785967,-0.0037562743642198977,-0.0025831256780930005,-0.0018739204503405993
2,-6.228502687550402e-05,0.0036964877352785967,0.0,-5.978662894130099e-05,0.0011133620571855962,0.0018225672849379974
3,-2.498397934203034e-06,0.0037562743642198977,5.978662894130099e-05,0.0,0.0011731486861268972,0.0018823539138792984
4,-0.0011756470840611002,0.0025831256780930005,-0.0011133620571855962,-0.0011731486861268972,0.0,0.0007092052277524012
5,-0.0018848523118135015,0.0018739204503405993,-0.0018225672849379974,-0.0018823539138792984,-0.0007092052277524012,0.0
