,zero_shot_baseline,in_context_learning_3-shot,style_information_style_example,chain_of_thought_zero_shot,chain_of_thought_one_shot,self-refine
0,0.0,0.0002042373400208998,0.0027898817413528993,0.0003602403282916,-0.0022530851507248997,-6.0761269412200336e-05
1,-0.0002042373400208998,0.0,0.0025856444013319995,0.00015600298827070022,-0.0024573224907457995,-0.00026499860943310014
2,-0.0027898817413528993,-0.0025856444013319995,0.0,-0.0024296414130612993,-0.005042966892077799,-0.0028506430107650997
3,-0.0003602403282916,-0.00015600298827070022,0.0024296414130612993,0.0,-0.0026133254790164998,-0.00042100159770380036
4,0.0022530851507248997,0.0024573224907457995,0.005042966892077799,0.0026133254790164998,0.0,0.0021923238813126994
5,6.0761269412200336e-05,0.00026499860943310014,0.0028506430107650997,0.00042100159770380036,-0.0021923238813126994,0.0
