,zero_shot_baseline,in_context_learning_3-shot,style_information_style_example,chain_of_thought_zero_shot,chain_of_thought_one_shot,self-refine
0,0.0,-0.004387926692190999,0.0004684140400443987,0.0031829657194544017,-0.005479231567421399,-0.011451625601645896
1,0.004387926692190999,0.0,0.004856340732235398,0.007570892411645401,-0.0010913048752303998,-0.007063698909454897
2,-0.0004684140400443987,-0.004856340732235398,0.0,0.002714551679410003,-0.005947645607465798,-0.011920039641690295
3,-0.0031829657194544017,-0.007570892411645401,-0.002714551679410003,0.0,-0.0086621972868758,-0.014634591321100298
4,0.005479231567421399,0.0010913048752303998,0.005947645607465798,0.0086621972868758,0.0,-0.005972394034224497
5,0.011451625601645896,0.007063698909454897,0.011920039641690295,0.014634591321100298,0.005972394034224497,0.0
