,abstracts,news,reviews,qa
0,0.0,-0.0022766980820012003,-0.0010005012482821002,-0.007821466991602601
1,0.0022766980820012003,0.0,0.0012761968337191001,-0.0055447689096014
2,0.0010005012482821002,-0.0012761968337191001,0.0,-0.006820965743320501
3,0.007821466991602601,0.0055447689096014,0.006820965743320501,0.0
