,zero_shot_baseline,in_context_learning_3-shot,style_information_style_example,chain_of_thought_zero_shot,chain_of_thought_one_shot,self-refine
0,0.0,0.0004836935085722992,-0.0021516136649123024,0.00013418932642579942,0.0035358205222054996,-0.0051392818206797974
1,-0.0004836935085722992,0.0,-0.0026353071734846016,-0.00034950418214649975,0.0030521270136332004,-0.005622975329252097
2,0.0021516136649123024,0.0026353071734846016,0.0,0.002285802991338102,0.005687434187117802,-0.002987668155767495
3,-0.00013418932642579942,0.00034950418214649975,-0.002285802991338102,0.0,0.0034016311957797,-0.005273471147105597
4,-0.0035358205222054996,-0.0030521270136332004,-0.005687434187117802,-0.0034016311957797,0.0,-0.008675102342885297
5,0.0051392818206797974,0.005622975329252097,0.002987668155767495,0.005273471147105597,0.008675102342885297,0.0
