,zero_shot_baseline,in_context_learning_3-shot,style_information_style_example,chain_of_thought_zero_shot,chain_of_thought_one_shot,self-refine
0,0.0,0.008942763074937896,-0.001059885546877401,3.7726103703603076e-05,-0.004624183108461105,9.157589368960495e-05
1,-0.008942763074937896,0.0,-0.010002648621815297,-0.008905036971234292,-0.013566946183399,-0.00885118718124829
2,0.001059885546877401,0.010002648621815297,0.0,0.001097611650581004,-0.003564297561583704,0.001151461440567006
3,-3.7726103703603076e-05,0.008905036971234292,-0.001097611650581004,0.0,-0.004661909212164708,5.384978998600187e-05
4,0.004624183108461105,0.013566946183399,0.003564297561583704,0.004661909212164708,0.0,0.00471575900215071
5,-9.157589368960495e-05,0.00885118718124829,-0.001151461440567006,-5.384978998600187e-05,-0.00471575900215071,0.0
