,zero_shot_baseline,in_context_learning_3-shot,style_information_style_example,chain_of_thought_zero_shot,chain_of_thought_one_shot,self-refine
0,0.0,0.0221753220550846,-0.011051772076119903,-0.0036242447906180975,-0.0037060487712790025,0.02061447348084941
1,-0.0221753220550846,0.0,-0.033227094131204504,-0.0257995668457027,-0.025881370826363603,-0.0015608485742351907
2,0.011051772076119903,0.033227094131204504,0.0,0.007427527285501806,0.007345723304840901,0.031666245556969314
3,0.0036242447906180975,0.0257995668457027,-0.007427527285501806,0.0,-8.1803980660905e-05,0.024238718271467508
4,0.0037060487712790025,0.025881370826363603,-0.007345723304840901,8.1803980660905e-05,0.0,0.024320522252128413
5,-0.02061447348084941,0.0015608485742351907,-0.031666245556969314,-0.024238718271467508,-0.024320522252128413,0.0
