,zero_shot_baseline,in_context_learning_3-shot,style_information_style_example,chain_of_thought_zero_shot,chain_of_thought_one_shot,self-refine
0,0.0,-0.02408291230318449,0.002843308235896305,-0.0005600535090739961,-0.0048239755608947,-0.005407227913417301
1,0.02408291230318449,0.0,0.026926220539080795,0.023522858794110493,0.01925893674228979,0.01867568438976719
2,-0.002843308235896305,-0.026926220539080795,0.0,-0.0034033617449703013,-0.007667283796791005,-0.008250536149313606
3,0.0005600535090739961,-0.023522858794110493,0.0034033617449703013,0.0,-0.004263922051820704,-0.004847174404343305
4,0.0048239755608947,-0.01925893674228979,0.007667283796791005,0.004263922051820704,0.0,-0.0005832523525226008
5,0.005407227913417301,-0.01867568438976719,0.008250536149313606,0.004847174404343305,0.0005832523525226008,0.0
