,zero_shot_baseline,in_context_learning_3-shot,style_information_style_example,chain_of_thought_zero_shot,chain_of_thought_one_shot,self-refine
0,0.0,-0.0002349767340188002,0.0014604601379658005,7.273726570109981e-05,-0.0010146194463500997,-0.0021877484986451
1,0.0002349767340188002,0.0,0.0016954368719846007,0.0003077139997199,-0.0007796427123312995,-0.0019527717646262996
2,-0.0014604601379658005,-0.0016954368719846007,0.0,-0.0013877228722647007,-0.0024750795843159,-0.0036482086366109003
3,-7.273726570109981e-05,-0.0003077139997199,0.0013877228722647007,0.0,-0.0010873567120511995,-0.0022604857643461996
4,0.0010146194463500997,0.0007796427123312995,0.0024750795843159,0.0010873567120511995,0.0,-0.0011731290522950001
5,0.0021877484986451,0.0019527717646262996,0.0036482086366109003,0.0022604857643461996,0.0011731290522950001,0.0
