,zero_shot_baseline,in_context_learning_3-shot,style_information_style_example,chain_of_thought_zero_shot,chain_of_thought_one_shot,self-refine
0,0.0,-0.005579999117818899,-0.0167621743825592,-0.0005457291269201012,-0.014574368644368601,-0.0198882659224897
1,0.005579999117818899,0.0,-0.011182175264740302,0.005034269990898798,-0.008994369526549702,-0.014308266804670802
2,0.0167621743825592,0.011182175264740302,0.0,0.0162164452556391,0.0021878057381906,-0.0031260915399305006
3,0.0005457291269201012,-0.005034269990898798,-0.0162164452556391,0.0,-0.0140286395174485,-0.0193425367955696
4,0.014574368644368601,0.008994369526549702,-0.0021878057381906,0.0140286395174485,0.0,-0.0053138972781211005
5,0.0198882659224897,0.014308266804670802,0.0031260915399305006,0.0193425367955696,0.0053138972781211005,0.0
