,zero_shot_baseline,in_context_learning_3-shot,style_information_style_example,chain_of_thought_zero_shot,chain_of_thought_one_shot,self-refine
0,0.0,0.003332620617318996,-0.001003791462338803,0.0007173866459030953,0.004647434377775598,-0.0011546328729362051
1,-0.003332620617318996,0.0,-0.004336412079657799,-0.0026152339714159006,0.001314813760456602,-0.004487253490255201
2,0.001003791462338803,0.004336412079657799,0.0,0.0017211781082418984,0.005651225840114401,-0.00015084141059740208
3,-0.0007173866459030953,0.0026152339714159006,-0.0017211781082418984,0.0,0.003930047731872503,-0.0018720195188393005
4,-0.004647434377775598,-0.001314813760456602,-0.005651225840114401,-0.003930047731872503,0.0,-0.005802067250711803
5,0.0011546328729362051,0.004487253490255201,0.00015084141059740208,0.0018720195188393005,0.005802067250711803,0.0
