,abstracts,news,reviews,qa
0,0.0,-0.0021151421224563996,-0.0082191242138429,-0.0083877987809154
1,0.0021151421224563996,0.0,-0.0061039820913865,-0.006272656658459
2,0.0082191242138429,0.0061039820913865,0.0,-0.0001686745670724998
3,0.0083877987809154,0.006272656658459,0.0001686745670724998,0.0
