,zero_shot_baseline,in_context_learning_3-shot,style_information_style_example,chain_of_thought_zero_shot,chain_of_thought_one_shot,self-refine
0,0.0,0.0300622305899459,0.004099454050768295,0.0007699635319348003,-0.0007533520004543021,-0.007890792459447307
1,-0.0300622305899459,0.0,-0.025962776539177605,-0.0292922670580111,-0.030815582590400202,-0.03795302304939321
2,-0.004099454050768295,0.025962776539177605,0.0,-0.0033294905188334945,-0.004852806051222597,-0.011990246510215602
3,-0.0007699635319348003,0.0292922670580111,0.0033294905188334945,0.0,-0.0015233155323891023,-0.008660755991382107
4,0.0007533520004543021,0.030815582590400202,0.004852806051222597,0.0015233155323891023,0.0,-0.007137440458993005
5,0.007890792459447307,0.03795302304939321,0.011990246510215602,0.008660755991382107,0.007137440458993005,0.0
