,zero_shot_baseline,in_context_learning_3-shot,style_information_style_example,chain_of_thought_zero_shot,chain_of_thought_one_shot,self-refine
0,0.0,0.0036045943459824988,-0.000912815681688002,0.0006147250345640981,0.004694989156728401,-0.0008881402404678981
1,-0.0036045943459824988,0.0,-0.004517410027670501,-0.0029898693114184006,0.0010903948107459024,-0.004492734586450397
2,0.000912815681688002,0.004517410027670501,0.0,0.0015275407162521001,0.005607804838416403,2.46754412201039e-05
3,-0.0006147250345640981,0.0029898693114184006,-0.0015275407162521001,0.0,0.004080264122164303,-0.0015028652750319962
4,-0.004694989156728401,-0.0010903948107459024,-0.005607804838416403,-0.004080264122164303,0.0,-0.005583129397196299
5,0.0008881402404678981,0.004492734586450397,-2.46754412201039e-05,0.0015028652750319962,0.005583129397196299,0.0
