,zero_shot_baseline,in_context_learning_3-shot,style_information_style_example,chain_of_thought_zero_shot,chain_of_thought_one_shot,self-refine
0,0.0,0.004220230688973498,0.0053073260570526,-0.0007563018111077027,-0.004989183074898901,0.005510829924394198
1,-0.004220230688973498,0.0,0.0010870953680791016,-0.004976532500081201,-0.009209413763872399,0.0012905992354207002
2,-0.0053073260570526,-0.0010870953680791016,0.0,-0.006063627868160303,-0.0102965091319515,0.00020350386734159856
3,0.0007563018111077027,0.004976532500081201,0.006063627868160303,0.0,-0.004232881263791198,0.006267131735501901
4,0.004989183074898901,0.009209413763872399,0.0102965091319515,0.004232881263791198,0.0,0.0105000129992931
5,-0.005510829924394198,-0.0012905992354207002,-0.00020350386734159856,-0.006267131735501901,-0.0105000129992931,0.0
