,zero_shot_baseline,in_context_learning_3-shot,style_information_style_example,chain_of_thought_zero_shot,chain_of_thought_one_shot,self-refine
0,0.0,0.033935320993993504,0.0284276431372832,0.004869843240987395,0.019932461154330804,0.019091124816192004
1,-0.033935320993993504,0.0,-0.005507677856710302,-0.029065477753006108,-0.0140028598396627,-0.0148441961778015
2,-0.0284276431372832,0.005507677856710302,0.0,-0.023557799896295806,-0.008495181982952398,-0.009336518321091197
3,-0.004869843240987395,0.029065477753006108,0.023557799896295806,0.0,0.015062617913343408,0.014221281575204608
4,-0.019932461154330804,0.0140028598396627,0.008495181982952398,-0.015062617913343408,0.0,-0.0008413363381387998
5,-0.019091124816192004,0.0148441961778015,0.009336518321091197,-0.014221281575204608,0.0008413363381387998,0.0
