,abstracts,news,reviews,qa
0,0.0,-0.008382154060628099,-0.008652640898079999,0.010347263036760802
1,0.008382154060628099,0.0,-0.00027048683745189983,0.0187294170973889
2,0.008652640898079999,0.00027048683745189983,0.0,0.0189999039348408
3,-0.010347263036760802,-0.0187294170973889,-0.0189999039348408,0.0
