,zero_shot_baseline,in_context_learning_3-shot,style_information_style_example,chain_of_thought_zero_shot,chain_of_thought_one_shot,self-refine
0,0.0,0.0018115688639161985,-0.004642918318615703,0.0012456594746650985,-0.005789939640453701,-0.002097916780408802
1,-0.0018115688639161985,0.0,-0.006454487182531901,-0.0005659093892511,-0.0076015085043699,-0.003909485644325
2,0.004642918318615703,0.006454487182531901,0.0,0.005888577793280801,-0.0011470213218379988,0.0025450015382069008
3,-0.0012456594746650985,0.0005659093892511,-0.005888577793280801,0.0,-0.0070355991151188,-0.0033435762550739004
4,0.005789939640453701,0.0076015085043699,0.0011470213218379988,0.0070355991151188,0.0,0.0036920228600448995
5,0.002097916780408802,0.003909485644325,-0.0025450015382069008,0.0033435762550739004,-0.0036920228600448995,0.0
