,zero_shot_baseline,in_context_learning_3-shot,style_information_style_example,chain_of_thought_zero_shot,chain_of_thought_one_shot,self-refine
0,0.0,-0.00027955933678329957,0.002570249547665401,0.0006810030651418011,0.0007789785751388008,0.0014538535892821012
1,0.00027955933678329957,0.0,0.0028498088844487006,0.0009605624019251007,0.0010585379119221004,0.0017334129260654007
2,-0.002570249547665401,-0.0028498088844487006,0.0,-0.0018892464825235999,-0.0017912709725266002,-0.0011163959583832999
3,-0.0006810030651418011,-0.0009605624019251007,0.0018892464825235999,0.0,9.797550999699964e-05,0.0007728505241403
4,-0.0007789785751388008,-0.0010585379119221004,0.0017912709725266002,-9.797550999699964e-05,0.0,0.0006748750141433004
5,-0.0014538535892821012,-0.0017334129260654007,0.0011163959583832999,-0.0007728505241403,-0.0006748750141433004,0.0
