,zero_shot_baseline,in_context_learning_3-shot,style_information_style_example,chain_of_thought_zero_shot,chain_of_thought_one_shot,self-refine
0,0.0,0.00587971507281361,-0.009629420554462698,0.0178294041279142,-0.0013591747421007883,0.008470009425433606
1,-0.00587971507281361,0.0,-0.015509135627276308,0.01194968905510059,-0.007238889814914398,0.0025902943526199956
2,0.009629420554462698,0.015509135627276308,0.0,0.027458824682376898,0.00827024581236191,0.018099429979896303
3,-0.0178294041279142,-0.01194968905510059,-0.027458824682376898,0.0,-0.01918857887001499,-0.009359394702480595
4,0.0013591747421007883,0.007238889814914398,-0.00827024581236191,0.01918857887001499,0.0,0.009829184167534394
5,-0.008470009425433606,-0.0025902943526199956,-0.018099429979896303,0.009359394702480595,-0.009829184167534394,0.0
