,zero_shot_baseline,in_context_learning_3-shot,style_information_style_example,chain_of_thought_zero_shot,chain_of_thought_one_shot,self-refine
0,0.0,0.0017492214799550015,-0.001048384707131797,0.0009402029332443024,0.0031466008208032997,-0.007013582010961
1,-0.0017492214799550015,0.0,-0.0027976061870867985,-0.0008090185467106992,0.0013973793408482982,-0.008762803490916002
2,0.001048384707131797,0.0027976061870867985,0.0,0.0019885876403760994,0.004194985527935097,-0.005965197303829203
3,-0.0009402029332443024,0.0008090185467106992,-0.0019885876403760994,0.0,0.0022063978875589974,-0.007953784944205303
4,-0.0031466008208032997,-0.0013973793408482982,-0.004194985527935097,-0.0022063978875589974,0.0,-0.0101601828317643
5,0.007013582010961,0.008762803490916002,0.005965197303829203,0.007953784944205303,0.0101601828317643,0.0
