,zero_shot_baseline,in_context_learning_3-shot,style_information_style_example,chain_of_thought_zero_shot,chain_of_thought_one_shot,self-refine
0,0.0,0.002849010306418799,0.0017399172819150995,0.0001845937781459004,0.0002803799558519001,-0.0030419683065021994
1,-0.002849010306418799,0.0,-0.0011090930245036996,-0.0026644165282728987,-0.002568630350566899,-0.0058909786129209985
2,-0.0017399172819150995,0.0011090930245036996,0.0,-0.001555323503769199,-0.0014595373260631993,-0.004781885588417299
3,-0.0001845937781459004,0.0026644165282728987,0.001555323503769199,0.0,9.57861777059997e-05,-0.0032265620846481
4,-0.0002803799558519001,0.002568630350566899,0.0014595373260631993,-9.57861777059997e-05,0.0,-0.0033223482623540995
5,0.0030419683065021994,0.0058909786129209985,0.004781885588417299,0.0032265620846481,0.0033223482623540995,0.0
