,zero_shot_baseline,in_context_learning_3-shot,style_information_style_example,chain_of_thought_zero_shot,chain_of_thought_one_shot,self-refine
0,0.0,-0.0014432922875856971,-0.0006549996557232984,0.0008319803794017006,-0.0009931263384386976,-0.020546324625054194
1,0.0014432922875856971,0.0,0.0007882926318623987,0.0022752726669873977,0.0004501659491469995,-0.019103032337468497
2,0.0006549996557232984,-0.0007882926318623987,0.0,0.001486980035124999,-0.0003381266827153992,-0.019891324969330895
3,-0.0008319803794017006,-0.0022752726669873977,-0.001486980035124999,0.0,-0.0018251067178403982,-0.021378305004455894
4,0.0009931263384386976,-0.0004501659491469995,0.0003381266827153992,0.0018251067178403982,0.0,-0.019553198286615496
5,0.020546324625054194,0.019103032337468497,0.019891324969330895,0.021378305004455894,0.019553198286615496,0.0
