,zero_shot_baseline,in_context_learning_3-shot,style_information_style_example,chain_of_thought_zero_shot,chain_of_thought_one_shot,self-refine
0,0.0,0.0009389740145467002,0.0024010853611304006,-9.105296752089966e-05,-0.0067098256467275,-0.0016315464378943998
1,-0.0009389740145467002,0.0,0.0014621113465837004,-0.0010300269820675998,-0.0076487996612742,-0.0025705204524411
2,-0.0024010853611304006,-0.0014621113465837004,0.0,-0.0024921383286513003,-0.009110911007857901,-0.0040326317990248
3,9.105296752089966e-05,0.0010300269820675998,0.0024921383286513003,0.0,-0.0066187726792066,-0.0015404934703735001
4,0.0067098256467275,0.0076487996612742,0.009110911007857901,0.0066187726792066,0.0,0.0050782792088331
5,0.0016315464378943998,0.0025705204524411,0.0040326317990248,0.0015404934703735001,-0.0050782792088331,0.0
