,zero_shot_baseline,in_context_learning_3-shot,style_information_style_example,chain_of_thought_zero_shot,chain_of_thought_one_shot,self-refine
0,0.0,0.0184103893510308,-0.004281659438446911,0.008563487837980388,-0.003436468109532409,0.0159191707327047
1,-0.0184103893510308,0.0,-0.022692048789477712,-0.009846901513050413,-0.02184685746056321,-0.002491218618326102
2,0.004281659438446911,0.022692048789477712,0.0,0.012845147276427299,0.0008451913289145019,0.02020083017115161
3,-0.008563487837980388,0.009846901513050413,-0.012845147276427299,0.0,-0.011999955947512797,0.007355682894724311
4,0.003436468109532409,0.02184685746056321,-0.0008451913289145019,0.011999955947512797,0.0,0.019355638842237108
5,-0.0159191707327047,0.002491218618326102,-0.02020083017115161,-0.007355682894724311,-0.019355638842237108,0.0
