,zero_shot_baseline,in_context_learning_3-shot,style_information_style_example,chain_of_thought_zero_shot,chain_of_thought_one_shot,self-refine
0,0.0,-0.006023447928464999,-0.017177698879274998,-0.0004975564182215994,-0.0149724629023545,-0.020334470543227505
1,0.006023447928464999,0.0,-0.011154250950810001,0.005525891510243399,-0.008949014973889502,-0.014311022614762504
2,0.017177698879274998,0.011154250950810001,0.0,0.0166801424610534,0.002205235976920499,-0.0031567716639525033
3,0.0004975564182215994,-0.005525891510243399,-0.0166801424610534,0.0,-0.014474906484132901,-0.019836914125005906
4,0.0149724629023545,0.008949014973889502,-0.002205235976920499,0.014474906484132901,0.0,-0.0053620076408730025
5,0.020334470543227505,0.014311022614762504,0.0031567716639525033,0.019836914125005906,0.0053620076408730025,0.0
