,zero_shot_baseline,in_context_learning_3-shot,style_information_style_example,chain_of_thought_zero_shot,chain_of_thought_one_shot,self-refine
0,0.0,-0.007195908650212704,0.008418276889346599,-0.0036767041409199036,-0.01301442894956821,0.004800497138436999
1,0.007195908650212704,0.0,0.015614185539559303,0.0035192045092928004,-0.005818520299355506,0.011996405788649703
2,-0.008418276889346599,-0.015614185539559303,0.0,-0.012094981030266502,-0.02143270583891481,-0.0036177797509096
3,0.0036767041409199036,-0.0035192045092928004,0.012094981030266502,0.0,-0.009337724808648307,0.008477201279356902
4,0.01301442894956821,0.005818520299355506,0.02143270583891481,0.009337724808648307,0.0,0.01781492608800521
5,-0.004800497138436999,-0.011996405788649703,0.0036177797509096,-0.008477201279356902,-0.01781492608800521,0.0
