,zero_shot_baseline,in_context_learning_3-shot,style_information_style_example,chain_of_thought_zero_shot,chain_of_thought_one_shot,self-refine
0,0.0,0.0012285190006684002,-0.0052682662384314,0.0013155311694410983,-0.006439901443845802,-0.002973580707469902
1,-0.0012285190006684002,0.0,-0.0064967852390998004,8.70121687726981e-05,-0.007668420444514202,-0.004202099708138302
2,0.0052682662384314,0.0064967852390998004,0.0,0.0065837974078724985,-0.0011716352054144015,0.002294685530961498
3,-0.0013155311694410983,-8.70121687726981e-05,-0.0065837974078724985,0.0,-0.0077554326132869,-0.004289111876911
4,0.006439901443845802,0.007668420444514202,0.0011716352054144015,0.0077554326132869,0.0,0.0034663207363758997
5,0.002973580707469902,0.004202099708138302,-0.002294685530961498,0.004289111876911,-0.0034663207363758997,0.0
