,zero_shot_baseline,in_context_learning_3-shot,style_information_style_example,chain_of_thought_zero_shot,chain_of_thought_one_shot,self-refine
0,0.0,0.025126557896960777,-0.002809032987149296,0.000723178071310393,0.00519775055934138,0.011166956254835686
1,-0.025126557896960777,0.0,-0.027935590884110073,-0.024403379825650384,-0.019928807337619397,-0.013959601642125091
2,0.002809032987149296,0.027935590884110073,0.0,0.003532211058459689,0.008006783546490676,0.013975989241984982
3,-0.000723178071310393,0.024403379825650384,-0.003532211058459689,0.0,0.004474572488030987,0.010443778183525293
4,-0.00519775055934138,0.019928807337619397,-0.008006783546490676,-0.004474572488030987,0.0,0.005969205695494306
5,-0.011166956254835686,0.013959601642125091,-0.013975989241984982,-0.010443778183525293,-0.005969205695494306,0.0
