,zero_shot_baseline,in_context_learning_3-shot,style_information_style_example,chain_of_thought_zero_shot,chain_of_thought_one_shot,self-refine
0,0.0,4.902957066190046e-05,-0.0011273276149517987,-1.6724792629799548e-05,-0.0007049485261756,-0.0013840642868379986
1,-4.902957066190046e-05,0.0,-0.0011763571856136992,-6.575436329170001e-05,-0.0007539780968375005,-0.001433093857499899
2,0.0011273276149517987,0.0011763571856136992,0.0,0.0011106028223219992,0.0004223790887761987,-0.0002567366718861999
3,1.6724792629799548e-05,6.575436329170001e-05,-0.0011106028223219992,0.0,-0.0006882237335458005,-0.001367339494208199
4,0.0007049485261756,0.0007539780968375005,-0.0004223790887761987,0.0006882237335458005,0.0,-0.0006791157606623986
5,0.0013840642868379986,0.001433093857499899,0.0002567366718861999,0.001367339494208199,0.0006791157606623986,0.0
