,zero_shot_baseline,in_context_learning_3-shot,style_information_style_example,chain_of_thought_zero_shot,chain_of_thought_one_shot,self-refine
0,0.0,0.0001356048426057999,0.0011037707938269,-7.260453688940011e-05,0.0007367650055678998,0.0014891040355954998
1,-0.0001356048426057999,0.0,0.0009681659512211001,-0.00020820937949520002,0.0006011601629620999,0.0013534991929897
2,-0.0011037707938269,-0.0009681659512211001,0.0,-0.0011763753307163002,-0.0003670057882590003,0.0003853332417685998
3,7.260453688940011e-05,0.00020820937949520002,0.0011763753307163002,0.0,0.0008093695424572999,0.0015617085724849
4,-0.0007367650055678998,-0.0006011601629620999,0.0003670057882590003,-0.0008093695424572999,0.0,0.0007523390300276001
5,-0.0014891040355954998,-0.0013534991929897,-0.0003853332417685998,-0.0015617085724849,-0.0007523390300276001,0.0
