,zero_shot_baseline,in_context_learning_3-shot,style_information_style_example,chain_of_thought_zero_shot,chain_of_thought_one_shot,self-refine
0,0.0,0.0004386706158730977,0.00045230844528010294,0.005365207778378102,-0.0005650377019112973,-0.0008678311002925029
1,-0.0004386706158730977,0.0,1.3637829407005253e-05,0.004926537162505004,-0.001003708317784395,-0.0013065017161656006
2,-0.00045230844528010294,-1.3637829407005253e-05,0.0,0.004912899333097999,-0.0010173461471914003,-0.0013201395455726059
3,-0.005365207778378102,-0.004926537162505004,-0.004912899333097999,0.0,-0.005930245480289399,-0.006233038878670605
4,0.0005650377019112973,0.001003708317784395,0.0010173461471914003,0.005930245480289399,0.0,-0.0003027933983812056
5,0.0008678311002925029,0.0013065017161656006,0.0013201395455726059,0.006233038878670605,0.0003027933983812056,0.0
