,zero_shot_baseline,in_context_learning_3-shot,style_information_style_example,chain_of_thought_zero_shot,chain_of_thought_one_shot,self-refine
0,0.0,0.033560242155264985,-0.033644233850743,0.02423021938312986,0.001090002651405464,0.0034647406328488506
1,-0.033560242155264985,0.0,-0.06720447600600798,-0.009330022772135127,-0.03247023950385952,-0.030095501522416135
2,0.033644233850743,0.06720447600600798,0.0,0.05787445323387286,0.03473423650214846,0.03710897448359185
3,-0.02423021938312986,0.009330022772135127,-0.05787445323387286,0.0,-0.023140216731724395,-0.020765478750281008
4,-0.001090002651405464,0.03247023950385952,-0.03473423650214846,0.023140216731724395,0.0,0.0023747379814433867
5,-0.0034647406328488506,0.030095501522416135,-0.03710897448359185,0.020765478750281008,-0.0023747379814433867,0.0
