,zero_shot_baseline,in_context_learning_3-shot,style_information_style_example,chain_of_thought_zero_shot,chain_of_thought_one_shot,self-refine
0,0.0,0.0494863017700618,-0.027822673158816813,-0.018048459971484854,0.027989843821497717,0.02177847876869754
1,-0.0494863017700618,0.0,-0.07730897492887862,-0.06753476174154666,-0.021496457948564085,-0.027707823001364262
2,0.027822673158816813,0.07730897492887862,0.0,0.00977421318733196,0.05581251698031453,0.04960115192751435
3,0.018048459971484854,0.06753476174154666,-0.00977421318733196,0.0,0.04603830379298257,0.039826938740182394
4,-0.027989843821497717,0.021496457948564085,-0.05581251698031453,-0.04603830379298257,0.0,-0.006211365052800177
5,-0.02177847876869754,0.027707823001364262,-0.04960115192751435,-0.039826938740182394,0.006211365052800177,0.0
