,zero_shot_baseline,in_context_learning_3-shot,style_information_style_example,chain_of_thought_zero_shot,chain_of_thought_one_shot,self-refine
0,0.0,0.020082725653154943,0.012475811176849816,0.005162213063844678,0.01295237258703319,0.00911109455878134
1,-0.020082725653154943,0.0,-0.007606914476305127,-0.014920512589310264,-0.007130353066121753,-0.010971631094373602
2,-0.012475811176849816,0.007606914476305127,0.0,-0.0073135981130051375,0.0004765614101833737,-0.003364716618068475
3,-0.005162213063844678,0.014920512589310264,0.0073135981130051375,0.0,0.007790159523188511,0.003948881494936662
4,-0.01295237258703319,0.007130353066121753,-0.0004765614101833737,-0.007790159523188511,0.0,-0.003841278028251849
5,-0.00911109455878134,0.010971631094373602,0.003364716618068475,-0.003948881494936662,0.003841278028251849,0.0
