,zero_shot_baseline,in_context_learning_3-shot,style_information_style_example,chain_of_thought_zero_shot,chain_of_thought_one_shot,self-refine
0,0.0,-0.008304281640148625,-0.009830449701201172,0.0009586145094884202,5.405375307465654e-06,0.01165471441412802
1,0.008304281640148625,0.0,-0.0015261680610525463,0.009262896149637045,0.008309687015456091,0.019958996054276645
2,0.009830449701201172,0.0015261680610525463,0.0,0.010789064210689592,0.009835855076508637,0.02148516411532919
3,-0.0009586145094884202,-0.009262896149637045,-0.010789064210689592,0.0,-0.0009532091341809545,0.0106960999046396
4,-5.405375307465654e-06,-0.008309687015456091,-0.009835855076508637,0.0009532091341809545,0.0,0.011649309038820554
5,-0.01165471441412802,-0.019958996054276645,-0.02148516411532919,-0.0106960999046396,-0.011649309038820554,0.0
