,abstracts,news,reviews,qa
0,0.0,0.030519344632353493,0.007024423072987299,0.0767949215933072
1,-0.030519344632353493,0.0,-0.023494921559366194,0.046275576960953704
2,-0.007024423072987299,0.023494921559366194,0.0,0.0697704985203199
3,-0.0767949215933072,-0.046275576960953704,-0.0697704985203199,0.0
