,zero_shot_baseline,in_context_learning_3-shot,style_information_style_example,chain_of_thought_zero_shot,chain_of_thought_one_shot,self-refine
0,0.0,0.1933355198135615,0.07500707029773512,0.00031843548480847694,0.10543621332311459,0.040977776049989645
1,-0.1933355198135615,0.0,-0.11832844951582638,-0.19301708432875303,-0.08789930649044692,-0.15235774376357186
2,-0.07500707029773512,0.11832844951582638,0.0,-0.07468863481292665,0.030429143025379468,-0.03402929424774548
3,-0.00031843548480847694,0.19301708432875303,0.07468863481292665,0.0,0.10511777783830611,0.04065934056518117
4,-0.10543621332311459,0.08789930649044692,-0.030429143025379468,-0.10511777783830611,0.0,-0.06445843727312495
5,-0.040977776049989645,0.15235774376357186,0.03402929424774548,-0.04065934056518117,0.06445843727312495,0.0
