,zero_shot_baseline,in_context_learning_3-shot,style_information_style_example,chain_of_thought_zero_shot,chain_of_thought_one_shot,self-refine
0,0.0,0.023572682695543246,0.072538116711657,0.011777411781441538,0.07571854871672185,0.0810972095557167
1,-0.023572682695543246,0.0,0.04896543401611375,-0.011795270914101708,0.0521458660211786,0.05752452686017345
2,-0.072538116711657,-0.04896543401611375,0.0,-0.06076070493021546,0.0031804320050648482,0.008559092844059701
3,-0.011777411781441538,0.011795270914101708,0.06076070493021546,0.0,0.06394113693528031,0.06931979777427516
4,-0.07571854871672185,-0.0521458660211786,-0.0031804320050648482,-0.06394113693528031,0.0,0.005378660838994853
5,-0.0810972095557167,-0.05752452686017345,-0.008559092844059701,-0.06931979777427516,-0.005378660838994853,0.0
