,zero_shot_baseline,in_context_learning_3-shot,style_information_style_example,chain_of_thought_zero_shot,chain_of_thought_one_shot,self-refine
0,0.0,-0.05221149918913148,0.004607390427259661,0.002674986545021074,0.02642663516205601,0.03763487420662692
1,0.05221149918913148,0.0,0.056818889616391144,0.05488648573415256,0.0786381343511875,0.0898463733957584
2,-0.004607390427259661,-0.056818889616391144,0.0,-0.001932403882238587,0.02181924473479635,0.03302748377936726
3,-0.002674986545021074,-0.05488648573415256,0.001932403882238587,0.0,0.023751648617034937,0.03495988766160585
4,-0.02642663516205601,-0.0786381343511875,-0.02181924473479635,-0.023751648617034937,0.0,0.011208239044570911
5,-0.03763487420662692,-0.0898463733957584,-0.03302748377936726,-0.03495988766160585,-0.011208239044570911,0.0
