,zero_shot_baseline,in_context_learning_3-shot,style_information_style_example,chain_of_thought_zero_shot,chain_of_thought_one_shot,self-refine
0,0.0,0.004628333612934243,-0.011994367450261723,-0.010560624700130972,0.01062291351607525,0.0365234328450833
1,-0.004628333612934243,0.0,-0.016622701063195966,-0.015188958313065215,0.005994579903141006,0.03189509923214906
2,0.011994367450261723,0.016622701063195966,0.0,0.001433742750130751,0.022617280966336972,0.048517800295345026
3,0.010560624700130972,0.015188958313065215,-0.001433742750130751,0.0,0.02118353821620622,0.047084057545214275
4,-0.01062291351607525,-0.005994579903141006,-0.022617280966336972,-0.02118353821620622,0.0,0.025900519329008054
5,-0.0365234328450833,-0.03189509923214906,-0.048517800295345026,-0.047084057545214275,-0.025900519329008054,0.0
