,abstracts,news,reviews,qa
0,0.0,-0.013452303925796688,0.0046172621650164,0.043105725303207
1,0.013452303925796688,0.0,0.01806956609081309,0.05655802922900369
2,-0.0046172621650164,-0.01806956609081309,0.0,0.0384884631381906
3,-0.043105725303207,-0.05655802922900369,-0.0384884631381906,0.0
