,zero_shot_baseline,in_context_learning_3-shot,style_information_style_example,chain_of_thought_zero_shot,chain_of_thought_one_shot,self-refine
0,0.0,0.04261590675986582,0.037342799348386024,0.0034200251239083768,-0.008460358373505228,0.04135266588577069
1,-0.04261590675986582,0.0,-0.005273107411479794,-0.03919588163595744,-0.051076265133371046,-0.0012632408740951284
2,-0.037342799348386024,0.005273107411479794,0.0,-0.03392277422447765,-0.04580315772189125,0.004009866537384665
3,-0.0034200251239083768,0.03919588163595744,0.03392277422447765,0.0,-0.011880383497413605,0.03793264076186231
4,0.008460358373505228,0.051076265133371046,0.04580315772189125,0.011880383497413605,0.0,0.04981302425927592
5,-0.04135266588577069,0.0012632408740951284,-0.004009866537384665,-0.03793264076186231,-0.04981302425927592,0.0
