,zero_shot_baseline,in_context_learning_3-shot,style_information_style_example,chain_of_thought_zero_shot,chain_of_thought_one_shot,self-refine
0,0.0,-0.0210838323140643,-0.0005484208883215214,-0.0032727939697798636,0.0010368611343610779,0.009155820377216073
1,0.0210838323140643,0.0,0.020535411425742778,0.017811038344284436,0.022120693448425377,0.030239652691280372
2,0.0005484208883215214,-0.020535411425742778,0.0,-0.0027243730814583422,0.0015852820226825992,0.009704241265537594
3,0.0032727939697798636,-0.017811038344284436,0.0027243730814583422,0.0,0.0043096551041409414,0.012428614346995936
4,-0.0010368611343610779,-0.022120693448425377,-0.0015852820226825992,-0.0043096551041409414,0.0,0.008118959242854995
5,-0.009155820377216073,-0.030239652691280372,-0.009704241265537594,-0.012428614346995936,-0.008118959242854995,0.0
