,zero_shot_baseline,in_context_learning_3-shot,style_information_style_example,chain_of_thought_zero_shot,chain_of_thought_one_shot,self-refine
0,0.0,-0.00024456453727306204,-0.003096229989849597,-0.008148877336005778,-0.038139578193396306,-0.06600404662424564
1,0.00024456453727306204,0.0,-0.002851665452576535,-0.007904312798732716,-0.037895013656123244,-0.06575948208697258
2,0.003096229989849597,0.002851665452576535,0.0,-0.0050526473461561805,-0.03504334820354671,-0.06290781663439604
3,0.008148877336005778,0.007904312798732716,0.0050526473461561805,0.0,-0.02999070085739053,-0.05785516928823986
4,0.038139578193396306,0.037895013656123244,0.03504334820354671,0.02999070085739053,0.0,-0.027864468430849332
5,0.06600404662424564,0.06575948208697258,0.06290781663439604,0.05785516928823986,0.027864468430849332,0.0
