,abstracts,news,reviews,qa
0,0.0,0.026730462670343097,0.004588911250908906,0.0762583864144773
1,-0.026730462670343097,0.0,-0.02214155141943419,0.0495279237441342
2,-0.004588911250908906,0.02214155141943419,0.0,0.07166947516356839
3,-0.0762583864144773,-0.0495279237441342,-0.07166947516356839,0.0
