,zero_shot_baseline,in_context_learning_3-shot,style_information_style_example,chain_of_thought_zero_shot,chain_of_thought_one_shot,self-refine
0,0.0,-0.03222283577304097,-0.007814375858007594,-0.0025193731654231666,-0.0020402263805208154,0.015587070379137868
1,0.03222283577304097,0.0,0.024408459915033376,0.029703462607617803,0.030182609392520154,0.04780990615217884
2,0.007814375858007594,-0.024408459915033376,0.0,0.005295002692584427,0.0057741494774867785,0.023401446237145462
3,0.0025193731654231666,-0.029703462607617803,-0.005295002692584427,0.0,0.0004791467849023512,0.018106443544561035
4,0.0020402263805208154,-0.030182609392520154,-0.0057741494774867785,-0.0004791467849023512,0.0,0.017627296759658684
5,-0.015587070379137868,-0.04780990615217884,-0.023401446237145462,-0.018106443544561035,-0.017627296759658684,0.0
