,abstracts,news,reviews,qa
0,0.0,-0.01034990070804409,0.010762011104612806,0.056995248618467206
1,0.01034990070804409,0.0,0.021111911812656897,0.0673451493265113
2,-0.010762011104612806,-0.021111911812656897,0.0,0.0462332375138544
3,-0.056995248618467206,-0.0673451493265113,-0.0462332375138544,0.0
