,zero_shot_baseline,in_context_learning_3-shot,style_information_style_example,chain_of_thought_zero_shot,chain_of_thought_one_shot,self-refine
0,0.0,0.04457675033141284,-0.0006887342910590899,-0.004250793527774466,0.026020971523363134,-0.0007374552826682201
1,-0.04457675033141284,0.0,-0.04526548462247193,-0.048827543859187306,-0.018555778808049705,-0.04531420561408106
2,0.0006887342910590899,0.04526548462247193,0.0,-0.003562059236715376,0.026709705814422224,-4.872099160913024e-05
3,0.004250793527774466,0.048827543859187306,0.003562059236715376,0.0,0.0302717650511376,0.0035133382451062456
4,-0.026020971523363134,0.018555778808049705,-0.026709705814422224,-0.0302717650511376,0.0,-0.026758426806031355
5,0.0007374552826682201,0.04531420561408106,4.872099160913024e-05,-0.0035133382451062456,0.026758426806031355,0.0
