,zero_shot_baseline,in_context_learning_3-shot,style_information_style_example,chain_of_thought_zero_shot,chain_of_thought_one_shot,self-refine
0,0.0,-0.037576750499713096,0.031829854641459376,0.005846022488869895,0.0077223493018244715,0.04882484576068935
1,0.037576750499713096,0.0,0.06940660514117247,0.04342277298858299,0.04529909980153757,0.08640159626040245
2,-0.031829854641459376,-0.06940660514117247,0.0,-0.02598383215258948,-0.024107505339634905,0.016994991119229974
3,-0.005846022488869895,-0.04342277298858299,0.02598383215258948,0.0,0.0018763268129545763,0.042978823271819455
4,-0.0077223493018244715,-0.04529909980153757,0.024107505339634905,-0.0018763268129545763,0.0,0.04110249645886488
5,-0.04882484576068935,-0.08640159626040245,-0.016994991119229974,-0.042978823271819455,-0.04110249645886488,0.0
