,zero_shot_baseline,in_context_learning_3-shot,style_information_style_example,chain_of_thought_zero_shot,chain_of_thought_one_shot,self-refine
0,0.0,-0.009485732044322126,0.011419400553902781,0.00197986710299769,0.0057691481188767435,-0.019570914110367155
1,0.009485732044322126,0.0,0.020905132598224907,0.011465599147319816,0.01525488016319887,-0.010085182066045029
2,-0.011419400553902781,-0.020905132598224907,0.0,-0.009439533450905091,-0.0056502524350260375,-0.030990314664269936
3,-0.00197986710299769,-0.011465599147319816,0.009439533450905091,0.0,0.0037892810158790535,-0.021550781213364845
4,-0.0057691481188767435,-0.01525488016319887,0.0056502524350260375,-0.0037892810158790535,0.0,-0.025340062229243898
5,0.019570914110367155,0.010085182066045029,0.030990314664269936,0.021550781213364845,0.025340062229243898,0.0
