,mistral,deepseek,llama3.3,qwen72b,qwen32b,qwen14b,solar
0,0.0,-0.001211893012601939,0.025467616187257236,0.029602730907564045,-0.11276654938545905,-0.08702113708866022,0.00853149926900476
1,0.001211893012601939,0.0,0.026679509199859175,0.030814623920165984,-0.11155465637285711,-0.08580924407605828,0.0097433922816067
2,-0.025467616187257236,-0.026679509199859175,0.0,0.0041351147203068095,-0.13823416557271628,-0.11248875327591745,-0.016936116918252475
3,-0.029602730907564045,-0.030814623920165984,-0.0041351147203068095,0.0,-0.1423692802930231,-0.11662386799622426,-0.021071231638559285
4,0.11276654938545905,0.11155465637285711,0.13823416557271628,0.1423692802930231,0.0,0.02574541229679883,0.12129804865446381
5,0.08702113708866022,0.08580924407605828,0.11248875327591745,0.11662386799622426,-0.02574541229679883,0.0,0.09555263635766498
6,-0.00853149926900476,-0.0097433922816067,0.016936116918252475,0.021071231638559285,-0.12129804865446381,-0.09555263635766498,0.0
