,zero_shot_baseline,in_context_learning_3-shot,style_information_style_example,chain_of_thought_zero_shot,chain_of_thought_one_shot,self-refine
0,0.0,-0.012914681530657224,0.01105951590313392,0.002874822556180656,0.026591282417513018,-0.02401483892579992
1,0.012914681530657224,0.0,0.023974197433791145,0.01578950408683788,0.03950596394817024,-0.011100157395142696
2,-0.01105951590313392,-0.023974197433791145,0.0,-0.008184693346953265,0.015531766514379097,-0.03507435482893384
3,-0.002874822556180656,-0.01578950408683788,0.008184693346953265,0.0,0.023716459861332362,-0.026889661481980576
4,-0.026591282417513018,-0.03950596394817024,-0.015531766514379097,-0.023716459861332362,0.0,-0.05060612134331294
5,0.02401483892579992,0.011100157395142696,0.03507435482893384,0.026889661481980576,0.05060612134331294,0.0
