,zero_shot_baseline,in_context_learning_3-shot,style_information_style_example,chain_of_thought_zero_shot,chain_of_thought_one_shot,self-refine
0,0.0,-0.08815817977087703,0.0009473459562809872,0.0017118475244816134,-0.005253282417291838,0.0064176807989650975
1,0.08815817977087703,0.0,0.08910552572715802,0.08987002729535865,0.0829048973535852,0.09457586056984213
2,-0.0009473459562809872,-0.08910552572715802,0.0,0.0007645015682006262,-0.006200628373572825,0.00547033484268411
3,-0.0017118475244816134,-0.08987002729535865,-0.0007645015682006262,0.0,-0.006965129941773451,0.004705833274483484
4,0.005253282417291838,-0.0829048973535852,0.006200628373572825,0.006965129941773451,0.0,0.011670963216256935
5,-0.0064176807989650975,-0.09457586056984213,-0.00547033484268411,-0.004705833274483484,-0.011670963216256935,0.0
