,zero_shot_baseline,in_context_learning_3-shot,style_information_style_example,chain_of_thought_zero_shot,chain_of_thought_one_shot,self-refine
0,0.0,0.04172216354142588,0.0033150830748420734,-0.008990501212396529,0.04153712396376763,-0.014852528972101653
1,-0.04172216354142588,0.0,-0.03840708046658381,-0.05071266475382241,-0.00018503957765825252,-0.056574692513527536
2,-0.0033150830748420734,0.03840708046658381,0.0,-0.012305584287238602,0.03822204088892556,-0.018167612046943726
3,0.008990501212396529,0.05071266475382241,0.012305584287238602,0.0,0.05052762517616416,-0.005862027759705124
4,-0.04153712396376763,0.00018503957765825252,-0.03822204088892556,-0.05052762517616416,0.0,-0.05638965293586928
5,0.014852528972101653,0.056574692513527536,0.018167612046943726,0.005862027759705124,0.05638965293586928,0.0
