,mistral,deepseek,llama3.3,qwen72b,qwen32b,qwen14b,solar
0,0.0,0.01744946195863817,0.003946204562357503,0.026628717119842826,-0.03715899351030705,-0.05179293939901708,0.0240904510224923
1,-0.01744946195863817,0.0,-0.013503257396280666,0.009179255161204658,-0.054608455468945216,-0.06924240135765525,0.00664098906385413
2,-0.003946204562357503,0.013503257396280666,0.0,0.022682512557485324,-0.04110519807266455,-0.05573914396137458,0.020144246460134796
3,-0.026628717119842826,-0.009179255161204658,-0.022682512557485324,0.0,-0.06378771063014987,-0.0784216565188599,-0.0025382660973505278
4,0.03715899351030705,0.054608455468945216,0.04110519807266455,0.06378771063014987,0.0,-0.014633945888710032,0.061249444532799346
5,0.05179293939901708,0.06924240135765525,0.05573914396137458,0.0784216565188599,0.014633945888710032,0.0,0.07588339042150938
6,-0.0240904510224923,-0.00664098906385413,-0.020144246460134796,0.0025382660973505278,-0.061249444532799346,-0.07588339042150938,0.0
