,zero_shot_baseline,in_context_learning_3-shot,style_information_style_example,chain_of_thought_zero_shot,chain_of_thought_one_shot,self-refine
0,0.0,0.011720114553596561,-0.005485481468234021,0.012300691437054923,0.0008905914223044098,0.03007236492928478
1,-0.011720114553596561,0.0,-0.017205596021830583,0.0005805768834583613,-0.010829523131292151,0.018352250375688217
2,0.005485481468234021,0.017205596021830583,0.0,0.017786172905288944,0.006376072890538431,0.0355578463975188
3,-0.012300691437054923,-0.0005805768834583613,-0.017786172905288944,0.0,-0.011410100014750513,0.017771673492229856
4,-0.0008905914223044098,0.010829523131292151,-0.006376072890538431,0.011410100014750513,0.0,0.02918177350698037
5,-0.03007236492928478,-0.018352250375688217,-0.0355578463975188,-0.017771673492229856,-0.02918177350698037,0.0
