,zero_shot_baseline,in_context_learning_3-shot,style_information_style_example,chain_of_thought_zero_shot,chain_of_thought_one_shot,self-refine
0,0.0,0.054758358232619986,0.05083111236244031,-0.0018866935035788401,0.042567202730890874,0.05903468921861199
1,-0.054758358232619986,0.0,-0.003927245870179674,-0.056645051736198826,-0.012191155501729112,0.004276330985992005
2,-0.05083111236244031,0.003927245870179674,0.0,-0.05271780586601915,-0.008263909631549438,0.00820357685617168
3,0.0018866935035788401,0.056645051736198826,0.05271780586601915,0.0,0.044453896234469714,0.06092138272219083
4,-0.042567202730890874,0.012191155501729112,0.008263909631549438,-0.044453896234469714,0.0,0.016467486487721117
5,-0.05903468921861199,-0.004276330985992005,-0.00820357685617168,-0.06092138272219083,-0.016467486487721117,0.0
