,mistral,deepseek,llama3.3,qwen72b,qwen32b,qwen14b,solar
0,0.0,-0.016177820868141124,0.005603772883723823,0.005065257805353496,-0.010074350423474598,0.00054787917840593,-0.01334889208557588
1,0.016177820868141124,0.0,0.021781593751864947,0.02124307867349462,0.0061034704446665256,0.016725700046547054,0.002828928782565243
2,-0.005603772883723823,-0.021781593751864947,0.0,-0.0005385150783703274,-0.01567812330719842,-0.005055893705317893,-0.018952664969299704
3,-0.005065257805353496,-0.02124307867349462,0.0005385150783703274,0.0,-0.015139608228828094,-0.004517378626947566,-0.018414149890929377
4,0.010074350423474598,-0.0061034704446665256,0.01567812330719842,0.015139608228828094,0.0,0.010622229601880528,-0.0032745416621012824
5,-0.00054787917840593,-0.016725700046547054,0.005055893705317893,0.004517378626947566,-0.010622229601880528,0.0,-0.01389677126398181
6,0.01334889208557588,-0.002828928782565243,0.018952664969299704,0.018414149890929377,0.0032745416621012824,0.01389677126398181,0.0
