,zero_shot_baseline,in_context_learning_3-shot,style_information_style_example,chain_of_thought_zero_shot,chain_of_thought_one_shot,self-refine
0,0.0,-0.023720183482189627,0.016571638113818066,0.00650527082457375,-0.01030892944172479,0.03544582703161403
1,0.023720183482189627,0.0,0.04029182159600769,0.030225454306763377,0.013411254040464837,0.05916601051380366
2,-0.016571638113818066,-0.04029182159600769,0.0,-0.010066367289244316,-0.026880567555542856,0.018874188917795964
3,-0.00650527082457375,-0.030225454306763377,0.010066367289244316,0.0,-0.01681420026629854,0.02894055620704028
4,0.01030892944172479,-0.013411254040464837,0.026880567555542856,0.01681420026629854,0.0,0.04575475647333882
5,-0.03544582703161403,-0.05916601051380366,-0.018874188917795964,-0.02894055620704028,-0.04575475647333882,0.0
