,zero_shot_baseline,in_context_learning_3-shot,style_information_style_example,chain_of_thought_zero_shot,chain_of_thought_one_shot,self-refine
0,0.0,0.006843964124419899,0.0024909727438646723,0.0011322306789409708,0.012694617557208465,0.05901975032358875
1,-0.006843964124419899,0.0,-0.004352991380555227,-0.005711733445478928,0.005850653432788566,0.05217578619916885
2,-0.0024909727438646723,0.004352991380555227,0.0,-0.0013587420649237014,0.010203644813343793,0.05652877757972408
3,-0.0011322306789409708,0.005711733445478928,0.0013587420649237014,0.0,0.011562386878267494,0.05788751964464778
4,-0.012694617557208465,-0.005850653432788566,-0.010203644813343793,-0.011562386878267494,0.0,0.046325132766380284
5,-0.05901975032358875,-0.05217578619916885,-0.05652877757972408,-0.05788751964464778,-0.046325132766380284,0.0
