,zero_shot_baseline,in_context_learning_3-shot,style_information_style_example,chain_of_thought_zero_shot,chain_of_thought_one_shot,self-refine
0,0.0,0.0030826612662594455,-0.01885128768155475,0.009961622268096826,-0.00933385227947603,-0.011650201251366288
1,-0.0030826612662594455,0.0,-0.021933948947814197,0.00687896100183738,-0.012416513545735475,-0.014732862517625733
2,0.01885128768155475,0.021933948947814197,0.0,0.028812909949651577,0.009517435402078722,0.007201086430188464
3,-0.009961622268096826,-0.00687896100183738,-0.028812909949651577,0.0,-0.019295474547572855,-0.021611823519463114
4,0.00933385227947603,0.012416513545735475,-0.009517435402078722,0.019295474547572855,0.0,-0.0023163489718902586
5,0.011650201251366288,0.014732862517625733,-0.007201086430188464,0.021611823519463114,0.0023163489718902586,0.0
