,mistral,deepseek,llama3.3,qwen72b,qwen32b,qwen14b,solar
0,0.0,-0.020024257805495105,-0.030643331660969886,-0.01184550028073339,-0.047321050963160194,-0.03296986474292751,-0.028266347761236377
1,0.020024257805495105,0.0,-0.010619073855474781,0.008178757524761715,-0.02729679315766509,-0.012945606937432408,-0.008242089955741272
2,0.030643331660969886,0.010619073855474781,0.0,0.018797831380236496,-0.016677719302190308,-0.002326533081957627,0.002376983899733509
3,0.01184550028073339,-0.008178757524761715,-0.018797831380236496,0.0,-0.035475550682426804,-0.021124364462194123,-0.016420847480502987
4,0.047321050963160194,0.02729679315766509,0.016677719302190308,0.035475550682426804,0.0,0.014351186220232681,0.019054703201923817
5,0.03296986474292751,0.012945606937432408,0.002326533081957627,0.021124364462194123,-0.014351186220232681,0.0,0.004703516981691136
6,0.028266347761236377,0.008242089955741272,-0.002376983899733509,0.016420847480502987,-0.019054703201923817,-0.004703516981691136,0.0
