,zero_shot_baseline,in_context_learning_3-shot,style_information_style_example,chain_of_thought_zero_shot,chain_of_thought_one_shot,self-refine
0,0.0,-0.11399828362833675,-0.08463431025548207,-0.004116220595442144,-0.029713267737846327,-0.038906487129188094
1,0.11399828362833675,0.0,0.02936397337285468,0.1098820630328946,0.08428501589049042,0.07509179649914866
2,0.08463431025548207,-0.02936397337285468,0.0,0.08051808966003993,0.05492104251763574,0.045727823126293976
3,0.004116220595442144,-0.1098820630328946,-0.08051808966003993,0.0,-0.025597047142404183,-0.03479026653374595
4,0.029713267737846327,-0.08428501589049042,-0.05492104251763574,0.025597047142404183,0.0,-0.009193219391341767
5,0.038906487129188094,-0.07509179649914866,-0.045727823126293976,0.03479026653374595,0.009193219391341767,0.0
