,zero_shot_baseline,in_context_learning_3-shot,style_information_style_example,chain_of_thought_zero_shot,chain_of_thought_one_shot,self-refine
0,0.0,-0.0071259281097200144,0.0018757279470114074,0.01936988230174086,0.007106885745639002,-0.0024019357798658048
1,0.0071259281097200144,0.0,0.009001656056731422,0.026495810411460874,0.014232813855359017,0.00472399232985421
2,-0.0018757279470114074,-0.009001656056731422,0.0,0.017494154354729452,0.005231157798627595,-0.004277663726877212
3,-0.01936988230174086,-0.026495810411460874,-0.017494154354729452,0.0,-0.012262996556101857,-0.021771818081606664
4,-0.007106885745639002,-0.014232813855359017,-0.005231157798627595,0.012262996556101857,0.0,-0.009508821525504807
5,0.0024019357798658048,-0.00472399232985421,0.004277663726877212,0.021771818081606664,0.009508821525504807,0.0
