,zero_shot_baseline,in_context_learning_3-shot,style_information_style_example,chain_of_thought_zero_shot,chain_of_thought_one_shot,self-refine
0,0.0,-0.018876200289294598,0.020268364841775854,-0.0006763700133185502,0.041800225664284985,-0.024833565662252255
1,0.018876200289294598,0.0,0.03914456513107045,0.018199830275976048,0.06067642595357958,-0.005957365372957657
2,-0.020268364841775854,-0.03914456513107045,0.0,-0.020944734855094405,0.02153186082250913,-0.04510193050402811
3,0.0006763700133185502,-0.018199830275976048,0.020944734855094405,0.0,0.042476595677603535,-0.024157195648933705
4,-0.041800225664284985,-0.06067642595357958,-0.02153186082250913,-0.042476595677603535,0.0,-0.06663379132653724
5,0.024833565662252255,0.005957365372957657,0.04510193050402811,0.024157195648933705,0.06663379132653724,0.0
