,zero_shot_baseline,in_context_learning_3-shot,style_information_style_example,chain_of_thought_zero_shot,chain_of_thought_one_shot,self-refine
0,0.0,0.04487142179081549,0.002854890348739425,-0.004310461804182042,0.009540659381030436,0.031480285822985565
1,-0.04487142179081549,0.0,-0.042016531442076066,-0.04918188359499753,-0.035330762409785055,-0.013391135967829926
2,-0.002854890348739425,0.042016531442076066,0.0,-0.007165352152921467,0.006685769032291011,0.02862539547424614
3,0.004310461804182042,0.04918188359499753,0.007165352152921467,0.0,0.013851121185212478,0.03579074762716761
4,-0.009540659381030436,0.035330762409785055,-0.006685769032291011,-0.013851121185212478,0.0,0.02193962644195513
5,-0.031480285822985565,0.013391135967829926,-0.02862539547424614,-0.03579074762716761,-0.02193962644195513,0.0
