,zero_shot_baseline,in_context_learning_3-shot,style_information_style_example,chain_of_thought_zero_shot,chain_of_thought_one_shot,self-refine
0,0.0,0.09501882777021264,0.002685229123891464,0.005970839718827059,0.03788899773460619,0.046654159637063874
1,-0.09501882777021264,0.0,-0.09233359864632118,-0.08904798805138558,-0.057129830035606455,-0.04836466813314877
2,-0.002685229123891464,0.09233359864632118,0.0,0.003285610594935595,0.035203768610714725,0.04396893051317241
3,-0.005970839718827059,0.08904798805138558,-0.003285610594935595,0.0,0.03191815801577913,0.040683319918236815
4,-0.03788899773460619,0.057129830035606455,-0.035203768610714725,-0.03191815801577913,0.0,0.008765161902457685
5,-0.046654159637063874,0.04836466813314877,-0.04396893051317241,-0.040683319918236815,-0.008765161902457685,0.0
