,zero_shot_baseline,in_context_learning_3-shot,style_information_style_example,chain_of_thought_zero_shot,chain_of_thought_one_shot,self-refine
0,0.0,0.01569140009681591,-0.02635697235358403,0.021061753680005513,-0.008469729170731966,-0.025137035419247722
1,-0.01569140009681591,0.0,-0.04204837245039994,0.005370353583189602,-0.024161129267547876,-0.04082843551606363
2,0.02635697235358403,0.04204837245039994,0.0,0.04741872603358954,0.017887243182852064,0.0012199369343363076
3,-0.021061753680005513,-0.005370353583189602,-0.04741872603358954,0.0,-0.029531482850737478,-0.046198789099253235
4,0.008469729170731966,0.024161129267547876,-0.017887243182852064,0.029531482850737478,0.0,-0.016667306248515756
5,0.025137035419247722,0.04082843551606363,-0.0012199369343363076,0.046198789099253235,0.016667306248515756,0.0
