,abstracts,news,reviews,qa
0,0.0,-0.0708000823134119,-0.03394402501186741,0.0730731740481381
1,0.0708000823134119,0.0,0.03685605730154448,0.14387325636155
2,0.03394402501186741,-0.03685605730154448,0.0,0.10701719906000551
3,-0.0730731740481381,-0.14387325636155,-0.10701719906000551,0.0
