,zero_shot_baseline,in_context_learning_3-shot,style_information_style_example,chain_of_thought_zero_shot,chain_of_thought_one_shot,self-refine
0,0.0,0.009351095394900977,0.028666314811380433,-0.001083514961480958,0.03274483755759733,-0.01870529121991127
1,-0.009351095394900977,0.0,0.019315219416479457,-0.010434610356381935,0.02339374216269635,-0.028056386614812245
2,-0.028666314811380433,-0.019315219416479457,0.0,-0.02974982977286139,0.004078522746216895,-0.0473716060312917
3,0.001083514961480958,0.010434610356381935,0.02974982977286139,0.0,0.033828352519078286,-0.01762177625843031
4,-0.03274483755759733,-0.02339374216269635,-0.004078522746216895,-0.033828352519078286,0.0,-0.0514501287775086
5,0.01870529121991127,0.028056386614812245,0.0473716060312917,0.01762177625843031,0.0514501287775086,0.0
