,zero_shot_baseline,in_context_learning_3-shot,style_information_style_example,chain_of_thought_zero_shot,chain_of_thought_one_shot,self-refine
0,0.0,0.0030270857848325727,0.006284668035457575,-0.004756419275006918,0.008693179267203366,-0.0036700780976152148
1,-0.0030270857848325727,0.0,0.003257582250625002,-0.007783505059839491,0.005666093482370793,-0.0066971638824477875
2,-0.006284668035457575,-0.003257582250625002,0.0,-0.011041087310464492,0.0024085112317457913,-0.00995474613307279
3,0.004756419275006918,0.007783505059839491,0.011041087310464492,0.0,0.013449598542210284,0.001086341177391703
4,-0.008693179267203366,-0.005666093482370793,-0.0024085112317457913,-0.013449598542210284,0.0,-0.01236325736481858
5,0.0036700780976152148,0.0066971638824477875,0.00995474613307279,-0.001086341177391703,0.01236325736481858,0.0
