,mistral,deepseek,llama3.3,qwen72b,qwen32b,qwen14b,solar
0,0.0,-0.0017941232882655589,-0.0008165346928010742,0.033781382094660195,-0.006352602878305524,-0.017255784022385368,0.014354195044112172
1,0.0017941232882655589,0.0,0.0009775885954644847,0.035575505382925754,-0.0045584795900399655,-0.015461660734119809,0.01614831833237773
2,0.0008165346928010742,-0.0009775885954644847,0.0,0.03459791678746127,-0.00553606818550445,-0.016439249329584293,0.015170729736913247
3,-0.033781382094660195,-0.035575505382925754,-0.03459791678746127,0.0,-0.04013398497296572,-0.05103716611704556,-0.019427187050548023
4,0.006352602878305524,0.0045584795900399655,0.00553606818550445,0.04013398497296572,0.0,-0.010903181144079843,0.020706797922417697
5,0.017255784022385368,0.015461660734119809,0.016439249329584293,0.05103716611704556,0.010903181144079843,0.0,0.03160997906649754
6,-0.014354195044112172,-0.01614831833237773,-0.015170729736913247,0.019427187050548023,-0.020706797922417697,-0.03160997906649754,0.0
