,zero_shot_baseline,in_context_learning_3-shot,style_information_style_example,chain_of_thought_zero_shot,chain_of_thought_one_shot,self-refine
0,0.0,-0.033489385364297686,-0.03622865128430153,0.02373486149042109,-0.0011297622644563798,-0.0251479983410684
1,0.033489385364297686,0.0,-0.0027392659200038416,0.057224246854718774,0.032359623099841306,0.008341387023229285
2,0.03622865128430153,0.0027392659200038416,0.0,0.059963512774722616,0.03509888901984515,0.011080652943233127
3,-0.02373486149042109,-0.057224246854718774,-0.059963512774722616,0.0,-0.02486462375487747,-0.04888285983148949
4,0.0011297622644563798,-0.032359623099841306,-0.03509888901984515,0.02486462375487747,0.0,-0.02401823607661202
5,0.0251479983410684,-0.008341387023229285,-0.011080652943233127,0.04888285983148949,0.02401823607661202,0.0
