,abstracts,news,reviews,qa
0,0.0,0.0608255221624687,-0.0228023738951815,0.0832152291698321
1,-0.0608255221624687,0.0,-0.0836278960576502,0.0223897070073634
2,0.0228023738951815,0.0836278960576502,0.0,0.1060176030650136
3,-0.0832152291698321,-0.0223897070073634,-0.1060176030650136,0.0
