,zero_shot_baseline,in_context_learning_3-shot,style_information_style_example,chain_of_thought_zero_shot,chain_of_thought_one_shot,self-refine
0,0.0,0.0856355658616556,0.04015930418010144,0.019662411861894213,0.0382648982574228,0.022679438880416625
1,-0.0856355658616556,0.0,-0.045476261681554164,-0.06597315399976139,-0.04737066760423281,-0.06295612698123898
2,-0.04015930418010144,0.045476261681554164,0.0,-0.020496892318207227,-0.0018944059226786436,-0.017479865299684816
3,-0.019662411861894213,0.06597315399976139,0.020496892318207227,0.0,0.018602486395528584,0.0030170270185224113
4,-0.0382648982574228,0.04737066760423281,0.0018944059226786436,-0.018602486395528584,0.0,-0.015585459377006172
5,-0.022679438880416625,0.06295612698123898,0.017479865299684816,-0.0030170270185224113,0.015585459377006172,0.0
