,zero_shot_baseline,in_context_learning_3-shot,style_information_style_example,chain_of_thought_zero_shot,chain_of_thought_one_shot,self-refine
0,0.0,0.11385960231612618,-0.018943983131611275,0.0002049778536936664,0.048616577450188214,0.006765779609316347
1,-0.11385960231612618,0.0,-0.13280358544773746,-0.11365462446243252,-0.06524302486593797,-0.10709382270680984
2,0.018943983131611275,0.13280358544773746,0.0,0.01914896098530494,0.06756056058179949,0.025709762740927622
3,-0.0002049778536936664,0.11365462446243252,-0.01914896098530494,0.0,0.04841159959649455,0.0065608017556226805
4,-0.048616577450188214,0.06524302486593797,-0.06756056058179949,-0.04841159959649455,0.0,-0.04185079784087187
5,-0.006765779609316347,0.10709382270680984,-0.025709762740927622,-0.0065608017556226805,0.04185079784087187,0.0
