,abstracts,news,reviews,qa
0,0.0,0.025146213984653998,-0.011205711444242303,0.0624112240134315
1,-0.025146213984653998,0.0,-0.0363519254288963,0.0372650100287775
2,0.011205711444242303,0.0363519254288963,0.0,0.07361693545767381
3,-0.0624112240134315,-0.0372650100287775,-0.07361693545767381,0.0
