,zero_shot_baseline,in_context_learning_3-shot,style_information_style_example,chain_of_thought_zero_shot,chain_of_thought_one_shot,self-refine
0,0.0,0.015355100946036426,-0.006717554842279871,0.018515314601994404,-0.004094994698049748,0.024201260630487442
1,-0.015355100946036426,0.0,-0.022072655788316298,0.0031602136559579774,-0.019450095644086174,0.008846159684451016
2,0.006717554842279871,0.022072655788316298,0.0,0.025232869444274275,0.002622560144230124,0.030918815472767314
3,-0.018515314601994404,-0.0031602136559579774,-0.025232869444274275,0.0,-0.02261030930004415,0.0056859460284930385
4,0.004094994698049748,0.019450095644086174,-0.002622560144230124,0.02261030930004415,0.0,0.02829625532853719
5,-0.024201260630487442,-0.008846159684451016,-0.030918815472767314,-0.0056859460284930385,-0.02829625532853719,0.0
