,zero_shot_baseline,in_context_learning_3-shot,style_information_style_example,chain_of_thought_zero_shot,chain_of_thought_one_shot,self-refine
0,0.0,0.060218578118424015,0.03322004104764892,0.01096799617304689,0.06853434232295741,-0.001248548718446818
1,-0.060218578118424015,0.0,-0.026998537070775097,-0.049250581945377125,0.008315764204533393,-0.06146712683687083
2,-0.03322004104764892,0.026998537070775097,0.0,-0.02225204487460203,0.03531430127530849,-0.034468589766095736
3,-0.01096799617304689,0.049250581945377125,0.02225204487460203,0.0,0.05756634614991052,-0.012216544891493708
4,-0.06853434232295741,-0.008315764204533393,-0.03531430127530849,-0.05756634614991052,0.0,-0.06978289104140423
5,0.001248548718446818,0.06146712683687083,0.034468589766095736,0.012216544891493708,0.06978289104140423,0.0
