,zero_shot_baseline,in_context_learning_3-shot,style_information_style_example,chain_of_thought_zero_shot,chain_of_thought_one_shot,self-refine
0,0.0,0.10334721693284737,0.09401146757464596,0.01671499453789549,0.08024791680745025,0.09335945798507284
1,-0.10334721693284737,0.0,-0.009335749358201417,-0.08663222239495189,-0.023099300125397126,-0.009987758947774539
2,-0.09401146757464596,0.009335749358201417,0.0,-0.07729647303675047,-0.01376355076719571,-0.0006520095895731215
3,-0.01671499453789549,0.08663222239495189,0.07729647303675047,0.0,0.06353292226955476,0.07664446344717735
4,-0.08024791680745025,0.023099300125397126,0.01376355076719571,-0.06353292226955476,0.0,0.013111541177622588
5,-0.09335945798507284,0.009987758947774539,0.0006520095895731215,-0.07664446344717735,-0.013111541177622588,0.0
