,abstracts,news,reviews,qa
0,0.0,-0.03001914664419969,0.0530776510185223,0.1374821187780969
1,0.03001914664419969,0.0,0.08309679766272199,0.1675012654222966
2,-0.0530776510185223,-0.08309679766272199,0.0,0.08440446775957461
3,-0.1374821187780969,-0.1675012654222966,-0.08440446775957461,0.0
