,zero_shot_baseline,in_context_learning_3-shot,style_information_style_example,chain_of_thought_zero_shot,chain_of_thought_one_shot,self-refine
0,0.0,-0.055300653851528714,0.013048390344435501,-0.0005600191096792884,-0.010227247712911613,0.005464134949261568
1,0.055300653851528714,0.0,0.06834904419596421,0.054740634741849425,0.0450734061386171,0.06076478880079028
2,-0.013048390344435501,-0.06834904419596421,0.0,-0.01360840945411479,-0.023275638057347114,-0.007584255395173933
3,0.0005600191096792884,-0.054740634741849425,0.01360840945411479,0.0,-0.009667228603232325,0.006024154058940856
4,0.010227247712911613,-0.0450734061386171,0.023275638057347114,0.009667228603232325,0.0,0.01569138266217318
5,-0.005464134949261568,-0.06076478880079028,0.007584255395173933,-0.006024154058940856,-0.01569138266217318,0.0
