,zero_shot_baseline,in_context_learning_3-shot,style_information_style_example,chain_of_thought_zero_shot,chain_of_thought_one_shot,self-refine
0,0.0,0.011781282878398192,-0.01352150033131827,0.0036275882771856782,-0.0023194065700271604,-0.01464038719452676
1,-0.011781282878398192,0.0,-0.025302783209716462,-0.008153694601212513,-0.014100689448425352,-0.026421670072924952
2,0.01352150033131827,0.025302783209716462,0.0,0.01714908860850395,0.01120209376129111,-0.0011188868632084903
3,-0.0036275882771856782,0.008153694601212513,-0.01714908860850395,0.0,-0.005946994847212839,-0.01826797547171244
4,0.0023194065700271604,0.014100689448425352,-0.01120209376129111,0.005946994847212839,0.0,-0.0123209806244996
5,0.01464038719452676,0.026421670072924952,0.0011188868632084903,0.01826797547171244,0.0123209806244996,0.0
