,zero_shot_baseline,in_context_learning_3-shot,style_information_style_example,chain_of_thought_zero_shot,chain_of_thought_one_shot,self-refine
0,0.0,0.02890015466807544,-0.023041748558003672,0.017884284694691055,-0.006070280327700628,0.008654274030948428
1,-0.02890015466807544,0.0,-0.05194190322607911,-0.011015869973384385,-0.03497043499577607,-0.02024588063712701
2,0.023041748558003672,0.05194190322607911,0.0,0.04092603325269473,0.016971468230303044,0.0316960225889521
3,-0.017884284694691055,0.011015869973384385,-0.04092603325269473,0.0,-0.023954565022391683,-0.009230010663742627
4,0.006070280327700628,0.03497043499577607,-0.016971468230303044,0.023954565022391683,0.0,0.014724554358649056
5,-0.008654274030948428,0.02024588063712701,-0.0316960225889521,0.009230010663742627,-0.014724554358649056,0.0
