,zero_shot_baseline,in_context_learning_3-shot,style_information_style_example,chain_of_thought_zero_shot,chain_of_thought_one_shot,self-refine
0,0.0,-0.03738863208468912,-0.051725035261436014,0.004410897430904226,0.00032962730844932064,-0.021239926299486678
1,0.03738863208468912,0.0,-0.014336403176746892,0.04179952951559335,0.03771825939313844,0.016148705785202444
2,0.051725035261436014,0.014336403176746892,0.0,0.05613593269234024,0.052054662569885335,0.030485108961949337
3,-0.004410897430904226,-0.04179952951559335,-0.05613593269234024,0.0,-0.004081270122454905,-0.025650823730390904
4,-0.00032962730844932064,-0.03771825939313844,-0.052054662569885335,0.004081270122454905,0.0,-0.021569553607936
5,0.021239926299486678,-0.016148705785202444,-0.030485108961949337,0.025650823730390904,0.021569553607936,0.0
