,zero_shot_baseline,in_context_learning_3-shot,style_information_style_example,chain_of_thought_zero_shot,chain_of_thought_one_shot,self-refine
0,0.0,-0.07917581770430071,-0.03714881124774316,-0.004965862505419416,0.006486884170798235,-0.011640297224875917
1,0.07917581770430071,0.0,0.04202700645655755,0.0742099551988813,0.08566270187509895,0.0675355204794248
2,0.03714881124774316,-0.04202700645655755,0.0,0.03218294874232375,0.0436356954185414,0.025508514022867246
3,0.004965862505419416,-0.0742099551988813,-0.03218294874232375,0.0,0.011452746676217651,-0.006674434719456501
4,-0.006486884170798235,-0.08566270187509895,-0.0436356954185414,-0.011452746676217651,0.0,-0.018127181395674152
5,0.011640297224875917,-0.0675355204794248,-0.025508514022867246,0.006674434719456501,0.018127181395674152,0.0
