,zero_shot_baseline,in_context_learning_3-shot,style_information_style_example,chain_of_thought_zero_shot,chain_of_thought_one_shot,self-refine
0,0.0,-0.01781709443018986,-0.01338866895502544,0.0017409891111321851,-0.004075430896432697,-0.01633750578647286
1,0.01781709443018986,0.0,0.004428425475164421,0.019558083541322047,0.013741663533757165,0.0014795886437170003
2,0.01338866895502544,-0.004428425475164421,0.0,0.015129658066157625,0.009313238058592743,-0.002948836831447421
3,-0.0017409891111321851,-0.019558083541322047,-0.015129658066157625,0.0,-0.005816420007564882,-0.018078494897605046
4,0.004075430896432697,-0.013741663533757165,-0.009313238058592743,0.005816420007564882,0.0,-0.012262074890040164
5,0.01633750578647286,-0.0014795886437170003,0.002948836831447421,0.018078494897605046,0.012262074890040164,0.0
