,zero_shot_baseline,in_context_learning_3-shot,style_information_style_example,chain_of_thought_zero_shot,chain_of_thought_one_shot,self-refine
0,0.0,-0.021816863600991998,-0.017257150602430937,0.0041633764948635354,-0.01744548646276689,-0.013644433491253105
1,0.021816863600991998,0.0,0.004559712998561061,0.025980240095855534,0.004371377138225108,0.008172430109738893
2,0.017257150602430937,-0.004559712998561061,0.0,0.021420527097294473,-0.00018833586033595306,0.0036127171111778322
3,-0.0041633764948635354,-0.025980240095855534,-0.021420527097294473,0.0,-0.021608862957630426,-0.01780780998611664
4,0.01744548646276689,-0.004371377138225108,0.00018833586033595306,0.021608862957630426,0.0,0.0038010529715137853
5,0.013644433491253105,-0.008172430109738893,-0.0036127171111778322,0.01780780998611664,-0.0038010529715137853,0.0
