,zero_shot_baseline,in_context_learning_3-shot,style_information_style_example,chain_of_thought_zero_shot,chain_of_thought_one_shot,self-refine
0,0.0,-0.08674897658331171,0.013022361106615254,0.004442678507046827,0.008211741743813783,0.03633138651924339
1,0.08674897658331171,0.0,0.09977133768992696,0.09119165509035854,0.09496071832712549,0.1230803631025551
2,-0.013022361106615254,-0.09977133768992696,0.0,-0.008579682599568428,-0.0048106193628014715,0.023309025412628137
3,-0.004442678507046827,-0.09119165509035854,0.008579682599568428,0.0,0.0037690632367669563,0.031888708012196565
4,-0.008211741743813783,-0.09496071832712549,0.0048106193628014715,-0.0037690632367669563,0.0,0.02811964477542961
5,-0.03633138651924339,-0.1230803631025551,-0.023309025412628137,-0.031888708012196565,-0.02811964477542961,0.0
