,abstracts,news,reviews,qa
0,0.0,0.00818306483316461,0.011894496722387904,0.0677532312914167
1,-0.00818306483316461,0.0,0.0037114318892232934,0.05957016645825208
2,-0.011894496722387904,-0.0037114318892232934,0.0,0.05585873456902879
3,-0.0677532312914167,-0.05957016645825208,-0.05585873456902879,0.0
