,abstracts,news,reviews,qa
0,0.0,-0.002746600462915111,-0.008689657647554902,0.0945985847940984
1,0.002746600462915111,0.0,-0.005943057184639791,0.09734518525701351
2,0.008689657647554902,0.005943057184639791,0.0,0.1032882424416533
3,-0.0945985847940984,-0.09734518525701351,-0.1032882424416533,0.0
