,zero_shot_baseline,in_context_learning_3-shot,style_information_style_example,chain_of_thought_zero_shot,chain_of_thought_one_shot,self-refine
0,0.0,0.0591993590426253,0.07053759048063979,0.011153341946186224,-0.0015146334344783297,0.06683658813660165
1,-0.0591993590426253,0.0,0.01133823143801449,-0.048046017096439075,-0.06071399247710363,0.00763722909397635
2,-0.07053759048063979,-0.01133823143801449,0.0,-0.059384248534453565,-0.07205222391511812,-0.00370100234403814
3,-0.011153341946186224,0.048046017096439075,0.059384248534453565,0.0,-0.012667975380664553,0.055683246190415425
4,0.0015146334344783297,0.06071399247710363,0.07205222391511812,0.012667975380664553,0.0,0.06835122157107998
5,-0.06683658813660165,-0.00763722909397635,0.00370100234403814,-0.055683246190415425,-0.06835122157107998,0.0
