,zero_shot_baseline,in_context_learning_3-shot,style_information_style_example,chain_of_thought_zero_shot,chain_of_thought_one_shot,self-refine
0,0.0,-0.006191772649135507,-0.002894274711889855,0.0009681209392322643,-0.01844853547639347,-0.010424723548472348
1,0.006191772649135507,0.0,0.0032974979372456525,0.007159893588367772,-0.012256762827257961,-0.00423295089933684
2,0.002894274711889855,-0.0032974979372456525,0.0,0.003862395651122119,-0.015554260764503614,-0.007530448836582493
3,-0.0009681209392322643,-0.007159893588367772,-0.003862395651122119,0.0,-0.019416656415625733,-0.011392844487704612
4,0.01844853547639347,0.012256762827257961,0.015554260764503614,0.019416656415625733,0.0,0.00802381192792112
5,0.010424723548472348,0.00423295089933684,0.007530448836582493,0.011392844487704612,-0.00802381192792112,0.0
