,zero_shot_baseline,in_context_learning_3-shot,style_information_style_example,chain_of_thought_zero_shot,chain_of_thought_one_shot,self-refine
0,0.0,0.00029070767128025476,-0.0033883143229188617,-0.006980749951797871,0.004637531337673861,0.02620981926700494
1,-0.00029070767128025476,0.0,-0.0036790219941991165,-0.007271457623078126,0.004346823666393607,0.025919111595724686
2,0.0033883143229188617,0.0036790219941991165,0.0,-0.0035924356288790094,0.008025845660592723,0.029598133589923803
3,0.006980749951797871,0.007271457623078126,0.0035924356288790094,0.0,0.011618281289471732,0.03319056921880281
4,-0.004637531337673861,-0.004346823666393607,-0.008025845660592723,-0.011618281289471732,0.0,0.02157228792933108
5,-0.02620981926700494,-0.025919111595724686,-0.029598133589923803,-0.03319056921880281,-0.02157228792933108,0.0
