,zero_shot_baseline,in_context_learning_3-shot,style_information_style_example,chain_of_thought_zero_shot,chain_of_thought_one_shot,self-refine
0,0.0,-0.06779992149448988,-0.03836920157543955,-5.270064303952715e-05,-0.027328062460531544,-0.021079376524904547
1,0.06779992149448988,0.0,0.02943071991905033,0.06774722085145035,0.040471859033958335,0.04672054496958533
2,0.03836920157543955,-0.02943071991905033,0.0,0.03831650093240002,0.011041139114908005,0.017289825050535
3,5.270064303952715e-05,-0.06774722085145035,-0.03831650093240002,0.0,-0.027275361817492016,-0.02102667588186502
4,0.027328062460531544,-0.040471859033958335,-0.011041139114908005,0.027275361817492016,0.0,0.006248685935626996
5,0.021079376524904547,-0.04672054496958533,-0.017289825050535,0.02102667588186502,-0.006248685935626996,0.0
