,abstracts,news,reviews,qa
0,0.0,0.024290454233993293,-0.035596119732361306,0.049091834463619095
1,-0.024290454233993293,0.0,-0.0598865739663546,0.024801380229625802
2,0.035596119732361306,0.0598865739663546,0.0,0.08468795419598041
3,-0.049091834463619095,-0.024801380229625802,-0.08468795419598041,0.0
