,zero_shot_baseline,in_context_learning_3-shot,style_information_style_example,chain_of_thought_zero_shot,chain_of_thought_one_shot,self-refine
0,0.0,0.005778994051779063,0.01332426977649559,0.005078356893984448,0.02042722069472247,0.04042615348816336
1,-0.005778994051779063,0.0,0.007545275724716527,-0.0007006371577946147,0.014648226642943407,0.0346471594363843
2,-0.01332426977649559,-0.007545275724716527,0.0,-0.008245912882511142,0.00710295091822688,0.027101883711667774
3,-0.005078356893984448,0.0007006371577946147,0.008245912882511142,0.0,0.015348863800738022,0.035347796594178915
4,-0.02042722069472247,-0.014648226642943407,-0.00710295091822688,-0.015348863800738022,0.0,0.019998932793440893
5,-0.04042615348816336,-0.0346471594363843,-0.027101883711667774,-0.035347796594178915,-0.019998932793440893,0.0
