,zero_shot_baseline,in_context_learning_3-shot,style_information_style_example,chain_of_thought_zero_shot,chain_of_thought_one_shot,self-refine
0,0.0,0.052799927823638404,-0.0007472074798806627,-0.011392719640918147,0.021624770270576854,0.019013018209153576
1,-0.052799927823638404,0.0,-0.05354713530351907,-0.06419264746455655,-0.03117515755306155,-0.03378690961448483
2,0.0007472074798806627,0.05354713530351907,0.0,-0.010645512161037485,0.022371977750457517,0.01976022568903424
3,0.011392719640918147,0.06419264746455655,0.010645512161037485,0.0,0.033017489911495,0.030405737850071723
4,-0.021624770270576854,0.03117515755306155,-0.022371977750457517,-0.033017489911495,0.0,-0.002611752061423278
5,-0.019013018209153576,0.03378690961448483,-0.01976022568903424,-0.030405737850071723,0.002611752061423278,0.0
