,zero_shot_baseline,in_context_learning_3-shot,style_information_style_example,chain_of_thought_zero_shot,chain_of_thought_one_shot,self-refine
0,0.0,0.008535164230401127,-0.005189683547590196,-0.0023967563180600227,-0.02956939173575346,-0.0735337658379911
1,-0.008535164230401127,0.0,-0.013724847777991322,-0.01093192054846115,-0.038104555966154585,-0.08206893006839222
2,0.005189683547590196,0.013724847777991322,0.0,0.0027929272295301732,-0.024379708188163263,-0.0683440822904009
3,0.0023967563180600227,0.01093192054846115,-0.0027929272295301732,0.0,-0.027172635417693436,-0.07113700951993107
4,0.02956939173575346,0.038104555966154585,0.024379708188163263,0.027172635417693436,0.0,-0.043964374102237636
5,0.0735337658379911,0.08206893006839222,0.0683440822904009,0.07113700951993107,0.043964374102237636,0.0
