,zero_shot_baseline,in_context_learning_3-shot,style_information_style_example,chain_of_thought_zero_shot,chain_of_thought_one_shot,self-refine
0,0.0,-6.258949106022537e-05,0.0,0.0,-2.0331193497946465e-05,0.0
1,6.258949106022537e-05,0.0,6.258949106022537e-05,6.258949106022537e-05,4.22582975622789e-05,6.258949106022537e-05
2,0.0,-6.258949106022537e-05,0.0,0.0,-2.0331193497946465e-05,0.0
3,0.0,-6.258949106022537e-05,0.0,0.0,-2.0331193497946465e-05,0.0
4,2.0331193497946465e-05,-4.22582975622789e-05,2.0331193497946465e-05,2.0331193497946465e-05,0.0,2.0331193497946465e-05
5,0.0,-6.258949106022537e-05,0.0,0.0,-2.0331193497946465e-05,0.0
