,zero_shot_baseline,in_context_learning_3-shot,style_information_style_example,chain_of_thought_zero_shot,chain_of_thought_one_shot,self-refine
0,0.0,-0.0010688150731811997,0.0004428466410132002,-0.00032725101853659996,0.00045294206651610015,-0.0003613881939471999
1,0.0010688150731811997,0.0,0.0015116617141943999,0.0007415640546445997,0.0015217571396972998,0.0007074268792339998
2,-0.0004428466410132002,-0.0015116617141943999,0.0,-0.0007700976595498002,1.0095425502899954e-05,-0.0008042348349604001
3,0.00032725101853659996,-0.0007415640546445997,0.0007700976595498002,0.0,0.0007801930850527001,-3.413717541059995e-05
4,-0.00045294206651610015,-0.0015217571396972998,-1.0095425502899954e-05,-0.0007801930850527001,0.0,-0.0008143302604633001
5,0.0003613881939471999,-0.0007074268792339998,0.0008042348349604001,3.413717541059995e-05,0.0008143302604633001,0.0
