,zero_shot_baseline,in_context_learning_3-shot,style_information_style_example,chain_of_thought_zero_shot,chain_of_thought_one_shot,self-refine
0,0.0,0.0012753177707972,0.0011727975056885999,0.00014094775913420015,0.0011174587871474,-6.925958069200003e-05
1,-0.0012753177707972,0.0,-0.00010252026510860004,-0.0011343700116629998,-0.00015785898364979994,-0.0013445773514892
2,-0.0011727975056885999,0.00010252026510860004,0.0,-0.0010318497465543997,-5.533871854119989e-05,-0.0012420570863806
3,-0.00014094775913420015,0.0011343700116629998,0.0010318497465543997,0.0,0.0009765110280131998,-0.00021020733982620018
4,-0.0011174587871474,0.00015785898364979994,5.533871854119989e-05,-0.0009765110280131998,0.0,-0.0011867183678394
5,6.925958069200003e-05,0.0013445773514892,0.0012420570863806,0.00021020733982620018,0.0011867183678394,0.0
