,zero_shot_baseline,in_context_learning_3-shot,style_information_style_example,chain_of_thought_zero_shot,chain_of_thought_one_shot,self-refine
0,0.0,-0.0013292515121739,0.0006722060695900001,8.694812006390011e-05,0.0006578461573559,-0.0018282935084555
1,0.0013292515121739,0.0,0.0020014575817639,0.0014161996322378,0.0019870976695298,-0.0004990419962816002
2,-0.0006722060695900001,-0.0020014575817639,0.0,-0.0005852579495260999,-1.4359912234100029e-05,-0.0025004995780455
3,-8.694812006390011e-05,-0.0014161996322378,0.0005852579495260999,0.0,0.0005708980372919999,-0.0019152416285194002
4,-0.0006578461573559,-0.0019870976695298,1.4359912234100029e-05,-0.0005708980372919999,0.0,-0.0024861396658114
5,0.0018282935084555,0.0004990419962816002,0.0025004995780455,0.0019152416285194002,0.0024861396658114,0.0
