,zero_shot_baseline,in_context_learning_3-shot,style_information_style_example,chain_of_thought_zero_shot,chain_of_thought_one_shot,self-refine
0,0.0,0.0219732149031608,0.003941297742888102,0.0014150660852857017,-0.0014152521470337971,-0.008272033050470098
1,-0.0219732149031608,0.0,-0.0180319171602727,-0.0205581488178751,-0.023388467050194598,-0.0302452479536309
2,-0.003941297742888102,0.0180319171602727,0.0,-0.0025262316576024,-0.005356549889921899,-0.0122133307933582
3,-0.0014150660852857017,0.0205581488178751,0.0025262316576024,0.0,-0.0028303182323194988,-0.0096870991357558
4,0.0014152521470337971,0.023388467050194598,0.005356549889921899,0.0028303182323194988,0.0,-0.006856780903436301
5,0.008272033050470098,0.0302452479536309,0.0122133307933582,0.0096870991357558,0.006856780903436301,0.0
