,zero_shot_baseline,in_context_learning_3-shot,style_information_style_example,chain_of_thought_zero_shot,chain_of_thought_one_shot,self-refine
0,0.0,-0.0002399049176074,-3.46121024681944e-05,0.0,0.0,-0.000213339784304
1,0.0002399049176074,0.0,0.00020529281513920558,0.0002399049176074,0.0002399049176074,2.656513330339999e-05
2,3.46121024681944e-05,-0.00020529281513920558,0.0,3.46121024681944e-05,3.46121024681944e-05,-0.0001787276818358056
3,0.0,-0.0002399049176074,-3.46121024681944e-05,0.0,0.0,-0.000213339784304
4,0.0,-0.0002399049176074,-3.46121024681944e-05,0.0,0.0,-0.000213339784304
5,0.000213339784304,-2.656513330339999e-05,0.0001787276818358056,0.000213339784304,0.000213339784304,0.0
