,zero_shot_baseline,in_context_learning_3-shot,style_information_style_example,chain_of_thought_zero_shot,chain_of_thought_one_shot,self-refine
0,0.0,-8.90007236830528e-05,-9.616437231981433e-06,1.8518518518518332e-06,1.8518518518518332e-06,-6.35710337202867e-07
1,8.90007236830528e-05,0.0,7.938428645107136e-05,9.085257553490462e-05,9.085257553490462e-05,8.836501334584992e-05
2,9.616437231981433e-06,-7.938428645107136e-05,0.0,1.1468289083833266e-05,1.1468289083833266e-05,8.980726894778566e-06
3,-1.8518518518518332e-06,-9.085257553490462e-05,-1.1468289083833266e-05,0.0,0.0,-2.4875621890547e-06
4,-1.8518518518518332e-06,-9.085257553490462e-05,-1.1468289083833266e-05,0.0,0.0,-2.4875621890547e-06
5,6.35710337202867e-07,-8.836501334584992e-05,-8.980726894778566e-06,2.4875621890547e-06,2.4875621890547e-06,0.0
