,zero_shot_baseline,in_context_learning_3-shot,style_information_style_example,chain_of_thought_zero_shot,chain_of_thought_one_shot,self-refine
0,0.0,-0.0002707376495511549,-9.833862793548997e-07,2.2675736961451e-06,-0.00018018676464315488,-1.9723865877712e-06
1,0.0002707376495511549,0.0,0.00026975426327179996,0.0002730052232473,9.055088490799999e-05,0.00026876526296338367
2,9.833862793548997e-07,-0.00026975426327179996,0.0,3.2509599755e-06,-0.0001792033783638,-9.890003084163002e-07
3,-2.2675736961451e-06,-0.0002730052232473,-3.2509599755e-06,0.0,-0.0001824543383393,-4.2399602839163e-06
4,0.00018018676464315488,-9.055088490799999e-05,0.0001792033783638,0.0001824543383393,0.0,0.00017821437805538368
5,1.9723865877712e-06,-0.00026876526296338367,9.890003084163002e-07,4.2399602839163e-06,-0.00017821437805538368,0.0
