,zero_shot_baseline,in_context_learning_3-shot,style_information_style_example,chain_of_thought_zero_shot,chain_of_thought_one_shot,self-refine
0,0.0,-0.0015521134928944999,-0.00042153160957340017,-8.55225911303003e-05,-6.750847805820021e-05,-5.3513723684300244e-05
1,0.0015521134928944999,0.0,0.0011305818833210997,0.0014665909017641996,0.0014846050148362997,0.0014985997692101996
2,0.00042153160957340017,-0.0011305818833210997,0.0,0.00033600901844309987,0.00035402313151519996,0.0003680178858890999
3,8.55225911303003e-05,-0.0014665909017641996,-0.00033600901844309987,0.0,1.8014113072100085e-05,3.200886744600005e-05
4,6.750847805820021e-05,-0.0014846050148362997,-0.00035402313151519996,-1.8014113072100085e-05,0.0,1.3994754373899965e-05
5,5.3513723684300244e-05,-0.0014985997692101996,-0.0003680178858890999,-3.200886744600005e-05,-1.3994754373899965e-05,0.0
