,zero_shot_baseline,in_context_learning_3-shot,style_information_style_example,chain_of_thought_zero_shot,chain_of_thought_one_shot,self-refine
0,0.0,-0.0022287120304141,-9.878251475259987e-05,-0.00016189566314090006,-0.00039128521955060004,-0.0021902699886411
1,0.0022287120304141,0.0,0.0021299295156615,0.0020668163672731997,0.0018374268108635,3.8442041773000066e-05
2,9.878251475259987e-05,-0.0021299295156615,0.0,-6.311314838830019e-05,-0.00029250270479800017,-0.0020914874738885
3,0.00016189566314090006,-0.0020668163672731997,6.311314838830019e-05,0.0,-0.00022938955640969998,-0.0020283743255002
4,0.00039128521955060004,-0.0018374268108635,0.00029250270479800017,0.00022938955640969998,0.0,-0.0017989847690904998
5,0.0021902699886411,-3.8442041773000066e-05,0.0020914874738885,0.0020283743255002,0.0017989847690904998,0.0
