,zero_shot_baseline,in_context_learning_3-shot,style_information_style_example,chain_of_thought_zero_shot,chain_of_thought_one_shot,self-refine
0,0.0,0.0004126062165832,0.00013733180198659994,-0.00025143495243079995,0.0003167646027469,-0.0002901830595358001
1,-0.0004126062165832,0.0,-0.00027527441459660005,-0.0006640411690139999,-9.584161383629998e-05,-0.0007027892761190001
2,-0.00013733180198659994,0.00027527441459660005,0.0,-0.0003887667544173999,0.00017943280076030007,-0.0004275148615224
3,0.00025143495243079995,0.0006640411690139999,0.0003887667544173999,0.0,0.0005681995551777,-3.8748107105000124e-05
4,-0.0003167646027469,9.584161383629998e-05,-0.00017943280076030007,-0.0005681995551777,0.0,-0.0006069476622827001
5,0.0002901830595358001,0.0007027892761190001,0.0004275148615224,3.8748107105000124e-05,0.0006069476622827001,0.0
