,zero_shot_baseline,in_context_learning_3-shot,style_information_style_example,chain_of_thought_zero_shot,chain_of_thought_one_shot,self-refine
0,0.0,0.0166136392132094,-0.007749048960808601,-0.000882410528435202,-0.014030400596707203,0.0021835697501552988
1,-0.0166136392132094,0.0,-0.024362688174018002,-0.0174960497416446,-0.030644039809916604,-0.0144300694630541
2,0.007749048960808601,0.024362688174018002,0.0,0.006866638432373399,-0.006281351635898602,0.0099326187109639
3,0.000882410528435202,0.0174960497416446,-0.006866638432373399,0.0,-0.013147990068272001,0.0030659802785905008
4,0.014030400596707203,0.030644039809916604,0.006281351635898602,0.013147990068272001,0.0,0.0162139703468625
5,-0.0021835697501552988,0.0144300694630541,-0.0099326187109639,-0.0030659802785905008,-0.0162139703468625,0.0
