,zero_shot_baseline,in_context_learning_3-shot,style_information_style_example,chain_of_thought_zero_shot,chain_of_thought_one_shot,self-refine
0,0.0,-0.0010920438955509002,0.00019277159294029994,-0.00024912920633080016,0.00024223675769279994,-0.0012367997391701001
1,0.0010920438955509002,0.0,0.0012848154884912,0.0008429146892201,0.0013342806532437002,-0.0001447558436192
2,-0.00019277159294029994,-0.0012848154884912,0.0,-0.0004419007992711001,4.94651647525e-05,-0.0014295713321104
3,0.00024912920633080016,-0.0008429146892201,0.0004419007992711001,0.0,0.0004913659640236001,-0.0009876705328393
4,-0.00024223675769279994,-0.0013342806532437002,-4.94651647525e-05,-0.0004913659640236001,0.0,-0.0014790364968629002
5,0.0012367997391701001,0.0001447558436192,0.0014295713321104,0.0009876705328393,0.0014790364968629002,0.0
