,zero_shot_baseline,in_context_learning_3-shot,style_information_style_example,chain_of_thought_zero_shot,chain_of_thought_one_shot,self-refine
0,0.0,0.00036619677107339996,-1.1506305207500001e-05,3.148192169519996e-05,0.0002235717154035,5.8872863023799954e-05
1,-0.00036619677107339996,0.0,-0.00037770307628089996,-0.0003347148493782,-0.00014262505566989996,-0.0003073239080496
2,1.1506305207500001e-05,0.00037770307628089996,0.0,4.298822690269996e-05,0.000235078020611,7.037916823129996e-05
3,-3.148192169519996e-05,0.0003347148493782,-4.298822690269996e-05,0.0,0.00019208979370830004,2.7390941328599996e-05
4,-0.0002235717154035,0.00014262505566989996,-0.000235078020611,-0.00019208979370830004,0.0,-0.00016469885237970004
5,-5.8872863023799954e-05,0.0003073239080496,-7.037916823129996e-05,-2.7390941328599996e-05,0.00016469885237970004,0.0
