,mistral,deepseek,llama3.3,qwen72b,qwen32b,qwen14b,solar
0,0.0,0.0009649482638209999,0.0014718676857191,-0.0012925191890395,0.0010634569143165998,0.0010314159718995998,-0.00028168085374820004
1,-0.0009649482638209999,0.0,0.0005069194218981,-0.0022574674528605,9.850865049560007e-05,6.646770807860005e-05,-0.0012466291175692
2,-0.0014718676857191,-0.0005069194218981,0.0,-0.0027643868747586,-0.0004084107714025,-0.0004404517138195,-0.0017535485394673
3,0.0012925191890395,0.0022574674528605,0.0027643868747586,0.0,0.0023559761033561,0.0023239351609391,0.0010108383352913
4,-0.0010634569143165998,-9.850865049560007e-05,0.0004084107714025,-0.0023559761033561,0.0,-3.2040942417000014e-05,-0.0013451377680647999
5,-0.0010314159718995998,-6.646770807860005e-05,0.0004404517138195,-0.0023239351609391,3.2040942417000014e-05,0.0,-0.0013130968256477998
6,0.00028168085374820004,0.0012466291175692,0.0017535485394673,-0.0010108383352913,0.0013451377680647999,0.0013130968256477998,0.0
