,zero_shot_baseline,in_context_learning_3-shot,style_information_style_example,chain_of_thought_zero_shot,chain_of_thought_one_shot,self-refine
0,0.0,-3.957444074814624e-05,-6.54092176583158e-05,0.0,-0.0001382053613419,-1.2437810945273334e-06
1,3.957444074814624e-05,0.0,-2.5834776910169563e-05,3.957444074814624e-05,-9.863092059375376e-05,3.8330659653618906e-05
2,6.54092176583158e-05,2.5834776910169563e-05,0.0,6.54092176583158e-05,-7.27961436835842e-05,6.416543656378848e-05
3,0.0,-3.957444074814624e-05,-6.54092176583158e-05,0.0,-0.0001382053613419,-1.2437810945273334e-06
4,0.0001382053613419,9.863092059375376e-05,7.27961436835842e-05,0.0001382053613419,0.0,0.00013696158024737267
5,1.2437810945273334e-06,-3.8330659653618906e-05,-6.416543656378848e-05,1.2437810945273334e-06,-0.00013696158024737267,0.0
