,zero_shot_baseline,in_context_learning_3-shot,style_information_style_example,chain_of_thought_zero_shot,chain_of_thought_one_shot,self-refine
0,0.0,-0.0011541102742651,-5.6527231211600114e-05,-0.0002610289662506,0.0002538352916932,-0.0021676779396843
1,0.0011541102742651,0.0,0.0010975830430535,0.0008930813080145002,0.0014079455659583,-0.0010135676654191997
2,5.6527231211600114e-05,-0.0010975830430535,0.0,-0.00020450173503899988,0.0003103625229048001,-0.0021111507084726998
3,0.0002610289662506,-0.0008930813080145002,0.00020450173503899988,0.0,0.0005148642579438,-0.0019066489734337
4,-0.0002538352916932,-0.0014079455659583,-0.0003103625229048001,-0.0005148642579438,0.0,-0.0024215132313774998
5,0.0021676779396843,0.0010135676654191997,0.0021111507084726998,0.0019066489734337,0.0024215132313774998,0.0
