,zero_shot_baseline,in_context_learning_3-shot,style_information_style_example,chain_of_thought_zero_shot,chain_of_thought_one_shot,self-refine
0,0.0,-0.0005979664273798999,-0.0007147046675583,-6.0029110973199994e-05,-0.00014991138317860004,-0.000895799430179
1,0.0005979664273798999,0.0,-0.00011673824017840008,0.0005379373164066999,0.0004480550442012999,-0.0002978330027991001
2,0.0007147046675583,0.00011673824017840008,0.0,0.0006546755565851,0.0005647932843797,-0.0001810947626207
3,6.0029110973199994e-05,-0.0005379373164066999,-0.0006546755565851,0.0,-8.988227220540004e-05,-0.0008357703192058
4,0.00014991138317860004,-0.0004480550442012999,-0.0005647932843797,8.988227220540004e-05,0.0,-0.0007458880470004
5,0.000895799430179,0.0002978330027991001,0.0001810947626207,0.0008357703192058,0.0007458880470004,0.0
