,zero_shot_baseline,in_context_learning_3-shot,style_information_style_example,chain_of_thought_zero_shot,chain_of_thought_one_shot,self-refine
0,0.0,0.04134187601202208,0.0046147124857474076,0.00401590125320378,0.006703895383591063,-0.05088917154447842
1,-0.04134187601202208,0.0,-0.03672716352627467,-0.0373259747588183,-0.034637980628431014,-0.0922310475565005
2,-0.0046147124857474076,0.03672716352627467,0.0,-0.0005988112325436279,0.0020891828978436555,-0.055503884030225825
3,-0.00401590125320378,0.0373259747588183,0.0005988112325436279,0.0,0.0026879941303872834,-0.0549050727976822
4,-0.006703895383591063,0.034637980628431014,-0.0020891828978436555,-0.0026879941303872834,0.0,-0.05759306692806948
5,0.05088917154447842,0.0922310475565005,0.055503884030225825,0.0549050727976822,0.05759306692806948,0.0
