,mistral,deepseek,llama3.3,qwen72b,qwen32b,qwen14b,solar
0,0.0,0.029896461995493062,-0.006583940350391115,0.030022646693377064,-0.0069076569908677055,-0.020510732405398524,0.05226814931725621
1,-0.029896461995493062,0.0,-0.03648040234588418,0.000126184697884002,-0.03680411898636077,-0.050407194400891586,0.022371687321763145
2,0.006583940350391115,0.03648040234588418,0.0,0.03660658704376818,-0.0003237166404765901,-0.013926792055007409,0.05885208966764732
3,-0.030022646693377064,-0.000126184697884002,-0.03660658704376818,0.0,-0.03693030368424477,-0.05053337909877559,0.022245502623879143
4,0.0069076569908677055,0.03680411898636077,0.0003237166404765901,0.03693030368424477,0.0,-0.013603075414530819,0.05917580630812391
5,0.020510732405398524,0.050407194400891586,0.013926792055007409,0.05053337909877559,0.013603075414530819,0.0,0.07277888172265473
6,-0.05226814931725621,-0.022371687321763145,-0.05885208966764732,-0.022245502623879143,-0.05917580630812391,-0.07277888172265473,0.0
