,zero_shot_baseline,in_context_learning_3-shot,style_information_style_example,chain_of_thought_zero_shot,chain_of_thought_one_shot,self-refine
0,0.0,-0.0005083475722071906,0.015011224173382687,-0.0041163791149587126,0.01141309506909649,0.020080225945198316
1,0.0005083475722071906,0.0,0.015519571745589877,-0.003608031542751522,0.011921442641303681,0.020588573517405506
2,-0.015011224173382687,-0.015519571745589877,0.0,-0.0191276032883414,-0.0035981291042861963,0.005069001771815629
3,0.0041163791149587126,0.003608031542751522,0.0191276032883414,0.0,0.015529474184055203,0.024196605060157028
4,-0.01141309506909649,-0.011921442641303681,0.0035981291042861963,-0.015529474184055203,0.0,0.008667130876101825
5,-0.020080225945198316,-0.020588573517405506,-0.005069001771815629,-0.024196605060157028,-0.008667130876101825,0.0
