,zero_shot_baseline,in_context_learning_3-shot,style_information_style_example,chain_of_thought_zero_shot,chain_of_thought_one_shot,self-refine
0,0.0,0.020849222062357897,0.026126327620443895,0.0041384710738053,0.04284569104727398,-0.000888389480561802
1,-0.020849222062357897,0.0,0.005277105558085998,-0.016710750988552597,0.021996468984916084,-0.0217376115429197
2,-0.026126327620443895,-0.005277105558085998,0.0,-0.021987856546638596,0.016719363426830086,-0.027014717101005697
3,-0.0041384710738053,0.016710750988552597,0.021987856546638596,0.0,0.03870721997346868,-0.005026860554367102
4,-0.04284569104727398,-0.021996468984916084,-0.016719363426830086,-0.03870721997346868,0.0,-0.043734080527835784
5,0.000888389480561802,0.0217376115429197,0.027014717101005697,0.005026860554367102,0.043734080527835784,0.0
