,zero_shot_baseline,in_context_learning_3-shot,style_information_style_example,chain_of_thought_zero_shot,chain_of_thought_one_shot,self-refine
0,0.0,0.13868172787774838,0.04007690734684877,-0.008502365692498404,-0.008793078953468703,-0.023910776724103022
1,-0.13868172787774838,0.0,-0.09860482053089961,-0.14718409357024678,-0.14747480683121708,-0.1625925046018514
2,-0.04007690734684877,0.09860482053089961,0.0,-0.04857927303934717,-0.04886998630031747,-0.06398768407095179
3,0.008502365692498404,0.14718409357024678,0.04857927303934717,0.0,-0.0002907132609702989,-0.015408411031604619
4,0.008793078953468703,0.14747480683121708,0.04886998630031747,0.0002907132609702989,0.0,-0.01511769777063432
5,0.023910776724103022,0.1625925046018514,0.06398768407095179,0.015408411031604619,0.01511769777063432,0.0
