,zero_shot_baseline,in_context_learning_3-shot,style_information_style_example,chain_of_thought_zero_shot,chain_of_thought_one_shot,self-refine
0,0.0,-0.078502826412566,-0.012705513652158107,-0.006090319916491005,-0.05712875265046363,0.008081181637238977
1,0.078502826412566,0.0,0.0657973127604079,0.072412506496075,0.021374073762102375,0.08658400804980498
2,0.012705513652158107,-0.0657973127604079,0.0,0.006615193735667102,-0.044423238998305525,0.020786695289397084
3,0.006090319916491005,-0.072412506496075,-0.006615193735667102,0.0,-0.05103843273397263,0.014171501553729982
4,0.05712875265046363,-0.021374073762102375,0.044423238998305525,0.05103843273397263,0.0,0.06520993428770261
5,-0.008081181637238977,-0.08658400804980498,-0.020786695289397084,-0.014171501553729982,-0.06520993428770261,0.0
