,zero_shot_baseline,in_context_learning_3-shot,style_information_style_example,chain_of_thought_zero_shot,chain_of_thought_one_shot,self-refine
0,0.0,0.0707196682235833,0.010874811783514016,-0.00018264999312489483,0.020370777492797615,-0.044778718080071195
1,-0.0707196682235833,0.0,-0.05984485644006929,-0.0709023182167082,-0.05034889073078569,-0.1154983863036545
2,-0.010874811783514016,0.05984485644006929,0.0,-0.01105746177663891,0.0094959657092836,-0.05565352986358521
3,0.00018264999312489483,0.0709023182167082,0.01105746177663891,0.0,0.02055342748592251,-0.0445960680869463
4,-0.020370777492797615,0.05034889073078569,-0.0094959657092836,-0.02055342748592251,0.0,-0.06514949557286881
5,0.044778718080071195,0.1154983863036545,0.05565352986358521,0.0445960680869463,0.06514949557286881,0.0
