,zero_shot_baseline,in_context_learning_3-shot,style_information_style_example,chain_of_thought_zero_shot,chain_of_thought_one_shot,self-refine
0,0.0,0.026753450456372008,0.012267907510878473,-0.000915908214643324,-0.0006678119273516026,-0.0082778424379642
1,-0.026753450456372008,0.0,-0.014485542945493535,-0.02766935867101533,-0.02742126238372361,-0.03503129289433621
2,-0.012267907510878473,0.014485542945493535,0.0,-0.013183815725521797,-0.012935719438230076,-0.020545749948842673
3,0.000915908214643324,0.02766935867101533,0.013183815725521797,0.0,0.0002480962872917214,-0.007361934223320876
4,0.0006678119273516026,0.02742126238372361,0.012935719438230076,-0.0002480962872917214,0.0,-0.007610030510612598
5,0.0082778424379642,0.03503129289433621,0.020545749948842673,0.007361934223320876,0.007610030510612598,0.0
