,zero_shot_baseline,in_context_learning_3-shot,style_information_style_example,chain_of_thought_zero_shot,chain_of_thought_one_shot,self-refine
0,0.0,-0.009324075773429391,-0.02388279119150649,-0.008876081585280804,0.023920831439276202,-0.03927298394416889
1,0.009324075773429391,0.0,-0.0145587154180771,0.00044799418814858716,0.03324490721270559,-0.029948908170739502
2,0.02388279119150649,0.0145587154180771,0.0,0.015006709606225688,0.047803622630782694,-0.015390192752662402
3,0.008876081585280804,-0.00044799418814858716,-0.015006709606225688,0.0,0.032796913024557006,-0.03039690235888809
4,-0.023920831439276202,-0.03324490721270559,-0.047803622630782694,-0.032796913024557006,0.0,-0.0631938153834451
5,0.03927298394416889,0.029948908170739502,0.015390192752662402,0.03039690235888809,0.0631938153834451,0.0
