,zero_shot_baseline,in_context_learning_3-shot,style_information_style_example,chain_of_thought_zero_shot,chain_of_thought_one_shot,self-refine
0,0.0,0.10027334613054478,-0.0050111126293337915,-0.00244704342783969,0.012084161234064528,-0.0161417003392908
1,-0.10027334613054478,0.0,-0.10528445875987857,-0.10272038955838447,-0.08818918489648025,-0.11641504646983558
2,0.0050111126293337915,0.10528445875987857,0.0,0.0025640692014941013,0.01709527386339832,-0.011130587709957007
3,0.00244704342783969,0.10272038955838447,-0.0025640692014941013,0.0,0.014531204661904218,-0.013694656911451109
4,-0.012084161234064528,0.08818918489648025,-0.01709527386339832,-0.014531204661904218,0.0,-0.028225861573355326
5,0.0161417003392908,0.11641504646983558,0.011130587709957007,0.013694656911451109,0.028225861573355326,0.0
