,zero_shot_baseline,in_context_learning_3-shot,style_information_style_example,chain_of_thought_zero_shot,chain_of_thought_one_shot,self-refine
0,0.0,-0.053377680329052546,-0.06788606665648728,-0.011939360340539162,0.003741153385671603,-0.07389751600440936
1,0.053377680329052546,0.0,-0.01450838632743473,0.041438319988513383,0.05711883371472415,-0.020519835675356812
2,0.06788606665648728,0.01450838632743473,0.0,0.055946706315948114,0.07162722004215888,-0.006011449347922082
3,0.011939360340539162,-0.041438319988513383,-0.055946706315948114,0.0,0.015680513726210765,-0.061958155663870196
4,-0.003741153385671603,-0.05711883371472415,-0.07162722004215888,-0.015680513726210765,0.0,-0.07763866939008096
5,0.07389751600440936,0.020519835675356812,0.006011449347922082,0.061958155663870196,0.07763866939008096,0.0
