,zero_shot_baseline,in_context_learning_3-shot,style_information_style_example,chain_of_thought_zero_shot,chain_of_thought_one_shot,self-refine
0,0.0,-0.02312117328767499,-0.028675973415759087,-0.0009336817963616073,0.021393107845368492,-0.025302985542210193
1,0.02312117328767499,0.0,-0.0055548001280840975,0.022187491491313382,0.04451428113304348,-0.0021818122545352037
2,0.028675973415759087,0.0055548001280840975,0.0,0.02774229161939748,0.05006908126112758,0.003372987873548894
3,0.0009336817963616073,-0.022187491491313382,-0.02774229161939748,0.0,0.0223267896417301,-0.024369303745848586
4,-0.021393107845368492,-0.04451428113304348,-0.05006908126112758,-0.0223267896417301,0.0,-0.046696093387578685
5,0.025302985542210193,0.0021818122545352037,-0.003372987873548894,0.024369303745848586,0.046696093387578685,0.0
