,zero_shot_baseline,in_context_learning_3-shot,style_information_style_example,chain_of_thought_zero_shot,chain_of_thought_one_shot,self-refine
0,0.0,0.025128550252845383,0.016145746583686893,-0.004123095907788088,0.01713569652666852,0.008395076148075886
1,-0.025128550252845383,0.0,-0.00898280366915849,-0.02925164616063347,-0.007992853726176863,-0.016733474104769497
2,-0.016145746583686893,0.00898280366915849,0.0,-0.02026884249147498,0.0009899499429816272,-0.007750670435611007
3,0.004123095907788088,0.02925164616063347,0.02026884249147498,0.0,0.021258792434456608,0.012518172055863974
4,-0.01713569652666852,0.007992853726176863,-0.0009899499429816272,-0.021258792434456608,0.0,-0.008740620378592634
5,-0.008395076148075886,0.016733474104769497,0.007750670435611007,-0.012518172055863974,0.008740620378592634,0.0
