,abstracts,news,reviews,qa
0,0.0,-0.007960141932324902,0.0302694735470942,-0.0637487608502501
1,0.007960141932324902,0.0,0.0382296154794191,-0.0557886189179252
2,-0.0302694735470942,-0.0382296154794191,0.0,-0.0940182343973443
3,0.0637487608502501,0.0557886189179252,0.0940182343973443,0.0
