,mistral,deepseek,llama3.3,qwen72b,qwen32b,qwen14b,solar
0,0.0,0.025664070881318807,0.0011661011843278057,0.007084388862536095,-0.012671574638248001,-0.0224060656712817,0.019436889392359297
1,-0.025664070881318807,0.0,-0.024497969696991,-0.01857968201878271,-0.03833564551956681,-0.048070136552600506,-0.00622718148895951
2,-0.0011661011843278057,0.024497969696991,0.0,0.005918287678208289,-0.013837675822575807,-0.023572166855609505,0.01827078820803149
3,-0.007084388862536095,0.01857968201878271,-0.005918287678208289,0.0,-0.019755963500784096,-0.029490454533817795,0.012352500529823202
4,0.012671574638248001,0.03833564551956681,0.013837675822575807,0.019755963500784096,0.0,-0.009734491033033699,0.0321084640306073
5,0.0224060656712817,0.048070136552600506,0.023572166855609505,0.029490454533817795,0.009734491033033699,0.0,0.041842955063640996
6,-0.019436889392359297,0.00622718148895951,-0.01827078820803149,-0.012352500529823202,-0.0321084640306073,-0.041842955063640996,0.0
