,zero_shot_baseline,in_context_learning_3-shot,style_information_style_example,chain_of_thought_zero_shot,chain_of_thought_one_shot,self-refine
0,0.0,0.020290834064545404,0.0724274427524029,0.007999373705686097,0.05992295697587391,-0.014107949943373
1,-0.020290834064545404,0.0,0.052136608687857494,-0.012291460358859307,0.039632122911328505,-0.034398784007918404
2,-0.0724274427524029,-0.052136608687857494,0.0,-0.0644280690467168,-0.01250448577652899,-0.0865353926957759
3,-0.007999373705686097,0.012291460358859307,0.0644280690467168,0.0,0.05192358327018781,-0.022107323649059096
4,-0.05992295697587391,-0.039632122911328505,0.01250448577652899,-0.05192358327018781,0.0,-0.07403090691924691
5,0.014107949943373,0.034398784007918404,0.0865353926957759,0.022107323649059096,0.07403090691924691,0.0
