,zero_shot_baseline,in_context_learning_3-shot,style_information_style_example,chain_of_thought_zero_shot,chain_of_thought_one_shot,self-refine
0,0.0,-0.0032127467379414187,0.007346659202967565,-0.012522317226262347,-0.008697118250694136,-0.07046384366979702
1,0.0032127467379414187,0.0,0.010559405940908984,-0.009309570488320928,-0.005484371512752717,-0.0672510969318556
2,-0.007346659202967565,-0.010559405940908984,0.0,-0.019868976429229912,-0.0160437774536617,-0.07781050287276459
3,0.012522317226262347,0.009309570488320928,0.019868976429229912,0.0,0.0038251989755682114,-0.057941526443534674
4,0.008697118250694136,0.005484371512752717,0.0160437774536617,-0.0038251989755682114,0.0,-0.061766725419102886
5,0.07046384366979702,0.0672510969318556,0.07781050287276459,0.057941526443534674,0.061766725419102886,0.0
