,zero_shot_baseline,in_context_learning_3-shot,style_information_style_example,chain_of_thought_zero_shot,chain_of_thought_one_shot,self-refine
0,0.0,-0.020269692718375587,-0.06997521595197209,-0.007234231166843075,-0.08499862346576648,-0.10519840575491379
1,0.020269692718375587,0.0,-0.049705523233596505,0.013035461551532512,-0.06472893074739089,-0.0849287130365382
2,0.06997521595197209,0.049705523233596505,0.0,0.06274098478512902,-0.015023407513794385,-0.0352231898029417
3,0.007234231166843075,-0.013035461551532512,-0.06274098478512902,0.0,-0.0777643922989234,-0.09796417458807072
4,0.08499862346576648,0.06472893074739089,0.015023407513794385,0.0777643922989234,0.0,-0.020199782289147317
5,0.10519840575491379,0.0849287130365382,0.0352231898029417,0.09796417458807072,0.020199782289147317,0.0
