,zero_shot_baseline,in_context_learning_3-shot,style_information_style_example,chain_of_thought_zero_shot,chain_of_thought_one_shot,self-refine
0,0.0,0.014037855301874597,0.0004847068897873008,-0.0035808843678279134,0.012442525495531598,-0.0184051539249446
1,-0.014037855301874597,0.0,-0.013553148412087296,-0.01761873966970251,-0.0015953298063429988,-0.0324430092268192
2,-0.0004847068897873008,0.013553148412087296,0.0,-0.004065591257615214,0.011957818605744297,-0.0188898608147319
3,0.0035808843678279134,0.01761873966970251,0.004065591257615214,0.0,0.01602340986335951,-0.014824269557116687
4,-0.012442525495531598,0.0015953298063429988,-0.011957818605744297,-0.01602340986335951,0.0,-0.0308476794204762
5,0.0184051539249446,0.0324430092268192,0.0188898608147319,0.014824269557116687,0.0308476794204762,0.0
