,zero_shot_baseline,in_context_learning_3-shot,style_information_style_example,chain_of_thought_zero_shot,chain_of_thought_one_shot,self-refine
0,0.0,-0.0019581160542949116,0.007471658957050098,0.03111255691521586,-0.016365356739512504,-0.050055120603249514
1,0.0019581160542949116,0.0,0.00942977501134501,0.03307067296951077,-0.014407240685217593,-0.0480970045489546
2,-0.007471658957050098,-0.00942977501134501,0.0,0.023640897958165763,-0.023837015696562602,-0.05752677956029961
3,-0.03111255691521586,-0.03307067296951077,-0.023640897958165763,0.0,-0.047477913654728365,-0.08116767751846538
4,0.016365356739512504,0.014407240685217593,0.023837015696562602,0.047477913654728365,0.0,-0.03368976386373701
5,0.050055120603249514,0.0480970045489546,0.05752677956029961,0.08116767751846538,0.03368976386373701,0.0
