,mistral,deepseek,llama3.3,qwen72b,qwen32b,qwen14b,solar
0,0.0,0.00901659218264439,-0.012432768056476307,0.027360403067695716,0.0033828170830003113,-0.009861432394608627,0.02635059939652168
1,-0.00901659218264439,0.0,-0.021449360239120696,0.018343810885051326,-0.005633775099644078,-0.018878024577253016,0.01733400721387729
2,0.012432768056476307,0.021449360239120696,0.0,0.03979317112417202,0.015815585139476618,0.0025713356618676797,0.038783367452997985
3,-0.027360403067695716,-0.018343810885051326,-0.03979317112417202,0.0,-0.023977585984695404,-0.03722183546230434,-0.0010098036711740366
4,-0.0033828170830003113,0.005633775099644078,-0.015815585139476618,0.023977585984695404,0.0,-0.013244249477608938,0.022967782313521368
5,0.009861432394608627,0.018878024577253016,-0.0025713356618676797,0.03722183546230434,0.013244249477608938,0.0,0.036212031791130306
6,-0.02635059939652168,-0.01733400721387729,-0.038783367452997985,0.0010098036711740366,-0.022967782313521368,-0.036212031791130306,0.0
