,zero_shot_baseline,in_context_learning_3-shot,style_information_style_example,chain_of_thought_zero_shot,chain_of_thought_one_shot,self-refine
0,0.0,0.03948843734239832,0.024039780630635443,0.0018009707069098213,-0.04107055160943296,0.03261505135607873
1,-0.03948843734239832,0.0,-0.015448656711762876,-0.0376874666354885,-0.08055898895183128,-0.006873385986319591
2,-0.024039780630635443,0.015448656711762876,0.0,-0.022238809923725622,-0.0651103322400684,0.008575270725443285
3,-0.0018009707069098213,0.0376874666354885,0.022238809923725622,0.0,-0.04287152231634278,0.030814080649168907
4,0.04107055160943296,0.08055898895183128,0.0651103322400684,0.04287152231634278,0.0,0.07368560296551169
5,-0.03261505135607873,0.006873385986319591,-0.008575270725443285,-0.030814080649168907,-0.07368560296551169,0.0
