,abstracts,news,reviews,qa
0,0.0,-0.0154910560304895,-0.014164727310100201,-0.0450599388306651
1,0.0154910560304895,0.0,0.0013263287203892984,-0.029568882800175597
2,0.014164727310100201,-0.0013263287203892984,0.0,-0.030895211520564896
3,0.0450599388306651,0.029568882800175597,0.030895211520564896,0.0
