,zero_shot_baseline,in_context_learning_3-shot,style_information_style_example,chain_of_thought_zero_shot,chain_of_thought_one_shot,self-refine
0,0.0,0.00307323112242347,0.0026367789299683864,0.007637970385732995,0.03885441295893549,0.014046382408212599
1,-0.00307323112242347,0.0,-0.0004364521924550835,0.004564739263309525,0.03578118183651202,0.010973151285789129
2,-0.0026367789299683864,0.0004364521924550835,0.0,0.005001191455764609,0.036217634028967105,0.011409603478244212
3,-0.007637970385732995,-0.004564739263309525,-0.005001191455764609,0.0,0.031216442573202496,0.006408412022479604
4,-0.03885441295893549,-0.03578118183651202,-0.036217634028967105,-0.031216442573202496,0.0,-0.024808030550722893
5,-0.014046382408212599,-0.010973151285789129,-0.011409603478244212,-0.006408412022479604,0.024808030550722893,0.0
