,zero_shot_baseline,in_context_learning_3-shot,style_information_style_example,chain_of_thought_zero_shot,chain_of_thought_one_shot,self-refine
0,0.0,0.030534685419336294,0.002165409240427185,0.00029917414508018325,-0.00252682856955172,-0.007345868366478603
1,-0.030534685419336294,0.0,-0.02836927617890911,-0.03023551127425611,-0.033061513988888014,-0.0378805537858149
2,-0.002165409240427185,0.02836927617890911,0.0,-0.001866235095347002,-0.004692237809978905,-0.009511277606905788
3,-0.00029917414508018325,0.03023551127425611,0.001866235095347002,0.0,-0.0028260027146319033,-0.007645042511558786
4,0.00252682856955172,0.033061513988888014,0.004692237809978905,0.0028260027146319033,0.0,-0.004819039796926883
5,0.007345868366478603,0.0378805537858149,0.009511277606905788,0.007645042511558786,0.004819039796926883,0.0
