,mistral,deepseek,llama3.3,qwen72b,qwen32b,qwen14b,solar
0,0.0,0.010715780099119193,-0.025295662746180697,0.029799641980463504,0.0059737218115923085,-0.036681107094883786,0.003070532130950099
1,-0.010715780099119193,0.0,-0.03601144284529989,0.01908386188134431,-0.004742058287526885,-0.04739688719400298,-0.007645247968169094
2,0.025295662746180697,0.03601144284529989,0.0,0.0550953047266442,0.031269384557773006,-0.011385444348703089,0.028366194877130796
3,-0.029799641980463504,-0.01908386188134431,-0.0550953047266442,0.0,-0.023825920168871195,-0.06648074907534729,-0.026729109849513405
4,-0.0059737218115923085,0.004742058287526885,-0.031269384557773006,0.023825920168871195,0.0,-0.042654828906476094,-0.0029031896806422097
5,0.036681107094883786,0.04739688719400298,0.011385444348703089,0.06648074907534729,0.042654828906476094,0.0,0.039751639225833885
6,-0.003070532130950099,0.007645247968169094,-0.028366194877130796,0.026729109849513405,0.0029031896806422097,-0.039751639225833885,0.0
