,zero_shot_baseline,in_context_learning_3-shot,style_information_style_example,chain_of_thought_zero_shot,chain_of_thought_one_shot,self-refine
0,0.0,0.07338970480047363,0.04136568980390204,0.0002523001795275426,0.028919869731455716,0.015803478639929924
1,-0.07338970480047363,0.0,-0.03202401499657159,-0.07313740462094609,-0.044469835069017916,-0.05758622616054371
2,-0.04136568980390204,0.03202401499657159,0.0,-0.0411133896243745,-0.012445820072446323,-0.025562211163972115
3,-0.0002523001795275426,0.07313740462094609,0.0411133896243745,0.0,0.028667569551928174,0.015551178460402382
4,-0.028919869731455716,0.044469835069017916,0.012445820072446323,-0.028667569551928174,0.0,-0.013116391091525792
5,-0.015803478639929924,0.05758622616054371,0.025562211163972115,-0.015551178460402382,0.013116391091525792,0.0
