,zero_shot_baseline,in_context_learning_3-shot,style_information_style_example,chain_of_thought_zero_shot,chain_of_thought_one_shot,self-refine
0,0.0,-0.02562961563667404,-0.026425468681991804,-0.007893337720386251,-0.0023893633945478165,-0.031553778042440306
1,0.02562961563667404,0.0,-0.0007958530453177626,0.01773627791628779,0.023240252242126225,-0.0059241624057662645
2,0.026425468681991804,0.0007958530453177626,0.0,0.018532130961605553,0.024036105287443987,-0.005128309360448502
3,0.007893337720386251,-0.01773627791628779,-0.018532130961605553,0.0,0.005503974325838434,-0.023660440322054055
4,0.0023893633945478165,-0.023240252242126225,-0.024036105287443987,-0.005503974325838434,0.0,-0.02916441464789249
5,0.031553778042440306,0.0059241624057662645,0.005128309360448502,0.023660440322054055,0.02916441464789249,0.0
