,mistral,deepseek,llama3.3,qwen72b,qwen32b,qwen14b,solar
0,0.0,0.0062027903374006765,-0.029191801380763993,-0.016205206935249516,0.10130948708215876,0.0471893835537317,-0.0073888601771673335
1,-0.0062027903374006765,0.0,-0.03539459171816467,-0.022407997272650193,0.09510669674475808,0.040986593216331024,-0.01359165051456801
2,0.029191801380763993,0.03539459171816467,0.0,0.012986594445514477,0.13050128846292275,0.0763811849344957,0.02180294120359666
3,0.016205206935249516,0.022407997272650193,-0.012986594445514477,0.0,0.11751469401740827,0.06339459048898122,0.008816346758082183
4,-0.10130948708215876,-0.09510669674475808,-0.13050128846292275,-0.11751469401740827,0.0,-0.054120103528427055,-0.10869834725932609
5,-0.0471893835537317,-0.040986593216331024,-0.0763811849344957,-0.06339459048898122,0.054120103528427055,0.0,-0.054578243730899034
6,0.0073888601771673335,0.01359165051456801,-0.02180294120359666,-0.008816346758082183,0.10869834725932609,0.054578243730899034,0.0
