,zero_shot_baseline,in_context_learning_3-shot,style_information_style_example,chain_of_thought_zero_shot,chain_of_thought_one_shot,self-refine
0,0.0,0.13108358525326821,0.05747137042597561,-0.004551087997439973,0.03661578879853489,0.02964191832657659
1,-0.13108358525326821,0.0,-0.0736122148272926,-0.1356346732507082,-0.09446779645473333,-0.10144166692669163
2,-0.05747137042597561,0.0736122148272926,0.0,-0.06202245842341558,-0.020855581627440722,-0.02782945209939902
3,0.004551087997439973,0.1356346732507082,0.06202245842341558,0.0,0.04116687679597486,0.03419300632401656
4,-0.03661578879853489,0.09446779645473333,0.020855581627440722,-0.04116687679597486,0.0,-0.006973870471958299
5,-0.02964191832657659,0.10144166692669163,0.02782945209939902,-0.03419300632401656,0.006973870471958299,0.0
