,zero_shot_baseline,in_context_learning_3-shot,style_information_style_example,chain_of_thought_zero_shot,chain_of_thought_one_shot,self-refine
0,0.0,0.08293869460210368,-0.005899360717283864,-0.0025577043167387403,-0.0292758252564857,-0.05160476877489534
1,-0.08293869460210368,0.0,-0.08883805531938754,-0.08549639891884242,-0.11221451985858938,-0.13454346337699902
2,0.005899360717283864,0.08883805531938754,0.0,0.0033416564005451233,-0.023376464539201836,-0.045705408057611474
3,0.0025577043167387403,0.08549639891884242,-0.0033416564005451233,0.0,-0.02671812093974696,-0.0490470644581566
4,0.0292758252564857,0.11221451985858938,0.023376464539201836,0.02671812093974696,0.0,-0.02232894351840964
5,0.05160476877489534,0.13454346337699902,0.045705408057611474,0.0490470644581566,0.02232894351840964,0.0
