,abstracts,news,reviews,qa
0,0.0,0.0683584627288429,0.023464865047688604,-0.09122446973823649
1,-0.0683584627288429,0.0,-0.04489359768115429,-0.15958293246707939
2,-0.023464865047688604,0.04489359768115429,0.0,-0.11468933478592509
3,0.09122446973823649,0.15958293246707939,0.11468933478592509,0.0
