,zero_shot_baseline,in_context_learning_3-shot,style_information_style_example,chain_of_thought_zero_shot,chain_of_thought_one_shot,self-refine
0,0.0,-0.01217191410781654,-0.026314825981472723,-0.02375937315116633,-0.0021262010393132136,-0.07793978467597223
1,0.01217191410781654,0.0,-0.014142911873656183,-0.01158745904334979,0.010045713068503326,-0.0657678705681557
2,0.026314825981472723,0.014142911873656183,0.0,0.002555452830306393,0.02418862494215951,-0.05162495869449951
3,0.02375937315116633,0.01158745904334979,-0.002555452830306393,0.0,0.021633172111853116,-0.054180411524805905
4,0.0021262010393132136,-0.010045713068503326,-0.02418862494215951,-0.021633172111853116,0.0,-0.07581358363665902
5,0.07793978467597223,0.0657678705681557,0.05162495869449951,0.054180411524805905,0.07581358363665902,0.0
