,zero_shot_baseline,in_context_learning_3-shot,style_information_style_example,chain_of_thought_zero_shot,chain_of_thought_one_shot,self-refine
0,0.0,0.005114877015074515,0.0055755636440124046,0.0015939178364688944,-0.003610614403316559,-0.025759982649103397
1,-0.005114877015074515,0.0,0.0004606866289378897,-0.0035209591786056205,-0.008725491418391074,-0.03087485966417791
2,-0.0055755636440124046,-0.0004606866289378897,0.0,-0.00398164580754351,-0.009186178047328963,-0.0313355462931158
3,-0.0015939178364688944,0.0035209591786056205,0.00398164580754351,0.0,-0.005204532239785453,-0.02735390048557229
4,0.003610614403316559,0.008725491418391074,0.009186178047328963,0.005204532239785453,0.0,-0.022149368245786838
5,0.025759982649103397,0.03087485966417791,0.0313355462931158,0.02735390048557229,0.022149368245786838,0.0
