,abstracts,news,reviews,qa
0,0.0,-0.0341363524803298,-0.019928644957480396,-0.0611143305519135
1,0.0341363524803298,0.0,0.014207707522849403,-0.026977978071583704
2,0.019928644957480396,-0.014207707522849403,0.0,-0.04118568559443311
3,0.0611143305519135,0.026977978071583704,0.04118568559443311,0.0
