,zero_shot_baseline,in_context_learning_3-shot,style_information_style_example,chain_of_thought_zero_shot,chain_of_thought_one_shot,self-refine
0,0.0,-0.001025369195737258,0.024632807384691036,-0.01751270125592108,-0.0004008971065189715,-0.01533388908456318
1,0.001025369195737258,0.0,0.025658176580428294,-0.016487332060183824,0.0006244720892182865,-0.014308519888825921
2,-0.024632807384691036,-0.025658176580428294,0.0,-0.04214550864061212,-0.025033704491210007,-0.039966696469254215
3,0.01751270125592108,0.016487332060183824,0.04214550864061212,0.0,0.01711180414940211,0.0021788121713579023
4,0.0004008971065189715,-0.0006244720892182865,0.025033704491210007,-0.01711180414940211,0.0,-0.014932991978044208
5,0.01533388908456318,0.014308519888825921,0.039966696469254215,-0.0021788121713579023,0.014932991978044208,0.0
