,zero_shot_baseline,in_context_learning_3-shot,style_information_style_example,chain_of_thought_zero_shot,chain_of_thought_one_shot,self-refine
0,0.0,0.14003197928391928,0.043032438723392796,0.007752825438985089,-0.01302812326117292,0.007396539920950684
1,-0.14003197928391928,0.0,-0.09699954056052648,-0.1322791538449342,-0.1530601025450922,-0.1326354393629686
2,-0.043032438723392796,0.09699954056052648,0.0,-0.03527961328440771,-0.056060561984565715,-0.03563589880244211
3,-0.007752825438985089,0.1322791538449342,0.03527961328440771,0.0,-0.02078094870015801,-0.0003562855180344049
4,0.01302812326117292,0.1530601025450922,0.056060561984565715,0.02078094870015801,0.0,0.020424663182123604
5,-0.007396539920950684,0.1326354393629686,0.03563589880244211,0.0003562855180344049,-0.020424663182123604,0.0
