,zero_shot_baseline,in_context_learning_3-shot,style_information_style_example,chain_of_thought_zero_shot,chain_of_thought_one_shot,self-refine
0,0.0,0.012020447088156583,-0.0011808287971225018,-0.000720909257695912,0.01878743727238169,-0.00024567990076890256
1,-0.012020447088156583,0.0,-0.013201275885279085,-0.012741356345852495,0.006766990184225108,-0.012266126988925485
2,0.0011808287971225018,0.013201275885279085,0.0,0.0004599195394265898,0.019968266069504192,0.0009351488963535992
3,0.000720909257695912,0.012741356345852495,-0.0004599195394265898,0.0,0.019508346530077603,0.0004752293569270094
4,-0.01878743727238169,-0.006766990184225108,-0.019968266069504192,-0.019508346530077603,0.0,-0.019033117173150593
5,0.00024567990076890256,0.012266126988925485,-0.0009351488963535992,-0.0004752293569270094,0.019033117173150593,0.0
