,zero_shot_baseline,in_context_learning_3-shot,style_information_style_example,chain_of_thought_zero_shot,chain_of_thought_one_shot,self-refine
0,0.0,0.05523698530214702,0.011491510447678516,-0.008746889884505005,0.029727861491970015,-0.012417340914294583
1,-0.05523698530214702,0.0,-0.0437454748544685,-0.06398387518665202,-0.025509123810177003,-0.0676543262164416
2,-0.011491510447678516,0.0437454748544685,0.0,-0.02023840033218352,0.0182363510442915,-0.0239088513619731
3,0.008746889884505005,0.06398387518665202,0.02023840033218352,0.0,0.03847475137647502,-0.0036704510297895787
4,-0.029727861491970015,0.025509123810177003,-0.0182363510442915,-0.03847475137647502,0.0,-0.0421452024062646
5,0.012417340914294583,0.0676543262164416,0.0239088513619731,0.0036704510297895787,0.0421452024062646,0.0
