,abstracts,news,reviews,qa
0,0.0,-0.048411393903931906,-0.018033311691597297,-0.0485696972752404
1,0.048411393903931906,0.0,0.03037808221233461,-0.00015830337130849637
2,0.018033311691597297,-0.03037808221233461,0.0,-0.030536385583643105
3,0.0485696972752404,0.00015830337130849637,0.030536385583643105,0.0
