,zero_shot_baseline,in_context_learning_3-shot,style_information_style_example,chain_of_thought_zero_shot,chain_of_thought_one_shot,self-refine
0,0.0,0.067190448891496,0.024269282570393985,-0.0030850978252671968,0.04172375673788731,-0.0430125413933532
1,-0.067190448891496,0.0,-0.04292116632110202,-0.0702755467167632,-0.025466692153608694,-0.1102029902848492
2,-0.024269282570393985,0.04292116632110202,0.0,-0.027354380395661182,0.017454474167493322,-0.06728182396374718
3,0.0030850978252671968,0.0702755467167632,0.027354380395661182,0.0,0.044808854563154504,-0.039927443568086
4,-0.04172375673788731,0.025466692153608694,-0.017454474167493322,-0.044808854563154504,0.0,-0.0847362981312405
5,0.0430125413933532,0.1102029902848492,0.06728182396374718,0.039927443568086,0.0847362981312405,0.0
