,zero_shot_baseline,in_context_learning_3-shot,style_information_style_example,chain_of_thought_zero_shot,chain_of_thought_one_shot,self-refine
0,0.0,-0.01857761959689208,-0.03820920299262426,-0.004392314571641964,-0.0496399089848073,-0.025736383081092495
1,0.01857761959689208,0.0,-0.019631583395732177,0.014185305025250117,-0.03106228938791522,-0.007158763484200414
2,0.03820920299262426,0.019631583395732177,0.0,0.033816888420982294,-0.011430705992183043,0.012472819911531763
3,0.004392314571641964,-0.014185305025250117,-0.033816888420982294,0.0,-0.04524759441316534,-0.02134406850945053
4,0.0496399089848073,0.03106228938791522,0.011430705992183043,0.04524759441316534,0.0,0.023903525903714806
5,0.025736383081092495,0.007158763484200414,-0.012472819911531763,0.02134406850945053,-0.023903525903714806,0.0
