,zero_shot_baseline,in_context_learning_3-shot,style_information_style_example,chain_of_thought_zero_shot,chain_of_thought_one_shot,self-refine
0,0.0,0.019429890450869236,-0.003655213743906871,-0.01572302284205157,-0.015547401848086118,-0.005989985001658704
1,-0.019429890450869236,0.0,-0.023085104194776107,-0.03515291329292081,-0.034977292298955354,-0.02541987545252794
2,0.003655213743906871,0.023085104194776107,0.0,-0.0120678090981447,-0.011892188104179247,-0.002334771257751833
3,0.01572302284205157,0.03515291329292081,0.0120678090981447,0.0,0.00017562099396545294,0.009733037840392866
4,0.015547401848086118,0.034977292298955354,0.011892188104179247,-0.00017562099396545294,0.0,0.009557416846427413
5,0.005989985001658704,0.02541987545252794,0.002334771257751833,-0.009733037840392866,-0.009557416846427413,0.0
