,zero_shot_baseline,in_context_learning_3-shot,style_information_style_example,chain_of_thought_zero_shot,chain_of_thought_one_shot,self-refine
0,0.0,0.008656429163845403,-0.0031288366296213233,0.00430005425213148,-0.007835091765733437,0.010523619599964507
1,-0.008656429163845403,0.0,-0.011785265793466726,-0.004356374911713923,-0.01649152092957884,0.0018671904361191038
2,0.0031288366296213233,0.011785265793466726,0.0,0.007428890881752803,-0.004706255136112114,0.01365245622958583
3,-0.00430005425213148,0.004356374911713923,-0.007428890881752803,0.0,-0.012135146017864917,0.006223565347833027
4,0.007835091765733437,0.01649152092957884,0.004706255136112114,0.012135146017864917,0.0,0.018358711365697944
5,-0.010523619599964507,-0.0018671904361191038,-0.01365245622958583,-0.006223565347833027,-0.018358711365697944,0.0
