,zero_shot_baseline,in_context_learning_3-shot,style_information_style_example,chain_of_thought_zero_shot,chain_of_thought_one_shot,self-refine
0,0.0,0.0441916662330242,0.02787959428869849,-0.004768359249309989,0.03548234732891262,-0.023449583924868206
1,-0.0441916662330242,0.0,-0.016312071944325712,-0.04896002548233419,-0.008709318904111585,-0.06764125015789241
2,-0.02787959428869849,0.016312071944325712,0.0,-0.03264795353800848,0.0076027530402141275,-0.051329178213566695
3,0.004768359249309989,0.04896002548233419,0.03264795353800848,0.0,0.040250706578222606,-0.018681224675558217
4,-0.03548234732891262,0.008709318904111585,-0.0076027530402141275,-0.040250706578222606,0.0,-0.05893193125378082
5,0.023449583924868206,0.06764125015789241,0.051329178213566695,0.018681224675558217,0.05893193125378082,0.0
