,mistral,deepseek,llama3.3,qwen72b,qwen32b,qwen14b,solar
0,0.0,-0.006933078171059592,-0.007321952672767029,-0.036122940479062504,0.005073148877177913,0.014275504989056775,-0.013071171703931295
1,0.006933078171059592,0.0,-0.00038887450170743687,-0.029189862308002912,0.012006227048237506,0.021208583160116368,-0.006138093532871702
2,0.007321952672767029,0.00038887450170743687,0.0,-0.028800987806295475,0.012395101549944942,0.021597457661823805,-0.0057492190311642655
3,0.036122940479062504,0.029189862308002912,0.028800987806295475,0.0,0.04119608935624042,0.05039844546811928,0.02305176877513121
4,-0.005073148877177913,-0.012006227048237506,-0.012395101549944942,-0.04119608935624042,0.0,0.009202356111878862,-0.018144320581109208
5,-0.014275504989056775,-0.021208583160116368,-0.021597457661823805,-0.05039844546811928,-0.009202356111878862,0.0,-0.02734667669298807
6,0.013071171703931295,0.006138093532871702,0.0057492190311642655,-0.02305176877513121,0.018144320581109208,0.02734667669298807,0.0
