,zero_shot_baseline,in_context_learning_3-shot,style_information_style_example,chain_of_thought_zero_shot,chain_of_thought_one_shot,self-refine
0,0.0,-0.0361291829406489,-0.04127501141589571,-0.005443295848561985,0.008958535607288515,-0.0297907499747396
1,0.0361291829406489,0.0,-0.005145828475246805,0.030685887092086916,0.045087718547937417,0.006338432965909302
2,0.04127501141589571,0.005145828475246805,0.0,0.03583171556733372,0.05023354702318422,0.011484261441156107
3,0.005443295848561985,-0.030685887092086916,-0.03583171556733372,0.0,0.0144018314558505,-0.024347454126177615
4,-0.008958535607288515,-0.045087718547937417,-0.05023354702318422,-0.0144018314558505,0.0,-0.038749285582028115
5,0.0297907499747396,-0.006338432965909302,-0.011484261441156107,0.024347454126177615,0.038749285582028115,0.0
