,zero_shot_baseline,in_context_learning_3-shot,style_information_style_example,chain_of_thought_zero_shot,chain_of_thought_one_shot,self-refine
0,0.0,0.0428138097298813,0.008011184465688881,0.0024716644580041747,-3.7841824500062238e-06,-0.010339682111283888
1,-0.0428138097298813,0.0,-0.03480262526419242,-0.04034214527187713,-0.04281759391233131,-0.05315349184116519
2,-0.008011184465688881,0.03480262526419242,0.0,-0.005539520007684706,-0.008014968648138887,-0.01835086657697277
3,-0.0024716644580041747,0.04034214527187713,0.005539520007684706,0.0,-0.002475448640454181,-0.012811346569288062
4,3.7841824500062238e-06,0.04281759391233131,0.008014968648138887,0.002475448640454181,0.0,-0.010335897928833881
5,0.010339682111283888,0.05315349184116519,0.01835086657697277,0.012811346569288062,0.010335897928833881,0.0
