,zero_shot_baseline,in_context_learning_3-shot,style_information_style_example,chain_of_thought_zero_shot,chain_of_thought_one_shot,self-refine
0,0.0,-0.011034795760243493,0.0037660576798295986,0.00038839901610460137,0.019971203519522418,-0.004485996973988299
1,0.011034795760243493,0.0,0.014800853440073092,0.011423194776348095,0.03100599927976591,0.006548798786255194
2,-0.0037660576798295986,-0.014800853440073092,0.0,-0.0033776586637249972,0.01620514583969282,-0.008252054653817897
3,-0.00038839901610460137,-0.011423194776348095,0.0033776586637249972,0.0,0.019582804503417817,-0.0048743959900929
4,-0.019971203519522418,-0.03100599927976591,-0.01620514583969282,-0.019582804503417817,0.0,-0.024457200493510717
5,0.004485996973988299,-0.006548798786255194,0.008252054653817897,0.0048743959900929,0.024457200493510717,0.0
