,zero_shot_baseline,in_context_learning_3-shot,style_information_style_example,chain_of_thought_zero_shot,chain_of_thought_one_shot,self-refine
0,0.0,0.048303772410808715,0.03804350180522381,0.011000187858514004,0.03967595385189851,0.018240100538352705
1,-0.048303772410808715,0.0,-0.010260270605584904,-0.03730358455229471,-0.008627818558910205,-0.03006367187245601
2,-0.03804350180522381,0.010260270605584904,0.0,-0.027043313946709807,0.0016324520466746983,-0.019803401266871107
3,-0.011000187858514004,0.03730358455229471,0.027043313946709807,0.0,0.028675765993384505,0.0072399126798387
4,-0.03967595385189851,0.008627818558910205,-0.0016324520466746983,-0.028675765993384505,0.0,-0.021435853313545805
5,-0.018240100538352705,0.03006367187245601,0.019803401266871107,-0.0072399126798387,0.021435853313545805,0.0
