,abstracts,news,reviews,qa
0,0.0,-0.0114210993624024,0.0030096128733605,-0.0408383163467538
1,0.0114210993624024,0.0,0.0144307122357629,-0.0294172169843514
2,-0.0030096128733605,-0.0144307122357629,0.0,-0.043847929220114296
3,0.0408383163467538,0.0294172169843514,0.043847929220114296,0.0
