,zero_shot_baseline,in_context_learning_3-shot,style_information_style_example,chain_of_thought_zero_shot,chain_of_thought_one_shot,self-refine
0,0.0,0.07383587276179601,-0.005786041642565493,-0.005848941097636479,0.029689989102827496,-0.02328738698360658
1,-0.07383587276179601,0.0,-0.0796219144043615,-0.07968481385943249,-0.044145883658968516,-0.09712325974540259
2,0.005786041642565493,0.0796219144043615,0.0,-6.289945507098604e-05,0.03547603074539299,-0.017501345341041086
3,0.005848941097636479,0.07968481385943249,6.289945507098604e-05,0.0,0.035538930200463975,-0.0174384458859701
4,-0.029689989102827496,0.044145883658968516,-0.03547603074539299,-0.035538930200463975,0.0,-0.052977376086434075
5,0.02328738698360658,0.09712325974540259,0.017501345341041086,0.0174384458859701,0.052977376086434075,0.0
