,zero_shot_baseline,in_context_learning_3-shot,style_information_style_example,chain_of_thought_zero_shot,chain_of_thought_one_shot,self-refine
0,0.0,0.00917328690981889,0.0032270528244900953,-0.0003712768484036011,-0.013882396932936802,-0.059240642419191525
1,-0.00917328690981889,0.0,-0.005946234085328794,-0.00954456375822249,-0.023055683842755692,-0.06841392932901041
2,-0.0032270528244900953,0.005946234085328794,0.0,-0.0035983296728936964,-0.017109449757426898,-0.06246769524368162
3,0.0003712768484036011,0.00954456375822249,0.0035983296728936964,0.0,-0.013511120084533201,-0.058869365570787924
4,0.013882396932936802,0.023055683842755692,0.017109449757426898,0.013511120084533201,0.0,-0.04535824548625472
5,0.059240642419191525,0.06841392932901041,0.06246769524368162,0.058869365570787924,0.04535824548625472,0.0
