,zero_shot_baseline,in_context_learning_3-shot,style_information_style_example,chain_of_thought_zero_shot,chain_of_thought_one_shot,self-refine
0,0.0,0.13136682290077853,0.019047964908928627,0.00453787625333113,-0.04310832617212507,-0.02290580735400366
1,-0.13136682290077853,0.0,-0.1123188579918499,-0.1268289466474474,-0.1744751490729036,-0.1542726302547822
2,-0.019047964908928627,0.1123188579918499,0.0,-0.014510088655597497,-0.062156291081053694,-0.04195377226293229
3,-0.00453787625333113,0.1268289466474474,0.014510088655597497,0.0,-0.0476462024254562,-0.02744368360733479
4,0.04310832617212507,0.1744751490729036,0.062156291081053694,0.0476462024254562,0.0,0.020202518818121407
5,0.02290580735400366,0.1542726302547822,0.04195377226293229,0.02744368360733479,-0.020202518818121407,0.0
