,zero_shot_baseline,in_context_learning_3-shot,style_information_style_example,chain_of_thought_zero_shot,chain_of_thought_one_shot,self-refine
0,0.0,-0.041887899991572886,-0.041836117883586654,0.0022287345450643925,-0.03883990538192089,-0.051307628552305584
1,0.041887899991572886,0.0,5.1782107986231285e-05,0.04411663453663728,0.003047994609651994,-0.009419728560732699
2,0.041836117883586654,-5.1782107986231285e-05,0.0,0.04406485242865105,0.0029962125016657626,-0.00947151066871893
3,-0.0022287345450643925,-0.04411663453663728,-0.04406485242865105,0.0,-0.041068639926985284,-0.05353636309736998
4,0.03883990538192089,-0.003047994609651994,-0.0029962125016657626,0.041068639926985284,0.0,-0.012467723170384692
5,0.051307628552305584,0.009419728560732699,0.00947151066871893,0.05353636309736998,0.012467723170384692,0.0
