,abstracts,news,reviews,qa
0,0.0,-0.027877875476137896,-0.015862056854270903,-0.0842354423289482
1,0.027877875476137896,0.0,0.012015818621866993,-0.0563575668528103
2,0.015862056854270903,-0.012015818621866993,0.0,-0.06837338547467729
3,0.0842354423289482,0.0563575668528103,0.06837338547467729,0.0
