,zero_shot_baseline,in_context_learning_3-shot,style_information_style_example,chain_of_thought_zero_shot,chain_of_thought_one_shot,self-refine
0,0.0,0.09289941492411008,-0.02204701540456233,-0.007344614357726209,-0.007426115377759779,-0.06445318322444327
1,-0.09289941492411008,0.0,-0.11494643032867241,-0.10024402928183629,-0.10032553030186986,-0.15735259814855335
2,0.02204701540456233,0.11494643032867241,0.0,0.014702401046836122,0.014620900026802552,-0.042406167819880936
3,0.007344614357726209,0.10024402928183629,-0.014702401046836122,0.0,-8.150102003356974e-05,-0.05710856886671706
4,0.007426115377759779,0.10032553030186986,-0.014620900026802552,8.150102003356974e-05,0.0,-0.05702706784668349
5,0.06445318322444327,0.15735259814855335,0.042406167819880936,0.05710856886671706,0.05702706784668349,0.0
