,zero_shot_baseline,in_context_learning_3-shot,style_information_style_example,chain_of_thought_zero_shot,chain_of_thought_one_shot,self-refine
0,0.0,-0.055412130166599294,-0.03683639005368777,-0.02701468042250449,-0.035617808689457076,-0.029067965744366375
1,0.055412130166599294,0.0,0.01857574011291152,0.028397449744094805,0.019794321477142218,0.02634416442223292
2,0.03683639005368777,-0.01857574011291152,0.0,0.009821709631183284,0.0012185813642306975,0.007768424309321398
3,0.02701468042250449,-0.028397449744094805,-0.009821709631183284,0.0,-0.008603128266952587,-0.0020532853218618863
4,0.035617808689457076,-0.019794321477142218,-0.0012185813642306975,0.008603128266952587,0.0,0.0065498429450907
5,0.029067965744366375,-0.02634416442223292,-0.007768424309321398,0.0020532853218618863,-0.0065498429450907,0.0
