,zero_shot_baseline,in_context_learning_3-shot,style_information_style_example,chain_of_thought_zero_shot,chain_of_thought_one_shot,self-refine
0,0.0,-0.00444321266660247,0.00495718052900973,-0.01234271046198726,0.00272208377728711,-0.01706422672395186
1,0.00444321266660247,0.0,0.0094003931956122,-0.007899497795384791,0.007165296443889579,-0.012621014057349389
2,-0.00495718052900973,-0.0094003931956122,0.0,-0.01729989099099699,-0.0022350967517226206,-0.02202140725296159
3,0.01234271046198726,0.007899497795384791,0.01729989099099699,0.0,0.01506479423927437,-0.004721516261964598
4,-0.00272208377728711,-0.007165296443889579,0.0022350967517226206,-0.01506479423927437,0.0,-0.01978631050123897
5,0.01706422672395186,0.012621014057349389,0.02202140725296159,0.004721516261964598,0.01978631050123897,0.0
