,zero_shot_baseline,in_context_learning_3-shot,style_information_style_example,chain_of_thought_zero_shot,chain_of_thought_one_shot,self-refine
0,0.0,0.02960690768128671,0.01725198361915181,-0.002393082436790983,0.006591562563445119,0.011260479945986723
1,-0.02960690768128671,0.0,-0.012354924062134898,-0.03199999011807769,-0.02301534511784159,-0.018346427735299986
2,-0.01725198361915181,0.012354924062134898,0.0,-0.019645066055942795,-0.010660421055706693,-0.005991503673165088
3,0.002393082436790983,0.03199999011807769,0.019645066055942795,0.0,0.008984645000236102,0.013653562382777706
4,-0.006591562563445119,0.02301534511784159,0.010660421055706693,-0.008984645000236102,0.0,0.004668917382541604
5,-0.011260479945986723,0.018346427735299986,0.005991503673165088,-0.013653562382777706,-0.004668917382541604,0.0
