,zero_shot_baseline,in_context_learning_3-shot,style_information_style_example,chain_of_thought_zero_shot,chain_of_thought_one_shot,self-refine
0,0.0,0.022511678232113808,-0.005480258376803104,-0.02052097809832948,0.0185158638519336,-0.00414644024480848
1,-0.022511678232113808,0.0,-0.027991936608916912,-0.043032656330443286,-0.003995814380180207,-0.026658118476922288
2,0.005480258376803104,0.027991936608916912,0.0,-0.015040719721526374,0.023996122228736705,0.001333818131994624
3,0.02052097809832948,0.043032656330443286,0.015040719721526374,0.0,0.03903684195026308,0.016374537853521
4,-0.0185158638519336,0.003995814380180207,-0.023996122228736705,-0.03903684195026308,0.0,-0.02266230409674208
5,0.00414644024480848,0.026658118476922288,-0.001333818131994624,-0.016374537853521,0.02266230409674208,0.0
