,zero_shot_baseline,in_context_learning_3-shot,style_information_style_example,chain_of_thought_zero_shot,chain_of_thought_one_shot,self-refine
0,0.0,-0.0010890751353186,5.8709210424899994e-05,4.467168255819999e-05,0.0001771332803835,-0.000162477339
1,0.0010890751353186,0.0,0.0011477843457435,0.0011337468178767999,0.0012662084157021,0.0009265977963186
2,-5.8709210424899994e-05,-0.0011477843457435,0.0,-1.4037527866700005e-05,0.0001184240699586,-0.0002211865494249
3,-4.467168255819999e-05,-0.0011337468178767999,1.4037527866700005e-05,0.0,0.0001324615978253,-0.0002071490215582
4,-0.0001771332803835,-0.0012662084157021,-0.0001184240699586,-0.0001324615978253,0.0,-0.0003396106193835
5,0.000162477339,-0.0009265977963186,0.0002211865494249,0.0002071490215582,0.0003396106193835,0.0
