,zero_shot_baseline,in_context_learning_3-shot,style_information_style_example,chain_of_thought_zero_shot,chain_of_thought_one_shot,self-refine
0,0.0,-1.6552339677000015e-05,-5.6131292407600014e-05,-5.935007105699997e-06,2.59722273849e-05,1.4559627883500002e-05
1,1.6552339677000015e-05,0.0,-3.95789527306e-05,1.0617332571300018e-05,4.2524567061900015e-05,3.111196756050002e-05
2,5.6131292407600014e-05,3.95789527306e-05,0.0,5.0196285301900016e-05,8.210351979250001e-05,7.069092029110002e-05
3,5.935007105699997e-06,-1.0617332571300018e-05,-5.0196285301900016e-05,0.0,3.19072344906e-05,2.04946349892e-05
4,-2.59722273849e-05,-4.2524567061900015e-05,-8.210351979250001e-05,-3.19072344906e-05,0.0,-1.1412599501399998e-05
5,-1.4559627883500002e-05,-3.111196756050002e-05,-7.069092029110002e-05,-2.04946349892e-05,1.1412599501399998e-05,0.0
