,zero_shot_baseline,in_context_learning_3-shot,style_information_style_example,chain_of_thought_zero_shot,chain_of_thought_one_shot,self-refine
0,0.0,-0.0008815712759969998,-0.0005003158422964,-0.0001474746635508001,-5.37077216901001e-05,-0.0005288955217288998
1,0.0008815712759969998,0.0,0.0003812554337005998,0.0007340966124461997,0.0008278635543068997,0.0003526757542681
2,0.0005003158422964,-0.0003812554337005998,0.0,0.0003528411787455999,0.00044660812060629993,-2.8579679432499776e-05
3,0.0001474746635508001,-0.0007340966124461997,-0.0003528411787455999,0.0,9.376694186070001e-05,-0.0003814208581780997
4,5.37077216901001e-05,-0.0008278635543068997,-0.00044660812060629993,-9.376694186070001e-05,0.0,-0.0004751878000387997
5,0.0005288955217288998,-0.0003526757542681,2.8579679432499776e-05,0.0003814208581780997,0.0004751878000387997,0.0
