,zero_shot_baseline,in_context_learning_3-shot,style_information_style_example,chain_of_thought_zero_shot,chain_of_thought_one_shot,self-refine
0,0.0,1.2069140884033093e-06,9.163233370287134e-06,-1.021363712981764e-05,5.2210187362369675e-06,7.904553396436936e-06
1,-1.2069140884033093e-06,0.0,7.956319281883824e-06,-1.1420551218220949e-05,4.014104647833658e-06,6.697639308033626e-06
2,-9.163233370287134e-06,-7.956319281883824e-06,0.0,-1.937687050010477e-05,-3.942214634050166e-06,-1.2586799738501979e-06
3,1.021363712981764e-05,1.1420551218220949e-05,1.937687050010477e-05,0.0,1.5434655866054607e-05,1.8118190526254575e-05
4,-5.2210187362369675e-06,-4.014104647833658e-06,3.942214634050166e-06,-1.5434655866054607e-05,0.0,2.683534660199968e-06
5,-7.904553396436936e-06,-6.697639308033626e-06,1.2586799738501979e-06,-1.8118190526254575e-05,-2.683534660199968e-06,0.0
