,zero_shot_baseline,in_context_learning_3-shot,style_information_style_example,chain_of_thought_zero_shot,chain_of_thought_one_shot,self-refine
0,0.0,-0.00038026113409419995,3.814028800159998e-05,-2.0024017622399955e-05,0.00041615542626560005,-0.0004255707365044
1,0.00038026113409419995,0.0,0.00041840142209579993,0.0003602371164718,0.0007964165603598,-4.530960241020006e-05
2,-3.814028800159998e-05,-0.00041840142209579993,0.0,-5.816430562399994e-05,0.00037801513826400007,-0.000463711024506
3,2.0024017622399955e-05,-0.0003602371164718,5.816430562399994e-05,0.0,0.000436179443888,-0.00040554671888200005
4,-0.00041615542626560005,-0.0007964165603598,-0.00037801513826400007,-0.000436179443888,0.0,-0.0008417261627700001
5,0.0004255707365044,4.530960241020006e-05,0.000463711024506,0.00040554671888200005,0.0008417261627700001,0.0
