,zero_shot_baseline,in_context_learning_3-shot,style_information_style_example,chain_of_thought_zero_shot,chain_of_thought_one_shot,self-refine
0,0.0,-0.0020638695536317,-0.00019956979150930008,-5.028220050679998e-05,-0.0005320204819437998,-0.0010992890642559
1,0.0020638695536317,0.0,0.0018642997621223997,0.0020135873531249,0.0015318490716879,0.0009645804893757999
2,0.00019956979150930008,-0.0018642997621223997,0.0,0.0001492875910025001,-0.0003324506904344997,-0.0008997192727465998
3,5.028220050679998e-05,-0.0020135873531249,-0.0001492875910025001,0.0,-0.0004817382814369998,-0.0010490068637491
4,0.0005320204819437998,-0.0015318490716879,0.0003324506904344997,0.0004817382814369998,0.0,-0.0005672685823121001
5,0.0010992890642559,-0.0009645804893757999,0.0008997192727465998,0.0010490068637491,0.0005672685823121001,0.0
