,zero_shot_baseline,in_context_learning_3-shot,style_information_style_example,chain_of_thought_zero_shot,chain_of_thought_one_shot,self-refine
0,0.0,3.672759497221975e-06,2.92756030785361e-05,-1.8374289309652587e-05,2.288473985340397e-05,7.669827371205734e-06
1,-3.672759497221975e-06,0.0,2.5602843581314127e-05,-2.2047048806874562e-05,1.9211980356181993e-05,3.997067873983759e-06
2,-2.92756030785361e-05,-2.5602843581314127e-05,0.0,-4.764989238818869e-05,-6.390863225132133e-06,-2.1605775707330367e-05
3,1.8374289309652587e-05,2.2047048806874562e-05,4.764989238818869e-05,0.0,4.125902916305656e-05,2.604411668085832e-05
4,-2.288473985340397e-05,-1.9211980356181993e-05,6.390863225132133e-06,-4.125902916305656e-05,0.0,-1.5214912482198235e-05
5,-7.669827371205734e-06,-3.997067873983759e-06,2.1605775707330367e-05,-2.604411668085832e-05,1.5214912482198235e-05,0.0
