,zero_shot_baseline,in_context_learning_3-shot,style_information_style_example,chain_of_thought_zero_shot,chain_of_thought_one_shot,self-refine
0,0.0,0.00011941696216833296,6.543975308569998e-05,-1.804114954420002e-05,8.163958939815778e-05,-0.0001327342891202
1,-0.00011941696216833296,0.0,-5.397720908263298e-05,-0.00013745811171253297,-3.7777372770175175e-05,-0.00025215125128853294
2,-6.543975308569998e-05,5.397720908263298e-05,0.0,-8.34809026299e-05,1.6199836312457802e-05,-0.00019817404220589998
3,1.804114954420002e-05,0.00013745811171253297,8.34809026299e-05,0.0,9.96807389423578e-05,-0.00011469313957599998
4,-8.163958939815778e-05,3.7777372770175175e-05,-1.6199836312457802e-05,-9.96807389423578e-05,0.0,-0.0002143738785183578
5,0.0001327342891202,0.00025215125128853294,0.00019817404220589998,0.00011469313957599998,0.0002143738785183578,0.0
