,abstracts,news,reviews,qa
0,0.0,-0.0001439154158170551,0.0002648762941078449,-0.001441739312362355
1,0.0001439154158170551,0.0,0.0004087917099249,-0.0012978238965452998
2,-0.0002648762941078449,-0.0004087917099249,0.0,-0.0017066156064701999
3,0.001441739312362355,0.0012978238965452998,0.0017066156064701999,0.0
