,mistral,deepseek,llama3.3,qwen72b,qwen32b,qwen14b,solar
0,0.0,-8.339111912279999e-05,0.00026139822530999997,0.00021665789050719997,0.0002129020510607,1.870539179959997e-05,4.534874714309995e-05
1,8.339111912279999e-05,0.0,0.00034478934443279996,0.00030004900962999996,0.0002962931701835,0.00010209651092239996,0.00012873986626589994
2,-0.00026139822530999997,-0.00034478934443279996,0.0,-4.4740334802799995e-05,-4.849617424929997e-05,-0.0002426928335104,-0.00021604947816690001
3,-0.00021665789050719997,-0.00030004900962999996,4.4740334802799995e-05,0.0,-3.7558394464999763e-06,-0.0001979524987076,-0.00017130914336410002
4,-0.0002129020510607,-0.0002962931701835,4.849617424929997e-05,3.7558394464999763e-06,0.0,-0.00019419665926110003,-0.00016755330391760004
5,-1.870539179959997e-05,-0.00010209651092239996,0.0002426928335104,0.0001979524987076,0.00019419665926110003,0.0,2.664335534349998e-05
6,-4.534874714309995e-05,-0.00012873986626589994,0.00021604947816690001,0.00017130914336410002,0.00016755330391760004,-2.664335534349998e-05,0.0
