,zero_shot_baseline,in_context_learning_3-shot,style_information_style_example,chain_of_thought_zero_shot,chain_of_thought_one_shot,self-refine
0,0.0,1.20990592233653e-05,8.319064460258687e-07,1.0945656685879734e-05,1.20990592233653e-05,1.0796975890031967e-05
1,-1.20990592233653e-05,0.0,-1.1267152777339432e-05,-1.1534025374855663e-06,0.0,-1.3020833333333333e-06
2,-8.319064460258687e-07,1.1267152777339432e-05,0.0,1.0113750239853865e-05,1.1267152777339432e-05,9.965069444006098e-06
3,-1.0945656685879734e-05,1.1534025374855663e-06,-1.0113750239853865e-05,0.0,1.1534025374855663e-06,-1.4868079584776696e-07
4,-1.20990592233653e-05,0.0,-1.1267152777339432e-05,-1.1534025374855663e-06,0.0,-1.3020833333333333e-06
5,-1.0796975890031967e-05,1.3020833333333333e-06,-9.965069444006098e-06,1.4868079584776696e-07,1.3020833333333333e-06,0.0
