,zero_shot_baseline,in_context_learning_3-shot,style_information_style_example,chain_of_thought_zero_shot,chain_of_thought_one_shot,self-refine
0,0.0,0.0006714458236533002,0.0011334123361899,-0.0003587842756855998,0.0004432909225639001,-0.0021380252706823
1,-0.0006714458236533002,0.0,0.0004619665125365998,-0.0010302300993389,-0.0002281549010894001,-0.0028094710943356
2,-0.0011334123361899,-0.0004619665125365998,0.0,-0.0014921966118754998,-0.0006901214136259999,-0.0032714376068722
3,0.0003587842756855998,0.0010302300993389,0.0014921966118754998,0.0,0.0008020751982494999,-0.0017792409949967001
4,-0.0004432909225639001,0.0002281549010894001,0.0006901214136259999,-0.0008020751982494999,0.0,-0.0025813161932462
5,0.0021380252706823,0.0028094710943356,0.0032714376068722,0.0017792409949967001,0.0025813161932462,0.0
