,zero_shot_baseline,in_context_learning_3-shot,style_information_style_example,chain_of_thought_zero_shot,chain_of_thought_one_shot,self-refine
0,0.0,2.948911811716915e-06,6.250541300670329e-07,1.2587136408251327e-06,1.8398936257718668e-06,-7.355408814927669e-07
1,-2.948911811716915e-06,0.0,-2.3238576816498822e-06,-1.6901981708917824e-06,-1.1090181859450483e-06,-3.684452693209682e-06
2,-6.250541300670329e-07,2.3238576816498822e-06,0.0,6.336595107580998e-07,1.214839495704834e-06,-1.3605950115597998e-06
3,-1.2587136408251327e-06,1.6901981708917824e-06,-6.336595107580998e-07,0.0,5.811799849467341e-07,-1.9942545223178996e-06
4,-1.8398936257718668e-06,1.1090181859450483e-06,-1.214839495704834e-06,-5.811799849467341e-07,0.0,-2.5754345072646337e-06
5,7.355408814927669e-07,3.684452693209682e-06,1.3605950115597998e-06,1.9942545223178996e-06,2.5754345072646337e-06,0.0
