,abstracts,news,reviews,qa
0,0.0,0.0013661844873313449,0.0004324295980253449,-0.001189263685410055
1,-0.0013661844873313449,0.0,-0.0009337548893059999,-0.0025554481727414
2,-0.0004324295980253449,0.0009337548893059999,0.0,-0.0016216932834354
3,0.001189263685410055,0.0025554481727414,0.0016216932834354,0.0
