,zero_shot_baseline,in_context_learning_3-shot,style_information_style_example,chain_of_thought_zero_shot,chain_of_thought_one_shot,self-refine
0,0.0,-6.154684095860533e-06,-2.666666666666667e-06,0.0,0.0,-3.4722222222222e-06
1,6.154684095860533e-06,0.0,3.4880174291938663e-06,6.154684095860533e-06,6.154684095860533e-06,2.682461873638333e-06
2,2.666666666666667e-06,-3.4880174291938663e-06,0.0,2.666666666666667e-06,2.666666666666667e-06,-8.055555555555331e-07
3,0.0,-6.154684095860533e-06,-2.666666666666667e-06,0.0,0.0,-3.4722222222222e-06
4,0.0,-6.154684095860533e-06,-2.666666666666667e-06,0.0,0.0,-3.4722222222222e-06
5,3.4722222222222e-06,-2.682461873638333e-06,8.055555555555331e-07,3.4722222222222e-06,3.4722222222222e-06,0.0
