,zero_shot_baseline,in_context_learning_3-shot,style_information_style_example,chain_of_thought_zero_shot,chain_of_thought_one_shot,self-refine
0,0.0,-2.8813874288219665e-06,0.0,0.0,0.0,-2.450980392156833e-06
1,2.8813874288219665e-06,0.0,2.8813874288219665e-06,2.8813874288219665e-06,2.8813874288219665e-06,4.304070366651333e-07
2,0.0,-2.8813874288219665e-06,0.0,0.0,0.0,-2.450980392156833e-06
3,0.0,-2.8813874288219665e-06,0.0,0.0,0.0,-2.450980392156833e-06
4,0.0,-2.8813874288219665e-06,0.0,0.0,0.0,-2.450980392156833e-06
5,2.450980392156833e-06,-4.304070366651333e-07,2.450980392156833e-06,2.450980392156833e-06,2.450980392156833e-06,0.0
