,abstracts,news,reviews,qa
0,0.0,-8.998596057487131e-06,0.0002195275469647449,-0.001531345819686655
1,8.998596057487131e-06,0.0,0.00022852614302223202,-0.001522347223629168
2,-0.0002195275469647449,-0.00022852614302223202,0.0,-0.0017508733666514
3,0.001531345819686655,0.001522347223629168,0.0017508733666514,0.0
