,zero_shot_baseline,in_context_learning_3-shot,style_information_style_example,chain_of_thought_zero_shot,chain_of_thought_one_shot,self-refine
0,0.0,-3.929357280999229e-07,0.0003711591676658001,0.0003896101364671001,0.00039054558598360014,-0.00027570002027849983
1,3.929357280999229e-07,0.0,0.00037155210339390003,0.0003900030721952,0.00039093852171170006,-0.0002753070845503999
2,-0.0003711591676658001,-0.00037155210339390003,0.0,1.8450968801299967e-05,1.938641831780003e-05,-0.0006468591879442999
3,-0.0003896101364671001,-0.0003900030721952,-1.8450968801299967e-05,0.0,9.354495165000629e-07,-0.0006653101567455999
4,-0.00039054558598360014,-0.00039093852171170006,-1.938641831780003e-05,-9.354495165000629e-07,0.0,-0.0006662456062621
5,0.00027570002027849983,0.0002753070845503999,0.0006468591879442999,0.0006653101567455999,0.0006662456062621,0.0
