,zero_shot_baseline,in_context_learning_3-shot,style_information_style_example,chain_of_thought_zero_shot,chain_of_thought_one_shot,self-refine
0,0.0,2.4327173210544973e-06,-1.5808377859311706e-05,8.334708806634167e-06,-1.0302596025383173e-05,-3.200673928936129e-05
1,-2.4327173210544973e-06,0.0,-1.8241095180366203e-05,5.9019914855796695e-06,-1.273531334643767e-05,-3.4439456610415785e-05
2,1.5808377859311706e-05,1.8241095180366203e-05,0.0,2.4143086665945873e-05,5.505781833928533e-06,-1.6198361430049582e-05
3,-8.334708806634167e-06,-5.9019914855796695e-06,-2.4143086665945873e-05,0.0,-1.863730483201734e-05,-4.0341448095995454e-05
4,1.0302596025383173e-05,1.273531334643767e-05,-5.505781833928533e-06,1.863730483201734e-05,0.0,-2.1704143263978115e-05
5,3.200673928936129e-05,3.4439456610415785e-05,1.6198361430049582e-05,4.0341448095995454e-05,2.1704143263978115e-05,0.0
