,zero_shot_baseline,in_context_learning_3-shot,style_information_style_example,chain_of_thought_zero_shot,chain_of_thought_one_shot,self-refine
0,0.0,-0.00018040511520879977,0.0010446615951363002,-0.00020492325136539993,-4.726411979869959e-05,-0.0022268972609860997
1,0.00018040511520879977,0.0,0.0012250667103451,-2.4518136156600166e-05,0.00013314099541010017,-0.0020464921457773
2,-0.0010446615951363002,-0.0012250667103451,0.0,-0.0012495848465017,-0.0010919257149349998,-0.0032715588561224
3,0.00020492325136539993,2.4518136156600166e-05,0.0012495848465017,0.0,0.00015765913156670034,-0.0020219740096207
4,4.726411979869959e-05,-0.00013314099541010017,0.0010919257149349998,-0.00015765913156670034,0.0,-0.0021796331411874
5,0.0022268972609860997,0.0020464921457773,0.0032715588561224,0.0020219740096207,0.0021796331411874,0.0
