,zero_shot_baseline,in_context_learning_3-shot,style_information_style_example,chain_of_thought_zero_shot,chain_of_thought_one_shot,self-refine
0,0.0,-5.00886655166e-05,5.702875434470002e-05,-2.8530349092999977e-05,-1.1741487803700002e-05,-0.00012609093661309994
1,5.00886655166e-05,0.0,0.00010711741986130002,2.1558316423600022e-05,3.8347177712899996e-05,-7.600227109649994e-05
2,-5.702875434470002e-05,-0.00010711741986130002,0.0,-8.55591034377e-05,-6.877024214840003e-05,-0.00018311969095779996
3,2.8530349092999977e-05,-2.1558316423600022e-05,8.55591034377e-05,0.0,1.6788861289299974e-05,-9.756058752009996e-05
4,1.1741487803700002e-05,-3.8347177712899996e-05,6.877024214840003e-05,-1.6788861289299974e-05,0.0,-0.00011434944880939994
5,0.00012609093661309994,7.600227109649994e-05,0.00018311969095779996,9.756058752009996e-05,0.00011434944880939994,0.0
