,zero_shot_baseline,in_context_learning_3-shot,style_information_style_example,chain_of_thought_zero_shot,chain_of_thought_one_shot,self-refine
0,0.0,-3.481166262540436e-05,-7.190474421017631e-05,-5.403523694628478e-05,-7.671384798936301e-07,-5.959543679625042e-05
1,3.481166262540436e-05,0.0,-3.7093081584771943e-05,-1.922357432088042e-05,3.404452414551073e-05,-2.4783774170846065e-05
2,7.190474421017631e-05,3.7093081584771943e-05,0.0,1.7869507263891524e-05,7.113760573028267e-05,1.2309307413925879e-05
3,5.403523694628478e-05,1.922357432088042e-05,-1.7869507263891524e-05,0.0,5.326809846639115e-05,-5.560199849965645e-06
4,7.671384798936301e-07,-3.404452414551073e-05,-7.113760573028267e-05,-5.326809846639115e-05,0.0,-5.882829831635679e-05
5,5.959543679625042e-05,2.4783774170846065e-05,-1.2309307413925879e-05,5.560199849965645e-06,5.882829831635679e-05,0.0
