,zero_shot_baseline,in_context_learning_3-shot,style_information_style_example,chain_of_thought_zero_shot,chain_of_thought_one_shot,self-refine
0,0.0,1.5260223000212635e-05,-1.0613902303458317e-06,6.178908026496801e-06,4.2388929281242995e-06,-2.32371265768033e-06
1,-1.5260223000212635e-05,0.0,-1.6321613230558467e-05,-9.081314973715834e-06,-1.1021330072088336e-05,-1.7583935657892965e-05
2,1.0613902303458317e-06,1.6321613230558467e-05,0.0,7.240298256842633e-06,5.300283158470131e-06,-1.2623224273344983e-06
3,-6.178908026496801e-06,9.081314973715834e-06,-7.240298256842633e-06,0.0,-1.9400150983725018e-06,-8.502620684177131e-06
4,-4.2388929281242995e-06,1.1021330072088336e-05,-5.300283158470131e-06,1.9400150983725018e-06,0.0,-6.5626055858046295e-06
5,2.32371265768033e-06,1.7583935657892965e-05,1.2623224273344983e-06,8.502620684177131e-06,6.5626055858046295e-06,0.0
