,zero_shot_baseline,in_context_learning_3-shot,style_information_style_example,chain_of_thought_zero_shot,chain_of_thought_one_shot,self-refine
0,0.0,-0.00044647836045679987,0.0002943445370128001,5.557767029860006e-05,0.00033440997317420006,-0.0002519095794217
1,0.00044647836045679987,0.0,0.0007408228974696,0.0005020560307553999,0.000780888333631,0.00019456878103509987
2,-0.0002943445370128001,-0.0007408228974696,0.0,-0.00023876686671420004,4.0065436161399956e-05,-0.0005462541164345001
3,-5.557767029860006e-05,-0.0005020560307553999,0.00023876686671420004,0.0,0.0002788323028756,-0.00030748724972030005
4,-0.00033440997317420006,-0.000780888333631,-4.0065436161399956e-05,-0.0002788323028756,0.0,-0.0005863195525959001
5,0.0002519095794217,-0.00019456878103509987,0.0005462541164345001,0.00030748724972030005,0.0005863195525959001,0.0
