,abstracts,news,reviews,qa
0,0.0,0.0007808076418221,0.0005353710636371,-9.816303174804464e-06
1,-0.0007808076418221,0.0,-0.000245436578185,-0.0007906239449969045
2,-0.0005353710636371,0.000245436578185,0.0,-0.0005451873668119045
3,9.816303174804464e-06,0.0007906239449969045,0.0005451873668119045,0.0
