,zero_shot_baseline,in_context_learning_3-shot,style_information_style_example,chain_of_thought_zero_shot,chain_of_thought_one_shot,self-refine
0,0.0,0.0006031990531795,8.604092659349996e-05,6.992713879609995e-05,0.0004625580500284,1.9359360401299992e-05
1,-0.0006031990531795,0.0,-0.000517158126586,-0.0005332719143834,-0.00014064100315109998,-0.0005838396927782
2,-8.604092659349996e-05,0.000517158126586,0.0,-1.6113787797400014e-05,0.00037651712343490004,-6.668156619219997e-05
3,-6.992713879609995e-05,0.0005332719143834,1.6113787797400014e-05,0.0,0.00039263091123230005,-5.0567778394799956e-05
4,-0.0004625580500284,0.00014064100315109998,-0.00037651712343490004,-0.00039263091123230005,0.0,-0.0004431986896271
5,-1.9359360401299992e-05,0.0005838396927782,6.668156619219997e-05,5.0567778394799956e-05,0.0004431986896271,0.0
