,zero_shot_baseline,in_context_learning_3-shot,style_information_style_example,chain_of_thought_zero_shot,chain_of_thought_one_shot,self-refine
0,0.0,-0.0001167086516469,5.926266524699999e-06,-1.689873163599994e-06,-1.3723684608799979e-05,-0.0001951083218974
1,0.0001167086516469,0.0,0.0001226349181716,0.0001150187784833,0.00010298496703810002,-7.83996702505e-05
2,-5.926266524699999e-06,-0.0001226349181716,0.0,-7.616139688299993e-06,-1.9649951133499978e-05,-0.0002010345884221
3,1.689873163599994e-06,-0.0001150187784833,7.616139688299993e-06,0.0,-1.2033811445199985e-05,-0.0001934184487338
4,1.3723684608799979e-05,-0.00010298496703810002,1.9649951133499978e-05,1.2033811445199985e-05,0.0,-0.00018138463728860002
5,0.0001951083218974,7.83996702505e-05,0.0002010345884221,0.0001934184487338,0.00018138463728860002,0.0
