,abstracts,news,reviews,qa
0,0.0,0.005260881230929201,0.0012023297512512012,-0.0015285129925436988
1,-0.005260881230929201,0.0,-0.004058551479678,-0.006789394223472901
2,-0.0012023297512512012,0.004058551479678,0.0,-0.0027308427437949
3,0.0015285129925436988,0.006789394223472901,0.0027308427437949,0.0
