,zero_shot_baseline,in_context_learning_3-shot,style_information_style_example,chain_of_thought_zero_shot,chain_of_thought_one_shot,self-refine
0,0.0,1.2946540139458447e-05,1.1913877990958734e-05,1.4258951738479335e-05,1.5278319730324368e-05,7.438829961522901e-06
1,-1.2946540139458447e-05,0.0,-1.032662148499711e-06,1.3124115990208886e-06,2.331779590865922e-06,-5.507710177935545e-06
2,-1.1913877990958734e-05,1.032662148499711e-06,0.0,2.3450737475205995e-06,3.364441739365633e-06,-4.475048029435834e-06
3,-1.4258951738479335e-05,-1.3124115990208886e-06,-2.3450737475205995e-06,0.0,1.0193679918450333e-06,-6.8201217769564335e-06
4,-1.5278319730324368e-05,-2.331779590865922e-06,-3.364441739365633e-06,-1.0193679918450333e-06,0.0,-7.839489768801467e-06
5,-7.438829961522901e-06,5.507710177935545e-06,4.475048029435834e-06,6.8201217769564335e-06,7.839489768801467e-06,0.0
