,zero_shot_baseline,in_context_learning_3-shot,style_information_style_example,chain_of_thought_zero_shot,chain_of_thought_one_shot,self-refine
0,0.0,0.0001954044245339454,-3.0832413175799976e-05,-6.824276237759998e-05,4.396667327470001e-05,8.541831450610001e-05
1,-0.0001954044245339454,0.0,-0.00022623683770974537,-0.00026364718691154537,-0.00015143775125924539,-0.00010998611002784538
2,3.0832413175799976e-05,0.00022623683770974537,0.0,-3.74103492018e-05,7.479908645049998e-05,0.00011625072768189999
3,6.824276237759998e-05,0.00026364718691154537,3.74103492018e-05,0.0,0.00011220943565229998,0.00015366107688369999
4,-4.396667327470001e-05,0.00015143775125924539,-7.479908645049998e-05,-0.00011220943565229998,0.0,4.14516412314e-05
5,-8.541831450610001e-05,0.00010998611002784538,-0.00011625072768189999,-0.00015366107688369999,-4.14516412314e-05,0.0
