,zero_shot_baseline,in_context_learning_3-shot,style_information_style_example,chain_of_thought_zero_shot,chain_of_thought_one_shot,self-refine
0,0.0,-7.174455048403758e-06,-1.7636684303350663e-06,0.0,0.0,0.0
1,7.174455048403758e-06,0.0,5.410786618068691e-06,7.174455048403758e-06,7.174455048403758e-06,7.174455048403758e-06
2,1.7636684303350663e-06,-5.410786618068691e-06,0.0,1.7636684303350663e-06,1.7636684303350663e-06,1.7636684303350663e-06
3,0.0,-7.174455048403758e-06,-1.7636684303350663e-06,0.0,0.0,0.0
4,0.0,-7.174455048403758e-06,-1.7636684303350663e-06,0.0,0.0,0.0
5,0.0,-7.174455048403758e-06,-1.7636684303350663e-06,0.0,0.0,0.0
