,zero_shot_baseline,in_context_learning_3-shot,style_information_style_example,chain_of_thought_zero_shot,chain_of_thought_one_shot,self-refine
0,0.0,-1.142760171546901e-05,1.3561641320903131e-05,6.325384039767831e-06,5.436543335682732e-06,6.270706683621429e-06
1,1.142760171546901e-05,0.0,2.4989243036372142e-05,1.775298575523684e-05,1.686414505115174e-05,1.7698308399090437e-05
2,-1.3561641320903131e-05,-2.4989243036372142e-05,0.0,-7.2362572811353e-06,-8.125097985220399e-06,-7.290934637281702e-06
3,-6.325384039767831e-06,-1.775298575523684e-05,7.2362572811353e-06,0.0,-8.88840704085099e-07,-5.467735614640213e-08
4,-5.436543335682732e-06,-1.686414505115174e-05,8.125097985220399e-06,8.88840704085099e-07,0.0,8.341633479386969e-07
5,-6.270706683621429e-06,-1.7698308399090437e-05,7.290934637281702e-06,5.467735614640213e-08,-8.341633479386969e-07,0.0
