,zero_shot_baseline,in_context_learning_3-shot,style_information_style_example,chain_of_thought_zero_shot,chain_of_thought_one_shot,self-refine
0,0.0,2.046622486967614e-05,1.604388863773104e-05,1.8349585739367108e-05,2.251121464472724e-05,7.161274765487741e-06
1,-2.046622486967614e-05,0.0,-4.4223362319451005e-06,-2.1166391303090332e-06,2.0449897750511e-06,-1.3304950104188399e-05
2,-1.604388863773104e-05,4.4223362319451005e-06,0.0,2.305697101636067e-06,6.4673260069962e-06,-8.882613872243298e-06
3,-1.8349585739367108e-05,2.1166391303090332e-06,-2.305697101636067e-06,0.0,4.161628905360133e-06,-1.1188310973879365e-05
4,-2.251121464472724e-05,-2.0449897750511e-06,-6.4673260069962e-06,-4.161628905360133e-06,0.0,-1.5349939879239498e-05
5,-7.161274765487741e-06,1.3304950104188399e-05,8.882613872243298e-06,1.1188310973879365e-05,1.5349939879239498e-05,0.0
