,zero_shot_baseline,in_context_learning_3-shot,style_information_style_example,chain_of_thought_zero_shot,chain_of_thought_one_shot,self-refine
0,0.0,0.00017000455925159997,-0.00013830174727949996,-6.729757794850006e-05,0.0002042217465355,-0.00010658437559009999
1,-0.00017000455925159997,0.0,-0.0003083063065310999,-0.00023730213720010002,3.4217187283900046e-05,-0.00027658893484169996
2,0.00013830174727949996,0.0003083063065310999,0.0,7.10041693309999e-05,0.00034252349381499997,3.171737168939997e-05
3,6.729757794850006e-05,0.00023730213720010002,-7.10041693309999e-05,0.0,0.00027151932448400007,-3.9286797641599936e-05
4,-0.0002042217465355,-3.4217187283900046e-05,-0.00034252349381499997,-0.00027151932448400007,0.0,-0.0003108061221256
5,0.00010658437559009999,0.00027658893484169996,-3.171737168939997e-05,3.9286797641599936e-05,0.0003108061221256,0.0
