,abstracts,news,reviews,qa
0,0.0,0.0005847184161432,0.0004854139267839,-1.7964352356107378e-05
1,-0.0005847184161432,0.0,-9.930448935929997e-05,-0.0006026827684993074
2,-0.0004854139267839,9.930448935929997e-05,0.0,-0.0005033782791400074
3,1.7964352356107378e-05,0.0006026827684993074,0.0005033782791400074,0.0
