,zero_shot_baseline,in_context_learning_3-shot,style_information_style_example,chain_of_thought_zero_shot,chain_of_thought_one_shot,self-refine
0,0.0,0.0003874204940909,-0.00012343203933730005,-5.39574355606998e-05,-0.0003950753211141001,0.00020988744790410028
1,-0.0003874204940909,0.0,-0.0005108525334282001,-0.0004413779296515998,-0.0007824958152050001,-0.00017753304618679973
2,0.00012343203933730005,0.0005108525334282001,0.0,6.947460377660026e-05,-0.00027164328177680004,0.00033331948724140033
3,5.39574355606998e-05,0.0004413779296515998,-6.947460377660026e-05,0.0,-0.0003411178855534003,0.00026384488346480007
4,0.0003950753211141001,0.0007824958152050001,0.00027164328177680004,0.0003411178855534003,0.0,0.0006049627690182004
5,-0.00020988744790410028,0.00017753304618679973,-0.00033331948724140033,-0.00026384488346480007,-0.0006049627690182004,0.0
