,zero_shot_baseline,in_context_learning_3-shot,style_information_style_example,chain_of_thought_zero_shot,chain_of_thought_one_shot,self-refine
0,0.0,-0.00015168261167199999,5.218314731449998e-05,-4.8434189048799975e-05,-2.2440392289599983e-05,-0.0001805557246802
1,0.00015168261167199999,0.0,0.00020386575898649997,0.00010324842262320001,0.0001292422193824,-2.8873113008200026e-05
2,-5.218314731449998e-05,-0.00020386575898649997,0.0,-0.00010061733636329995,-7.462353960409996e-05,-0.0002327388719947
3,4.8434189048799975e-05,-0.00010324842262320001,0.00010061733636329995,0.0,2.5993796759199992e-05,-0.00013212153563140004
4,2.2440392289599983e-05,-0.0001292422193824,7.462353960409996e-05,-2.5993796759199992e-05,0.0,-0.00015811533239060003
5,0.0001805557246802,2.8873113008200026e-05,0.0002327388719947,0.00013212153563140004,0.00015811533239060003,0.0
