,mistral,deepseek,llama3.3,qwen72b,qwen32b,qwen14b,solar
0,0.0,0.0005148577188334,0.0001565867057220999,-2.593326872239992e-05,0.0011180954963712002,0.0006411576351835003,0.0002934261300442001
1,-0.0005148577188334,0.0,-0.0003582710131113001,-0.0005407909875557999,0.0006032377775378002,0.00012629991635010026,-0.00022143158878919992
2,-0.0001565867057220999,0.0003582710131113001,0.0,-0.00018251997444449983,0.0009615087906491003,0.00048457092946140035,0.00013683942432210017
3,2.593326872239992e-05,0.0005407909875557999,0.00018251997444449983,0.0,0.0011440287650936,0.0006670909039059002,0.0003193593987666
4,-0.0011180954963712002,-0.0006032377775378002,-0.0009615087906491003,-0.0011440287650936,0.0,-0.0004769378611876999,-0.0008246693663270001
5,-0.0006411576351835003,-0.00012629991635010026,-0.00048457092946140035,-0.0006670909039059002,0.0004769378611876999,0.0,-0.0003477315051393002
6,-0.0002934261300442001,0.00022143158878919992,-0.00013683942432210017,-0.0003193593987666,0.0008246693663270001,0.0003477315051393002,0.0
