,zero_shot_baseline,in_context_learning_3-shot,style_information_style_example,chain_of_thought_zero_shot,chain_of_thought_one_shot,self-refine
0,0.0,2.9916886921784187e-05,1.790037202617773e-05,3.706439180295249e-05,4.319111951707439e-05,4.11660517023917e-05
1,-2.9916886921784187e-05,0.0,-1.2016514895606459e-05,7.147504881168304e-06,1.3274232595290205e-05,1.1249164780607514e-05
2,-1.790037202617773e-05,1.2016514895606459e-05,0.0,1.9164019776774763e-05,2.5290747490896664e-05,2.3265679676213973e-05
3,-3.706439180295249e-05,-7.147504881168304e-06,-1.9164019776774763e-05,0.0,6.126727714121901e-06,4.101659899439211e-06
4,-4.319111951707439e-05,-1.3274232595290205e-05,-2.5290747490896664e-05,-6.126727714121901e-06,0.0,-2.0250678146826906e-06
5,-4.11660517023917e-05,-1.1249164780607514e-05,-2.3265679676213973e-05,-4.101659899439211e-06,2.0250678146826906e-06,0.0
