,abstracts,news,reviews,qa
0,0.0,0.005084231903726752,0.0012948140957416525,-0.00031311498146964744
1,-0.005084231903726752,0.0,-0.0037894178079850996,-0.0053973468851964
2,-0.0012948140957416525,0.0037894178079850996,0.0,-0.0016079290772113
3,0.00031311498146964744,0.0053973468851964,0.0016079290772113,0.0
