,zero_shot_baseline,in_context_learning_3-shot,style_information_style_example,chain_of_thought_zero_shot,chain_of_thought_one_shot,self-refine
0,0.0,4.632312714800011e-06,-8.723359084309999e-05,-1.4875656620199994e-05,3.733537158409999e-05,8.598939063459773e-05
1,-4.632312714800011e-06,0.0,-9.18659035579e-05,-1.9507969335000005e-05,3.270305886929998e-05,8.135707791979772e-05
2,8.723359084309999e-05,9.18659035579e-05,0.0,7.235793422289999e-05,0.00012456896242719998,0.00017322298147769773
3,1.4875656620199994e-05,1.9507969335000005e-05,-7.235793422289999e-05,0.0,5.2211028204299985e-05,0.00010086504725479772
4,-3.733537158409999e-05,-3.270305886929998e-05,-0.00012456896242719998,-5.2211028204299985e-05,0.0,4.865401905049774e-05
5,-8.598939063459773e-05,-8.135707791979772e-05,-0.00017322298147769773,-0.00010086504725479772,-4.865401905049774e-05,0.0
