,zero_shot_baseline,in_context_learning_3-shot,style_information_style_example,chain_of_thought_zero_shot,chain_of_thought_one_shot,self-refine
0,0.0,0.0005588026853548,0.0003008314946299001,-2.0589717110800106e-05,0.00013227266027619994,5.9597936775099974e-05
1,-0.0005588026853548,0.0,-0.0002579711907248999,-0.0005793924024656001,-0.00042653002507860006,-0.0004992047485797
2,-0.0003008314946299001,0.0002579711907248999,0.0,-0.0003214212117407002,-0.00016855883435370014,-0.0002412335578548001
3,2.0589717110800106e-05,0.0005793924024656001,0.0003214212117407002,0.0,0.00015286237738700004,8.018765388590008e-05
4,-0.00013227266027619994,0.00042653002507860006,0.00016855883435370014,-0.00015286237738700004,0.0,-7.267472350109996e-05
5,-5.9597936775099974e-05,0.0004992047485797,0.0002412335578548001,-8.018765388590008e-05,7.267472350109996e-05,0.0
