,zero_shot_baseline,in_context_learning_3-shot,style_information_style_example,chain_of_thought_zero_shot,chain_of_thought_one_shot,self-refine
0,0.0,0.00047392500428129996,0.0004097480545538,0.00011983386844570008,0.0006155118102274999,1.6496527930399876e-05
1,-0.00047392500428129996,0.0,-6.417694972749998e-05,-0.0003540911358355999,0.00014158680594619994,-0.0004574284763509001
2,-0.0004097480545538,6.417694972749998e-05,0.0,-0.0002899141861080999,0.0002057637556736999,-0.0003932515266234001
3,-0.00011983386844570008,0.0003540911358355999,0.0002899141861080999,0.0,0.0004956779417817998,-0.0001033373405153002
4,-0.0006155118102274999,-0.00014158680594619994,-0.0002057637556736999,-0.0004956779417817998,0.0,-0.0005990152822971
5,-1.6496527930399876e-05,0.0004574284763509001,0.0003932515266234001,0.0001033373405153002,0.0005990152822971,0.0
