,zero_shot_baseline,in_context_learning_3-shot,style_information_style_example,chain_of_thought_zero_shot,chain_of_thought_one_shot,self-refine
0,0.0,-3.629208635419999e-05,8.369427724660002e-05,-3.957750646120002e-05,0.0003406352924917152,-8.921730001530003e-05
1,3.629208635419999e-05,0.0,0.00011998636360080001,-3.2854201070000298e-06,0.0003769273788459152,-5.292521366110004e-05
2,-8.369427724660002e-05,-0.00011998636360080001,0.0,-0.00012327178370780004,0.0002569410152451152,-0.00017291157726190005
3,3.957750646120002e-05,3.2854201070000298e-06,0.00012327178370780004,0.0,0.0003802127989529152,-4.963979355410001e-05
4,-0.0003406352924917152,-0.0003769273788459152,-0.0002569410152451152,-0.0003802127989529152,0.0,-0.00042985259250701523
5,8.921730001530003e-05,5.292521366110004e-05,0.00017291157726190005,4.963979355410001e-05,0.00042985259250701523,0.0
