,zero_shot_baseline,in_context_learning_3-shot,style_information_style_example,chain_of_thought_zero_shot,chain_of_thought_one_shot,self-refine
0,0.0,0.0006830992147737001,0.0005179535992116001,0.0005831582140882999,0.0004049385691394002,0.00030040953438920017
1,-0.0006830992147737001,0.0,-0.0001651456155621,-9.994100068540018e-05,-0.0002781606456342999,-0.0003826896803844999
2,-0.0005179535992116001,0.0001651456155621,0.0,6.520461487669982e-05,-0.00011301503007219989,-0.0002175440648223999
3,-0.0005831582140882999,9.994100068540018e-05,-6.520461487669982e-05,0.0,-0.0001782196449488997,-0.0002827486796990997
4,-0.0004049385691394002,0.0002781606456342999,0.00011301503007219989,0.0001782196449488997,0.0,-0.00010452903475020002
5,-0.00030040953438920017,0.0003826896803844999,0.0002175440648223999,0.0002827486796990997,0.00010452903475020002,0.0
