,zero_shot_baseline,in_context_learning_3-shot,style_information_style_example,chain_of_thought_zero_shot,chain_of_thought_one_shot,self-refine
0,0.0,0.00010018983297359997,0.0001478595480067,4.030542480899999e-05,0.00013537914021969998,-0.00031248550287150007
1,-0.00010018983297359997,0.0,4.7669715033100025e-05,-5.9884408164599976e-05,3.518930724610001e-05,-0.00041267533584510004
2,-0.0001478595480067,-4.7669715033100025e-05,0.0,-0.0001075541231977,-1.2480407787000011e-05,-0.00046034505087820006
3,-4.030542480899999e-05,5.9884408164599976e-05,0.0001075541231977,0.0,9.507371541069999e-05,-0.0003527909276805001
4,-0.00013537914021969998,-3.518930724610001e-05,1.2480407787000011e-05,-9.507371541069999e-05,0.0,-0.00044786464309120005
5,0.00031248550287150007,0.00041267533584510004,0.00046034505087820006,0.0003527909276805001,0.00044786464309120005,0.0
