,zero_shot_baseline,in_context_learning_3-shot,style_information_style_example,chain_of_thought_zero_shot,chain_of_thought_one_shot,self-refine
0,0.0,0.0,-3.942519506721799e-06,-3.8314176245210666e-06,0.0,-4.6296296296296e-06
1,0.0,0.0,-3.942519506721799e-06,-3.8314176245210666e-06,0.0,-4.6296296296296e-06
2,3.942519506721799e-06,3.942519506721799e-06,0.0,1.1110188220073276e-07,3.942519506721799e-06,-6.871101229078006e-07
3,3.8314176245210666e-06,3.8314176245210666e-06,-1.1110188220073276e-07,0.0,3.8314176245210666e-06,-7.982120051085334e-07
4,0.0,0.0,-3.942519506721799e-06,-3.8314176245210666e-06,0.0,-4.6296296296296e-06
5,4.6296296296296e-06,4.6296296296296e-06,6.871101229078006e-07,7.982120051085334e-07,4.6296296296296e-06,0.0
