,zero_shot_baseline,in_context_learning_3-shot,style_information_style_example,chain_of_thought_zero_shot,chain_of_thought_one_shot,self-refine
0,0.0,0.0003815185895975001,-1.2195344927599938e-05,0.00021267078154939994,-0.0001058022888803,-7.909978543599989e-05
1,-0.0003815185895975001,0.0,-0.00039371393452510006,-0.00016884780804810018,-0.0004873208784778001,-0.0004606183750335
2,1.2195344927599938e-05,0.00039371393452510006,0.0,0.00022486612647699988,-9.360694395270006e-05,-6.690444050839995e-05
3,-0.00021267078154939994,0.00016884780804810018,-0.00022486612647699988,0.0,-0.00031847307042969994,-0.0002917705669853998
4,0.0001058022888803,0.0004873208784778001,9.360694395270006e-05,0.00031847307042969994,0.0,2.6702503444300113e-05
5,7.909978543599989e-05,0.0004606183750335,6.690444050839995e-05,0.0002917705669853998,-2.6702503444300113e-05,0.0
