,abstracts,news,reviews,qa
0,0.0,0.0002780878898440449,0.0004361854374719449,-0.001272352150897755
1,-0.0002780878898440449,0.0,0.0001580975476279,-0.0015504400407418
2,-0.0004361854374719449,-0.0001580975476279,0.0,-0.0017085375883697
3,0.001272352150897755,0.0015504400407418,0.0017085375883697,0.0
