,zero_shot_baseline,in_context_learning_3-shot,style_information_style_example,chain_of_thought_zero_shot,chain_of_thought_one_shot,self-refine
0,0.0,-5.051694428817893e-05,4.000827204004763e-06,5.60632169356283e-06,2.0828485917410697e-05,2.609464502357661e-06
1,5.051694428817893e-05,0.0,5.451777149218369e-05,5.612326598174176e-05,7.134543020558963e-05,5.312640879053659e-05
2,-4.000827204004763e-06,-5.451777149218369e-05,0.0,1.6054944895580676e-06,1.6827658713405934e-05,-1.3913627016471019e-06
3,-5.60632169356283e-06,-5.612326598174176e-05,-1.6054944895580676e-06,0.0,1.5222164223847866e-05,-2.9968571912051695e-06
4,-2.0828485917410697e-05,-7.134543020558963e-05,-1.6827658713405934e-05,-1.5222164223847866e-05,0.0,-1.8219021415053036e-05
5,-2.609464502357661e-06,-5.312640879053659e-05,1.3913627016471019e-06,2.9968571912051695e-06,1.8219021415053036e-05,0.0
