,zero_shot_baseline,in_context_learning_3-shot,style_information_style_example,chain_of_thought_zero_shot,chain_of_thought_one_shot,self-refine
0,0.0,8.326253391099566e-06,-3.2629646197746028e-06,4.940965979274599e-06,1.0220192785038932e-05,6.886859451705598e-06
1,-8.326253391099566e-06,0.0,-1.1589218010874168e-05,-3.3852874118249667e-06,1.8939393939393664e-06,-1.439393939393967e-06
2,3.2629646197746028e-06,1.1589218010874168e-05,0.0,8.203930599049202e-06,1.3483157404813534e-05,1.01498240714802e-05
3,-4.940965979274599e-06,3.3852874118249667e-06,-8.203930599049202e-06,0.0,5.279226805764333e-06,1.9458934724309995e-06
4,-1.0220192785038932e-05,-1.8939393939393664e-06,-1.3483157404813534e-05,-5.279226805764333e-06,0.0,-3.3333333333333333e-06
5,-6.886859451705598e-06,1.439393939393967e-06,-1.01498240714802e-05,-1.9458934724309995e-06,3.3333333333333333e-06,0.0
