,zero_shot_baseline,in_context_learning_3-shot,style_information_style_example,chain_of_thought_zero_shot,chain_of_thought_one_shot,self-refine
0,0.0,3.3181801152568e-06,-1.2369353239880166e-05,-9.740974986748466e-06,-1.8922385829554035e-05,1.2338793458071334e-05
1,-3.3181801152568e-06,0.0,-1.5687533355136966e-05,-1.3059155102005266e-05,-2.2240565944810835e-05,9.020613342814534e-06
2,1.2369353239880166e-05,1.5687533355136966e-05,0.0,2.6283782531317e-06,-6.553032589673869e-06,2.47081466979515e-05
3,9.740974986748466e-06,1.3059155102005266e-05,-2.6283782531317e-06,0.0,-9.181410842805569e-06,2.20797684448198e-05
4,1.8922385829554035e-05,2.2240565944810835e-05,6.553032589673869e-06,9.181410842805569e-06,0.0,3.1261179287625366e-05
5,-1.2338793458071334e-05,-9.020613342814534e-06,-2.47081466979515e-05,-2.20797684448198e-05,-3.1261179287625366e-05,0.0
