,zero_shot_baseline,in_context_learning_3-shot,style_information_style_example,chain_of_thought_zero_shot,chain_of_thought_one_shot,self-refine
0,0.0,-0.0014578313615002999,-0.0012505294226193998,-0.00015056346313479987,-0.0004253093211360002,-0.0012005387052404998
1,0.0014578313615002999,0.0,0.00020730193888090012,0.0013072678983655,0.0010325220403642997,0.0002572926562598001
2,0.0012505294226193998,-0.00020730193888090012,0.0,0.0010999659594846,0.0008252201014833996,4.9990717378899964e-05
3,0.00015056346313479987,-0.0013072678983655,-0.0010999659594846,0.0,-0.0002747458580012003,-0.0010499752421057
4,0.0004253093211360002,-0.0010325220403642997,-0.0008252201014833996,0.0002747458580012003,0.0,-0.0007752293841044996
5,0.0012005387052404998,-0.0002572926562598001,-4.9990717378899964e-05,0.0010499752421057,0.0007752293841044996,0.0
