,zero_shot_baseline,in_context_learning_3-shot,style_information_style_example,chain_of_thought_zero_shot,chain_of_thought_one_shot,self-refine
0,0.0,5.632880119379999e-05,8.419417597300001e-05,-4.0798013023600005e-05,2.6363193856400013e-05,-2.902432950909999e-05
1,-5.632880119379999e-05,0.0,2.7865374779200016e-05,-9.71268142174e-05,-2.9965607337399978e-05,-8.535313070289998e-05
2,-8.419417597300001e-05,-2.7865374779200016e-05,0.0,-0.0001249921889966,-5.7830982116599994e-05,-0.0001132185054821
3,4.0798013023600005e-05,9.71268142174e-05,0.0001249921889966,0.0,6.716120688000002e-05,1.1773683514500015e-05
4,-2.6363193856400013e-05,2.9965607337399978e-05,5.7830982116599994e-05,-6.716120688000002e-05,0.0,-5.53875233655e-05
5,2.902432950909999e-05,8.535313070289998e-05,0.0001132185054821,-1.1773683514500015e-05,5.53875233655e-05,0.0
