,zero_shot_baseline,in_context_learning_3-shot,style_information_style_example,chain_of_thought_zero_shot,chain_of_thought_one_shot,self-refine
0,0.0,-4.877723739246723e-07,-3.9004090715917594e-05,-7.508565308766903e-06,-3.4070746546063274e-05,1.633359423680237e-05
1,4.877723739246723e-07,0.0,-3.8516318341992925e-05,-7.020792934842231e-06,-3.3582974172138605e-05,1.6821366610727047e-05
2,3.9004090715917594e-05,3.8516318341992925e-05,0.0,3.149552540715069e-05,4.93334416985432e-06,5.5337684952719965e-05
3,7.508565308766903e-06,7.020792934842231e-06,-3.149552540715069e-05,0.0,-2.656218123729637e-05,2.3842159545569274e-05
4,3.4070746546063274e-05,3.3582974172138605e-05,-4.93334416985432e-06,2.656218123729637e-05,0.0,5.0404340782865645e-05
5,-1.633359423680237e-05,-1.6821366610727047e-05,-5.5337684952719965e-05,-2.3842159545569274e-05,-5.0404340782865645e-05,0.0
