,zero_shot_baseline,in_context_learning_3-shot,style_information_style_example,chain_of_thought_zero_shot,chain_of_thought_one_shot,self-refine
0,0.0,0.00012906882452699847,-0.00010181785946979997,-1.6688894525299997e-05,4.5339869684600005e-05,-0.00026220156597019995
1,-0.00012906882452699847,0.0,-0.00023088668399679846,-0.0001457577190522985,-8.372895484239848e-05,-0.0003912703904971985
2,0.00010181785946979997,0.00023088668399679846,0.0,8.512896494449997e-05,0.00014715772915439997,-0.0001603837065004
3,1.6688894525299997e-05,0.0001457577190522985,-8.512896494449997e-05,0.0,6.20287642099e-05,-0.0002455126714449
4,-4.5339869684600005e-05,8.372895484239848e-05,-0.00014715772915439997,-6.20287642099e-05,0.0,-0.0003075414356548
5,0.00026220156597019995,0.0003912703904971985,0.0001603837065004,0.0002455126714449,0.0003075414356548,0.0
