,abstracts,news,reviews,qa
0,0.0,0.005125660247402532,0.001017189553291533,-0.001247813943904667
1,-0.005125660247402532,0.0,-0.004108470694110999,-0.0063734741913072
2,-0.001017189553291533,0.004108470694110999,0.0,-0.0022650034971962
3,0.001247813943904667,0.0063734741913072,0.0022650034971962,0.0
