,zero_shot_baseline,in_context_learning_3-shot,style_information_style_example,chain_of_thought_zero_shot,chain_of_thought_one_shot,self-refine
0,0.0,0.00031655994402920003,4.882249624139998e-05,-0.00011368517730070003,0.00022307962362970001,-0.00015973980970059997
1,-0.00031655994402920003,0.0,-0.00026773744778780005,-0.00043024512132990006,-9.348032039950001e-05,-0.0004762997537298
2,-4.882249624139998e-05,0.00026773744778780005,0.0,-0.00016250767354210002,0.00017425712738830003,-0.00020856230594199995
3,0.00011368517730070003,0.00043024512132990006,0.00016250767354210002,0.0,0.00033676480093040005,-4.605463239989993e-05
4,-0.00022307962362970001,9.348032039950001e-05,-0.00017425712738830003,-0.00033676480093040005,0.0,-0.0003828194333303
5,0.00015973980970059997,0.0004762997537298,0.00020856230594199995,4.605463239989993e-05,0.0003828194333303,0.0
