,mistral,deepseek,llama3.3,qwen72b,qwen32b,qwen14b,solar
0,0.0,-9.694291257599999e-05,-0.000190782620776,1.978660442209998e-05,0.00021587583010099998,0.00014486936195119997,1.8629926734299964e-05
1,9.694291257599999e-05,0.0,-9.383970820000002e-05,0.00011672951699809997,0.00031281874267699995,0.00024181227452719996,0.00011557283931029996
2,0.000190782620776,9.383970820000002e-05,0.0,0.0002105692251981,0.00040665845087699997,0.0003356519827272,0.00020941254751029998
3,-1.978660442209998e-05,-0.00011672951699809997,-0.0002105692251981,0.0,0.0001960892256789,0.0001250827575291,-1.1566776878000153e-06
4,-0.00021587583010099998,-0.00031281874267699995,-0.00040665845087699997,-0.0001960892256789,0.0,-7.100646814980002e-05,-0.00019724590336670002
5,-0.00014486936195119997,-0.00024181227452719996,-0.0003356519827272,-0.0001250827575291,7.100646814980002e-05,0.0,-0.0001262394352169
6,-1.8629926734299964e-05,-0.00011557283931029996,-0.00020941254751029998,1.1566776878000153e-06,0.00019724590336670002,0.0001262394352169,0.0
