,zero_shot_baseline,in_context_learning_3-shot,style_information_style_example,chain_of_thought_zero_shot,chain_of_thought_one_shot,self-refine
0,0.0,-2.6493000233588395e-05,-3.5125723940387014e-06,3.414062000464321e-07,9.040840833644734e-06,-4.741951194064324e-05
1,2.6493000233588395e-05,0.0,2.298042783954969e-05,2.6834406433634826e-05,3.5533841067233126e-05,-2.0926511707054844e-05
2,3.5125723940387014e-06,-2.298042783954969e-05,0.0,3.8539785940851335e-06,1.2553413227683435e-05,-4.3906939546604535e-05
3,-3.414062000464321e-07,-2.6834406433634826e-05,-3.8539785940851335e-06,0.0,8.6994346335983e-06,-4.7760918140689673e-05
4,-9.040840833644734e-06,-3.5533841067233126e-05,-1.2553413227683435e-05,-8.6994346335983e-06,0.0,-5.646035277428797e-05
5,4.741951194064324e-05,2.0926511707054844e-05,4.3906939546604535e-05,4.7760918140689673e-05,5.646035277428797e-05,0.0
