,zero_shot_baseline,in_context_learning_3-shot,style_information_style_example,chain_of_thought_zero_shot,chain_of_thought_one_shot,self-refine
0,0.0,0.000173674738839521,-0.00011090230492229999,1.724610702100003e-05,0.00019696112407293866,-0.00017570278307089997
1,-0.000173674738839521,0.0,-0.000284577043761821,-0.00015642863181852096,2.328638523341767e-05,-0.00034937752191042097
2,0.00011090230492229999,0.000284577043761821,0.0,0.00012814841194330002,0.00030786342899523866,-6.480047814859998e-05
3,-1.724610702100003e-05,0.00015642863181852096,-0.00012814841194330002,0.0,0.00017971501705193863,-0.0001929488900919
4,-0.00019696112407293866,-2.328638523341767e-05,-0.00030786342899523866,-0.00017971501705193863,0.0,-0.00037266390714383864
5,0.00017570278307089997,0.00034937752191042097,6.480047814859998e-05,0.0001929488900919,0.00037266390714383864,0.0
