,zero_shot_baseline,in_context_learning_3-shot,style_information_style_example,chain_of_thought_zero_shot,chain_of_thought_one_shot,self-refine
0,0.0,-1.9420458155082666e-05,1.6213396506984666e-06,-2.0694717223496666e-06,-3.680263979137833e-06,-9.152505311456335e-06
1,1.9420458155082666e-05,0.0,2.1041797805781132e-05,1.7350986432732997e-05,1.5740194175944832e-05,1.026795284362633e-05
2,-1.6213396506984666e-06,-2.1041797805781132e-05,0.0,-3.6908113730481334e-06,-5.3016036298363e-06,-1.0773844962154802e-05
3,2.0694717223496666e-06,-1.7350986432732997e-05,3.6908113730481334e-06,0.0,-1.6107922567881665e-06,-7.083033589106668e-06
4,3.680263979137833e-06,-1.5740194175944832e-05,5.3016036298363e-06,1.6107922567881665e-06,0.0,-5.472241332318502e-06
5,9.152505311456335e-06,-1.026795284362633e-05,1.0773844962154802e-05,7.083033589106668e-06,5.472241332318502e-06,0.0
