,zero_shot_baseline,in_context_learning_3-shot,style_information_style_example,chain_of_thought_zero_shot,chain_of_thought_one_shot,self-refine
0,0.0,0.00036305814464889993,0.00032307008297480016,0.00011184360385800042,0.0005775238659021,-0.00012494405604170002
1,-0.00036305814464889993,0.0,-3.998806167409977e-05,-0.0002512145407908995,0.00021446572125320001,-0.00048800220069059996
2,-0.00032307008297480016,3.998806167409977e-05,0.0,-0.00021122647911679974,0.0002544537829272998,-0.0004480141390165002
3,-0.00011184360385800042,0.0002512145407908995,0.00021122647911679974,0.0,0.00046568026204409953,-0.00023678765989970044
4,-0.0005775238659021,-0.00021446572125320001,-0.0002544537829272998,-0.00046568026204409953,0.0,-0.0007024679219438
5,0.00012494405604170002,0.00048800220069059996,0.0004480141390165002,0.00023678765989970044,0.0007024679219438,0.0
