,zero_shot_baseline,in_context_learning_3-shot,style_information_style_example,chain_of_thought_zero_shot,chain_of_thought_one_shot,self-refine
0,0.0,0.00037828446815840007,0.0018875762827621,0.0009231870122693,0.0022029025802865,0.0007399995074889002
1,-0.00037828446815840007,0.0,0.0015092918146036999,0.0005449025441108999,0.0018246181121280998,0.0003617150393305001
2,-0.0018875762827621,-0.0015092918146036999,0.0,-0.0009643892704928,0.00031532629752439997,-0.0011475767752731998
3,-0.0009231870122693,-0.0005449025441108999,0.0009643892704928,0.0,0.0012797155680172,-0.0001831875047803998
4,-0.0022029025802865,-0.0018246181121280998,-0.00031532629752439997,-0.0012797155680172,0.0,-0.0014629030727975998
5,-0.0007399995074889002,-0.0003617150393305001,0.0011475767752731998,0.0001831875047803998,0.0014629030727975998,0.0
