,zero_shot_baseline,in_context_learning_3-shot,style_information_style_example,chain_of_thought_zero_shot,chain_of_thought_one_shot,self-refine
0,0.0,-2.3148148148148e-06,-4.617604617604567e-06,-1.0998664698854432e-05,0.0,-1.2486318352101234e-05
1,2.3148148148148e-06,0.0,-2.302789802789767e-06,-8.683849884039631e-06,2.3148148148148e-06,-1.0171503537286433e-05
2,4.617604617604567e-06,2.302789802789767e-06,0.0,-6.381060081249865e-06,4.617604617604567e-06,-7.868713734496667e-06
3,1.0998664698854432e-05,8.683849884039631e-06,6.381060081249865e-06,0.0,1.0998664698854432e-05,-1.4876536532468022e-06
4,0.0,-2.3148148148148e-06,-4.617604617604567e-06,-1.0998664698854432e-05,0.0,-1.2486318352101234e-05
5,1.2486318352101234e-05,1.0171503537286433e-05,7.868713734496667e-06,1.4876536532468022e-06,1.2486318352101234e-05,0.0
