,abstracts,news,reviews,qa
0,0.0,0.00622152511972008,0.00136087666818878,-0.0001409602779105201
1,-0.00622152511972008,0.0,-0.0048606484515313,-0.0063624853976306
2,-0.00136087666818878,0.0048606484515313,0.0,-0.0015018369460993
3,0.0001409602779105201,0.0063624853976306,0.0015018369460993,0.0
