,zero_shot_baseline,in_context_learning_3-shot,style_information_style_example,chain_of_thought_zero_shot,chain_of_thought_one_shot,self-refine
0,0.0,0.0004845385077017,-6.600428560689982e-05,1.0420158097199962e-05,-7.688370163710023e-05,-1.6053870266599917e-05
1,-0.0004845385077017,0.0,-0.0005505427933085998,-0.0004741183496045,-0.0005614222093388002,-0.0005005923779682999
2,6.600428560689982e-05,0.0005505427933085998,0.0,7.642444370409979e-05,-1.0879416030200404e-05,4.995041534029991e-05
3,-1.0420158097199962e-05,0.0004741183496045,-7.642444370409979e-05,0.0,-8.730385973430019e-05,-2.647402836379988e-05
4,7.688370163710023e-05,0.0005614222093388002,1.0879416030200404e-05,8.730385973430019e-05,0.0,6.082983137050031e-05
5,1.6053870266599917e-05,0.0005005923779682999,-4.995041534029991e-05,2.647402836379988e-05,-6.082983137050031e-05,0.0
