,zero_shot_baseline,in_context_learning_3-shot,style_information_style_example,chain_of_thought_zero_shot,chain_of_thought_one_shot,self-refine
0,0.0,6.786959687569982e-05,-0.0001460443794515003,5.266972643259982e-05,0.00044901153877220006,-0.0003152460259458001
1,-6.786959687569982e-05,0.0,-0.0002139139763272001,-1.5199870443100005e-05,0.00038114194189650024,-0.00038311562282149995
2,0.0001460443794515003,0.0002139139763272001,0.0,0.0001987141058841001,0.0005950559182237003,-0.00016920164649429983
3,-5.266972643259982e-05,1.5199870443100005e-05,-0.0001987141058841001,0.0,0.00039634181233960024,-0.00036791575237839994
4,-0.00044901153877220006,-0.00038114194189650024,-0.0005950559182237003,-0.00039634181233960024,0.0,-0.0007642575647180002
5,0.0003152460259458001,0.00038311562282149995,0.00016920164649429983,0.00036791575237839994,0.0007642575647180002,0.0
