,zero_shot_baseline,in_context_learning_3-shot,style_information_style_example,chain_of_thought_zero_shot,chain_of_thought_one_shot,self-refine
0,0.0,0.0003076883152261997,0.0006095638911938997,-2.3251635583000033e-05,-0.0004191394919220003,-0.0015872819031902997
1,-0.0003076883152261997,0.0,0.0003018755759677,-0.00033093995080919975,-0.0007268278071482,-0.0018949702184164995
2,-0.0006095638911938997,-0.0003018755759677,0.0,-0.0006328155267768998,-0.0010287033831159,-0.0021968457943841993
3,2.3251635583000033e-05,0.00033093995080919975,0.0006328155267768998,0.0,-0.0003958878563390003,-0.0015640302676072997
4,0.0004191394919220003,0.0007268278071482,0.0010287033831159,0.0003958878563390003,0.0,-0.0011681424112682994
5,0.0015872819031902997,0.0018949702184164995,0.0021968457943841993,0.0015640302676072997,0.0011681424112682994,0.0
