,abstracts,news,reviews,qa
0,0.0,0.0005835617384554,0.0004938135451699,-0.0001507438068807
1,-0.0005835617384554,0.0,-8.974819328550008e-05,-0.0007343055453361
2,-0.0004938135451699,8.974819328550008e-05,0.0,-0.0006445573520506
3,0.0001507438068807,0.0007343055453361,0.0006445573520506,0.0
