,zero_shot_baseline,in_context_learning_3-shot,style_information_style_example,chain_of_thought_zero_shot,chain_of_thought_one_shot,self-refine
0,0.0,-8.939004955593653e-06,8.449130428934566e-06,-1.12486653325457e-05,9.6656426748586e-06,4.5588127088296334e-06
1,8.939004955593653e-06,0.0,1.738813538452822e-05,-2.3096603769520468e-06,1.8604647630452254e-05,1.3497817664423287e-05
2,-8.449130428934566e-06,-1.738813538452822e-05,0.0,-1.9697795761480268e-05,1.2165122459240333e-06,-3.8903177201049336e-06
3,1.12486653325457e-05,2.3096603769520468e-06,1.9697795761480268e-05,0.0,2.09143080074043e-05,1.5807478041375334e-05
4,-9.6656426748586e-06,-1.8604647630452254e-05,-1.2165122459240333e-06,-2.09143080074043e-05,0.0,-5.1068299660289664e-06
5,-4.5588127088296334e-06,-1.3497817664423287e-05,3.8903177201049336e-06,-1.5807478041375334e-05,5.1068299660289664e-06,0.0
