,zero_shot_baseline,in_context_learning_3-shot,style_information_style_example,chain_of_thought_zero_shot,chain_of_thought_one_shot,self-refine
0,0.0,-6.9223200934e-06,-2.124488819530001e-05,-7.980258037800005e-06,1.9139188839913305e-05,-6.818929622400002e-06
1,6.9223200934e-06,0.0,-1.4322568101900012e-05,-1.0579379444000046e-06,2.6061508933313305e-05,1.0339047099999787e-07
2,2.124488819530001e-05,1.4322568101900012e-05,0.0,1.3264630157500007e-05,4.038407703521332e-05,1.442595857290001e-05
3,7.980258037800005e-06,1.0579379444000046e-06,-1.3264630157500007e-05,0.0,2.711944687771331e-05,1.1613284154000025e-06
4,-1.9139188839913305e-05,-2.6061508933313305e-05,-4.038407703521332e-05,-2.711944687771331e-05,0.0,-2.5958118462313307e-05
5,6.818929622400002e-06,-1.0339047099999787e-07,-1.442595857290001e-05,-1.1613284154000025e-06,2.5958118462313307e-05,0.0
