,zero_shot_baseline,in_context_learning_3-shot,style_information_style_example,chain_of_thought_zero_shot,chain_of_thought_one_shot,self-refine
0,0.0,-0.0008339234187227998,-0.0003883011367616998,-8.425526704299805e-06,-0.00021347059347429998,-0.0007732240143410998
1,0.0008339234187227998,0.0,0.0004456222819611,0.0008254978920185,0.0006204528252484998,6.0699404381699996e-05
2,0.0003883011367616998,-0.0004456222819611,0.0,0.0003798756100574,0.00017483054328739983,-0.0003849228775794
3,8.425526704299805e-06,-0.0008254978920185,-0.0003798756100574,0.0,-0.00020504506677000017,-0.0007647984876368
4,0.00021347059347429998,-0.0006204528252484998,-0.00017483054328739983,0.00020504506677000017,0.0,-0.0005597534208667998
5,0.0007732240143410998,-6.0699404381699996e-05,0.0003849228775794,0.0007647984876368,0.0005597534208667998,0.0
