,zero_shot_baseline,in_context_learning_3-shot,style_information_style_example,chain_of_thought_zero_shot,chain_of_thought_one_shot,self-refine
0,0.0,0.00014571377508040001,0.000134359481708,5.7604735427300004e-05,9.301266954770001e-05,2.814610243360001e-05
1,-0.00014571377508040001,0.0,-1.1354293372400009e-05,-8.810903965310001e-05,-5.2701105532700006e-05,-0.0001175676726468
2,-0.000134359481708,1.1354293372400009e-05,0.0,-7.67547462807e-05,-4.13468121603e-05,-0.0001062133792744
3,-5.7604735427300004e-05,8.810903965310001e-05,7.67547462807e-05,0.0,3.5407934120400004e-05,-2.9458632993699992e-05
4,-9.301266954770001e-05,5.2701105532700006e-05,4.13468121603e-05,-3.5407934120400004e-05,0.0,-6.48665671141e-05
5,-2.814610243360001e-05,0.0001175676726468,0.0001062133792744,2.9458632993699992e-05,6.48665671141e-05,0.0
