,zero_shot_baseline,in_context_learning_3-shot,style_information_style_example,chain_of_thought_zero_shot,chain_of_thought_one_shot,self-refine
0,0.0,-7.399134953407073e-05,3.920267132539234e-06,4.155317864499101e-06,8.951358144410334e-06,-5.706484873152265e-06
1,7.399134953407073e-05,0.0,7.791161666660997e-05,7.814666739856983e-05,8.294270767848106e-05,6.828486466091847e-05
2,-3.920267132539234e-06,-7.791161666660997e-05,0.0,2.3505073195986682e-07,5.0310910118711e-06,-9.626752005691498e-06
3,-4.155317864499101e-06,-7.814666739856983e-05,-2.3505073195986682e-07,0.0,4.796040279911233e-06,-9.861802737651366e-06
4,-8.951358144410334e-06,-8.294270767848106e-05,-5.0310910118711e-06,-4.796040279911233e-06,0.0,-1.46578430175626e-05
5,5.706484873152265e-06,-6.828486466091847e-05,9.626752005691498e-06,9.861802737651366e-06,1.46578430175626e-05,0.0
