,zero_shot_baseline,in_context_learning_3-shot,style_information_style_example,chain_of_thought_zero_shot,chain_of_thought_one_shot,self-refine
0,0.0,0.00018858616023135664,-0.00017329881362910003,-7.534482451920002e-05,0.00014483453519029997,4.062163081889998e-05
1,-0.00018858616023135664,0.0,-0.00036188497386045667,-0.00026393098475055665,-4.3751625041056654e-05,-0.00014796452941245663
2,0.00017329881362910003,0.00036188497386045667,0.0,9.795398910990001e-05,0.00031813334881939997,0.000213920444448
3,7.534482451920002e-05,0.00026393098475055665,-9.795398910990001e-05,0.0,0.0002201793597095,0.0001159664553381
4,-0.00014483453519029997,4.3751625041056654e-05,-0.00031813334881939997,-0.0002201793597095,0.0,-0.00010421290437139999
5,-4.062163081889998e-05,0.00014796452941245663,-0.000213920444448,-0.0001159664553381,0.00010421290437139999,0.0
