,zero_shot_baseline,in_context_learning_3-shot,style_information_style_example,chain_of_thought_zero_shot,chain_of_thought_one_shot,self-refine
0,0.0,-5.411713337940001e-05,9.089913588335846e-05,3.0549094256800005e-05,4.66637650412e-05,-5.3796372802700004e-05
1,5.411713337940001e-05,0.0,0.00014501626926275847,8.466622763620002e-05,0.00010078089842060001,3.2076057670000634e-07
2,-9.089913588335846e-05,-0.00014501626926275847,0.0,-6.035004162655846e-05,-4.423537084215847e-05,-0.00014469550868605847
3,-3.0549094256800005e-05,-8.466622763620002e-05,6.035004162655846e-05,0.0,1.6114670784399992e-05,-8.434546705950001e-05
4,-4.66637650412e-05,-0.00010078089842060001,4.423537084215847e-05,-1.6114670784399992e-05,0.0,-0.0001004601378439
5,5.3796372802700004e-05,-3.2076057670000634e-07,0.00014469550868605847,8.434546705950001e-05,0.0001004601378439,0.0
