,mistral,deepseek,llama3.3,qwen72b,qwen32b,qwen14b,solar
0,0.0,-0.0008177764564927001,-0.0006309724698359003,0.0002870864859014998,0.0013751830833888998,0.0006974076577764996,-0.00013491681975960016
1,0.0008177764564927001,0.0,0.0001868039866567998,0.0011048629423941999,0.0021929595398816,0.0015151841142691997,0.0006828596367330999
2,0.0006309724698359003,-0.0001868039866567998,0.0,0.0009180589557374,0.0020061555532248,0.0013283801276124,0.0004960556500763001
3,-0.0002870864859014998,-0.0011048629423941999,-0.0009180589557374,0.0,0.0010880965974874,0.00041032117187499986,-0.00042200330566109995
4,-0.0013751830833888998,-0.0021929595398816,-0.0020061555532248,-0.0010880965974874,0.0,-0.0006777754256124002,-0.0015100999031485
5,-0.0006974076577764996,-0.0015151841142691997,-0.0013283801276124,-0.00041032117187499986,0.0006777754256124002,0.0,-0.0008323244775360998
6,0.00013491681975960016,-0.0006828596367330999,-0.0004960556500763001,0.00042200330566109995,0.0015100999031485,0.0008323244775360998,0.0
