,zero_shot_baseline,in_context_learning_3-shot,style_information_style_example,chain_of_thought_zero_shot,chain_of_thought_one_shot,self-refine
0,0.0,0.0005443657219752001,0.00028264631732770004,7.59337281428e-05,0.0005223192232106,-0.0002144421213429999
1,-0.0005443657219752001,0.0,-0.0002617194046475,-0.00046843199383240006,-2.20464987646e-05,-0.0007588078433182
2,-0.00028264631732770004,0.0002617194046475,0.0,-0.00020671258918490004,0.00023967290588290002,-0.0004970884386706999
3,-7.59337281428e-05,0.00046843199383240006,0.00020671258918490004,0.0,0.00044638549506780006,-0.0002903758494857999
4,-0.0005223192232106,2.20464987646e-05,-0.00023967290588290002,-0.00044638549506780006,0.0,-0.0007367613445535999
5,0.0002144421213429999,0.0007588078433182,0.0004970884386706999,0.0002903758494857999,0.0007367613445535999,0.0
