,zero_shot_baseline,in_context_learning_3-shot,style_information_style_example,chain_of_thought_zero_shot,chain_of_thought_one_shot,self-refine
0,0.0,9.764387400006832e-06,-3.457657139947334e-06,8.725965800837598e-06,9.764387400006832e-06,-6.4644106117368364e-06
1,-9.764387400006832e-06,0.0,-1.3222044539954166e-05,-1.0384215991692334e-06,0.0,-1.622879801174367e-05
2,3.457657139947334e-06,1.3222044539954166e-05,0.0,1.2183622940784932e-05,1.3222044539954166e-05,-3.0067534717895025e-06
3,-8.725965800837598e-06,1.0384215991692334e-06,-1.2183622940784932e-05,0.0,1.0384215991692334e-06,-1.5190376412574435e-05
4,-9.764387400006832e-06,0.0,-1.3222044539954166e-05,-1.0384215991692334e-06,0.0,-1.622879801174367e-05
5,6.4644106117368364e-06,1.622879801174367e-05,3.0067534717895025e-06,1.5190376412574435e-05,1.622879801174367e-05,0.0
