,mistral,deepseek,llama3.3,qwen72b,qwen32b,qwen14b,solar
0,0.0,4.9175499929499995e-05,9.86075705322e-05,0.00010759003448390002,0.000157547171337,0.00010282650539480002,0.0001159896528699
1,-4.9175499929499995e-05,0.0,4.943207060270001e-05,5.8414534554400026e-05,0.00010837167140750001,5.3651005465300025e-05,6.681415294040001e-05
2,-9.86075705322e-05,-4.943207060270001e-05,0.0,8.982463951700019e-06,5.893960080480001e-05,4.218934862600018e-06,1.7382082337700003e-05
3,-0.00010759003448390002,-5.8414534554400026e-05,-8.982463951700019e-06,0.0,4.995713685309999e-05,-4.763529089100001e-06,8.399618385999984e-06
4,-0.000157547171337,-0.00010837167140750001,-5.893960080480001e-05,-4.995713685309999e-05,0.0,-5.472066594219999e-05,-4.1557518467100004e-05
5,-0.00010282650539480002,-5.3651005465300025e-05,-4.218934862600018e-06,4.763529089100001e-06,5.472066594219999e-05,0.0,1.3163147475099985e-05
6,-0.0001159896528699,-6.681415294040001e-05,-1.7382082337700003e-05,-8.399618385999984e-06,4.1557518467100004e-05,-1.3163147475099985e-05,0.0
