,zero_shot_baseline,in_context_learning_3-shot,style_information_style_example,chain_of_thought_zero_shot,chain_of_thought_one_shot,self-refine
0,0.0,0.0001550125451745001,0.0006259148850367999,-0.00017191852618260017,-0.000411729827163,-0.0021260597896716996
1,-0.0001550125451745001,0.0,0.0004709023398622998,-0.0003269310713571003,-0.0005667423723375001,-0.0022810723348461997
2,-0.0006259148850367999,-0.0004709023398622998,0.0,-0.0007978334112194001,-0.0010376447121998,-0.0027519746747084995
3,0.00017191852618260017,0.0003269310713571003,0.0007978334112194001,0.0,-0.00023981130098039982,-0.0019541412634890994
4,0.000411729827163,0.0005667423723375001,0.0010376447121998,0.00023981130098039982,0.0,-0.0017143299625086996
5,0.0021260597896716996,0.0022810723348461997,0.0027519746747084995,0.0019541412634890994,0.0017143299625086996,0.0
