,zero_shot_baseline,in_context_learning_3-shot,style_information_style_example,chain_of_thought_zero_shot,chain_of_thought_one_shot,self-refine
0,0.0,1.820691488750001e-05,1.2401299226500015e-05,7.183053892890001e-05,-2.5795500835899994e-05,6.02984222453e-05
1,-1.820691488750001e-05,0.0,-5.805615660999994e-06,5.36236240414e-05,-4.40024157234e-05,4.209150735779999e-05
2,-1.2401299226500015e-05,5.805615660999994e-06,0.0,5.9429239702399995e-05,-3.819680006240001e-05,4.7897123018799987e-05
3,-7.183053892890001e-05,-5.36236240414e-05,-5.9429239702399995e-05,0.0,-9.76260397648e-05,-1.1532116683600008e-05
4,2.5795500835899994e-05,4.40024157234e-05,3.819680006240001e-05,9.76260397648e-05,0.0,8.60939230812e-05
5,-6.02984222453e-05,-4.209150735779999e-05,-4.7897123018799987e-05,1.1532116683600008e-05,-8.60939230812e-05,0.0
