,zero_shot_baseline,in_context_learning_3-shot,style_information_style_example,chain_of_thought_zero_shot,chain_of_thought_one_shot,self-refine
0,0.0,0.0003529599519758,0.00021648328039309997,9.656265182129997e-05,0.0004606971090025,8.759332817159999e-05
1,-0.0003529599519758,0.0,-0.00013647667158270005,-0.00025639730015450006,0.00010773715702669997,-0.00026536662380420003
2,-0.00021648328039309997,0.00013647667158270005,0.0,-0.0001199206285718,0.0002442138286094,-0.00012888995222149998
3,-9.656265182129997e-05,0.00025639730015450006,0.0001199206285718,0.0,0.0003641344571812,-8.969323649699978e-06
4,-0.0004606971090025,-0.00010773715702669997,-0.0002442138286094,-0.0003641344571812,0.0,-0.0003731037808309
5,-8.759332817159999e-05,0.00026536662380420003,0.00012888995222149998,8.969323649699978e-06,0.0003731037808309,0.0
