,zero_shot_baseline,in_context_learning_3-shot,style_information_style_example,chain_of_thought_zero_shot,chain_of_thought_one_shot,self-refine
0,0.0,6.608912005319999e-05,0.0001554313418828,-3.1196874071099995e-05,8.530178663239998e-05,-4.871471079350001e-05
1,-6.608912005319999e-05,0.0,8.934222182959999e-05,-9.728599412429998e-05,1.921266657919999e-05,-0.0001148038308467
2,-0.0001554313418828,-8.934222182959999e-05,0.0,-0.0001866282159539,-7.01295552504e-05,-0.0002041460526763
3,3.1196874071099995e-05,9.728599412429998e-05,0.0001866282159539,0.0,0.00011649866070349998,-1.7517836722400013e-05
4,-8.530178663239998e-05,-1.921266657919999e-05,7.01295552504e-05,-0.00011649866070349998,0.0,-0.0001340164974259
5,4.871471079350001e-05,0.0001148038308467,0.0002041460526763,1.7517836722400013e-05,0.0001340164974259,0.0
