,zero_shot_baseline,in_context_learning_3-shot,style_information_style_example,chain_of_thought_zero_shot,chain_of_thought_one_shot,self-refine
0,0.0,-0.00026980405509739996,-0.0002956219329575999,-4.73815814957001e-05,-0.00011615811097959996,-0.0002366915862194001
1,0.00026980405509739996,0.0,-2.5817877860199925e-05,0.00022242247360169986,0.0001536459441178,3.3112468877999866e-05
2,0.0002956219329575999,2.5817877860199925e-05,0.0,0.0002482403514618998,0.00017946382197799992,5.893034673819979e-05
3,4.73815814957001e-05,-0.00022242247360169986,-0.0002482403514618998,0.0,-6.877652948389986e-05,-0.0001893100047237
4,0.00011615811097959996,-0.0001536459441178,-0.00017946382197799992,6.877652948389986e-05,0.0,-0.00012053347523980013
5,0.0002366915862194001,-3.3112468877999866e-05,-5.893034673819979e-05,0.0001893100047237,0.00012053347523980013,0.0
