,zero_shot_baseline,in_context_learning_3-shot,style_information_style_example,chain_of_thought_zero_shot,chain_of_thought_one_shot,self-refine
0,0.0,2.1214219588699956e-05,-1.752040087239998e-05,-3.7656745159999954e-06,-3.308710107580008e-05,0.00010325916900679995
1,-2.1214219588699956e-05,0.0,-3.873462046109994e-05,-2.4979894104699952e-05,-5.430132066450003e-05,8.20449494181e-05
2,1.752040087239998e-05,3.873462046109994e-05,0.0,1.3754726356399985e-05,-1.5566700203400096e-05,0.00012077956987919993
3,3.7656745159999954e-06,2.4979894104699952e-05,-1.3754726356399985e-05,0.0,-2.932142655980008e-05,0.00010702484352279995
4,3.308710107580008e-05,5.430132066450003e-05,1.5566700203400096e-05,2.932142655980008e-05,0.0,0.00013634627008260003
5,-0.00010325916900679995,-8.20449494181e-05,-0.00012077956987919993,-0.00010702484352279995,-0.00013634627008260003,0.0
