,zero_shot_baseline,in_context_learning_3-shot,style_information_style_example,chain_of_thought_zero_shot,chain_of_thought_one_shot,self-refine
0,0.0,0.00017619559648829997,-9.378230034900027e-06,-7.245970396960004e-05,0.00012027748833179998,-0.0004999974243147
1,-0.00017619559648829997,0.0,-0.0001855738265232,-0.0002486553004579,-5.5918108156499994e-05,-0.000676193020803
2,9.378230034900027e-06,0.0001855738265232,0.0,-6.308147393470001e-05,0.0001296557183667,-0.0004906191942798
3,7.245970396960004e-05,0.0002486553004579,6.308147393470001e-05,0.0,0.00019273719230140002,-0.0004275377203451
4,-0.00012027748833179998,5.5918108156499994e-05,-0.0001296557183667,-0.00019273719230140002,0.0,-0.0006202749126465
5,0.0004999974243147,0.000676193020803,0.0004906191942798,0.0004275377203451,0.0006202749126465,0.0
