,zero_shot_baseline,in_context_learning_3-shot,style_information_style_example,chain_of_thought_zero_shot,chain_of_thought_one_shot,self-refine
0,0.0,0.0005096066724922001,0.0007443218999645001,3.8573716069998515e-07,-3.172832295650005e-05,-0.0012144755450401003
1,-0.0005096066724922001,0.0,0.00023471522747230003,-0.0005092209353315001,-0.0005413349954487001,-0.0017240822175323004
2,-0.0007443218999645001,-0.00023471522747230003,0.0,-0.0007439361628038001,-0.0007760502229210002,-0.0019587974450046004
3,-3.8573716069998515e-07,0.0005092209353315001,0.0007439361628038001,0.0,-3.2114060117200034e-05,-0.0012148612822008003
4,3.172832295650005e-05,0.0005413349954487001,0.0007760502229210002,3.2114060117200034e-05,0.0,-0.0011827472220836003
5,0.0012144755450401003,0.0017240822175323004,0.0019587974450046004,0.0012148612822008003,0.0011827472220836003,0.0
