,zero_shot_baseline,in_context_learning_3-shot,style_information_style_example,chain_of_thought_zero_shot,chain_of_thought_one_shot,self-refine
0,0.0,-0.0002567114153287,5.2024043058599995e-05,-3.0042390885500056e-05,1.7979506022600014e-05,-0.00022339250424369995
1,0.0002567114153287,0.0,0.0003087354583873,0.00022666902444319994,0.0002746909213513,3.331891108500004e-05
2,-5.2024043058599995e-05,-0.0003087354583873,0.0,-8.206643394410005e-05,-3.404453703599998e-05,-0.00027541654730229995
3,3.0042390885500056e-05,-0.00022666902444319994,8.206643394410005e-05,0.0,4.802189690810007e-05,-0.0001933501133581999
4,-1.7979506022600014e-05,-0.0002746909213513,3.404453703599998e-05,-4.802189690810007e-05,0.0,-0.00024137201026629997
5,0.00022339250424369995,-3.331891108500004e-05,0.00027541654730229995,0.0001933501133581999,0.00024137201026629997,0.0
