,zero_shot_baseline,in_context_learning_3-shot,style_information_style_example,chain_of_thought_zero_shot,chain_of_thought_one_shot,self-refine
0,0.0,-0.0001806548558777,-9.63629579048e-05,-1.7783174606400006e-05,-3.7668475146200006e-05,-0.0003028950744329
1,0.0001806548558777,0.0,8.429189797289999e-05,0.0001628716812713,0.0001429863807315,-0.00012224021855520006
2,9.63629579048e-05,-8.429189797289999e-05,0.0,7.85797832984e-05,5.86944827586e-05,-0.00020653211652810004
3,1.7783174606400006e-05,-0.0001628716812713,-7.85797832984e-05,0.0,-1.98853005398e-05,-0.00028511189982650004
4,3.7668475146200006e-05,-0.0001429863807315,-5.86944827586e-05,1.98853005398e-05,0.0,-0.00026522659928670004
5,0.0003028950744329,0.00012224021855520006,0.00020653211652810004,0.00028511189982650004,0.00026522659928670004,0.0
