,zero_shot_baseline,in_context_learning_3-shot,style_information_style_example,chain_of_thought_zero_shot,chain_of_thought_one_shot,self-refine
0,0.0,-0.0001401901531695,-0.00017050911319609998,6.03550576800001e-06,-1.3899728315999954e-06,6.393841189100002e-06
1,0.0001401901531695,0.0,-3.031896002659998e-05,0.0001462256589375,0.0001388001803379,0.0001465839943586
2,0.00017050911319609998,3.031896002659998e-05,0.0,0.0001765446189641,0.0001691191403645,0.0001769029543852
3,-6.03550576800001e-06,-0.0001462256589375,-0.0001765446189641,0.0,-7.425478599600005e-06,3.583354210999923e-07
4,1.3899728315999954e-06,-0.0001388001803379,-0.0001691191403645,7.425478599600005e-06,0.0,7.783814020699998e-06
5,-6.393841189100002e-06,-0.0001465839943586,-0.0001769029543852,-3.583354210999923e-07,-7.783814020699998e-06,0.0
