,zero_shot_baseline,in_context_learning_3-shot,style_information_style_example,chain_of_thought_zero_shot,chain_of_thought_one_shot,self-refine
0,0.0,0.00018493514126680002,0.0002669868249882961,7.880965941130003e-05,0.0001753898889242,5.1888453249100024e-05
1,-0.00018493514126680002,0.0,8.205168372149609e-05,-0.00010612548185549999,-9.545252342600013e-06,-0.0001330466880177
2,-0.0002669868249882961,-8.205168372149609e-05,0.0,-0.00018817716557699608,-9.15969360640961e-05,-0.00021509837173919609
3,-7.880965941130003e-05,0.00010612548185549999,0.00018817716557699608,0.0,9.658022951289998e-05,-2.6921206162200005e-05
4,-0.0001753898889242,9.545252342600013e-06,9.15969360640961e-05,-9.658022951289998e-05,0.0,-0.00012350143567509998
5,-5.1888453249100024e-05,0.0001330466880177,0.00021509837173919609,2.6921206162200005e-05,0.00012350143567509998,0.0
