,zero_shot_baseline,in_context_learning_3-shot,style_information_style_example,chain_of_thought_zero_shot,chain_of_thought_one_shot,self-refine
0,0.0,7.15811234756e-05,8.60646215159e-05,1.4804285028100015e-05,5.68306362235e-05,-0.0001016055409826
1,-7.15811234756e-05,0.0,1.4483498040300004e-05,-5.677683844749999e-05,-1.4750487252100002e-05,-0.0001731866644582
2,-8.60646215159e-05,-1.4483498040300004e-05,0.0,-7.126033648779999e-05,-2.9233985292400006e-05,-0.0001876701624985
3,-1.4804285028100015e-05,5.677683844749999e-05,7.126033648779999e-05,0.0,4.2026351195399985e-05,-0.00011640982601070001
4,-5.68306362235e-05,1.4750487252100002e-05,2.9233985292400006e-05,-4.2026351195399985e-05,0.0,-0.0001584361772061
5,0.0001016055409826,0.0001731866644582,0.0001876701624985,0.00011640982601070001,0.0001584361772061,0.0
