,zero_shot_baseline,in_context_learning_3-shot,style_information_style_example,chain_of_thought_zero_shot,chain_of_thought_one_shot,self-refine
0,0.0,4.528289762917226e-05,2.0574745650001687e-07,1.9121124176300016e-05,4.166698843962929e-05,1.5305370539000013e-05
1,-4.528289762917226e-05,0.0,-4.5077150172672246e-05,-2.6161773452872247e-05,-3.6159091895429733e-06,-2.997752709017225e-05
2,-2.0574745650001687e-07,4.5077150172672246e-05,0.0,1.89153767198e-05,4.146124098312927e-05,1.5099623082499996e-05
3,-1.9121124176300016e-05,2.6161773452872247e-05,-1.89153767198e-05,0.0,2.2545864263329274e-05,-3.815753637300003e-06
4,-4.166698843962929e-05,3.6159091895429733e-06,-4.146124098312927e-05,-2.2545864263329274e-05,0.0,-2.6361617900629277e-05
5,-1.5305370539000013e-05,2.997752709017225e-05,-1.5099623082499996e-05,3.815753637300003e-06,2.6361617900629277e-05,0.0
