,mistral,deepseek,llama3.3,qwen72b,qwen32b,qwen14b,solar
0,0.0,6.666321539780008e-05,0.000834380038327,0.0002589936687889,0.0003420821342765999,0.0007612932707027,8.960650732430008e-05
1,-6.666321539780008e-05,0.0,0.0007677168229291999,0.00019233045339109994,0.0002754189188787998,0.0006946300553048999,2.2943291926499996e-05
2,-0.000834380038327,-0.0007677168229291999,0.0,-0.0005753863695381,-0.0004922979040504001,-7.308676762430005e-05,-0.0007447735310026999
3,-0.0002589936687889,-0.00019233045339109994,0.0005753863695381,0.0,8.308846548769986e-05,0.0005022996019137999,-0.00016938716146459995
4,-0.0003420821342765999,-0.0002754189188787998,0.0004922979040504001,-8.308846548769986e-05,0.0,0.0004192111364261001,-0.0002524756269522998
5,-0.0007612932707027,-0.0006946300553048999,7.308676762430005e-05,-0.0005022996019137999,-0.0004192111364261001,0.0,-0.0006716867633783999
6,-8.960650732430008e-05,-2.2943291926499996e-05,0.0007447735310026999,0.00016938716146459995,0.0002524756269522998,0.0006716867633783999,0.0
