,zero_shot_baseline,in_context_learning_3-shot,style_information_style_example,chain_of_thought_zero_shot,chain_of_thought_one_shot,self-refine
0,0.0,-5.981912302673394e-06,1.8749762975051668e-06,-4.898880888185294e-06,2.1076165268484536e-05,-3.724465400262501e-06
1,5.981912302673394e-06,0.0,7.85688860017856e-06,1.0830314144880996e-06,2.705807757115793e-05,2.257446902410893e-06
2,-1.8749762975051668e-06,-7.85688860017856e-06,0.0,-6.773857185690461e-06,1.920118897097937e-05,-5.599441697767668e-06
3,4.898880888185294e-06,-1.0830314144880996e-06,6.773857185690461e-06,0.0,2.597504615666983e-05,1.1744154879227934e-06
4,-2.1076165268484536e-05,-2.705807757115793e-05,-1.920118897097937e-05,-2.597504615666983e-05,0.0,-2.4800630668747037e-05
5,3.724465400262501e-06,-2.257446902410893e-06,5.599441697767668e-06,-1.1744154879227934e-06,2.4800630668747037e-05,0.0
