,zero_shot_baseline,in_context_learning_3-shot,style_information_style_example,chain_of_thought_zero_shot,chain_of_thought_one_shot,self-refine
0,0.0,-0.00032433346813520004,-4.028554641270001e-05,-1.7764229250099997e-05,-2.0403525135200028e-05,-0.00011008560215139998
1,0.00032433346813520004,0.0,0.00028404792172250003,0.00030656923888510004,0.000303929943,0.00021424786598380006
2,4.028554641270001e-05,-0.00028404792172250003,0.0,2.2521317162600013e-05,1.9882021277499982e-05,-6.980005573869997e-05
3,1.7764229250099997e-05,-0.00030656923888510004,-2.2521317162600013e-05,0.0,-2.639295885100031e-06,-9.232137290129998e-05
4,2.0403525135200028e-05,-0.000303929943,-1.9882021277499982e-05,2.639295885100031e-06,0.0,-8.968207701619995e-05
5,0.00011008560215139998,-0.00021424786598380006,6.980005573869997e-05,9.232137290129998e-05,8.968207701619995e-05,0.0
