,zero_shot_baseline,in_context_learning_3-shot,style_information_style_example,chain_of_thought_zero_shot,chain_of_thought_one_shot,self-refine
0,0.0,2.4002165877599977e-05,3.642754385889998e-05,-2.699261336710002e-05,-2.5121568591000013e-05,-0.00011107401105740002
1,-2.4002165877599977e-05,0.0,1.2425377981300004e-05,-5.0994779244699996e-05,-4.912373446859999e-05,-0.000135076176935
2,-3.642754385889998e-05,-1.2425377981300004e-05,0.0,-6.3420157226e-05,-6.15491124499e-05,-0.0001475015549163
3,2.699261336710002e-05,5.0994779244699996e-05,6.3420157226e-05,0.0,1.871044776100006e-06,-8.40813976903e-05
4,2.5121568591000013e-05,4.912373446859999e-05,6.15491124499e-05,-1.871044776100006e-06,0.0,-8.59524424664e-05
5,0.00011107401105740002,0.000135076176935,0.0001475015549163,8.40813976903e-05,8.59524424664e-05,0.0
