,zero_shot_baseline,in_context_learning_3-shot,style_information_style_example,chain_of_thought_zero_shot,chain_of_thought_one_shot,self-refine
0,0.0,-0.00014566614202619985,9.575129305009985e-05,-0.00018275695920690017,-0.0002723439610049002,-0.0023323274886147
1,0.00014566614202619985,0.0,0.0002414174350762997,-3.709081718070032e-05,-0.00012667781897870035,-0.0021866613465885
2,-9.575129305009985e-05,-0.0002414174350762997,0.0,-0.000278508252257,-0.00036809525405500005,-0.0024280787816648
3,0.00018275695920690017,3.709081718070032e-05,0.000278508252257,0.0,-8.958700179800003e-05,-0.0021495705294077997
4,0.0002723439610049002,0.00012667781897870035,0.00036809525405500005,8.958700179800003e-05,0.0,-0.0020599835276097996
5,0.0023323274886147,0.0021866613465885,0.0024280787816648,0.0021495705294077997,0.0020599835276097996,0.0
