,zero_shot_baseline,in_context_learning_3-shot,style_information_style_example,chain_of_thought_zero_shot,chain_of_thought_one_shot,self-refine
0,0.0,-0.0006076311691646998,0.0008933291094220001,-0.00031854959537229986,0.00018432651728290017,-0.0027860473935232997
1,0.0006076311691646998,0.0,0.0015009602785867,0.00028908157379239994,0.0007919576864476,-0.0021784162243586
2,-0.0008933291094220001,-0.0015009602785867,0.0,-0.0012118787047943,-0.0007090025921390999,-0.0036793765029453
3,0.00031854959537229986,-0.00028908157379239994,0.0012118787047943,0.0,0.0005028761126552,-0.002467497798151
4,-0.00018432651728290017,-0.0007919576864476,0.0007090025921390999,-0.0005028761126552,0.0,-0.0029703739108062
5,0.0027860473935232997,0.0021784162243586,0.0036793765029453,0.002467497798151,0.0029703739108062,0.0
