,zero_shot_baseline,in_context_learning_3-shot,style_information_style_example,chain_of_thought_zero_shot,chain_of_thought_one_shot,self-refine
0,0.0,7.077140835102333e-07,7.077140835102333e-07,7.077140835102333e-07,7.077140835102333e-07,7.077140835102333e-07
1,-7.077140835102333e-07,0.0,0.0,0.0,0.0,0.0
2,-7.077140835102333e-07,0.0,0.0,0.0,0.0,0.0
3,-7.077140835102333e-07,0.0,0.0,0.0,0.0,0.0
4,-7.077140835102333e-07,0.0,0.0,0.0,0.0,0.0
5,-7.077140835102333e-07,0.0,0.0,0.0,0.0,0.0
