,zero_shot_baseline,in_context_learning_3-shot,style_information_style_example,chain_of_thought_zero_shot,chain_of_thought_one_shot,self-refine
0,0.0,-1.4638774244937437e-05,-2.7634949569504777e-05,-6.865572617172059e-07,1.7397641668216662e-05,-7.045076617837567e-06
1,1.4638774244937437e-05,0.0,-1.299617532456734e-05,1.3952216983220231e-05,3.20364159131541e-05,7.59369762709987e-06
2,2.7634949569504777e-05,1.299617532456734e-05,0.0,2.694839230778757e-05,4.503259123772144e-05,2.058987295166721e-05
3,6.865572617172059e-07,-1.3952216983220231e-05,-2.694839230778757e-05,0.0,1.8084198929933868e-05,-6.358519356120361e-06
4,-1.7397641668216662e-05,-3.20364159131541e-05,-4.503259123772144e-05,-1.8084198929933868e-05,0.0,-2.444271828605423e-05
5,7.045076617837567e-06,-7.59369762709987e-06,-2.058987295166721e-05,6.358519356120361e-06,2.444271828605423e-05,0.0
