,mistral,deepseek,llama3.3,qwen72b,qwen32b,qwen14b,solar
0,0.0,0.0012292481727563,-0.0002593333264434999,0.0009501940373885,0.001129084290048,0.0006323493435082999,0.0005786626638456002
1,-0.0012292481727563,0.0,-0.0014885814991997999,-0.0002790541353678,-0.00010016388270830002,-0.0005968988292480001,-0.0006505855089106998
2,0.0002593333264434999,0.0014885814991997999,0.0,0.0012095273638319999,0.0013884176164914999,0.0008916826699517997,0.0008379959902891001
3,-0.0009501940373885,0.0002790541353678,-0.0012095273638319999,0.0,0.0001788902526595,-0.0003178446938802001,-0.00037153137354289977
4,-0.001129084290048,0.00010016388270830002,-0.0013884176164914999,-0.0001788902526595,0.0,-0.0004967349465397001,-0.0005504216262023998
5,-0.0006323493435082999,0.0005968988292480001,-0.0008916826699517997,0.0003178446938802001,0.0004967349465397001,0.0,-5.3686679662699657e-05
6,-0.0005786626638456002,0.0006505855089106998,-0.0008379959902891001,0.00037153137354289977,0.0005504216262023998,5.3686679662699657e-05,0.0
