,zero_shot_baseline,in_context_learning_3-shot,style_information_style_example,chain_of_thought_zero_shot,chain_of_thought_one_shot,self-refine
0,0.0,-2.6338474628677337e-06,-3.655496713093467e-06,-2.1343237136555662e-06,-2.327624066754467e-06,-1.33439032604738e-05
1,2.6338474628677337e-06,0.0,-1.0216492502257332e-06,4.995237492121675e-07,3.062233961132668e-07,-1.0710055797606065e-05
2,3.655496713093467e-06,1.0216492502257332e-06,0.0,1.5211729994379007e-06,1.327872646339e-06,-9.688406547380333e-06
3,2.1343237136555662e-06,-4.995237492121675e-07,-1.5211729994379007e-06,0.0,-1.9330035309890065e-07,-1.1209579546818234e-05
4,2.327624066754467e-06,-3.062233961132668e-07,-1.327872646339e-06,1.9330035309890065e-07,0.0,-1.1016279193719333e-05
5,1.33439032604738e-05,1.0710055797606065e-05,9.688406547380333e-06,1.1209579546818234e-05,1.1016279193719333e-05,0.0
