,zero_shot_baseline,in_context_learning_3-shot,style_information_style_example,chain_of_thought_zero_shot,chain_of_thought_one_shot,self-refine
0,0.0,-1.1283835531805409e-05,0.0,-1.6339869281045668e-06,0.0,0.0
1,1.1283835531805409e-05,0.0,1.1283835531805409e-05,9.649848603700842e-06,1.1283835531805409e-05,1.1283835531805409e-05
2,0.0,-1.1283835531805409e-05,0.0,-1.6339869281045668e-06,0.0,0.0
3,1.6339869281045668e-06,-9.649848603700842e-06,1.6339869281045668e-06,0.0,1.6339869281045668e-06,1.6339869281045668e-06
4,0.0,-1.1283835531805409e-05,0.0,-1.6339869281045668e-06,0.0,0.0
5,0.0,-1.1283835531805409e-05,0.0,-1.6339869281045668e-06,0.0,0.0
