,zero_shot_baseline,in_context_learning_3-shot,style_information_style_example,chain_of_thought_zero_shot,chain_of_thought_one_shot,self-refine
0,0.0,-0.00017019964874489998,-1.3504963847299999e-05,-3.0660597168999913e-06,0.00013040136404883772,-0.000192938996352
1,0.00017019964874489998,0.0,0.00015669468489759998,0.000167133589028,0.0003006010127937377,-2.2739347607100033e-05
2,1.3504963847299999e-05,-0.00015669468489759998,0.0,1.0438904130400008e-05,0.00014390632789613772,-0.0001794340325047
3,3.0660597168999913e-06,-0.000167133589028,-1.0438904130400008e-05,0.0,0.00013346742376573768,-0.00018987293663510002
4,-0.00013040136404883772,-0.0003006010127937377,-0.00014390632789613772,-0.00013346742376573768,0.0,-0.00032334036040083773
5,0.000192938996352,2.2739347607100033e-05,0.0001794340325047,0.00018987293663510002,0.00032334036040083773,0.0
