,zero_shot_baseline,in_context_learning_3-shot,style_information_style_example,chain_of_thought_zero_shot,chain_of_thought_one_shot,self-refine
0,0.0,1.0389860926704164e-05,-1.1925469276797385e-06,5.3467092219765615e-06,2.5831355086446314e-06,-6.109590540978303e-06
1,-1.0389860926704164e-05,0.0,-1.1582407854383903e-05,-5.0431517047276026e-06,-7.806725418059533e-06,-1.6499451467682465e-05
2,1.1925469276797385e-06,1.1582407854383903e-05,0.0,6.5392561496563e-06,3.77568243632437e-06,-4.917043613298564e-06
3,-5.3467092219765615e-06,5.0431517047276026e-06,-6.5392561496563e-06,0.0,-2.76357371333193e-06,-1.1456299762954864e-05
4,-2.5831355086446314e-06,7.806725418059533e-06,-3.77568243632437e-06,2.76357371333193e-06,0.0,-8.692726049622934e-06
5,6.109590540978303e-06,1.6499451467682465e-05,4.917043613298564e-06,1.1456299762954864e-05,8.692726049622934e-06,0.0
