,zero_shot_baseline,in_context_learning_3-shot,style_information_style_example,chain_of_thought_zero_shot,chain_of_thought_one_shot,self-refine
0,0.0,-3.5984254196213733e-06,-1.855815695890721e-05,-1.9491190766100135e-07,-4.207546057510088e-05,-6.66526219226432e-05
1,3.5984254196213733e-06,0.0,-1.4959731539285837e-05,3.403513511960372e-06,-3.8477035155479504e-05,-6.305419650302183e-05
2,1.855815695890721e-05,1.4959731539285837e-05,0.0,1.836324505124621e-05,-2.3517303616193668e-05,-4.809446496373599e-05
3,1.9491190766100135e-07,-3.403513511960372e-06,-1.836324505124621e-05,0.0,-4.1880548667439876e-05,-6.64577100149822e-05
4,4.207546057510088e-05,3.8477035155479504e-05,2.3517303616193668e-05,4.1880548667439876e-05,0.0,-2.457716134754232e-05
5,6.66526219226432e-05,6.305419650302183e-05,4.809446496373599e-05,6.64577100149822e-05,2.457716134754232e-05,0.0
