,zero_shot_baseline,in_context_learning_3-shot,style_information_style_example,chain_of_thought_zero_shot,chain_of_thought_one_shot,self-refine
0,0.0,7.622114615011833e-05,1.60002830029e-05,-6.483873952790001e-05,8.722129281100001e-06,-0.0001095166077797
1,-7.622114615011833e-05,0.0,-6.0220863147218335e-05,-0.00014105988567801836,-6.749901686901833e-05,-0.00018573775392981832
2,-1.60002830029e-05,6.0220863147218335e-05,0.0,-8.083902253080001e-05,-7.278153721799999e-06,-0.0001255168907826
3,6.483873952790001e-05,0.00014105988567801836,8.083902253080001e-05,0.0,7.356086880900001e-05,-4.4677868251799985e-05
4,-8.722129281100001e-06,6.749901686901833e-05,7.278153721799999e-06,-7.356086880900001e-05,0.0,-0.0001182387370608
5,0.0001095166077797,0.00018573775392981832,0.0001255168907826,4.4677868251799985e-05,0.0001182387370608,0.0
