,zero_shot_baseline,in_context_learning_3-shot,style_information_style_example,chain_of_thought_zero_shot,chain_of_thought_one_shot,self-refine
0,0.0,-1.743853086737453e-06,4.989815193403904e-06,3.822666727772003e-06,5.890733509355736e-06,3.1489993966725363e-06
1,1.743853086737453e-06,0.0,6.733668280141357e-06,5.566519814509456e-06,7.634586596093189e-06,4.892852483409989e-06
2,-4.989815193403904e-06,-6.733668280141357e-06,0.0,-1.1671484656319011e-06,9.009183159518319e-07,-1.8408157967313676e-06
3,-3.822666727772003e-06,-5.566519814509456e-06,1.1671484656319011e-06,0.0,2.068066781583733e-06,-6.736673310994664e-07
4,-5.890733509355736e-06,-7.634586596093189e-06,-9.009183159518319e-07,-2.068066781583733e-06,0.0,-2.7417341126831994e-06
5,-3.1489993966725363e-06,-4.892852483409989e-06,1.8408157967313676e-06,6.736673310994664e-07,2.7417341126831994e-06,0.0
