,zero_shot_baseline,in_context_learning_3-shot,style_information_style_example,chain_of_thought_zero_shot,chain_of_thought_one_shot,self-refine
0,0.0,-0.0003034826397356003,-0.0005453224564450003,-0.00011126203043900027,3.658698696529976e-05,-0.00026390341268930006
1,0.0003034826397356003,0.0,-0.00024183981670939996,0.00019222060929660004,0.0003400696267009001,3.957922704630025e-05
2,0.0005453224564450003,0.00024183981670939996,0.0,0.000434060426006,0.0005819094434103,0.0002814190437557002
3,0.00011126203043900027,-0.00019222060929660004,-0.000434060426006,0.0,0.00014784901740430003,-0.0001526413822502998
4,-3.658698696529976e-05,-0.0003400696267009001,-0.0005819094434103,-0.00014784901740430003,0.0,-0.0003004903996545998
5,0.00026390341268930006,-3.957922704630025e-05,-0.0002814190437557002,0.0001526413822502998,0.0003004903996545998,0.0
