,zero_shot_baseline,in_context_learning_3-shot,style_information_style_example,chain_of_thought_zero_shot,chain_of_thought_one_shot,self-refine
0,0.0,1.0254437286098652e-06,1.9407945143871986e-06,2.4975968785861327e-06,-6.661324420166654e-07,-5.625227603603932e-06
1,-1.0254437286098652e-06,0.0,9.153507857773334e-07,1.4721531499762676e-06,-1.6915761706265306e-06,-6.650671332213797e-06
2,-1.9407945143871986e-06,-9.153507857773334e-07,0.0,5.568023641989342e-07,-2.606926956403864e-06,-7.566022117991131e-06
3,-2.4975968785861327e-06,-1.4721531499762676e-06,-5.568023641989342e-07,0.0,-3.163729320602798e-06,-8.122824482190065e-06
4,6.661324420166654e-07,1.6915761706265306e-06,2.606926956403864e-06,3.163729320602798e-06,0.0,-4.959095161587267e-06
5,5.625227603603932e-06,6.650671332213797e-06,7.566022117991131e-06,8.122824482190065e-06,4.959095161587267e-06,0.0
