,zero_shot_baseline,in_context_learning_3-shot,style_information_style_example,chain_of_thought_zero_shot,chain_of_thought_one_shot,self-refine
0,0.0,6.497668997668966e-06,2.481604740640866e-06,4.427275622927766e-06,2.053224553224533e-06,-6.327586890849935e-06
1,-6.497668997668966e-06,0.0,-4.0160642570281e-06,-2.0703933747412e-06,-4.444444444444433e-06,-1.28252558885189e-05
2,-2.481604740640866e-06,4.0160642570281e-06,0.0,1.9456708822869e-06,-4.28380187416333e-07,-8.8091916314908e-06
3,-4.427275622927766e-06,2.0703933747412e-06,-1.9456708822869e-06,0.0,-2.374051069703233e-06,-1.07548625137777e-05
4,-2.053224553224533e-06,4.444444444444433e-06,4.28380187416333e-07,2.374051069703233e-06,0.0,-8.380811444074468e-06
5,6.327586890849935e-06,1.28252558885189e-05,8.8091916314908e-06,1.07548625137777e-05,8.380811444074468e-06,0.0
