,zero_shot_baseline,in_context_learning_3-shot,style_information_style_example,chain_of_thought_zero_shot,chain_of_thought_one_shot,self-refine
0,0.0,-0.0023935376937665002,-0.0007111257936378997,-0.00012179877086149985,0.00013336728453169997,-0.0017459088836208995
1,0.0023935376937665002,0.0,0.0016824119001286005,0.0022717389229050004,0.0025269049782982002,0.0006476288101456007
2,0.0007111257936378997,-0.0016824119001286005,0.0,0.0005893270227763999,0.0008444930781695997,-0.0010347830899829998
3,0.00012179877086149985,-0.0022717389229050004,-0.0005893270227763999,0.0,0.0002551660553931998,-0.0016241101127593997
4,-0.00013336728453169997,-0.0025269049782982002,-0.0008444930781695997,-0.0002551660553931998,0.0,-0.0018792761681525995
5,0.0017459088836208995,-0.0006476288101456007,0.0010347830899829998,0.0016241101127593997,0.0018792761681525995,0.0
