,zero_shot_baseline,in_context_learning_3-shot,style_information_style_example,chain_of_thought_zero_shot,chain_of_thought_one_shot,self-refine
0,0.0,-0.0008819164181831001,0.0007084004117742001,-0.0008436179126493997,0.00046151790480780013,-0.0013574257558074
1,0.0008819164181831001,0.0,0.0015903168299573002,3.829850553370038e-05,0.0013434343229909002,-0.00047550933762429987
2,-0.0007084004117742001,-0.0015903168299573002,0.0,-0.0015520183244235998,-0.0002468825069664,-0.0020658261675816003
3,0.0008436179126493997,-3.829850553370038e-05,0.0015520183244235998,0.0,0.0013051358174571998,-0.0005138078431580003
4,-0.00046151790480780013,-0.0013434343229909002,0.0002468825069664,-0.0013051358174571998,0.0,-0.0018189436606152
5,0.0013574257558074,0.00047550933762429987,0.0020658261675816003,0.0005138078431580003,0.0018189436606152,0.0
