,zero_shot_baseline,in_context_learning_3-shot,style_information_style_example,chain_of_thought_zero_shot,chain_of_thought_one_shot,self-refine
0,0.0,0.0004570112202918,0.00034570037193169985,0.0010291314261723,-0.00023236307653810026,0.0009440904857550998
1,-0.0004570112202918,0.0,-0.00011131084836010015,0.0005721202058804999,-0.0006893742968299003,0.00048707926546329985
2,-0.00034570037193169985,0.00011131084836010015,0.0,0.0006834310542406,-0.0005780634484698001,0.0005983901138234
3,-0.0010291314261723,-0.0005721202058804999,-0.0006834310542406,0.0,-0.0012614945027104002,-8.504094041720004e-05
4,0.00023236307653810026,0.0006893742968299003,0.0005780634484698001,0.0012614945027104002,0.0,0.0011764535622932001
5,-0.0009440904857550998,-0.00048707926546329985,-0.0005983901138234,8.504094041720004e-05,-0.0011764535622932001,0.0
