,zero_shot_baseline,in_context_learning_3-shot,style_information_style_example,chain_of_thought_zero_shot,chain_of_thought_one_shot,self-refine
0,0.0,2.870078421861099e-06,5.376344086021499e-06,-1.0381619178335568e-05,5.376344086021499e-06,-6.5648684063238685e-06
1,-2.870078421861099e-06,0.0,2.5062656641604e-06,-1.3251697600196668e-05,2.5062656641604e-06,-9.434946828184968e-06
2,-5.376344086021499e-06,-2.5062656641604e-06,0.0,-1.5757963264357068e-05,0.0,-1.1941212492345368e-05
3,1.0381619178335568e-05,1.3251697600196668e-05,1.5757963264357068e-05,0.0,1.5757963264357068e-05,3.8167507720117e-06
4,-5.376344086021499e-06,-2.5062656641604e-06,0.0,-1.5757963264357068e-05,0.0,-1.1941212492345368e-05
5,6.5648684063238685e-06,9.434946828184968e-06,1.1941212492345368e-05,-3.8167507720117e-06,1.1941212492345368e-05,0.0
