,zero_shot_baseline,in_context_learning_3-shot,style_information_style_example,chain_of_thought_zero_shot,chain_of_thought_one_shot,self-refine
0,0.0,-1.1232772889671565e-05,5.521216162804961e-06,1.031921575337533e-05,3.168253164829207e-05,1.1693684573817336e-06
1,1.1232772889671565e-05,0.0,1.6753989052476526e-05,2.1551988643046895e-05,4.291530453796363e-05,1.2402141347053298e-05
2,-5.521216162804961e-06,-1.6753989052476526e-05,0.0,4.797999590570369e-06,2.6161315485487102e-05,-4.351847705423228e-06
3,-1.031921575337533e-05,-2.1551988643046895e-05,-4.797999590570369e-06,0.0,2.1363315894916733e-05,-9.149847295993597e-06
4,-3.168253164829207e-05,-4.291530453796363e-05,-2.6161315485487102e-05,-2.1363315894916733e-05,0.0,-3.051316319091033e-05
5,-1.1693684573817336e-06,-1.2402141347053298e-05,4.351847705423228e-06,9.149847295993597e-06,3.051316319091033e-05,0.0
