,mistral,deepseek,llama3.3,qwen72b,qwen32b,qwen14b,solar
0,0.0,4.974363219299987e-05,-0.00016314814687340006,9.509064318349988e-05,0.00021795699169819996,5.4519521088199985e-05,3.069682336089984e-05
1,-4.974363219299987e-05,0.0,-0.00021289177906639993,4.534701099050001e-05,0.0001682133595052001,4.775888895200116e-06,-1.904680883210003e-05
2,0.00016314814687340006,0.00021289177906639993,0.0,0.00025823879005689994,0.0003811051385716,0.00021766766796160004,0.0001938449702342999
3,-9.509064318349988e-05,-4.534701099050001e-05,-0.00025823879005689994,0.0,0.00012286634851470008,-4.0571122095299896e-05,-6.439381982260004e-05
4,-0.00021795699169819996,-0.0001682133595052001,-0.0003811051385716,-0.00012286634851470008,0.0,-0.00016343747060999997,-0.00018726016833730012
5,-5.4519521088199985e-05,-4.775888895200116e-06,-0.00021766766796160004,4.0571122095299896e-05,0.00016343747060999997,0.0,-2.3822697727300148e-05
6,-3.069682336089984e-05,1.904680883210003e-05,-0.0001938449702342999,6.439381982260004e-05,0.00018726016833730012,2.3822697727300148e-05,0.0
