,zero_shot_baseline,in_context_learning_3-shot,style_information_style_example,chain_of_thought_zero_shot,chain_of_thought_one_shot,self-refine
0,0.0,0.00025355807611000006,0.00020633169902950006,7.935927986000473e-07,0.0004275335705934,7.642732625410002e-05
1,-0.00025355807611000006,0.0,-4.72263770805e-05,-0.0002527644833114,0.0001739754944834,-0.00017713074985590004
2,-0.00020633169902950006,4.72263770805e-05,0.0,-0.0002055381062309,0.0002212018715639,-0.00012990437277540003
3,-7.935927986000473e-07,0.0002527644833114,0.0002055381062309,0.0,0.00042673997779479997,7.563373345549997e-05
4,-0.0004275335705934,-0.0001739754944834,-0.0002212018715639,-0.00042673997779479997,0.0,-0.0003511062443393
5,-7.642732625410002e-05,0.00017713074985590004,0.00012990437277540003,-7.563373345549997e-05,0.0003511062443393,0.0
