,zero_shot_baseline,in_context_learning_3-shot,style_information_style_example,chain_of_thought_zero_shot,chain_of_thought_one_shot,self-refine
0,0.0,-1.55162697077627e-05,-8.009932047137767e-06,-2.5252525252525e-06,-2.3809523809523668e-06,0.0
1,1.55162697077627e-05,0.0,7.5063376606249336e-06,1.29910171825102e-05,1.3135317326810333e-05,1.55162697077627e-05
2,8.009932047137767e-06,-7.5063376606249336e-06,0.0,5.484679521885267e-06,5.6289796661854e-06,8.009932047137767e-06
3,2.5252525252525e-06,-1.29910171825102e-05,-5.484679521885267e-06,0.0,1.4430014430013314e-07,2.5252525252525e-06
4,2.3809523809523668e-06,-1.3135317326810333e-05,-5.6289796661854e-06,-1.4430014430013314e-07,0.0,2.3809523809523668e-06
5,0.0,-1.55162697077627e-05,-8.009932047137767e-06,-2.5252525252525e-06,-2.3809523809523668e-06,0.0
