,zero_shot_baseline,in_context_learning_3-shot,style_information_style_example,chain_of_thought_zero_shot,chain_of_thought_one_shot,self-refine
0,0.0,0.0011380173423881,0.00028888607771909974,0.0005966914089255001,-0.0002382402329874,-0.0004987732075918995
1,-0.0011380173423881,0.0,-0.0008491312646690002,-0.0005413259334625998,-0.0013762575753755,-0.0016367905499799994
2,-0.00028888607771909974,0.0008491312646690002,0.0,0.0003078053312064004,-0.0005271263107064997,-0.0007876592853109992
3,-0.0005966914089255001,0.0005413259334625998,-0.0003078053312064004,0.0,-0.0008349316419129001,-0.0010954646165173996
4,0.0002382402329874,0.0013762575753755,0.0005271263107064997,0.0008349316419129001,0.0,-0.0002605329746044995
5,0.0004987732075918995,0.0016367905499799994,0.0007876592853109992,0.0010954646165173996,0.0002605329746044995,0.0
