,zero_shot_baseline,in_context_learning_3-shot,style_information_style_example,chain_of_thought_zero_shot,chain_of_thought_one_shot,self-refine
0,0.0,1.2287390998721003e-05,8.687718634223365e-06,-7.867282507197741e-06,1.7038701493502533e-05,2.01539662910103e-05
1,-1.2287390998721003e-05,0.0,-3.5996723644976375e-06,-2.0154673505918744e-05,4.75131049478153e-06,7.866575292289296e-06
2,-8.687718634223365e-06,3.5996723644976375e-06,0.0,-1.6555001141421105e-05,8.350982859279168e-06,1.1466247656786934e-05
3,7.867282507197741e-06,2.0154673505918744e-05,1.6555001141421105e-05,0.0,2.4905984000700274e-05,2.802124879820804e-05
4,-1.7038701493502533e-05,-4.75131049478153e-06,-8.350982859279168e-06,-2.4905984000700274e-05,0.0,3.1152647975077663e-06
5,-2.01539662910103e-05,-7.866575292289296e-06,-1.1466247656786934e-05,-2.802124879820804e-05,-3.1152647975077663e-06,0.0
