,zero_shot_baseline,in_context_learning_3-shot,style_information_style_example,chain_of_thought_zero_shot,chain_of_thought_one_shot,self-refine
0,0.0,0.0002551989355052,0.00019726432997270004,-6.452612104600002e-05,0.00037995921450890003,8.176947487370002e-05
1,-0.0002551989355052,0.0,-5.793460553249995e-05,-0.0003197250565512,0.00012476027900370004,-0.00017342946063149997
2,-0.00019726432997270004,5.793460553249995e-05,0.0,-0.00026179045101870006,0.0001826948845362,-0.00011549485509900002
3,6.452612104600002e-05,0.0003197250565512,0.00026179045101870006,0.0,0.00044448533555490005,0.00014629559591970004
4,-0.00037995921450890003,-0.00012476027900370004,-0.0001826948845362,-0.00044448533555490005,0.0,-0.0002981897396352
5,-8.176947487370002e-05,0.00017342946063149997,0.00011549485509900002,-0.00014629559591970004,0.0002981897396352,0.0
