,zero_shot_baseline,in_context_learning_3-shot,style_information_style_example,chain_of_thought_zero_shot,chain_of_thought_one_shot,self-refine
0,0.0,2.211265437970467e-06,-2.2022692939440196e-05,-1.2947805318940704e-05,9.046618334905435e-06,5.688828569167967e-06
1,-2.211265437970467e-06,0.0,-2.4233958377410665e-05,-1.515907075691117e-05,6.835352896934968e-06,3.4775631311975e-06
2,2.2022692939440196e-05,2.4233958377410665e-05,0.0,9.074887620499492e-06,3.106931127434563e-05,2.771152150860816e-05
3,1.2947805318940704e-05,1.515907075691117e-05,-9.074887620499492e-06,0.0,2.199442365384614e-05,1.8636633888108672e-05
4,-9.046618334905435e-06,-6.835352896934968e-06,-3.106931127434563e-05,-2.199442365384614e-05,0.0,-3.357789765737468e-06
5,-5.688828569167967e-06,-3.4775631311975e-06,-2.771152150860816e-05,-1.8636633888108672e-05,3.357789765737468e-06,0.0
