,zero_shot_baseline,in_context_learning_3-shot,style_information_style_example,chain_of_thought_zero_shot,chain_of_thought_one_shot,self-refine
0,0.0,-0.0018394345352199006,-0.0008446521705465998,-6.570457958249981e-05,0.00027543011810340044,-0.00041010475292649947
1,0.0018394345352199006,0.0,0.0009947823646733007,0.0017737299556374007,0.002114864653323301,0.001429329782293401
2,0.0008446521705465998,-0.0009947823646733007,0.0,0.0007789475909641,0.0011200822886500003,0.00043454741762010037
3,6.570457958249981e-05,-0.0017737299556374007,-0.0007789475909641,0.0,0.00034113469768590025,-0.00034440017334399966
4,-0.00027543011810340044,-0.002114864653323301,-0.0011200822886500003,-0.00034113469768590025,0.0,-0.0006855348710298999
5,0.00041010475292649947,-0.001429329782293401,-0.00043454741762010037,0.00034440017334399966,0.0006855348710298999,0.0
