,zero_shot_baseline,in_context_learning_3-shot,style_information_style_example,chain_of_thought_zero_shot,chain_of_thought_one_shot,self-refine
0,0.0,-0.0001073992193309,-0.00041242893723760003,-5.9040595738000384e-06,3.9075094929999965e-05,4.975083251039996e-05
1,0.0001073992193309,0.0,-0.0003050297179067,0.00010149515975709997,0.00014647431426089997,0.00015715005184129997
2,0.00041242893723760003,0.0003050297179067,0.0,0.0004065248776638,0.0004515040321676,0.000462179769748
3,5.9040595738000384e-06,-0.00010149515975709997,-0.0004065248776638,0.0,4.49791545038e-05,5.56548920842e-05
4,-3.9075094929999965e-05,-0.00014647431426089997,-0.0004515040321676,-4.49791545038e-05,0.0,1.0675737580399997e-05
5,-4.975083251039996e-05,-0.00015715005184129997,-0.000462179769748,-5.56548920842e-05,-1.0675737580399997e-05,0.0
