,abstracts,news,reviews,qa
0,0.0,-0.0001402298772881,4.281062614127267e-06,-7.235737634704776e-05
1,0.0001402298772881,0.0,0.00014451093990222727,6.787250094105225e-05
2,-4.281062614127267e-06,-0.00014451093990222727,0.0,-7.663843896117503e-05
3,7.235737634704776e-05,-6.787250094105225e-05,7.663843896117503e-05,0.0
