,zero_shot_baseline,in_context_learning_3-shot,style_information_style_example,chain_of_thought_zero_shot,chain_of_thought_one_shot,self-refine
0,0.0,0.00016709511136039999,0.00022640835265770002,3.4140435370799953e-05,0.0001756726374583,-2.3491042536300053e-05
1,-0.00016709511136039999,0.0,5.931324129730003e-05,-0.00013295467598960003,8.577526097900009e-06,-0.00019058615389670004
2,-0.00022640835265770002,-5.931324129730003e-05,0.0,-0.00019226791728690006,-5.073571519940002e-05,-0.00024989939519400007
3,-3.4140435370799953e-05,0.00013295467598960003,0.00019226791728690006,0.0,0.00014153220208750004,-5.763147790710001e-05
4,-0.0001756726374583,-8.577526097900009e-06,5.073571519940002e-05,-0.00014153220208750004,0.0,-0.00019916367999460005
5,2.3491042536300053e-05,0.00019058615389670004,0.00024989939519400007,5.763147790710001e-05,0.00019916367999460005,0.0
