,abstracts,news,reviews,qa
0,0.0,0.0005923226543606783,0.00023358526852637832,-0.0007443267241489217
1,-0.0005923226543606783,0.0,-0.0003587373858343,-0.0013366493785096
2,-0.00023358526852637832,0.0003587373858343,0.0,-0.0009779119926753
3,0.0007443267241489217,0.0013366493785096,0.0009779119926753,0.0
