,zero_shot_baseline,in_context_learning_3-shot,style_information_style_example,chain_of_thought_zero_shot,chain_of_thought_one_shot,self-refine
0,0.0,0.0003634304911688006,-9.105084111769943e-05,5.579235464280019e-05,0.00037838995095910034,-0.00026913229977399995
1,-0.0003634304911688006,0.0,-0.00045448133228650003,-0.0003076381365260004,1.4959459790299737e-05,-0.0006325627909428005
2,9.105084111769943e-05,0.00045448133228650003,0.0,0.00014684319576049962,0.00046944079207679977,-0.0001780814586563005
3,-5.579235464280019e-05,0.0003076381365260004,-0.00014684319576049962,0.0,0.00032259759631630015,-0.00032492465441680014
4,-0.00037838995095910034,-1.4959459790299737e-05,-0.00046944079207679977,-0.00032259759631630015,0.0,-0.0006475222507331003
5,0.00026913229977399995,0.0006325627909428005,0.0001780814586563005,0.00032492465441680014,0.0006475222507331003,0.0
