,zero_shot_baseline,in_context_learning_3-shot,style_information_style_example,chain_of_thought_zero_shot,chain_of_thought_one_shot,self-refine
0,0.0,-2.1223075230500008e-05,8.272234376999936e-07,-5.799734115900031e-06,-3.781190583470001e-05,-0.0004478187608414001
1,2.1223075230500008e-05,0.0,2.2050298668200002e-05,1.5423341114599977e-05,-1.65888306042e-05,-0.0004265956856109001
2,-8.272234376999936e-07,-2.2050298668200002e-05,0.0,-6.6269575536000245e-06,-3.86391292724e-05,-0.0004486459842791001
3,5.799734115900031e-06,-1.5423341114599977e-05,6.6269575536000245e-06,0.0,-3.201217171879998e-05,-0.00044201902672550005
4,3.781190583470001e-05,1.65888306042e-05,3.86391292724e-05,3.201217171879998e-05,0.0,-0.0004100068550067001
5,0.0004478187608414001,0.0004265956856109001,0.0004486459842791001,0.00044201902672550005,0.0004100068550067001,0.0
