,zero_shot_baseline,in_context_learning_3-shot,style_information_style_example,chain_of_thought_zero_shot,chain_of_thought_one_shot,self-refine
0,0.0,8.084726022871667e-05,1.1932675640001717e-07,3.2966946419000077e-06,2.233772862980001e-05,-0.0001312909608436
1,-8.084726022871667e-05,0.0,-8.072793347231666e-05,-7.755056558681667e-05,-5.8509531598916666e-05,-0.00021213822107231666
2,-1.1932675640001717e-07,8.072793347231666e-05,0.0,3.1773678854999906e-06,2.2218401873399992e-05,-0.0001314102876
3,-3.2966946419000077e-06,7.755056558681667e-05,-3.1773678854999906e-06,0.0,1.90410339879e-05,-0.0001345876554855
4,-2.233772862980001e-05,5.8509531598916666e-05,-2.2218401873399992e-05,-1.90410339879e-05,0.0,-0.0001536286894734
5,0.0001312909608436,0.00021213822107231666,0.0001314102876,0.0001345876554855,0.0001536286894734,0.0
