,zero_shot_baseline,in_context_learning_3-shot,style_information_style_example,chain_of_thought_zero_shot,chain_of_thought_one_shot,self-refine
0,0.0,-1.5287325275853606e-05,-2.7194290455124346e-06,4.429374969425234e-06,1.01314232305901e-05,6.693948456009967e-06
1,1.5287325275853606e-05,0.0,1.256789623034117e-05,1.9716700245278838e-05,2.5418748506443705e-05,2.1981273731863573e-05
2,2.7194290455124346e-06,-1.256789623034117e-05,0.0,7.1488040149376684e-06,1.2850852276102535e-05,9.413377501522402e-06
3,-4.429374969425234e-06,-1.9716700245278838e-05,-7.1488040149376684e-06,0.0,5.702048261164867e-06,2.2645734865847336e-06
4,-1.01314232305901e-05,-2.5418748506443705e-05,-1.2850852276102535e-05,-5.702048261164867e-06,0.0,-3.437474774580133e-06
5,-6.693948456009967e-06,-2.1981273731863573e-05,-9.413377501522402e-06,-2.2645734865847336e-06,3.437474774580133e-06,0.0
