,zero_shot_baseline,in_context_learning_3-shot,style_information_style_example,chain_of_thought_zero_shot,chain_of_thought_one_shot,self-refine
0,0.0,-1.095849788582462e-05,-3.551862831781699e-06,-1.5410060676670658e-06,7.673753656992666e-06,4.5166152078808345e-06
1,1.095849788582462e-05,0.0,7.4066350540429215e-06,9.417491818157555e-06,1.8632251542817287e-05,1.5475113093705455e-05
2,3.551862831781699e-06,-7.4066350540429215e-06,0.0,2.010856764114633e-06,1.1225616488774365e-05,8.068478039662533e-06
3,1.5410060676670658e-06,-9.417491818157555e-06,-2.010856764114633e-06,0.0,9.214759724659732e-06,6.0576212755479e-06
4,-7.673753656992666e-06,-1.8632251542817287e-05,-1.1225616488774365e-05,-9.214759724659732e-06,0.0,-3.1571384491118323e-06
5,-4.5166152078808345e-06,-1.5475113093705455e-05,-8.068478039662533e-06,-6.0576212755479e-06,3.1571384491118323e-06,0.0
