,zero_shot_baseline,in_context_learning_3-shot,style_information_style_example,chain_of_thought_zero_shot,chain_of_thought_one_shot,self-refine
0,0.0,-1.7820880743077003e-05,-2.7139265259844565e-05,-7.848121602172401e-06,6.626532696761333e-07,-1.198013981249844e-05
1,1.7820880743077003e-05,0.0,-9.318384516767566e-06,9.9727591409046e-06,1.8483534012753135e-05,5.840740930578561e-06
2,2.7139265259844565e-05,9.318384516767566e-06,0.0,1.9291143657672166e-05,2.78019185295207e-05,1.5159125447346126e-05
3,7.848121602172401e-06,-9.9727591409046e-06,-1.9291143657672166e-05,0.0,8.510774871848535e-06,-4.132018210326039e-06
4,-6.626532696761333e-07,-1.8483534012753135e-05,-2.78019185295207e-05,-8.510774871848535e-06,0.0,-1.2642793082174574e-05
5,1.198013981249844e-05,-5.840740930578561e-06,-1.5159125447346126e-05,4.132018210326039e-06,1.2642793082174574e-05,0.0
