,zero_shot_baseline,in_context_learning_3-shot,style_information_style_example,chain_of_thought_zero_shot,chain_of_thought_one_shot,self-refine
0,0.0,0.0020316648411805994,0.0005882867420633998,0.0007226684448613995,0.00035448378277299925,0.0011094130571341993
1,-0.0020316648411805994,0.0,-0.0014433780991171996,-0.0013089963963191999,-0.0016771810584076002,-0.0009222517840464001
2,-0.0005882867420633998,0.0014433780991171996,0.0,0.00013438170279799974,-0.00023380295929040056,0.0005211263150707995
3,-0.0007226684448613995,0.0013089963963191999,-0.00013438170279799974,0.0,-0.0003681846620884003,0.0003867446122727998
4,-0.00035448378277299925,0.0016771810584076002,0.00023380295929040056,0.0003681846620884003,0.0,0.0007549292743612001
5,-0.0011094130571341993,0.0009222517840464001,-0.0005211263150707995,-0.0003867446122727998,-0.0007549292743612001,0.0
