,mistral,deepseek,llama3.3,qwen72b,qwen32b,qwen14b,solar
0,0.0,8.211486273199998e-05,1.7436101091300004e-05,7.967705738389999e-05,-5.18583533363e-05,-9.835560379580004e-05,2.391293804699995e-06
1,-8.211486273199998e-05,0.0,-6.467876164069998e-05,-2.437805348099993e-06,-0.00013397321606829998,-0.00018047046652780002,-7.972356892729999e-05
2,-1.7436101091300004e-05,6.467876164069998e-05,0.0,6.224095629259999e-05,-6.92944544276e-05,-0.00011579170488710004,-1.504480728660001e-05
3,-7.967705738389999e-05,2.437805348099993e-06,-6.224095629259999e-05,0.0,-0.0001315354107202,-0.00017803266117970003,-7.72857635792e-05
4,5.18583533363e-05,0.00013397321606829998,6.92944544276e-05,0.0001315354107202,0.0,-4.6497250459500035e-05,5.4249647140999996e-05
5,9.835560379580004e-05,0.00018047046652780002,0.00011579170488710004,0.00017803266117970003,4.6497250459500035e-05,0.0,0.00010074689760050003
6,-2.391293804699995e-06,7.972356892729999e-05,1.504480728660001e-05,7.72857635792e-05,-5.4249647140999996e-05,-0.00010074689760050003,0.0
