,zero_shot_baseline,in_context_learning_3-shot,style_information_style_example,chain_of_thought_zero_shot,chain_of_thought_one_shot,self-refine
0,0.0,2.900673906099994e-06,-5.1466080196999986e-06,6.582732108539999e-05,6.294620992899983e-06,-2.1404250007099997e-05
1,-2.900673906099994e-06,0.0,-8.047281925799993e-06,6.292664717929999e-05,3.3939470867999893e-06,-2.430492391319999e-05
2,5.1466080196999986e-06,8.047281925799993e-06,0.0,7.097392910509998e-05,1.1441229012599982e-05,-1.62576419874e-05
3,-6.582732108539999e-05,-6.292664717929999e-05,-7.097392910509998e-05,0.0,-5.95327000925e-05,-8.723157109249998e-05
4,-6.294620992899983e-06,-3.3939470867999893e-06,-1.1441229012599982e-05,5.95327000925e-05,0.0,-2.769887099999998e-05
5,2.1404250007099997e-05,2.430492391319999e-05,1.62576419874e-05,8.723157109249998e-05,2.769887099999998e-05,0.0
