,zero_shot_baseline,in_context_learning_3-shot,style_information_style_example,chain_of_thought_zero_shot,chain_of_thought_one_shot,self-refine
0,0.0,-1.854174697099993e-06,-5.1269455517899984e-05,4.079389300408997e-05,-4.70791057633e-05,-0.0001680080773679
1,1.854174697099993e-06,0.0,-4.941528082079999e-05,4.2648067701189966e-05,-4.522493106620001e-05,-0.0001661539026708
2,5.1269455517899984e-05,4.941528082079999e-05,0.0,9.206334852198996e-05,4.1903497545999824e-06,-0.00011673862185000001
3,-4.079389300408997e-05,-4.2648067701189966e-05,-9.206334852198996e-05,0.0,-8.787299876738997e-05,-0.00020880197037198995
4,4.70791057633e-05,4.522493106620001e-05,-4.1903497545999824e-06,8.787299876738997e-05,0.0,-0.00012092897160459999
5,0.0001680080773679,0.0001661539026708,0.00011673862185000001,0.00020880197037198995,0.00012092897160459999,0.0
