,zero_shot_baseline,in_context_learning_3-shot,style_information_style_example,chain_of_thought_zero_shot,chain_of_thought_one_shot,self-refine
0,0.0,0.00015952013195200002,9.452615811150007e-05,-1.1160961134799971e-05,-1.4984662949099918e-05,-0.00013639750690279992
1,-0.00015952013195200002,0.0,-6.499397384049995e-05,-0.0001706810930868,-0.00017450479490109993,-0.00029591763885479993
2,-9.452615811150007e-05,6.499397384049995e-05,0.0,-0.00010568711924630004,-0.00010951082106059999,-0.0002309236650143
3,1.1160961134799971e-05,0.0001706810930868,0.00010568711924630004,0.0,-3.823701814299947e-06,-0.00012523654576799994
4,1.4984662949099918e-05,0.00017450479490109993,0.00010951082106059999,3.823701814299947e-06,0.0,-0.0001214128439537
5,0.00013639750690279992,0.00029591763885479993,0.0002309236650143,0.00012523654576799994,0.0001214128439537,0.0
