,zero_shot_baseline,in_context_learning_3-shot,style_information_style_example,chain_of_thought_zero_shot,chain_of_thought_one_shot,self-refine
0,0.0,-8.747120139606364e-06,-6.038557487714033e-06,1.7388302245238667e-06,9.4564850743781e-06,-9.99381765889697e-06
1,8.747120139606364e-06,0.0,2.7085626518923305e-06,1.048595036413023e-05,1.8203605213984463e-05,-1.2466975192906054e-06
2,6.038557487714033e-06,-2.7085626518923305e-06,0.0,7.7773877122379e-06,1.5495042562092133e-05,-3.955260171182936e-06
3,-1.7388302245238667e-06,-1.048595036413023e-05,-7.7773877122379e-06,0.0,7.717654849854233e-06,-1.1732647883420836e-05
4,-9.4564850743781e-06,-1.8203605213984463e-05,-1.5495042562092133e-05,-7.717654849854233e-06,0.0,-1.945030273327507e-05
5,9.99381765889697e-06,1.2466975192906054e-06,3.955260171182936e-06,1.1732647883420836e-05,1.945030273327507e-05,0.0
