,zero_shot_baseline,in_context_learning_3-shot,style_information_style_example,chain_of_thought_zero_shot,chain_of_thought_one_shot,self-refine
0,0.0,-0.002911451687328,-0.0018594399454682003,-0.00025177486284090004,-0.00048727505699929993,-0.0016316003951589997
1,0.002911451687328,0.0,0.0010520117418597996,0.0026596768244871,0.0024241766303287,0.0012798512921690002
2,0.0018594399454682003,-0.0010520117418597996,0.0,0.0016076650826273003,0.0013721648884689004,0.00022783955030920063
3,0.00025177486284090004,-0.0026596768244871,-0.0016076650826273003,0.0,-0.0002355001941583999,-0.0013798255323180996
4,0.00048727505699929993,-0.0024241766303287,-0.0013721648884689004,0.0002355001941583999,0.0,-0.0011443253381596998
5,0.0016316003951589997,-0.0012798512921690002,-0.00022783955030920063,0.0013798255323180996,0.0011443253381596998,0.0
