,zero_shot_baseline,in_context_learning_3-shot,style_information_style_example,chain_of_thought_zero_shot,chain_of_thought_one_shot,self-refine
0,0.0,-8.877742674800012e-06,-4.0833137919800004e-05,1.8942741659999998e-05,-5.08747132249e-05,4.0018590596e-05
1,8.877742674800012e-06,0.0,-3.195539524499999e-05,2.782048433480001e-05,-4.199697055009999e-05,4.889633327080001e-05
2,4.0833137919800004e-05,3.195539524499999e-05,0.0,5.97758795798e-05,-1.0041575305099994e-05,8.08517285158e-05
3,-1.8942741659999998e-05,-2.782048433480001e-05,-5.97758795798e-05,0.0,-6.98174548849e-05,2.1075848936e-05
4,5.08747132249e-05,4.199697055009999e-05,1.0041575305099994e-05,6.98174548849e-05,0.0,9.08933038209e-05
5,-4.0018590596e-05,-4.889633327080001e-05,-8.08517285158e-05,-2.1075848936e-05,-9.08933038209e-05,0.0
