,zero_shot_baseline,in_context_learning_3-shot,style_information_style_example,chain_of_thought_zero_shot,chain_of_thought_one_shot,self-refine
0,0.0,0.00015036680501240014,0.0004921103309171001,-4.410906641779994e-05,0.0002546371519199001,3.22264000324e-05
1,-0.00015036680501240014,0.0,0.0003417435259046999,-0.00019447587143020008,0.00010427034690749996,-0.00011814040498000014
2,-0.0004921103309171001,-0.0003417435259046999,0.0,-0.0005362193973349,-0.00023747317899719996,-0.00045988393088470007
3,4.410906641779994e-05,0.00019447587143020008,0.0005362193973349,0.0,0.00029874621833770004,7.633546645019994e-05
4,-0.0002546371519199001,-0.00010427034690749996,0.00023747317899719996,-0.00029874621833770004,0.0,-0.0002224107518875001
5,-3.22264000324e-05,0.00011814040498000014,0.00045988393088470007,-7.633546645019994e-05,0.0002224107518875001,0.0
