,zero_shot_baseline,in_context_learning_3-shot,style_information_style_example,chain_of_thought_zero_shot,chain_of_thought_one_shot,self-refine
0,0.0,9.924220215630004e-05,-0.00010420176858429999,-5.6678886474800035e-05,0.0001457859775707,0.00018849046102480002
1,-9.924220215630004e-05,0.0,-0.00020344397074060003,-0.00015592108863110007,4.654377541439997e-05,8.924825886849998e-05
2,0.00010420176858429999,0.00020344397074060003,0.0,4.752288210949996e-05,0.000249987746155,0.0002926922296091
3,5.6678886474800035e-05,0.00015592108863110007,-4.752288210949996e-05,0.0,0.00020246486404550004,0.00024516934749960006
4,-0.0001457859775707,-4.654377541439997e-05,-0.000249987746155,-0.00020246486404550004,0.0,4.270448345410001e-05
5,-0.00018849046102480002,-8.924825886849998e-05,-0.0002926922296091,-0.00024516934749960006,-4.270448345410001e-05,0.0
