,abstracts,news,reviews,qa
0,0.0,-0.0002487716960880177,0.0003426624779208823,-0.0038852465665072176
1,0.0002487716960880177,0.0,0.0005914341740089,-0.0036364748704192
2,-0.0003426624779208823,-0.0005914341740089,0.0,-0.0042279090444281
3,0.0038852465665072176,0.0036364748704192,0.0042279090444281,0.0
