,zero_shot_baseline,in_context_learning_3-shot,style_information_style_example,chain_of_thought_zero_shot,chain_of_thought_one_shot,self-refine
0,0.0,0.00011271186686999998,0.00021913767452309992,-2.5923737281000102e-05,-2.6284803515299986e-05,-0.0002692586271559
1,-0.00011271186686999998,0.0,0.00010642580765309994,-0.00013863560415100008,-0.00013899667038529996,-0.00038197049402589997
2,-0.00021913767452309992,-0.00010642580765309994,0.0,-0.0002450614118041,-0.0002454224780383999,-0.0004883963016789999
3,2.5923737281000102e-05,0.00013863560415100008,0.0002450614118041,0.0,-3.610662342998835e-07,-0.0002433348898748999
4,2.6284803515299986e-05,0.00013899667038529996,0.0002454224780383999,3.610662342998835e-07,0.0,-0.0002429738236406
5,0.0002692586271559,0.00038197049402589997,0.0004883963016789999,0.0002433348898748999,0.0002429738236406,0.0
