,zero_shot_baseline,in_context_learning_3-shot,style_information_style_example,chain_of_thought_zero_shot,chain_of_thought_one_shot,self-refine
0,0.0,-0.00018631660561409995,0.0002726521170315,-2.0160591335999993e-05,0.000429493538760939,-0.00013641422888779995
1,0.00018631660561409995,0.0,0.00045896872264559996,0.00016615601427809996,0.0006158101443750389,4.99023767263e-05
2,-0.0002726521170315,-0.00045896872264559996,0.0,-0.0002928127083675,0.00015684142172943898,-0.00040906634591929996
3,2.0160591335999993e-05,-0.00016615601427809996,0.0002928127083675,0.0,0.000449654130096939,-0.00011625363755179995
4,-0.000429493538760939,-0.0006158101443750389,-0.00015684142172943898,-0.000449654130096939,0.0,-0.0005659077676487389
5,0.00013641422888779995,-4.99023767263e-05,0.00040906634591929996,0.00011625363755179995,0.0005659077676487389,0.0
