,zero_shot_baseline,in_context_learning_3-shot,style_information_style_example,chain_of_thought_zero_shot,chain_of_thought_one_shot,self-refine
0,0.0,-3.356686098138178e-05,-7.153602143128179e-05,-9.418449900873457e-06,-5.5149356031781785e-05,-3.556280858368178e-05
1,3.356686098138178e-05,0.0,-3.7969160449900004e-05,2.4148411080508324e-05,-2.1582495050400004e-05,-1.9959476022999965e-06
2,7.153602143128179e-05,3.7969160449900004e-05,0.0,6.211757153040833e-05,1.63866653995e-05,3.597321284760001e-05
3,9.418449900873457e-06,-2.4148411080508324e-05,-6.211757153040833e-05,0.0,-4.573090613090833e-05,-2.614435868280832e-05
4,5.5149356031781785e-05,2.1582495050400004e-05,-1.63866653995e-05,4.573090613090833e-05,0.0,1.9586547448100007e-05
5,3.556280858368178e-05,1.9959476022999965e-06,-3.597321284760001e-05,2.614435868280832e-05,-1.9586547448100007e-05,0.0
