,zero_shot_baseline,in_context_learning_3-shot,style_information_style_example,chain_of_thought_zero_shot,chain_of_thought_one_shot,self-refine
0,0.0,-2.4285278490827576e-05,3.3226207379948337e-06,-2.5049525539049894e-07,-1.9783368543444335e-06,3.9814864348111675e-06
1,2.4285278490827576e-05,0.0,2.7607899228822408e-05,2.4034783235437076e-05,2.2306941636483142e-05,2.826676492563874e-05
2,-3.3226207379948337e-06,-2.7607899228822408e-05,0.0,-3.5731159933853327e-06,-5.300957592339267e-06,6.588656968163333e-07
3,2.5049525539049894e-07,-2.4034783235437076e-05,3.5731159933853327e-06,0.0,-1.7278415989539346e-06,4.231981690201666e-06
4,1.9783368543444335e-06,-2.2306941636483142e-05,5.300957592339267e-06,1.7278415989539346e-06,0.0,5.959823289155601e-06
5,-3.9814864348111675e-06,-2.826676492563874e-05,-6.588656968163333e-07,-4.231981690201666e-06,-5.959823289155601e-06,0.0
