,abstracts,news,reviews,qa
0,0.0,0.0005602540888872955,6.51874241204008e-05,-0.0004289746590594045
1,-0.0005602540888872955,0.0,-0.0004950666647668947,-0.0009892287479467
2,-6.51874241204008e-05,0.0004950666647668947,0.0,-0.0004941620831798053
3,0.0004289746590594045,0.0009892287479467,0.0004941620831798053,0.0
