,zero_shot_baseline,in_context_learning_3-shot,style_information_style_example,chain_of_thought_zero_shot,chain_of_thought_one_shot,self-refine
0,0.0,-0.00043090195662800015,4.353906920560001e-05,-1.9534385725599986e-05,2.0691908976799844e-05,-0.0001404277016235
1,0.00043090195662800015,0.0,0.00047444102583360016,0.00041136757090240016,0.0004515938656048,0.00029047425500450014
2,-4.353906920560001e-05,-0.00047444102583360016,0.0,-6.30734549312e-05,-2.2847160228800165e-05,-0.00018396677082910002
3,1.9534385725599986e-05,-0.00041136757090240016,6.30734549312e-05,0.0,4.022629470239983e-05,-0.00012089331589790002
4,-2.0691908976799844e-05,-0.0004515938656048,2.2847160228800165e-05,-4.022629470239983e-05,0.0,-0.00016111961060029985
5,0.0001404277016235,-0.00029047425500450014,0.00018396677082910002,0.00012089331589790002,0.00016111961060029985,0.0
