,mistral,deepseek,llama3.3,qwen72b,qwen32b,qwen14b,solar
0,0.0,0.00014691966927420002,0.0002363897431109437,0.000146191131439,0.0001704025110881,0.00016121689741170001,0.00016702610229360002
1,-0.00014691966927420002,0.0,8.947007383674368e-05,-7.285378352000116e-07,2.348284181389999e-05,1.4297228137499996e-05,2.01064330194e-05
2,-0.0002363897431109437,-8.947007383674368e-05,0.0,-9.019861167194369e-05,-6.598723202284369e-05,-7.517284569924368e-05,-6.936364081734368e-05
3,-0.000146191131439,7.285378352000116e-07,9.019861167194369e-05,0.0,2.4211379649100002e-05,1.5025765972700008e-05,2.0834970854600012e-05
4,-0.0001704025110881,-2.348284181389999e-05,6.598723202284369e-05,-2.4211379649100002e-05,0.0,-9.185613676399994e-06,-3.37640879449999e-06
5,-0.00016121689741170001,-1.4297228137499996e-05,7.517284569924368e-05,-1.5025765972700008e-05,9.185613676399994e-06,0.0,5.809204881900004e-06
6,-0.00016702610229360002,-2.01064330194e-05,6.936364081734368e-05,-2.0834970854600012e-05,3.37640879449999e-06,-5.809204881900004e-06,0.0
