,zero_shot_baseline,in_context_learning_3-shot,style_information_style_example,chain_of_thought_zero_shot,chain_of_thought_one_shot,self-refine
0,0.0,0.00020414141339400004,0.0002536812907791,0.0002110207870324,-2.5053939662400006e-05,0.00014584391103410004
1,-0.00020414141339400004,0.0,4.953987738509993e-05,6.87937363839995e-06,-0.00022919535305640005,-5.8297502359900004e-05
2,-0.0002536812907791,-4.953987738509993e-05,0.0,-4.266050374669998e-05,-0.0002787352304415,-0.00010783737974499994
3,-0.0002110207870324,-6.87937363839995e-06,4.266050374669998e-05,0.0,-0.0002360747266948,-6.517687599829995e-05
4,2.5053939662400006e-05,0.00022919535305640005,0.0002787352304415,0.0002360747266948,0.0,0.00017089785069650005
5,-0.00014584391103410004,5.8297502359900004e-05,0.00010783737974499994,6.517687599829995e-05,-0.00017089785069650005,0.0
