,zero_shot_baseline,in_context_learning_3-shot,style_information_style_example,chain_of_thought_zero_shot,chain_of_thought_one_shot,self-refine
0,0.0,-7.21623867487994e-05,-0.0009239951525322988,-0.00022704700737119932,0.0005156792114692004,-0.00030346704398309925
1,7.21623867487994e-05,0.0,-0.0008518327657834994,-0.00015488462062239992,0.0005878415982179998,-0.00023130465723429985
2,0.0009239951525322988,0.0008518327657834994,0.0,0.0006969481451610995,0.0014396743640014992,0.0006205281085491995
3,0.00022704700737119932,0.00015488462062239992,-0.0006969481451610995,0.0,0.0007427262188403998,-7.642003661189993e-05
4,-0.0005156792114692004,-0.0005878415982179998,-0.0014396743640014992,-0.0007427262188403998,0.0,-0.0008191462554522997
5,0.00030346704398309925,0.00023130465723429985,-0.0006205281085491995,7.642003661189993e-05,0.0008191462554522997,0.0
