,mistral,deepseek,llama3.3,qwen72b,qwen32b,qwen14b,solar
0,0.0,-2.2633052379500028e-05,0.00010508947834390002,3.802854012609994e-05,1.8737755895499955e-05,5.983263225769998e-05,-0.0003167238072020001
1,2.2633052379500028e-05,0.0,0.00012772253072340005,6.066159250559997e-05,4.137080827499998e-05,8.24656846372e-05,-0.0002940907548225001
2,-0.00010508947834390002,-0.00012772253072340005,0.0,-6.706093821780008e-05,-8.635172244840007e-05,-4.5256846086200045e-05,-0.0004218132855459001
3,-3.802854012609994e-05,-6.066159250559997e-05,6.706093821780008e-05,0.0,-1.9290784230599988e-05,2.1804092131600034e-05,-0.00035475234732810005
4,-1.8737755895499955e-05,-4.137080827499998e-05,8.635172244840007e-05,1.9290784230599988e-05,0.0,4.109487636220002e-05,-0.00033546156309750006
5,-5.983263225769998e-05,-8.24656846372e-05,4.5256846086200045e-05,-2.1804092131600034e-05,-4.109487636220002e-05,0.0,-0.0003765564394597001
6,0.0003167238072020001,0.0002940907548225001,0.0004218132855459001,0.00035475234732810005,0.00033546156309750006,0.0003765564394597001,0.0
