,zero_shot_baseline,in_context_learning_3-shot,style_information_style_example,chain_of_thought_zero_shot,chain_of_thought_one_shot,self-refine
0,0.0,6.445245200249999e-05,-0.00011993477198559999,-8.0362171299e-06,4.10382962314e-05,1.323317888129999e-05
1,-6.445245200249999e-05,0.0,-0.00018438722398809998,-7.248866913239999e-05,-2.3414155771099988e-05,-5.12192731212e-05
2,0.00011993477198559999,0.00018438722398809998,0.0,0.00011189855485569999,0.000160973068217,0.00013316795086689998
3,8.0362171299e-06,7.248866913239999e-05,-0.00011189855485569999,0.0,4.90745133613e-05,2.126939601119999e-05
4,-4.10382962314e-05,2.3414155771099988e-05,-0.000160973068217,-4.90745133613e-05,0.0,-2.780511735010001e-05
5,-1.323317888129999e-05,5.12192731212e-05,-0.00013316795086689998,-2.126939601119999e-05,2.780511735010001e-05,0.0
