,zero_shot_baseline,in_context_learning_3-shot,style_information_style_example,chain_of_thought_zero_shot,chain_of_thought_one_shot,self-refine
0,0.0,0.0021162787187055,0.0006210473206855003,0.0010674248073505007,0.0010321077190519005,0.000545292742385
1,-0.0021162787187055,0.0,-0.0014952313980199998,-0.0010488539113549995,-0.0010841709996535997,-0.0015709859763205001
2,-0.0006210473206855003,0.0014952313980199998,0.0,0.00044637748666500037,0.0004110603983664002,-7.57545783005003e-05
3,-0.0010674248073505007,0.0010488539113549995,-0.00044637748666500037,0.0,-3.531708829860019e-05,-0.0005221320649655007
4,-0.0010321077190519005,0.0010841709996535997,-0.0004110603983664002,3.531708829860019e-05,0.0,-0.0004868149766669005
5,-0.000545292742385,0.0015709859763205001,7.57545783005003e-05,0.0005221320649655007,0.0004868149766669005,0.0
