,zero_shot_baseline,in_context_learning_3-shot,style_information_style_example,chain_of_thought_zero_shot,chain_of_thought_one_shot,self-refine
0,0.0,0.0011509441740438003,0.0009027029690657001,0.0017372627809910004,-0.00041029867030439957,0.0023936998551006
1,-0.0011509441740438003,0.0,-0.0002482412049781002,0.0005863186069472001,-0.0015612428443481999,0.0012427556810567998
2,-0.0009027029690657001,0.0002482412049781002,0.0,0.0008345598119253003,-0.0013130016393700997,0.0014909968860349
3,-0.0017372627809910004,-0.0005863186069472001,-0.0008345598119253003,0.0,-0.0021475614512954,0.0006564370741095997
4,0.00041029867030439957,0.0015612428443481999,0.0013130016393700997,0.0021475614512954,0.0,0.0028039985254049997
5,-0.0023936998551006,-0.0012427556810567998,-0.0014909968860349,-0.0006564370741095997,-0.0028039985254049997,0.0
