,zero_shot_baseline,in_context_learning_3-shot,style_information_style_example,chain_of_thought_zero_shot,chain_of_thought_one_shot,self-refine
0,0.0,9.129258185018395e-05,3.596059614660001e-05,1.3533227900100004e-05,3.714432230690001e-05,-0.0001698300506742
1,-9.129258185018395e-05,0.0,-5.533198570358394e-05,-7.775935395008395e-05,-5.4148259543283936e-05,-0.0002611226325243839
2,-3.596059614660001e-05,5.533198570358394e-05,0.0,-2.2427368246500005e-05,1.1837261603000007e-06,-0.0002057906468208
3,-1.3533227900100004e-05,7.775935395008395e-05,2.2427368246500005e-05,0.0,2.3611094406800006e-05,-0.0001833632785743
4,-3.714432230690001e-05,5.4148259543283936e-05,-1.1837261603000007e-06,-2.3611094406800006e-05,0.0,-0.0002069743729811
5,0.0001698300506742,0.0002611226325243839,0.0002057906468208,0.0001833632785743,0.0002069743729811,0.0
