,zero_shot_baseline,in_context_learning_3-shot,style_information_style_example,chain_of_thought_zero_shot,chain_of_thought_one_shot,self-refine
0,0.0,-0.00013997988404020002,-0.00015416424198149998,6.029623001239999e-05,3.9111053396999996e-05,-6.76281698686e-05
1,0.00013997988404020002,0.0,-1.4184357941299957e-05,0.0002002761140526,0.00017909093743720002,7.235171417160002e-05
2,0.00015416424198149998,1.4184357941299957e-05,0.0,0.00021446047199389997,0.00019327529537849997,8.653607211289997e-05
3,-6.029623001239999e-05,-0.0002002761140526,-0.00021446047199389997,0.0,-2.1185176615399993e-05,-0.000127924399881
4,-3.9111053396999996e-05,-0.00017909093743720002,-0.00019327529537849997,2.1185176615399993e-05,0.0,-0.0001067392232656
5,6.76281698686e-05,-7.235171417160002e-05,-8.653607211289997e-05,0.000127924399881,0.0001067392232656,0.0
