,abstracts,news,reviews,qa
0,0.0,0.0006099977210803955,0.0002121070933945955,-0.00045160771143900447
1,-0.0006099977210803955,0.0,-0.00039789062768579996,-0.0010616054325194
2,-0.0002121070933945955,0.00039789062768579996,0.0,-0.0006637148048336
3,0.00045160771143900447,0.0010616054325194,0.0006637148048336,0.0
