,zero_shot_baseline,in_context_learning_3-shot,style_information_style_example,chain_of_thought_zero_shot,chain_of_thought_one_shot,self-refine
0,0.0,1.692534810243923e-05,2.0669881533563616e-06,1.0351771416027996e-05,2.1471117831517233e-05,1.0663499325650464e-05
1,-1.692534810243923e-05,0.0,-1.4858359949082868e-05,-6.573576686411233e-06,4.545769729078004e-06,-6.261848776788765e-06
2,-2.0669881533563616e-06,1.4858359949082868e-05,0.0,8.284783262671635e-06,1.940412967816087e-05,8.596511172294103e-06
3,-1.0351771416027996e-05,6.573576686411233e-06,-8.284783262671635e-06,0.0,1.1119346415489237e-05,3.117279096224678e-07
4,-2.1471117831517233e-05,-4.545769729078004e-06,-1.940412967816087e-05,-1.1119346415489237e-05,0.0,-1.0807618505866769e-05
5,-1.0663499325650464e-05,6.261848776788765e-06,-8.596511172294103e-06,-3.117279096224678e-07,1.0807618505866769e-05,0.0
