,zero_shot_baseline,in_context_learning_3-shot,style_information_style_example,chain_of_thought_zero_shot,chain_of_thought_one_shot,self-refine
0,0.0,0.00011341646432807279,-2.6179670022100012e-05,-5.520264460800008e-06,4.9383431785586315e-05,2.3113644797300006e-05
1,-0.00011341646432807279,0.0,-0.0001395961343501728,-0.0001189367287888728,-6.403303254248646e-05,-9.030281953077278e-05
2,2.6179670022100012e-05,0.0001395961343501728,0.0,2.0659405561300004e-05,7.556310180768633e-05,4.929331481940002e-05
3,5.520264460800008e-06,0.0001189367287888728,-2.0659405561300004e-05,0.0,5.490369624638632e-05,2.8633909258100014e-05
4,-4.9383431785586315e-05,6.403303254248646e-05,-7.556310180768633e-05,-5.490369624638632e-05,0.0,-2.626978698828631e-05
5,-2.3113644797300006e-05,9.030281953077278e-05,-4.929331481940002e-05,-2.8633909258100014e-05,2.626978698828631e-05,0.0
