,zero_shot_baseline,in_context_learning_3-shot,style_information_style_example,chain_of_thought_zero_shot,chain_of_thought_one_shot,self-refine
0,0.0,0.00017981044523999995,0.00027220692420079997,-6.938311687629999e-05,0.00026476211787559994,-0.00020667733078070009
1,-0.00017981044523999995,0.0,9.239647896080002e-05,-0.00024919356211629994,8.495167263559999e-05,-0.00038648777602070004
2,-0.00027220692420079997,-9.239647896080002e-05,0.0,-0.00034159004107709996,-7.444806325200028e-06,-0.00047888425498150006
3,6.938311687629999e-05,0.00024919356211629994,0.00034159004107709996,0.0,0.00033414523475189993,-0.0001372942139044001
4,-0.00026476211787559994,-8.495167263559999e-05,7.444806325200028e-06,-0.00033414523475189993,0.0,-0.00047143944865630003
5,0.00020667733078070009,0.00038648777602070004,0.00047888425498150006,0.0001372942139044001,0.00047143944865630003,0.0
