,zero_shot_baseline,in_context_learning_3-shot,style_information_style_example,chain_of_thought_zero_shot,chain_of_thought_one_shot,self-refine
0,0.0,-5.3027136397933034e-05,1.12012123095572e-05,6.750932939340203e-06,-1.4437363826233027e-05,7.85204836624801e-06
1,5.3027136397933034e-05,0.0,6.422834870749023e-05,5.977806933727324e-05,3.858977257170001e-05,6.0879184764181044e-05
2,-1.12012123095572e-05,-6.422834870749023e-05,0.0,-4.450279370216996e-06,-2.5638576135790227e-05,-3.3491639433091893e-06
3,-6.750932939340203e-06,-5.977806933727324e-05,4.450279370216996e-06,0.0,-2.118829676557323e-05,1.101115426907807e-06
4,1.4437363826233027e-05,-3.858977257170001e-05,2.5638576135790227e-05,2.118829676557323e-05,0.0,2.2289412192481037e-05
5,-7.85204836624801e-06,-6.0879184764181044e-05,3.3491639433091893e-06,-1.101115426907807e-06,-2.2289412192481037e-05,0.0
