,zero_shot_baseline,in_context_learning_3-shot,style_information_style_example,chain_of_thought_zero_shot,chain_of_thought_one_shot,self-refine
0,0.0,-0.00011709459497110004,-2.61724938190001e-06,-6.240524994200044e-06,-3.99634135176e-05,-0.00024948220189530005
1,0.00011709459497110004,0.0,0.00011447734558920003,0.0001108540699769,7.713118145350004e-05,-0.0001323876069242
2,2.61724938190001e-06,-0.00011447734558920003,0.0,-3.623275612300034e-06,-3.734616413569999e-05,-0.00024686495251340004
3,6.240524994200044e-06,-0.0001108540699769,3.623275612300034e-06,0.0,-3.3722888523399957e-05,-0.0002432416769011
4,3.99634135176e-05,-7.713118145350004e-05,3.734616413569999e-05,3.3722888523399957e-05,0.0,-0.00020951878837770005
5,0.00024948220189530005,0.0001323876069242,0.00024686495251340004,0.0002432416769011,0.00020951878837770005,0.0
