,mistral,deepseek,llama3.3,qwen72b,qwen32b,qwen14b,solar
0,0.0,0.00024884982597300005,0.0003214618706592,0.00022957673917920005,0.0002876725658947,0.00020319226861289998,0.00015553702055819997
1,-0.00024884982597300005,0.0,7.261204468619995e-05,-1.92730867938e-05,3.882273992169996e-05,-4.5657557360100076e-05,-9.331280541480008e-05
2,-0.0003214618706592,-7.261204468619995e-05,0.0,-9.188513147999995e-05,-3.3789304764499984e-05,-0.00011826960204630002,-0.00016592485010100003
3,-0.00022957673917920005,1.92730867938e-05,9.188513147999995e-05,0.0,5.8095826715499964e-05,-2.6384470566300075e-05,-7.403971862100008e-05
4,-0.0002876725658947,-3.882273992169996e-05,3.3789304764499984e-05,-5.8095826715499964e-05,0.0,-8.448029728180004e-05,-0.00013213554533650005
5,-0.00020319226861289998,4.5657557360100076e-05,0.00011826960204630002,2.6384470566300075e-05,8.448029728180004e-05,0.0,-4.765524805470001e-05
6,-0.00015553702055819997,9.331280541480008e-05,0.00016592485010100003,7.403971862100008e-05,0.00013213554533650005,4.765524805470001e-05,0.0
