,zero_shot_baseline,in_context_learning_3-shot,style_information_style_example,chain_of_thought_zero_shot,chain_of_thought_one_shot,self-refine
0,0.0,0.00023738976881089994,0.00013693637626009995,-7.276802227290007e-05,0.0003282106252557,-1.0989687514900031e-05
1,-0.00023738976881089994,0.0,-0.0001004533925508,-0.0003101577910838,9.082085644480004e-05,-0.00024837945632579997
2,-0.00013693637626009995,0.0001004533925508,0.0,-0.00020970439853300001,0.00019127424899560003,-0.00014792606377499998
3,7.276802227290007e-05,0.0003101577910838,0.00020970439853300001,0.0,0.00040097864752860004,6.177833475800004e-05
4,-0.0003282106252557,-9.082085644480004e-05,-0.00019127424899560003,-0.00040097864752860004,0.0,-0.0003392003127706
5,1.0989687514900031e-05,0.00024837945632579997,0.00014792606377499998,-6.177833475800004e-05,0.0003392003127706,0.0
