,zero_shot_baseline,in_context_learning_3-shot,style_information_style_example,chain_of_thought_zero_shot,chain_of_thought_one_shot,self-refine
0,0.0,0.0018571202050615995,0.0006955853999871999,0.00046092234771639984,0.00024886645070969996,0.0007883736869089995
1,-0.0018571202050615995,0.0,-0.0011615348050743996,-0.0013961978573451997,-0.0016082537543518995,-0.0010687465181526
2,-0.0006955853999871999,0.0011615348050743996,0.0,-0.00023466305227080007,-0.00044671894927749995,9.278828692179959e-05
3,-0.00046092234771639984,0.0013961978573451997,0.00023466305227080007,0.0,-0.00021205589700669988,0.00032745133919259966
4,-0.00024886645070969996,0.0016082537543518995,0.00044671894927749995,0.00021205589700669988,0.0,0.0005395072361992995
5,-0.0007883736869089995,0.0010687465181526,-9.278828692179959e-05,-0.00032745133919259966,-0.0005395072361992995,0.0
