,zero_shot_baseline,in_context_learning_3-shot,style_information_style_example,chain_of_thought_zero_shot,chain_of_thought_one_shot,self-refine
0,0.0,0.0005920972651843005,0.0006326669426553007,-0.00010887030977400035,0.0012929306742576006,-0.0001709572800207993
1,-0.0005920972651843005,0.0,4.0569677471000154e-05,-0.0007009675749583008,0.0007008334090733001,-0.0007630545452050998
2,-0.0006326669426553007,-4.0569677471000154e-05,0.0,-0.000741537252429301,0.0006602637316022999,-0.0008036242226761
3,0.00010887030977400035,0.0007009675749583008,0.000741537252429301,0.0,0.001401800984031601,-6.208697024679896e-05
4,-0.0012929306742576006,-0.0007008334090733001,-0.0006602637316022999,-0.001401800984031601,0.0,-0.0014638879542783999
5,0.0001709572800207993,0.0007630545452050998,0.0008036242226761,6.208697024679896e-05,0.0014638879542783999,0.0
