,zero_shot_baseline,in_context_learning_3-shot,style_information_style_example,chain_of_thought_zero_shot,chain_of_thought_one_shot,self-refine
0,0.0,-0.00043734703264790005,3.430960541830007e-05,-1.0098313082899935e-05,6.011108281470004e-05,-0.0003470527170760999
1,0.00043734703264790005,0.0,0.0004716566380662001,0.0004272487195650001,0.0004974581154626001,9.029431557180012e-05
2,-3.430960541830007e-05,-0.0004716566380662001,0.0,-4.440791850120001e-05,2.5801477396399965e-05,-0.0003813623224944
3,1.0098313082899935e-05,-0.0004272487195650001,4.440791850120001e-05,0.0,7.020939589759997e-05,-0.0003369544039932
4,-6.011108281470004e-05,-0.0004974581154626001,-2.5801477396399965e-05,-7.020939589759997e-05,0.0,-0.00040716379989079996
5,0.0003470527170760999,-9.029431557180012e-05,0.0003813623224944,0.0003369544039932,0.00040716379989079996,0.0
