,zero_shot_baseline,in_context_learning_3-shot,style_information_style_example,chain_of_thought_zero_shot,chain_of_thought_one_shot,self-refine
0,0.0,-0.0002828375247477999,3.992345938510014e-05,-3.5362561610998745e-06,-0.00019429274754619984,-0.0005099149493856998
1,0.0002828375247477999,0.0,0.0003227609841329,0.0002793012685867,8.854477720160003e-05,-0.00022707742463789994
2,-3.992345938510014e-05,-0.0003227609841329,0.0,-4.3459715546200015e-05,-0.00023421620693129998,-0.0005498384087708
3,3.5362561610998745e-06,-0.0002793012685867,4.3459715546200015e-05,0.0,-0.00019075649138509997,-0.0005063786932245999
4,0.00019429274754619984,-8.854477720160003e-05,0.00023421620693129998,0.00019075649138509997,0.0,-0.00031562220183949997
5,0.0005099149493856998,0.00022707742463789994,0.0005498384087708,0.0005063786932245999,0.00031562220183949997,0.0
