,zero_shot_baseline,in_context_learning_3-shot,style_information_style_example,chain_of_thought_zero_shot,chain_of_thought_one_shot,self-refine
0,0.0,-5.1705373607500006e-05,-0.00010491721037590002,-2.6482790546700024e-05,3.93620893859e-05,9.404419552629998e-05
1,5.1705373607500006e-05,0.0,-5.3211836768400015e-05,2.5222583060799982e-05,9.106746299340001e-05,0.0001457495691338
2,0.00010491721037590002,5.3211836768400015e-05,0.0,7.84344198292e-05,0.00014427929976180002,0.0001989614059022
3,2.6482790546700024e-05,-2.5222583060799982e-05,-7.84344198292e-05,0.0,6.584487993260003e-05,0.000120526986073
4,-3.93620893859e-05,-9.106746299340001e-05,-0.00014427929976180002,-6.584487993260003e-05,0.0,5.468210614039998e-05
5,-9.404419552629998e-05,-0.0001457495691338,-0.0001989614059022,-0.000120526986073,-5.468210614039998e-05,0.0
