,zero_shot_baseline,in_context_learning_3-shot,style_information_style_example,chain_of_thought_zero_shot,chain_of_thought_one_shot,self-refine
0,0.0,3.3065992415707375e-07,2.0626933047337305e-06,1.9022891363319996e-07,1.2628455637574198e-05,1.1409260039658987e-06
1,-3.3065992415707375e-07,0.0,1.7320333805766567e-06,-1.404310105238738e-07,1.2297795713417124e-05,8.10266079808825e-07
2,-2.0626933047337305e-06,-1.7320333805766567e-06,0.0,-1.8724643911005305e-06,1.0565762332840467e-05,-9.217673007678317e-07
3,-1.9022891363319996e-07,1.404310105238738e-07,1.8724643911005305e-06,0.0,1.2438226723940998e-05,9.506970903326988e-07
4,-1.2628455637574198e-05,-1.2297795713417124e-05,-1.0565762332840467e-05,-1.2438226723940998e-05,0.0,-1.14875296336083e-05
5,-1.1409260039658987e-06,-8.10266079808825e-07,9.217673007678317e-07,-9.506970903326988e-07,1.14875296336083e-05,0.0
