,abstracts,news,reviews,qa
0,0.0,0.0007703736911846342,0.0004173469684380342,-0.003542233621997366
1,-0.0007703736911846342,0.0,-0.0003530267227466,-0.004312607313182
2,-0.0004173469684380342,0.0003530267227466,0.0,-0.0039595805904354
3,0.003542233621997366,0.004312607313182,0.0039595805904354,0.0
