,zero_shot_baseline,in_context_learning_3-shot,style_information_style_example,chain_of_thought_zero_shot,chain_of_thought_one_shot,self-refine
0,0.0,-1.220055762541218e-05,3.6127906326150995e-06,-9.810469023988666e-07,3.179083118707322e-07,-6.350048887746468e-06
1,1.220055762541218e-05,0.0,1.581334825802728e-05,1.1219510723013313e-05,1.2518465937282912e-05,5.850508737665711e-06
2,-3.6127906326150995e-06,-1.581334825802728e-05,0.0,-4.593837535013966e-06,-3.2948823207443673e-06,-9.962839520361568e-06
3,9.810469023988666e-07,-1.1219510723013313e-05,4.593837535013966e-06,0.0,1.2989552142695989e-06,-5.369001985347602e-06
4,-3.179083118707322e-07,-1.2518465937282912e-05,3.2948823207443673e-06,-1.2989552142695989e-06,0.0,-6.6679571996172005e-06
5,6.350048887746468e-06,-5.850508737665711e-06,9.962839520361568e-06,5.369001985347602e-06,6.6679571996172005e-06,0.0
