,zero_shot_baseline,in_context_learning_3-shot,style_information_style_example,chain_of_thought_zero_shot,chain_of_thought_one_shot,self-refine
0,0.0,-5.6844031749999995e-06,-0.00024398997611280003,-2.343887441870002e-05,0.0001116494500021,0.00011744114747
1,5.6844031749999995e-06,0.0,-0.00023830557293780003,-1.775447124370002e-05,0.0001173338531771,0.000123125550645
2,0.00024398997611280003,0.00023830557293780003,0.0,0.0002205511016941,0.0003556394261149,0.00036143112358280003
3,2.343887441870002e-05,1.775447124370002e-05,-0.0002205511016941,0.0,0.00013508832442080002,0.00014088002188870002
4,-0.0001116494500021,-0.0001173338531771,-0.0003556394261149,-0.00013508832442080002,0.0,5.791697467900003e-06
5,-0.00011744114747,-0.000123125550645,-0.00036143112358280003,-0.00014088002188870002,-5.791697467900003e-06,0.0
