,zero_shot_baseline,in_context_learning_3-shot,style_information_style_example,chain_of_thought_zero_shot,chain_of_thought_one_shot,self-refine
0,0.0,-0.0005545275602270999,0.0003141438553735,1.7594577973300087e-05,0.00036317217864900004,-0.00017365764427659997
1,0.0005545275602270999,0.0,0.0008686714156006,0.0005721221382004,0.0009176997388761,0.00038086991595049995
2,-0.0003141438553735,-0.0008686714156006,0.0,-0.00029654927740019993,4.9028323275500016e-05,-0.0004878014996501
3,-1.7594577973300087e-05,-0.0005721221382004,0.00029654927740019993,0.0,0.00034557760067569995,-0.00019125222224990006
4,-0.00036317217864900004,-0.0009176997388761,-4.9028323275500016e-05,-0.00034557760067569995,0.0,-0.0005368298229256
5,0.00017365764427659997,-0.00038086991595049995,0.0004878014996501,0.00019125222224990006,0.0005368298229256,0.0
