,abstracts,news,reviews,qa
0,0.0,0.0006553447320707956,0.0002113785555593955,-0.0003909461189333045
1,-0.0006553447320707956,0.0,-0.00044396617651140007,-0.0010462908510041002
2,-0.0002113785555593955,0.00044396617651140007,0.0,-0.0006023246744927
3,0.0003909461189333045,0.0010462908510041002,0.0006023246744927,0.0
