,zero_shot_baseline,in_context_learning_3-shot,style_information_style_example,chain_of_thought_zero_shot,chain_of_thought_one_shot,self-refine
0,0.0,3.57086796988e-05,1.97958145587e-05,6.807972274000003e-06,-2.3605628669999957e-06,-1.8562539092300005e-05
1,-3.57086796988e-05,0.0,-1.59128651401e-05,-2.8900707424799998e-05,-3.80692425658e-05,-5.4271218791100006e-05
2,-1.97958145587e-05,1.59128651401e-05,0.0,-1.2987842284699997e-05,-2.2156377425699996e-05,-3.8358353651000006e-05
3,-6.807972274000003e-06,2.8900707424799998e-05,1.2987842284699997e-05,0.0,-9.168535140999999e-06,-2.537051136630001e-05
4,2.3605628669999957e-06,3.80692425658e-05,2.2156377425699996e-05,9.168535140999999e-06,0.0,-1.620197622530001e-05
5,1.8562539092300005e-05,5.4271218791100006e-05,3.8358353651000006e-05,2.537051136630001e-05,1.620197622530001e-05,0.0
