,zero_shot_baseline,in_context_learning_3-shot,style_information_style_example,chain_of_thought_zero_shot,chain_of_thought_one_shot,self-refine
0,0.0,9.293437568600002e-05,0.0001953913680353,0.00014203792225050006,-1.9384143223899974e-05,-0.0001374311856944
1,-9.293437568600002e-05,0.0,0.00010245699234929997,4.910354656450003e-05,-0.0001123185189099,-0.00023036556138040002
2,-0.0001953913680353,-0.00010245699234929997,0.0,-5.335344578479993e-05,-0.00021477551125919996,-0.0003328225537297
3,-0.00014203792225050006,-4.910354656450003e-05,5.335344578479993e-05,0.0,-0.00016142206547440003,-0.00027946910794490005
4,1.9384143223899974e-05,0.0001123185189099,0.00021477551125919996,0.00016142206547440003,0.0,-0.00011804704247050002
5,0.0001374311856944,0.00023036556138040002,0.0003328225537297,0.00027946910794490005,0.00011804704247050002,0.0
