,zero_shot_baseline,in_context_learning_3-shot,style_information_style_example,chain_of_thought_zero_shot,chain_of_thought_one_shot,self-refine
0,0.0,-1.747051774531285e-05,6.510421472058299e-06,-1.0339801857154339e-06,5.4963874693025e-06,-1.2561466393373673e-06
1,1.747051774531285e-05,0.0,2.398093921737115e-05,1.6436537559597418e-05,2.296690521461535e-05,1.6214371105975483e-05
2,-6.510421472058299e-06,-2.398093921737115e-05,0.0,-7.544401657773733e-06,-1.0140340027557997e-06,-7.766568111395666e-06
3,1.0339801857154339e-06,-1.6436537559597418e-05,7.544401657773733e-06,0.0,6.530367655017934e-06,-2.2216645362193345e-07
4,-5.4963874693025e-06,-2.296690521461535e-05,1.0140340027557997e-06,-6.530367655017934e-06,0.0,-6.752534108639867e-06
5,1.2561466393373673e-06,-1.6214371105975483e-05,7.766568111395666e-06,2.2216645362193345e-07,6.752534108639867e-06,0.0
