,zero_shot_baseline,in_context_learning_3-shot,style_information_style_example,chain_of_thought_zero_shot,chain_of_thought_one_shot,self-refine
0,0.0,8.665376447693554e-05,-1.3155512721099998e-05,-1.169185798169999e-05,7.957152692741064e-05,-3.0402835870700005e-05
1,-8.665376447693554e-05,0.0,-9.980927719803554e-05,-9.834562245863553e-05,-7.082237549524896e-06,-0.00011705660034763555
2,1.3155512721099998e-05,9.980927719803554e-05,0.0,1.4636547394000082e-06,9.272703964851064e-05,-1.7247323149600008e-05
3,1.169185798169999e-05,9.834562245863553e-05,-1.4636547394000082e-06,0.0,9.126338490911063e-05,-1.8710977889000016e-05
4,-7.957152692741064e-05,7.082237549524896e-06,-9.272703964851064e-05,-9.126338490911063e-05,0.0,-0.00010997436279811065
5,3.0402835870700005e-05,0.00011705660034763555,1.7247323149600008e-05,1.8710977889000016e-05,0.00010997436279811065,0.0
