,abstracts,news,reviews,qa
0,0.0,0.0026392634612481904,0.00047697784504229033,-0.0031748355320431096
1,-0.0026392634612481904,0.0,-0.0021622856162059,-0.0058140989932913
2,-0.00047697784504229033,0.0021622856162059,0.0,-0.0036518133770854
3,0.0031748355320431096,0.0058140989932913,0.0036518133770854,0.0
