,zero_shot_baseline,in_context_learning_3-shot,style_information_style_example,chain_of_thought_zero_shot,chain_of_thought_one_shot,self-refine
0,0.0,-6.671725418100024e-06,-0.00011703064241080002,4.130613077579998e-05,9.59983907378e-05,5.4183498601999985e-05
1,6.671725418100024e-06,0.0,-0.0001103589169927,4.7977856193900004e-05,0.00010267011615590002,6.085522402010001e-05
2,0.00011703064241080002,0.0001103589169927,0.0,0.0001583367731866,0.00021302903314860002,0.0001712141410128
3,-4.130613077579998e-05,-4.7977856193900004e-05,-0.0001583367731866,0.0,5.469225996200002e-05,1.2877367826200005e-05
4,-9.59983907378e-05,-0.00010267011615590002,-0.00021302903314860002,-5.469225996200002e-05,0.0,-4.181489213580001e-05
5,-5.4183498601999985e-05,-6.085522402010001e-05,-0.0001712141410128,-1.2877367826200005e-05,4.181489213580001e-05,0.0
