,zero_shot_baseline,in_context_learning_3-shot,style_information_style_example,chain_of_thought_zero_shot,chain_of_thought_one_shot,self-refine
0,0.0,8.012257873610089e-05,1.0414722916600103e-05,4.208479395259937e-05,0.0006365454040560001,-0.00044764892454110007
1,-8.012257873610089e-05,0.0,-6.970785581950079e-05,-3.803778478350152e-05,0.0005564228253198992,-0.000527771503277201
2,-1.0414722916600103e-05,6.970785581950079e-05,0.0,3.167007103599927e-05,0.0006261306811394,-0.0004580636474577002
3,-4.208479395259937e-05,3.803778478350152e-05,-3.167007103599927e-05,0.0,0.0005944606101034007,-0.0004897337184936994
4,-0.0006365454040560001,-0.0005564228253198992,-0.0006261306811394,-0.0005944606101034007,0.0,-0.0010841943285971002
5,0.00044764892454110007,0.000527771503277201,0.0004580636474577002,0.0004897337184936994,0.0010841943285971002,0.0
