,zero_shot_baseline,in_context_learning_3-shot,style_information_style_example,chain_of_thought_zero_shot,chain_of_thought_one_shot,self-refine
0,0.0,0.0001654904362951,0.00020558765775899996,0.00015037308433940003,0.0001358734299013,-0.0002909457575435999
1,-0.0001654904362951,0.0,4.009722146389996e-05,-1.5117351955699974e-05,-2.9617006393799997e-05,-0.0004564361938386999
2,-0.00020558765775899996,-4.009722146389996e-05,0.0,-5.521457341959993e-05,-6.971422785769996e-05,-0.0004965334153025999
3,-0.00015037308433940003,1.5117351955699974e-05,5.521457341959993e-05,0.0,-1.4499654438100023e-05,-0.00044131884188299995
4,-0.0001358734299013,2.9617006393799997e-05,6.971422785769996e-05,1.4499654438100023e-05,0.0,-0.00042681918744489993
5,0.0002909457575435999,0.0004564361938386999,0.0004965334153025999,0.00044131884188299995,0.00042681918744489993,0.0
