,zero_shot_baseline,in_context_learning_3-shot,style_information_style_example,chain_of_thought_zero_shot,chain_of_thought_one_shot,self-refine
0,0.0,-9.274018993857393e-05,-3.068331553835898e-06,1.6304898547951968e-05,2.33517936742697e-05,1.1157211407668564e-05
1,9.274018993857393e-05,0.0,8.967185838473803e-05,0.0001090450884865259,0.00011609198361284362,0.00010389740134624249
2,3.068331553835898e-06,-8.967185838473803e-05,0.0,1.9373230101787866e-05,2.64201252281056e-05,1.4225542961504462e-05
3,-1.6304898547951968e-05,-0.0001090450884865259,-1.9373230101787866e-05,0.0,7.046895126317734e-06,-5.147687140283404e-06
4,-2.33517936742697e-05,-0.00011609198361284362,-2.64201252281056e-05,-7.046895126317734e-06,0.0,-1.2194582266601138e-05
5,-1.1157211407668564e-05,-0.00010389740134624249,-1.4225542961504462e-05,5.147687140283404e-06,1.2194582266601138e-05,0.0
