,zero_shot_baseline,in_context_learning_3-shot,style_information_style_example,chain_of_thought_zero_shot,chain_of_thought_one_shot,self-refine
0,0.0,0.0010166508966624002,0.0005062951551807002,5.481484066790013e-05,0.0007450843490851003,-0.0011916575289525
1,-0.0010166508966624002,0.0,-0.0005103557414816999,-0.0009618360559945,-0.0002715665475772999,-0.0022083084256149
2,-0.0005062951551807002,0.0005103557414816999,0.0,-0.0004514803145128001,0.00023878919390440002,-0.0016979526841332001
3,-5.481484066790013e-05,0.0009618360559945,0.0004514803145128001,0.0,0.0006902695084172001,-0.0012464723696204
4,-0.0007450843490851003,0.0002715665475772999,-0.00023878919390440002,-0.0006902695084172001,0.0,-0.0019367418780376002
5,0.0011916575289525,0.0022083084256149,0.0016979526841332001,0.0012464723696204,0.0019367418780376002,0.0
