,zero_shot_baseline,in_context_learning_3-shot,style_information_style_example,chain_of_thought_zero_shot,chain_of_thought_one_shot,self-refine
0,0.0,-1.3206454850986686e-05,-1.4247642286983657e-06,-1.0216123137267659e-06,1.2092102083451007e-06,-2.7619443732918635e-06
1,1.3206454850986686e-05,0.0,1.178169062228832e-05,1.218484253725992e-05,1.4415665059331787e-05,1.0444510477694822e-05
2,1.4247642286983657e-06,-1.178169062228832e-05,0.0,4.031519149715998e-07,2.6339744370434664e-06,-1.3371801445934978e-06
3,1.0216123137267659e-06,-1.218484253725992e-05,-4.031519149715998e-07,0.0,2.2308225220718666e-06,-1.7403320595650976e-06
4,-1.2092102083451007e-06,-1.4415665059331787e-05,-2.6339744370434664e-06,-2.2308225220718666e-06,0.0,-3.971154581636964e-06
5,2.7619443732918635e-06,-1.0444510477694822e-05,1.3371801445934978e-06,1.7403320595650976e-06,3.971154581636964e-06,0.0
