,zero_shot_baseline,in_context_learning_3-shot,style_information_style_example,chain_of_thought_zero_shot,chain_of_thought_one_shot,self-refine
0,0.0,4.191124918769993e-05,0.00021360388065269994,5.664818338699999e-05,6.79566595411e-05,-6.236792490249999e-05
1,-4.191124918769993e-05,0.0,0.000171692631465,1.473693419930006e-05,2.6045410353400062e-05,-0.00010427917409019992
2,-0.00021360388065269994,-0.000171692631465,0.0,-0.00015695569726569995,-0.00014564722111159995,-0.00027597180555519993
3,-5.664818338699999e-05,-1.473693419930006e-05,0.00015695569726569995,0.0,1.1308476154100002e-05,-0.00011901610828949998
4,-6.79566595411e-05,-2.6045410353400062e-05,0.00014564722111159995,-1.1308476154100002e-05,0.0,-0.00013032458444359998
5,6.236792490249999e-05,0.00010427917409019992,0.00027597180555519993,0.00011901610828949998,0.00013032458444359998,0.0
