,abstracts,news,reviews,qa
0,0.0,-0.00013176864014796867,0.00019908235268643133,-0.0037927244768732687
1,0.00013176864014796867,0.0,0.00033085099283439997,-0.0036609558367252997
2,-0.00019908235268643133,-0.00033085099283439997,0.0,-0.0039918068295597
3,0.0037927244768732687,0.0036609558367252997,0.0039918068295597,0.0
