,zero_shot_baseline,in_context_learning_3-shot,style_information_style_example,chain_of_thought_zero_shot,chain_of_thought_one_shot,self-refine
0,0.0,9.865567667299954e-06,1.0818110409999832e-06,3.3784900809399974e-05,0.00011204926244629999,3.4016648003999954e-05
1,-9.865567667299954e-06,0.0,-8.783756626299971e-06,2.391933314210002e-05,0.00010218369477900003,2.41510803367e-05
2,-1.0818110409999832e-06,8.783756626299971e-06,0.0,3.270308976839999e-05,0.0001109674514053,3.293483696299997e-05
3,-3.3784900809399974e-05,-2.391933314210002e-05,-3.270308976839999e-05,0.0,7.826436163690001e-05,2.3174719459998026e-07
4,-0.00011204926244629999,-0.00010218369477900003,-0.0001109674514053,-7.826436163690001e-05,0.0,-7.803261444230003e-05
5,-3.4016648003999954e-05,-2.41510803367e-05,-3.293483696299997e-05,-2.3174719459998026e-07,7.803261444230003e-05,0.0
