,mistral,deepseek,llama3.3,qwen72b,qwen32b,qwen14b,solar
0,0.0,-0.0008451900129557996,-0.0010180174975424,0.0009134544547605003,0.0027808091749352004,0.0012891932754584001,-0.0001050461606162999
1,0.0008451900129557996,0.0,-0.0001728274845866004,0.0017586444677163,0.003625999187891,0.0021343832884141998,0.0007401438523394997
2,0.0010180174975424,0.0001728274845866004,0.0,0.0019314719523029003,0.0037988266724776005,0.0023072107730008,0.0009129713369261001
3,-0.0009134544547605003,-0.0017586444677163,-0.0019314719523029003,0.0,0.0018673547201747001,0.00037573882069789986,-0.0010185006153768002
4,-0.0027808091749352004,-0.003625999187891,-0.0037988266724776005,-0.0018673547201747001,0.0,-0.0014916158994768003,-0.0028858553355515003
5,-0.0012891932754584001,-0.0021343832884141998,-0.0023072107730008,-0.00037573882069789986,0.0014916158994768003,0.0,-0.0013942394360747
6,0.0001050461606162999,-0.0007401438523394997,-0.0009129713369261001,0.0010185006153768002,0.0028858553355515003,0.0013942394360747,0.0
