,zero_shot_baseline,in_context_learning_3-shot,style_information_style_example,chain_of_thought_zero_shot,chain_of_thought_one_shot,self-refine
0,0.0,-0.0001400737482941437,-6.069612950834369e-05,-2.6162066781714793e-05,2.777214751200031e-05,-0.0001563195439567437
1,0.0001400737482941437,0.0,7.937761878580001e-05,0.0001139116815124289,0.00016784589580614402,-1.6245795662600006e-05
2,6.069612950834369e-05,-7.937761878580001e-05,0.0,3.4534062726628896e-05,8.8468277020344e-05,-9.562341444840001e-05
3,2.6162066781714793e-05,-0.0001139116815124289,-3.4534062726628896e-05,0.0,5.39342142937151e-05,-0.00013015747717502892
4,-2.777214751200031e-05,-0.00016784589580614402,-8.8468277020344e-05,-5.39342142937151e-05,0.0,-0.00018409169146874402
5,0.0001563195439567437,1.6245795662600006e-05,9.562341444840001e-05,0.00013015747717502892,0.00018409169146874402,0.0
