,zero_shot_baseline,in_context_learning_3-shot,style_information_style_example,chain_of_thought_zero_shot,chain_of_thought_one_shot,self-refine
0,0.0,-0.00041817931315769994,5.061218415739426e-05,-1.086777611999999e-05,6.171199429316544e-05,-6.691332596209999e-05
1,0.00041817931315769994,0.0,0.00046879149731509425,0.00040731153703769995,0.0004798913074508654,0.00035126598719559997
2,-5.061218415739426e-05,-0.00046879149731509425,0.0,-6.147996027739425e-05,1.1099810135771181e-05,-0.00011752551011949425
3,1.086777611999999e-05,-0.00040731153703769995,6.147996027739425e-05,0.0,7.257977041316543e-05,-5.60455498421e-05
4,-6.171199429316544e-05,-0.0004798913074508654,-1.1099810135771181e-05,-7.257977041316543e-05,0.0,-0.00012862532025526545
5,6.691332596209999e-05,-0.00035126598719559997,0.00011752551011949425,5.60455498421e-05,0.00012862532025526545,0.0
