,zero_shot_baseline,in_context_learning_3-shot,style_information_style_example,chain_of_thought_zero_shot,chain_of_thought_one_shot,self-refine
0,0.0,1.3717421124828334e-06,1.3717421124828334e-06,1.3717421124828334e-06,1.3717421124828334e-06,-4.203725828576665e-07
1,-1.3717421124828334e-06,0.0,0.0,0.0,0.0,-1.7921146953404998e-06
2,-1.3717421124828334e-06,0.0,0.0,0.0,0.0,-1.7921146953404998e-06
3,-1.3717421124828334e-06,0.0,0.0,0.0,0.0,-1.7921146953404998e-06
4,-1.3717421124828334e-06,0.0,0.0,0.0,0.0,-1.7921146953404998e-06
5,4.203725828576665e-07,1.7921146953404998e-06,1.7921146953404998e-06,1.7921146953404998e-06,1.7921146953404998e-06,0.0
