,abstracts,news,reviews,qa
0,0.0,0.0007782110805854955,0.0002355899352084955,-0.00041023690316390447
1,-0.0007782110805854955,0.0,-0.000542621145377,-0.0011884479837494001
2,-0.0002355899352084955,0.000542621145377,0.0,-0.0006458268383724
3,0.00041023690316390447,0.0011884479837494001,0.0006458268383724,0.0
