,zero_shot_baseline,in_context_learning_3-shot,style_information_style_example,chain_of_thought_zero_shot,chain_of_thought_one_shot,self-refine
0,0.0,0.00014822693556320002,3.98403932557e-05,3.877331804750004e-05,0.00010183476599530001,7.642447658370001e-05
1,-0.00014822693556320002,0.0,-0.00010838654230750002,-0.00010945361751569998,-4.6392169567900004e-05,-7.180245897950001e-05
2,-3.98403932557e-05,0.00010838654230750002,0.0,-1.06707520819996e-06,6.199437273960001e-05,3.6584083328000005e-05
3,-3.877331804750004e-05,0.00010945361751569998,1.06707520819996e-06,0.0,6.306144794779997e-05,3.7651158536199965e-05
4,-0.00010183476599530001,4.6392169567900004e-05,-6.199437273960001e-05,-6.306144794779997e-05,0.0,-2.5410289411600007e-05
5,-7.642447658370001e-05,7.180245897950001e-05,-3.6584083328000005e-05,-3.7651158536199965e-05,2.5410289411600007e-05,0.0
