,zero_shot_baseline,in_context_learning_3-shot,style_information_style_example,chain_of_thought_zero_shot,chain_of_thought_one_shot,self-refine
0,0.0,-0.00043990863412440005,-0.0005009225597544999,-0.000661035792723,0.0002645055535336,-0.0076539610231664
1,0.00043990863412440005,0.0,-6.1013925630099865e-05,-0.00022112715859859996,0.000704414187658,-0.0072140523890419994
2,0.0005009225597544999,6.1013925630099865e-05,0.0,-0.0001601132329685001,0.0007654281132880999,-0.0071530384634119
3,0.000661035792723,0.00022112715859859996,0.0001601132329685001,0.0,0.0009255413462566,-0.006992925230443399
4,-0.0002645055535336,-0.000704414187658,-0.0007654281132880999,-0.0009255413462566,0.0,-0.0079184665767
5,0.0076539610231664,0.0072140523890419994,0.0071530384634119,0.006992925230443399,0.0079184665767,0.0
