,zero_shot_baseline,in_context_learning_3-shot,style_information_style_example,chain_of_thought_zero_shot,chain_of_thought_one_shot,self-refine
0,0.0,-0.0035205768687222,-0.0022010094106043,3.6158416453499996e-05,0.00011888073560200002,-0.0005093043054015
1,0.0035205768687222,0.0,0.0013195674581179002,0.0035567352851757,0.0036394576043242,0.0030112725633207
2,0.0022010094106043,-0.0013195674581179002,0.0,0.0022371678270578,0.0023198901462063,0.0016917051052028
3,-3.6158416453499996e-05,-0.0035567352851757,-0.0022371678270578,0.0,8.272231914850003e-05,-0.000545462721855
4,-0.00011888073560200002,-0.0036394576043242,-0.0023198901462063,-8.272231914850003e-05,0.0,-0.0006281850410034999
5,0.0005093043054015,-0.0030112725633207,-0.0016917051052028,0.000545462721855,0.0006281850410034999,0.0
