,abstracts,news,reviews,qa
0,0.0,0.004324464243917466,0.019418233161184968,0.0001110472932499664
1,-0.004324464243917466,0.0,0.0150937689172675,-0.0042134169506675
2,-0.019418233161184968,-0.0150937689172675,0.0,-0.019307185867935
3,-0.0001110472932499664,0.0042134169506675,0.019307185867935,0.0
