,abstracts,news,reviews,qa
0,0.0,0.007088851118676166,-0.0009791264383514336,-0.0005073253579346336
1,-0.007088851118676166,0.0,-0.0080679775570276,-0.0075961764766108
2,0.0009791264383514336,0.0080679775570276,0.0,0.0004718010804168
3,0.0005073253579346336,0.0075961764766108,-0.0004718010804168,0.0
