,zero_shot_baseline,in_context_learning_3-shot,style_information_style_example,chain_of_thought_zero_shot,chain_of_thought_one_shot,self-refine
0,0.0,-0.0031241304665264,-2.34881712924509e-05,0.0,0.0,-0.000455781652855
1,0.0031241304665264,0.0,0.003100642295233949,0.0031241304665264,0.0031241304665264,0.0026683488136714003
2,2.34881712924509e-05,-0.003100642295233949,0.0,2.34881712924509e-05,2.34881712924509e-05,-0.0004322934815625491
3,0.0,-0.0031241304665264,-2.34881712924509e-05,0.0,0.0,-0.000455781652855
4,0.0,-0.0031241304665264,-2.34881712924509e-05,0.0,0.0,-0.000455781652855
5,0.000455781652855,-0.0026683488136714003,0.0004322934815625491,0.000455781652855,0.000455781652855,0.0
