,mistral,deepseek,llama3.3,qwen72b,qwen32b,qwen14b,solar
0,0.0,0.004902954025980698,-0.0117954670510391,0.008601892548497397,0.012481825484600396,0.009906886110394496,0.002381461303271798
1,-0.004902954025980698,0.0,-0.0166984210770198,0.003698938522516699,0.007578871458619699,0.005003932084413798,-0.0025214927227089
2,0.0117954670510391,0.0166984210770198,0.0,0.020397359599536497,0.024277292535639497,0.021702353161433596,0.014176928354310898
3,-0.008601892548497397,-0.003698938522516699,-0.020397359599536497,0.0,0.003879932936103,0.0013049935618970991,-0.006220431245225599
4,-0.012481825484600396,-0.007578871458619699,-0.024277292535639497,-0.003879932936103,0.0,-0.0025749393742059007,-0.010100364181328599
5,-0.009906886110394496,-0.005003932084413798,-0.021702353161433596,-0.0013049935618970991,0.0025749393742059007,0.0,-0.007525424807122698
6,-0.002381461303271798,0.0025214927227089,-0.014176928354310898,0.006220431245225599,0.010100364181328599,0.007525424807122698,0.0
