,zero_shot_baseline,in_context_learning_3-shot,style_information_style_example,chain_of_thought_zero_shot,chain_of_thought_one_shot,self-refine
0,0.0,0.0230103752460061,0.0011412350022403997,-0.0017017547232775002,-0.004400327817354499,-0.010514560143294497
1,-0.0230103752460061,0.0,-0.0218691402437657,-0.0247121299692836,-0.0274107030633606,-0.0335249353893006
2,-0.0011412350022403997,0.0218691402437657,0.0,-0.0028429897255179,-0.005541562819594899,-0.011655795145534897
3,0.0017017547232775002,0.0247121299692836,0.0028429897255179,0.0,-0.002698573094076999,-0.008812805420016997
4,0.004400327817354499,0.0274107030633606,0.005541562819594899,0.002698573094076999,0.0,-0.006114232325939998
5,0.010514560143294497,0.0335249353893006,0.011655795145534897,0.008812805420016997,0.006114232325939998,0.0
