,zero_shot_baseline,in_context_learning_3-shot,style_information_style_example,chain_of_thought_zero_shot,chain_of_thought_one_shot,self-refine
0,0.0,0.019682535055751002,0.00023629296732039992,-0.0016418916551320002,-0.0005175006027126998,-0.012596820449448001
1,-0.019682535055751002,0.0,-0.019446242088430602,-0.021324426710883002,-0.020200035658463702,-0.032279355505199
2,-0.00023629296732039992,0.019446242088430602,0.0,-0.0018781846224524001,-0.0007537935700330997,-0.012833113416768401
3,0.0016418916551320002,0.021324426710883002,0.0018781846224524001,0.0,0.0011243910524193004,-0.010954928794316001
4,0.0005175006027126998,0.020200035658463702,0.0007537935700330997,-0.0011243910524193004,0.0,-0.012079319846735301
5,0.012596820449448001,0.032279355505199,0.012833113416768401,0.010954928794316001,0.012079319846735301,0.0
