,zero_shot_baseline,in_context_learning_3-shot,style_information_style_example,chain_of_thought_zero_shot,chain_of_thought_one_shot,self-refine
0,0.0,0.018036636069130897,0.006283893155405701,-0.00041123314487040083,0.0034045919353056994,-0.0011033145845798994
1,-0.018036636069130897,0.0,-0.011752742913725198,-0.0184478692140013,-0.0146320441338252,-0.019139950653710797
2,-0.006283893155405701,0.011752742913725198,0.0,-0.006695126300276102,-0.0028793012201000015,-0.0073872077399856
3,0.00041123314487040083,0.0184478692140013,0.006695126300276102,0.0,0.0038158250801761003,-0.0006920814397094986
4,-0.0034045919353056994,0.0146320441338252,0.0028793012201000015,-0.0038158250801761003,0.0,-0.004507906519885599
5,0.0011033145845798994,0.019139950653710797,0.0073872077399856,0.0006920814397094986,0.004507906519885599,0.0
