,zero_shot_baseline,in_context_learning_3-shot,style_information_style_example,chain_of_thought_zero_shot,chain_of_thought_one_shot,self-refine
0,0.0,-0.0009645313084078999,0.0003204149705239999,-0.00017684571895150002,0.0003025568953001999,-0.0002022339375482001
1,0.0009645313084078999,0.0,0.0012849462789318998,0.0007876855894563999,0.0012670882037080998,0.0007622973708596998
2,-0.0003204149705239999,-0.0012849462789318998,0.0,-0.0004972606894754999,-1.78580752238e-05,-0.0005226489080722
3,0.00017684571895150002,-0.0007876855894563999,0.0004972606894754999,0.0,0.00047940261425169993,-2.538821859670009e-05
4,-0.0003025568953001999,-0.0012670882037080998,1.78580752238e-05,-0.00047940261425169993,0.0,-0.0005047908328484
5,0.0002022339375482001,-0.0007622973708596998,0.0005226489080722,2.538821859670009e-05,0.0005047908328484,0.0
