,zero_shot_baseline,in_context_learning_3-shot,style_information_style_example,chain_of_thought_zero_shot,chain_of_thought_one_shot,self-refine
0,0.0,0.0049672250366787005,0.0013283646390793002,-0.000715172828461199,0.0010353218849092002,0.0008054826849740009
1,-0.0049672250366787005,0.0,-0.0036388603975994003,-0.0056823978651398994,-0.0039319031517695,-0.0041617423517047
2,-0.0013283646390793002,0.0036388603975994003,0.0,-0.002043537467540499,-0.00029304275417009994,-0.0005228819541052993
3,0.000715172828461199,0.0056823978651398994,0.002043537467540499,0.0,0.0017504947133703992,0.0015206555134351998
4,-0.0010353218849092002,0.0039319031517695,0.00029304275417009994,-0.0017504947133703992,0.0,-0.00022983919993519938
5,-0.0008054826849740009,0.0041617423517047,0.0005228819541052993,-0.0015206555134351998,0.00022983919993519938,0.0
