,zero_shot_baseline,in_context_learning_3-shot,style_information_style_example,chain_of_thought_zero_shot,chain_of_thought_one_shot,self-refine
0,0.0,0.0017472457351377,-0.0004230944333071,-0.0004982542366263002,-4.941506306610022e-05,-0.003907483395270301
1,-0.0017472457351377,0.0,-0.0021703401684448,-0.002245499971764,-0.0017966607982038002,-0.005654729130408
2,0.0004230944333071,0.0021703401684448,0.0,-7.515980331920021e-05,0.0003736793702409998,-0.0034843889619632002
3,0.0004982542366263002,0.002245499971764,7.515980331920021e-05,0.0,0.0004488391735602,-0.003409229158644
4,4.941506306610022e-05,0.0017966607982038002,-0.0003736793702409998,-0.0004488391735602,0.0,-0.0038580683322042
5,0.003907483395270301,0.005654729130408,0.0034843889619632002,0.003409229158644,0.0038580683322042,0.0
