,abstracts,news,reviews,qa
0,0.0,0.0010894803386693,0.0049915656999076,-6.577753737139999e-05
1,-0.0010894803386693,0.0,0.0039020853612383,-0.0011552578760406999
2,-0.0049915656999076,-0.0039020853612383,0.0,-0.005057343237279
3,6.577753737139999e-05,0.0011552578760406999,0.005057343237279,0.0
