,zero_shot_baseline,in_context_learning_3-shot,style_information_style_example,chain_of_thought_zero_shot,chain_of_thought_one_shot,self-refine
0,0.0,-0.00016828933523672793,-2.6551794092801637e-05,-3.255792077070242e-06,-1.2250599135874573e-05,-2.9653770157633714e-05
1,0.00016828933523672793,0.0,0.0001417375411439263,0.0001650335431596577,0.00015603873610085337,0.0001386355650790942
2,2.6551794092801637e-05,-0.0001417375411439263,0.0,2.3296002015731395e-05,1.4301194956927064e-05,-3.1019760648320774e-06
3,3.255792077070242e-06,-0.0001650335431596577,-2.3296002015731395e-05,0.0,-8.99480705880433e-06,-2.6397978080563472e-05
4,1.2250599135874573e-05,-0.00015603873610085337,-1.4301194956927064e-05,8.99480705880433e-06,0.0,-1.7403171021759142e-05
5,2.9653770157633714e-05,-0.0001386355650790942,3.1019760648320774e-06,2.6397978080563472e-05,1.7403171021759142e-05,0.0
