,zero_shot_baseline,in_context_learning_3-shot,style_information_style_example,chain_of_thought_zero_shot,chain_of_thought_one_shot,self-refine
0,0.0,0.0019457874114230998,-0.0008335144451498003,2.0920675414099876e-05,0.0003420458605216999,-0.0044297945205122
1,-0.0019457874114230998,0.0,-0.0027793018565729,-0.001924866736009,-0.0016037415509014,-0.0063755819319353
2,0.0008335144451498003,0.0027793018565729,0.0,0.0008544351205639002,0.0011755603056715002,-0.0035962800753624
3,-2.0920675414099876e-05,0.001924866736009,-0.0008544351205639002,0.0,0.00032112518510760005,-0.0044507151959263
4,-0.0003420458605216999,0.0016037415509014,-0.0011755603056715002,-0.00032112518510760005,0.0,-0.0047718403810339
5,0.0044297945205122,0.0063755819319353,0.0035962800753624,0.0044507151959263,0.0047718403810339,0.0
