,abstracts,news,reviews,qa
0,0.0,-0.00011327304147657331,-0.00017068268757398282,-0.00010811728850946661
1,0.00011327304147657331,0.0,-5.7409646097409506e-05,5.155752967106716e-06
2,0.00017068268757398282,5.7409646097409506e-05,0.0,6.256539906451622e-05
3,0.00010811728850946661,-5.155752967106716e-06,-6.256539906451622e-05,0.0
