,zero_shot_baseline,in_context_learning_3-shot,style_information_style_example,chain_of_thought_zero_shot,chain_of_thought_one_shot,self-refine
0,0.0,-2.6802537795500006e-05,6.544701815899996e-05,-0.0001586520435805,-0.00014145993639449995,-0.0013986863704684
1,2.6802537795500006e-05,0.0,9.224955595449997e-05,-0.000131849505785,-0.00011465739859899994,-0.0013718838326729
2,-6.544701815899996e-05,-9.224955595449997e-05,0.0,-0.00022409906173949997,-0.0002069069545534999,-0.0014641333886274
3,0.0001586520435805,0.000131849505785,0.00022409906173949997,0.0,1.719210718600006e-05,-0.0012400343268879
4,0.00014145993639449995,0.00011465739859899994,0.0002069069545534999,-1.719210718600006e-05,0.0,-0.0012572264340739
5,0.0013986863704684,0.0013718838326729,0.0014641333886274,0.0012400343268879,0.0012572264340739,0.0
