,zero_shot_baseline,in_context_learning_3-shot,style_information_style_example,chain_of_thought_zero_shot,chain_of_thought_one_shot,self-refine
0,0.0,-0.0011596096207188,8.714263911520001e-05,3.102939034289995e-05,-0.0001279999669045,-0.0012269460757093
1,0.0011596096207188,0.0,0.001246752259834,0.0011906390110617,0.0010316096538143002,-6.733645499050001e-05
2,-8.714263911520001e-05,-0.001246752259834,0.0,-5.6113248772300065e-05,-0.0002151426060197,-0.0013140887148245
3,-3.102939034289995e-05,-0.0011906390110617,5.6113248772300065e-05,0.0,-0.00015902935724739994,-0.0012579754660522
4,0.0001279999669045,-0.0010316096538143002,0.0002151426060197,0.00015902935724739994,0.0,-0.0010989461088048002
5,0.0012269460757093,6.733645499050001e-05,0.0013140887148245,0.0012579754660522,0.0010989461088048002,0.0
