,zero_shot_baseline,in_context_learning_3-shot,style_information_style_example,chain_of_thought_zero_shot,chain_of_thought_one_shot,self-refine
0,0.0,6.909993265119999e-05,0.00010567838165309999,4.1341495714999996e-05,-7.53333021735e-05,-0.00030575510039419995
1,-6.909993265119999e-05,0.0,3.6578449001900006e-05,-2.775843693619999e-05,-0.00014443323482469999,-0.00037485503304539997
2,-0.00010567838165309999,-3.6578449001900006e-05,0.0,-6.43368859381e-05,-0.0001810116838266,-0.0004114334820473
3,-4.1341495714999996e-05,2.775843693619999e-05,6.43368859381e-05,0.0,-0.0001166747978885,-0.00034709659610919995
4,7.53333021735e-05,0.00014443323482469999,0.0001810116838266,0.0001166747978885,0.0,-0.00023042179822069995
5,0.00030575510039419995,0.00037485503304539997,0.0004114334820473,0.00034709659610919995,0.00023042179822069995,0.0
