,zero_shot_baseline,in_context_learning_3-shot,style_information_style_example,chain_of_thought_zero_shot,chain_of_thought_one_shot,self-refine
0,0.0,0.0002346347487129001,2.001003727200015e-05,2.894537050230012e-05,0.0005229196564855002,0.0005056918610983003
1,-0.0002346347487129001,0.0,-0.00021462471144089996,-0.0002056893782106,0.0002882849077726001,0.00027105711238540014
2,-2.001003727200015e-05,0.00021462471144089996,0.0,8.93533323029997e-06,0.0005029096192135001,0.0004856818238263001
3,-2.894537050230012e-05,0.0002056893782106,-8.93533323029997e-06,0.0,0.0004939742859832001,0.00047674649059600014
4,-0.0005229196564855002,-0.0002882849077726001,-0.0005029096192135001,-0.0004939742859832001,0.0,-1.722779538719998e-05
5,-0.0005056918610983003,-0.00027105711238540014,-0.0004856818238263001,-0.00047674649059600014,1.722779538719998e-05,0.0
