,zero_shot_baseline,in_context_learning_3-shot,style_information_style_example,chain_of_thought_zero_shot,chain_of_thought_one_shot,self-refine
0,0.0,-0.00018898891443170003,-0.00021186612854969997,2.883494438390001e-05,0.0001131812674642,6.297797204049999e-05
1,0.00018898891443170003,0.0,-2.2877214117999947e-05,0.00021782385881560003,0.0003021701818959,0.0002519668864722
2,0.00021186612854969997,2.2877214117999947e-05,0.0,0.00024070107293359998,0.00032504739601389997,0.00027484410059019996
3,-2.883494438390001e-05,-0.00021782385881560003,-0.00024070107293359998,0.0,8.434632308029999e-05,3.414302765659998e-05
4,-0.0001131812674642,-0.0003021701818959,-0.00032504739601389997,-8.434632308029999e-05,0.0,-5.020329542370001e-05
5,-6.297797204049999e-05,-0.0002519668864722,-0.00027484410059019996,-3.414302765659998e-05,5.020329542370001e-05,0.0
