,zero_shot_baseline,in_context_learning_3-shot,style_information_style_example,chain_of_thought_zero_shot,chain_of_thought_one_shot,self-refine
0,0.0,-5.131224467130012e-05,-0.0019339314425735003,-0.0009644330158618004,0.00032341311396269935,-0.0032291149580657005
1,5.131224467130012e-05,0.0,-0.0018826191979022001,-0.0009131207711905003,0.00037472535863399947,-0.0031778027133944004
2,0.0019339314425735003,0.0018826191979022001,0.0,0.0009694984267116999,0.0022573445565361996,-0.0012951835154922002
3,0.0009644330158618004,0.0009131207711905003,-0.0009694984267116999,0.0,0.0012878461298244997,-0.0022646819422039
4,-0.00032341311396269935,-0.00037472535863399947,-0.0022573445565361996,-0.0012878461298244997,0.0,-0.0035525280720284
5,0.0032291149580657005,0.0031778027133944004,0.0012951835154922002,0.0022646819422039,0.0035525280720284,0.0
