,zero_shot_baseline,in_context_learning_3-shot,style_information_style_example,chain_of_thought_zero_shot,chain_of_thought_one_shot,self-refine
0,0.0,0.00011782538824000005,0.00020096548684780003,1.2104177643000114e-06,4.007977494920002e-05,-0.0004673030636009
1,-0.00011782538824000005,0.0,8.314009860779998e-05,-0.00011661497047570004,-7.774561329080003e-05,-0.0005851284518409001
2,-0.00020096548684780003,-8.314009860779998e-05,0.0,-0.00019975506908350002,-0.0001608857118986,-0.0006682685504487
3,-1.2104177643000114e-06,0.00011661497047570004,0.00019975506908350002,0.0,3.886935718490001e-05,-0.0004685134813652
4,-4.007977494920002e-05,7.774561329080003e-05,0.0001608857118986,-3.886935718490001e-05,0.0,-0.0005073828385501
5,0.0004673030636009,0.0005851284518409001,0.0006682685504487,0.0004685134813652,0.0005073828385501,0.0
