,zero_shot_baseline,in_context_learning_3-shot,style_information_style_example,chain_of_thought_zero_shot,chain_of_thought_one_shot,self-refine
0,0.0,0.00012504671883229997,-0.00010074075232549995,6.029223353689998e-05,-0.0002901914212086,-0.00017054235627150002
1,-0.00012504671883229997,0.0,-0.00022578747115779992,-6.475448529539999e-05,-0.00041523814004089995,-0.0002955890751038
2,0.00010074075232549995,0.00022578747115779992,0.0,0.00016103298586239993,-0.00018945066888310003,-6.980160394600007e-05
3,-6.029223353689998e-05,6.475448529539999e-05,-0.00016103298586239993,0.0,-0.00035048365474549996,-0.0002308345898084
4,0.0002901914212086,0.00041523814004089995,0.00018945066888310003,0.00035048365474549996,0.0,0.00011964906493709996
5,0.00017054235627150002,0.0002955890751038,6.980160394600007e-05,0.0002308345898084,-0.00011964906493709996,0.0
