,zero_shot_baseline,in_context_learning_3-shot,style_information_style_example,chain_of_thought_zero_shot,chain_of_thought_one_shot,self-refine
0,0.0,0.004024035517409402,0.00021019327870590299,-0.0016590330476730988,-0.0127209197766649,-0.0016089658991967001
1,-0.004024035517409402,0.0,-0.0038138422387034993,-0.005683068565082501,-0.016744955294074302,-0.005633001416606102
2,-0.00021019327870590299,0.0038138422387034993,0.0,-0.0018692263263790018,-0.012931113055370803,-0.0018191591779026031
3,0.0016590330476730988,0.005683068565082501,0.0018692263263790018,0.0,-0.011061886728991801,5.0067148476398704e-05
4,0.0127209197766649,0.016744955294074302,0.012931113055370803,0.011061886728991801,0.0,0.0111119538774682
5,0.0016089658991967001,0.005633001416606102,0.0018191591779026031,-5.0067148476398704e-05,-0.0111119538774682,0.0
