,zero_shot_baseline,in_context_learning_3-shot,style_information_style_example,chain_of_thought_zero_shot,chain_of_thought_one_shot,self-refine
0,0.0,-0.0015612273775263003,-0.0015231705503860001,0.00022585835844620003,-0.0005754018010994,-0.0031777429027305
1,0.0015612273775263003,0.0,3.805682714030012e-05,0.0017870857359725003,0.0009858255764269002,-0.0016165155252041998
2,0.0015231705503860001,-3.805682714030012e-05,0.0,0.0017490289088322002,0.0009477687492866001,-0.0016545723523445
3,-0.00022585835844620003,-0.0017870857359725003,-0.0017490289088322002,0.0,-0.0008012601595456001,-0.0034036012611767
4,0.0005754018010994,-0.0009858255764269002,-0.0009477687492866001,0.0008012601595456001,0.0,-0.0026023411016311
5,0.0031777429027305,0.0016165155252041998,0.0016545723523445,0.0034036012611767,0.0026023411016311,0.0
