,zero_shot_baseline,in_context_learning_3-shot,style_information_style_example,chain_of_thought_zero_shot,chain_of_thought_one_shot,self-refine
0,0.0,-0.00022621770901170348,-0.00023228598357720345,-1.837577655286311e-05,-0.00030575552493400344,-6.333133725545199e-06
1,0.00022621770901170348,0.0,-6.068274565499971e-06,0.00020784193245884037,-7.953781592229996e-05,0.00021988457528615828
2,0.00023228598357720345,6.068274565499971e-06,0.0,0.00021391020702434034,-7.346954135679999e-05,0.00022595284985165825
3,1.837577655286311e-05,-0.00020784193245884037,-0.00021391020702434034,0.0,-0.0002873797483811403,1.204264282731791e-05
4,0.00030575552493400344,7.953781592229996e-05,7.346954135679999e-05,0.0002873797483811403,0.0,0.00029942239120845824
5,6.333133725545199e-06,-0.00021988457528615828,-0.00022595284985165825,-1.204264282731791e-05,-0.00029942239120845824,0.0
