,zero_shot_baseline,in_context_learning_3-shot,style_information_style_example,chain_of_thought_zero_shot,chain_of_thought_one_shot,self-refine
0,0.0,0.0001601127409553,-0.00030307615302610003,-3.321461872599985e-06,7.627041359729999e-05,4.449565372970001e-05
1,-0.0001601127409553,0.0,-0.00046318889398140004,-0.0001634342028279,-8.384232735800002e-05,-0.0001156170872256
2,0.00030307615302610003,0.00046318889398140004,0.0,0.00029975469115350005,0.0003793465666234,0.00034757180675580005
3,3.321461872599985e-06,0.0001634342028279,-0.00029975469115350005,0.0,7.959187546989998e-05,4.78171156023e-05
4,-7.627041359729999e-05,8.384232735800002e-05,-0.0003793465666234,-7.959187546989998e-05,0.0,-3.177475986759998e-05
5,-4.449565372970001e-05,0.0001156170872256,-0.00034757180675580005,-4.78171156023e-05,3.177475986759998e-05,0.0
