,zero_shot_baseline,in_context_learning_3-shot,style_information_style_example,chain_of_thought_zero_shot,chain_of_thought_one_shot,self-refine
0,0.0,-0.0003455182936355,0.0006486038343384001,0.0007091137190388001,0.00037541941247340015,-0.0014022818385524
1,0.0003455182936355,0.0,0.0009941221279739002,0.0010546320126743002,0.0007209377061089001,-0.0010567635449169
2,-0.0006486038343384001,-0.0009941221279739002,0.0,6.05098847004e-05,-0.00027318442186499996,-0.0020508856728908
3,-0.0007091137190388001,-0.0010546320126743002,-6.05098847004e-05,0.0,-0.00033369430656539996,-0.0021113955575912
4,-0.00037541941247340015,-0.0007209377061089001,0.00027318442186499996,0.00033369430656539996,0.0,-0.0017777012510258002
5,0.0014022818385524,0.0010567635449169,0.0020508856728908,0.0021113955575912,0.0017777012510258002,0.0
