,mistral,deepseek,llama3.3,qwen72b,qwen32b,qwen14b,solar
0,0.0,4.992520584099993e-06,6.197499478080345e-05,-0.00012781940057640003,-0.00020166652662020003,-0.000214579127199,-5.1089919121100015e-05
1,-4.992520584099993e-06,0.0,5.698247419670346e-05,-0.00013281192116050002,-0.00020665904720430003,-0.0002195716477831,-5.608243970520001e-05
2,-6.197499478080345e-05,-5.698247419670346e-05,0.0,-0.00018979439535720348,-0.0002636415214010035,-0.00027655412197980346,-0.00011306491390190347
3,0.00012781940057640003,0.00013281192116050002,0.00018979439535720348,0.0,-7.38471260438e-05,-8.675972662259998e-05,7.672948145530002e-05
4,0.00020166652662020003,0.00020665904720430003,0.0002636415214010035,7.38471260438e-05,0.0,-1.2912600578799977e-05,0.00015057660749910002
5,0.000214579127199,0.0002195716477831,0.00027655412197980346,8.675972662259998e-05,1.2912600578799977e-05,0.0,0.0001634892080779
6,5.1089919121100015e-05,5.608243970520001e-05,0.00011306491390190347,-7.672948145530002e-05,-0.00015057660749910002,-0.0001634892080779,0.0
