,abstracts,news,reviews,qa
0,0.0,0.0025351290016313,-0.0009177820979091,-0.0030207285358736
1,-0.0025351290016313,0.0,-0.0034529110995404,-0.0055558575375049
2,0.0009177820979091,0.0034529110995404,0.0,-0.0021029464379645
3,0.0030207285358736,0.0055558575375049,0.0021029464379645,0.0
