,zero_shot_baseline,in_context_learning_3-shot,style_information_style_example,chain_of_thought_zero_shot,chain_of_thought_one_shot,self-refine
0,0.0,-0.00017903897379669992,0.00011149939198980003,-0.000155170803653,-3.7606436912999194e-06,-0.001199439962327
1,0.00017903897379669992,0.0,0.00029053836578649996,2.3868170143699933e-05,0.0001752783301054,-0.0010204009885303
2,-0.00011149939198980003,-0.00029053836578649996,0.0,-0.0002666701956428,-0.00011526003568109995,-0.0013109393543168
3,0.000155170803653,-2.3868170143699933e-05,0.0002666701956428,0.0,0.00015141015996170007,-0.0010442691586740002
4,3.7606436912999194e-06,-0.0001752783301054,0.00011526003568109995,-0.00015141015996170007,0.0,-0.0011956793186357001
5,0.001199439962327,0.0010204009885303,0.0013109393543168,0.0010442691586740002,0.0011956793186357001,0.0
