,zero_shot_baseline,in_context_learning_3-shot,style_information_style_example,chain_of_thought_zero_shot,chain_of_thought_one_shot,self-refine
0,0.0,-6.37142615888e-05,2.8505526300999986e-05,2.9534123628999947e-06,-0.00013905802256530003,-6.905554575690001e-05
1,6.37142615888e-05,0.0,9.221978788979999e-05,6.66676739517e-05,-7.534376097650003e-05,-5.341284168100009e-06
2,-2.8505526300999986e-05,-9.221978788979999e-05,0.0,-2.555211393809999e-05,-0.00016756354886630003,-9.75610720579e-05
3,-2.9534123628999947e-06,-6.66676739517e-05,2.555211393809999e-05,0.0,-0.00014201143492820003,-7.20089581198e-05
4,0.00013905802256530003,7.534376097650003e-05,0.00016756354886630003,0.00014201143492820003,0.0,7.000247680840003e-05
5,6.905554575690001e-05,5.341284168100009e-06,9.75610720579e-05,7.20089581198e-05,-7.000247680840003e-05,0.0
