,zero_shot_baseline,in_context_learning_3-shot,style_information_style_example,chain_of_thought_zero_shot,chain_of_thought_one_shot,self-refine
0,0.0,0.0004568689251580999,9.525863729669976e-05,2.2055914059970066e-07,0.0010191209443701998,0.0005174400799898998
1,-0.0004568689251580999,0.0,-0.00036161028786140014,-0.0004566483660175002,0.0005622520192121,6.0571154831799874e-05
2,-9.525863729669976e-05,0.00036161028786140014,0.0,-9.503807815610006e-05,0.0009238623070735001,0.0004221814426932
3,-2.2055914059970066e-07,0.0004566483660175002,9.503807815610006e-05,0.0,0.0010189003852296,0.0005172195208493001
4,-0.0010191209443701998,-0.0005622520192121,-0.0009238623070735001,-0.0010189003852296,0.0,-0.0005016808643803001
5,-0.0005174400799898998,-6.0571154831799874e-05,-0.0004221814426932,-0.0005172195208493001,0.0005016808643803001,0.0
