,zero_shot_baseline,in_context_learning_3-shot,style_information_style_example,chain_of_thought_zero_shot,chain_of_thought_one_shot,self-refine
0,0.0,-0.0010062297934844001,4.906142763870004e-05,0.00046750244777649997,-0.0002386915785332999,-0.0020421894829667
1,0.0010062297934844001,0.0,0.0010552912211231002,0.0014737322412609,0.0007675382149511002,-0.0010359596894822997
2,-4.906142763870004e-05,-0.0010552912211231002,0.0,0.00041844102013779993,-0.00028775300617199994,-0.0020912509106054
3,-0.00046750244777649997,-0.0014737322412609,-0.00041844102013779993,0.0,-0.0007061940263097999,-0.0025096919307432
4,0.0002386915785332999,-0.0007675382149511002,0.00028775300617199994,0.0007061940263097999,0.0,-0.0018034979044334
5,0.0020421894829667,0.0010359596894822997,0.0020912509106054,0.0025096919307432,0.0018034979044334,0.0
