,zero_shot_baseline,in_context_learning_3-shot,style_information_style_example,chain_of_thought_zero_shot,chain_of_thought_one_shot,self-refine
0,0.0,-0.00017643836749920002,-0.0005512805883829003,-5.8341025332600115e-05,0.0005254391340574999,0.00028003761828019995
1,0.00017643836749920002,0.0,-0.00037484222088370023,0.00011809734216659991,0.0007018775015566999,0.00045647598577939997
2,0.0005512805883829003,0.00037484222088370023,0.0,0.0004929395630503001,0.0010767197224404,0.0008313182066631002
3,5.8341025332600115e-05,-0.00011809734216659991,-0.0004929395630503001,0.0,0.0005837801593901,0.00033837864361280006
4,-0.0005254391340574999,-0.0007018775015566999,-0.0010767197224404,-0.0005837801593901,0.0,-0.0002454015157772999
5,-0.00028003761828019995,-0.00045647598577939997,-0.0008313182066631002,-0.00033837864361280006,0.0002454015157772999,0.0
