,zero_shot_baseline,in_context_learning_3-shot,style_information_style_example,chain_of_thought_zero_shot,chain_of_thought_one_shot,self-refine
0,0.0,0.0008141675356535,0.0005018007615393001,-0.0001812675316915,-0.0005703217780949001,-0.00033354097789569997
1,-0.0008141675356535,0.0,-0.00031236677411419994,-0.000995435067345,-0.0013844893137484001,-0.0011477085135492
2,-0.0005018007615393001,0.00031236677411419994,0.0,-0.0006830682932308001,-0.0010721225396342002,-0.0008353417394350001
3,0.0001812675316915,0.000995435067345,0.0006830682932308001,0.0,-0.0003890542464034001,-0.00015227344620419997
4,0.0005703217780949001,0.0013844893137484001,0.0010721225396342002,0.0003890542464034001,0.0,0.0002367808001992001
5,0.00033354097789569997,0.0011477085135492,0.0008353417394350001,0.00015227344620419997,-0.0002367808001992001,0.0
