,zero_shot_baseline,in_context_learning_3-shot,style_information_style_example,chain_of_thought_zero_shot,chain_of_thought_one_shot,self-refine
0,0.0,0.00017279058290100083,-0.0019773469518095995,-0.00012053154577919972,-0.0010399571836515993,0.0002421375510986007
1,-0.00017279058290100083,0.0,-0.0021501375347106003,-0.00029332212868020055,-0.0012127477665526002,6.934696819759986e-05
2,0.0019773469518095995,0.0021501375347106003,0.0,0.0018568154060303998,0.0009373897681580002,0.0022194845029082
3,0.00012053154577919972,0.00029332212868020055,-0.0018568154060303998,0.0,-0.0009194256378723996,0.0003626690968778004
4,0.0010399571836515993,0.0012127477665526002,-0.0009373897681580002,0.0009194256378723996,0.0,0.0012820947347502
5,-0.0002421375510986007,-6.934696819759986e-05,-0.0022194845029082,-0.0003626690968778004,-0.0012820947347502,0.0
