,mistral,deepseek,llama3.3,qwen72b,qwen32b,qwen14b,solar
0,0.0,-0.0002734193817159,0.00034100703494590007,-0.0016331466387864999,-0.0032416313637960003,-0.0035921774322830004,-0.0039790458002107
1,0.0002734193817159,0.0,0.0006144264166618001,-0.0013597272570705999,-0.0029682119820801,-0.0033187580505671,-0.0037056264184948
2,-0.00034100703494590007,-0.0006144264166618001,0.0,-0.0019741536737324,-0.0035826383987419,-0.003933184467228901,-0.0043200528351566
3,0.0016331466387864999,0.0013597272570705999,0.0019741536737324,0.0,-0.0016084847250095002,-0.0019590307934965003,-0.0023458991614242
4,0.0032416313637960003,0.0029682119820801,0.0035826383987419,0.0016084847250095002,0.0,-0.0003505460684870001,-0.0007374144364147
5,0.0035921774322830004,0.0033187580505671,0.003933184467228901,0.0019590307934965003,0.0003505460684870001,0.0,-0.0003868683679276999
6,0.0039790458002107,0.0037056264184948,0.0043200528351566,0.0023458991614242,0.0007374144364147,0.0003868683679276999,0.0
