,zero_shot_baseline,in_context_learning_3-shot,style_information_style_example,chain_of_thought_zero_shot,chain_of_thought_one_shot,self-refine
0,0.0,0.0007709879664068,0.0005944647903889998,-0.0001991673285738002,0.00044078096881790003,6.976086219579987e-05
1,-0.0007709879664068,0.0,-0.0001765231760178002,-0.0009701552949806002,-0.00033020699758889993,-0.0007012271042110001
2,-0.0005944647903889998,0.0001765231760178002,0.0,-0.0007936321189628,-0.00015368382157109972,-0.0005247039281931999
3,0.0001991673285738002,0.0009701552949806002,0.0007936321189628,0.0,0.0006399482973917002,0.0002689281907696001
4,-0.00044078096881790003,0.00033020699758889993,0.00015368382157109972,-0.0006399482973917002,0.0,-0.00037102010662210015
5,-6.976086219579987e-05,0.0007012271042110001,0.0005247039281931999,-0.0002689281907696001,0.00037102010662210015,0.0
