,zero_shot_baseline,in_context_learning_3-shot,style_information_style_example,chain_of_thought_zero_shot,chain_of_thought_one_shot,self-refine
0,0.0,0.0084028941002009,0.0036353577034963017,-0.0005122434819243987,-0.0004005351578637989,0.001220257601263701
1,-0.0084028941002009,0.0,-0.004767536396704599,-0.0089151375821253,-0.0088034292580647,-0.0071826364989372
2,-0.0036353577034963017,0.004767536396704599,0.0,-0.0041476011854207,-0.0040358928613601006,-0.0024151001022326007
3,0.0005122434819243987,0.0089151375821253,0.0041476011854207,0.0,0.00011170832406059983,0.0017325010831880996
4,0.0004005351578637989,0.0088034292580647,0.0040358928613601006,-0.00011170832406059983,0.0,0.0016207927591274998
5,-0.001220257601263701,0.0071826364989372,0.0024151001022326007,-0.0017325010831880996,-0.0016207927591274998,0.0
