,zero_shot_baseline,in_context_learning_3-shot,style_information_style_example,chain_of_thought_zero_shot,chain_of_thought_one_shot,self-refine
0,0.0,-0.0008185027715457999,0.00035070962048020004,-0.00012747627510939974,0.0011436690651272002,-0.000502261174234
1,0.0008185027715457999,0.0,0.001169212392026,0.0006910264964364002,0.0019621718366730004,0.00031624159731179994
2,-0.00035070962048020004,-0.001169212392026,0.0,-0.00047818589558959977,0.0007929594446470002,-0.0008529707947142
3,0.00012747627510939974,-0.0006910264964364002,0.00047818589558959977,0.0,0.0012711453402366,-0.00037478489912460026
4,-0.0011436690651272002,-0.0019621718366730004,-0.0007929594446470002,-0.0012711453402366,0.0,-0.0016459302393612002
5,0.000502261174234,-0.00031624159731179994,0.0008529707947142,0.00037478489912460026,0.0016459302393612002,0.0
