,zero_shot_baseline,in_context_learning_3-shot,style_information_style_example,chain_of_thought_zero_shot,chain_of_thought_one_shot,self-refine
0,0.0,0.0018861825811611003,0.0011558271954610001,1.5281343169800538e-05,0.0006010957103920003,-0.0009998374205768
1,-0.0018861825811611003,0.0,-0.0007303553857001001,-0.0018709012379912997,-0.0012850868707691,-0.0028860200017379
2,-0.0011558271954610001,0.0007303553857001001,0.0,-0.0011405458522911996,-0.0005547314850689999,-0.0021556646160378
3,-1.5281343169800538e-05,0.0018709012379912997,0.0011405458522911996,0.0,0.0005858143672221997,-0.0010151187637466004
4,-0.0006010957103920003,0.0012850868707691,0.0005547314850689999,-0.0005858143672221997,0.0,-0.0016009331309688002
5,0.0009998374205768,0.0028860200017379,0.0021556646160378,0.0010151187637466004,0.0016009331309688002,0.0
