,zero_shot_baseline,in_context_learning_3-shot,style_information_style_example,chain_of_thought_zero_shot,chain_of_thought_one_shot,self-refine
0,0.0,-0.00029148619425829996,-0.00013173219236589997,-2.3414979627800025e-05,-7.166236135409997e-05,-0.0005588412500890001
1,0.00029148619425829996,0.0,0.0001597540018924,0.00026807121463049994,0.0002198238329042,-0.00026735505583070013
2,0.00013173219236589997,-0.0001597540018924,0.0,0.00010831721273809995,6.0069831011800006e-05,-0.0004271090577231001
3,2.3414979627800025e-05,-0.00026807121463049994,-0.00010831721273809995,0.0,-4.8247381726299944e-05,-0.0005354262704612001
4,7.166236135409997e-05,-0.0002198238329042,-6.0069831011800006e-05,4.8247381726299944e-05,0.0,-0.00048717888873490013
5,0.0005588412500890001,0.00026735505583070013,0.0004271090577231001,0.0005354262704612001,0.00048717888873490013,0.0
