,zero_shot_baseline,in_context_learning_3-shot,style_information_style_example,chain_of_thought_zero_shot,chain_of_thought_one_shot,self-refine
0,0.0,0.00046541032512500014,0.00015438660430090018,-5.379300339059976e-05,0.00048635078161350003,0.00020207651959270006
1,-0.00046541032512500014,0.0,-0.00031102372082409996,-0.0005192033285155999,2.0940456488499886e-05,-0.0002633338055323001
2,-0.00015438660430090018,0.00031102372082409996,0.0,-0.00020817960769149995,0.00033196417731259985,4.768991529179988e-05
3,5.379300339059976e-05,0.0005192033285155999,0.00020817960769149995,0.0,0.0005401437850040998,0.00025586952298329983
4,-0.00048635078161350003,-2.0940456488499886e-05,-0.00033196417731259985,-0.0005401437850040998,0.0,-0.00028427426202079996
5,-0.00020207651959270006,0.0002633338055323001,-4.768991529179988e-05,-0.00025586952298329983,0.00028427426202079996,0.0
