,abstracts,news,reviews,qa
0,0.0,-0.0002494272248208811,-8.316240878060179e-05,-0.00032758390209558107
1,0.0002494272248208811,0.0,0.0001662648160402793,-7.815667727469999e-05
2,8.316240878060179e-05,-0.0001662648160402793,0.0,-0.0002444214933149793
3,0.00032758390209558107,7.815667727469999e-05,0.0002444214933149793,0.0
