,zero_shot_baseline,in_context_learning_3-shot,style_information_style_example,chain_of_thought_zero_shot,chain_of_thought_one_shot,self-refine
0,0.0,0.0014541751455395,-0.0012430425323864003,1.4711066519499695e-05,-0.0056119174708154,5.9927630096099846e-05
1,-0.0014541751455395,0.0,-0.0026972176779259003,-0.0014394640790200003,-0.0070660926163549,-0.0013942475154434001
2,0.0012430425323864003,0.0026972176779259003,0.0,0.0012577535989059,-0.0043688749384289995,0.0013029701624825002
3,-1.4711066519499695e-05,0.0014394640790200003,-0.0012577535989059,0.0,-0.0056266285373348995,4.521656357660015e-05
4,0.0056119174708154,0.0070660926163549,0.0043688749384289995,0.0056266285373348995,0.0,0.0056718451009115
5,-5.9927630096099846e-05,0.0013942475154434001,-0.0013029701624825002,-4.521656357660015e-05,-0.0056718451009115,0.0
