,zero_shot_baseline,in_context_learning_3-shot,style_information_style_example,chain_of_thought_zero_shot,chain_of_thought_one_shot,self-refine
0,0.0,-2.08611236843e-05,-9.6233556122e-05,6.847431017380001e-05,2.7576599343500036e-05,0.0001862274340669
1,2.08611236843e-05,0.0,-7.53724324377e-05,8.933543385810001e-05,4.8437723027800036e-05,0.0002070885577512
2,9.6233556122e-05,7.53724324377e-05,0.0,0.0001647078662958,0.00012381015546550003,0.0002824609901889
3,-6.847431017380001e-05,-8.933543385810001e-05,-0.0001647078662958,0.0,-4.0897710830299974e-05,0.0001177531238931
4,-2.7576599343500036e-05,-4.8437723027800036e-05,-0.00012381015546550003,4.0897710830299974e-05,0.0,0.00015865083472339997
5,-0.0001862274340669,-0.0002070885577512,-0.0002824609901889,-0.0001177531238931,-0.00015865083472339997,0.0
