,abstracts,news,reviews,qa
0,0.0,-0.0005251424125117999,0.00010499322953660007,0.00016063456631930004
1,0.0005251424125117999,0.0,0.0006301356420484,0.0006857769788311
2,-0.00010499322953660007,-0.0006301356420484,0.0,5.564133678269997e-05
3,-0.00016063456631930004,-0.0006857769788311,-5.564133678269997e-05,0.0
