,abstracts,news,reviews,qa
0,0.0,-0.000157536604331301,-0.0002897992061680166,-0.0002524461229100166
1,0.000157536604331301,0.0,-0.00013226260183671565,-9.490951857871565e-05
2,0.0002897992061680166,0.00013226260183671565,0.0,3.7353083258e-05
3,0.0002524461229100166,9.490951857871565e-05,-3.7353083258e-05,0.0
