,zero_shot_baseline,in_context_learning_3-shot,style_information_style_example,chain_of_thought_zero_shot,chain_of_thought_one_shot,self-refine
0,0.0,0.00025901407716119997,0.00016651415765399997,7.645639203340002e-05,-1.5990491117700016e-05,-0.0022386266666678998
1,-0.00025901407716119997,0.0,-9.249991950719999e-05,-0.00018255768512779995,-0.0002750045682789,-0.0024976407438290996
2,-0.00016651415765399997,9.249991950719999e-05,0.0,-9.005776562059995e-05,-0.0001825046487717,-0.0024051408243219
3,-7.645639203340002e-05,0.00018255768512779995,9.005776562059995e-05,0.0,-9.244688315110004e-05,-0.0023150830587013
4,1.5990491117700016e-05,0.0002750045682789,0.0001825046487717,9.244688315110004e-05,0.0,-0.0022226361755502
5,0.0022386266666678998,0.0024976407438290996,0.0024051408243219,0.0023150830587013,0.0022226361755502,0.0
