,zero_shot_baseline,in_context_learning_3-shot,style_information_style_example,chain_of_thought_zero_shot,chain_of_thought_one_shot,self-refine
0,0.0,0.00015692952511959997,0.0001243595513021,2.8041655509200005e-05,-1.508587347810004e-05,-0.0002737889978392
1,-0.00015692952511959997,0.0,-3.256997381749998e-05,-0.00012888786961039997,-0.0001720153985977,-0.0004307185229588
2,-0.0001243595513021,3.256997381749998e-05,0.0,-9.631789579289999e-05,-0.00013944542478020003,-0.0003981485491413
3,-2.8041655509200005e-05,0.00012888786961039997,9.631789579289999e-05,0.0,-4.3127528987300045e-05,-0.0003018306533484
4,1.508587347810004e-05,0.0001720153985977,0.00013944542478020003,4.3127528987300045e-05,0.0,-0.00025870312436109997
5,0.0002737889978392,0.0004307185229588,0.0003981485491413,0.0003018306533484,0.00025870312436109997,0.0
