,abstracts,news,reviews,qa
0,0.0,-0.00039463203991045906,-5.5714040072042014e-05,-0.000264825944990859
1,0.00039463203991045906,0.0,0.000338917999838417,0.0001298060949196
2,5.5714040072042014e-05,-0.000338917999838417,0.0,-0.00020911190491881701
3,0.000264825944990859,-0.0001298060949196,0.00020911190491881701,0.0
