,zero_shot_baseline,in_context_learning_3-shot,style_information_style_example,chain_of_thought_zero_shot,chain_of_thought_one_shot,self-refine
0,0.0,-3.060934397457358e-05,1.97307824792158e-05,1.5056234503217435e-05,-5.376009683897832e-06,3.714544639191303e-06
1,3.060934397457358e-05,0.0,5.0340126453789384e-05,4.5665578477791016e-05,2.523333429067575e-05,3.4323888613764884e-05
2,-1.97307824792158e-05,-5.0340126453789384e-05,0.0,-4.674547975998365e-06,-2.5106792163113632e-05,-1.6016237840024497e-05
3,-1.5056234503217435e-05,-4.5665578477791016e-05,4.674547975998365e-06,0.0,-2.0432244187115268e-05,-1.1341689864026133e-05
4,5.376009683897832e-06,-2.523333429067575e-05,2.5106792163113632e-05,2.0432244187115268e-05,0.0,9.090554323089135e-06
5,-3.714544639191303e-06,-3.4323888613764884e-05,1.6016237840024497e-05,1.1341689864026133e-05,-9.090554323089135e-06,0.0
