,zero_shot_baseline,in_context_learning_3-shot,style_information_style_example,chain_of_thought_zero_shot,chain_of_thought_one_shot,self-refine
0,0.0,2.497825401669997e-05,3.5248345779899924e-05,-0.0004517922470810001,-0.00011896722803700008,-0.0007136640918492
1,-2.497825401669997e-05,0.0,1.0270091763199952e-05,-0.00047677050109770007,-0.00014394548205370005,-0.0007386423458659
2,-3.5248345779899924e-05,-1.0270091763199952e-05,0.0,-0.0004870405928609,-0.0001542155738169,-0.0007489124376291
3,0.0004517922470810001,0.00047677050109770007,0.0004870405928609,0.0,0.000332825019044,-0.00026187184476819995
4,0.00011896722803700008,0.00014394548205370005,0.0001542155738169,-0.000332825019044,0.0,-0.0005946968638122
5,0.0007136640918492,0.0007386423458659,0.0007489124376291,0.00026187184476819995,0.0005946968638122,0.0
