,zero_shot_baseline,in_context_learning_3-shot,style_information_style_example,chain_of_thought_zero_shot,chain_of_thought_one_shot,self-refine
0,0.0,-4.854378857380002e-05,9.722638387499994e-06,1.1483685916999914e-06,-9.963399639909999e-05,-0.0005514558122918999
1,4.854378857380002e-05,0.0,5.8266426961300016e-05,4.969215716550001e-05,-5.1090207825299966e-05,-0.0005029120237181
2,-9.722638387499994e-06,-5.8266426961300016e-05,0.0,-8.574269795800002e-06,-0.00010935663478659998,-0.0005611784506793999
3,-1.1483685916999914e-06,-4.969215716550001e-05,8.574269795800002e-06,0.0,-0.00010078236499079998,-0.0005526041808835999
4,9.963399639909999e-05,5.1090207825299966e-05,0.00010935663478659998,0.00010078236499079998,0.0,-0.00045182181589279997
5,0.0005514558122918999,0.0005029120237181,0.0005611784506793999,0.0005526041808835999,0.00045182181589279997,0.0
