,mistral,deepseek,llama3.3,qwen72b,qwen32b,qwen14b,solar
0,0.0,0.0012591146556947997,0.0003686683952783998,-0.0002677120148084004,0.0011273989646199997,0.0010799251746988997,0.0007577606996652
1,-0.0012591146556947997,0.0,-0.0008904462604163998,-0.0015268266705032,-0.00013171569107479995,-0.00017918948099589996,-0.0005013539560295996
2,-0.0003686683952783998,0.0008904462604163998,0.0,-0.0006363804100868002,0.0007587305693415999,0.0007112567794204999,0.0003890923043868002
3,0.0002677120148084004,0.0015268266705032,0.0006363804100868002,0.0,0.0013951109794284001,0.0013476371895073,0.0010254727144736004
4,-0.0011273989646199997,0.00013171569107479995,-0.0007587305693415999,-0.0013951109794284001,0.0,-4.747378992110002e-05,-0.0003696382649547997
5,-0.0010799251746988997,0.00017918948099589996,-0.0007112567794204999,-0.0013476371895073,4.747378992110002e-05,0.0,-0.00032216447503369966
6,-0.0007577606996652,0.0005013539560295996,-0.0003890923043868002,-0.0010254727144736004,0.0003696382649547997,0.00032216447503369966,0.0
