,zero_shot_baseline,in_context_learning_3-shot,style_information_style_example,chain_of_thought_zero_shot,chain_of_thought_one_shot,self-refine
0,0.0,-0.00047166921379840007,0.00018813432145910192,0.00011213597308120174,-0.0077621645966719985,0.0023241558124851014
1,0.00047166921379840007,0.0,0.000659803535257502,0.0005838051868796018,-0.007290495382873598,0.0027958250262835015
2,-0.00018813432145910192,-0.000659803535257502,0.0,-7.599834837790018e-05,-0.0079502989181311,0.0021360214910259995
3,-0.00011213597308120174,-0.0005838051868796018,7.599834837790018e-05,0.0,-0.0078743005697532,0.0022120198394038997
4,0.0077621645966719985,0.007290495382873598,0.0079502989181311,0.0078743005697532,0.0,0.0100863204091571
5,-0.0023241558124851014,-0.0027958250262835015,-0.0021360214910259995,-0.0022120198394038997,-0.0100863204091571,0.0
