,zero_shot_baseline,in_context_learning_3-shot,style_information_style_example,chain_of_thought_zero_shot,chain_of_thought_one_shot,self-refine
0,0.0,9.10706765351e-05,-0.0004342267238348,3.74945450541e-05,6.73958020867e-05,0.00015506384734619998
1,-9.10706765351e-05,0.0,-0.0005252974003699,-5.3576131481e-05,-2.3674874448400006e-05,6.399317081109999e-05
2,0.0004342267238348,0.0005252974003699,0.0,0.0004717212688889,0.0005016225259215,0.000589290571181
3,-3.74945450541e-05,5.3576131481e-05,-0.0004717212688889,0.0,2.9901257032599994e-05,0.00011756930229209999
4,-6.73958020867e-05,2.3674874448400006e-05,-0.0005016225259215,-2.9901257032599994e-05,0.0,8.766804525949999e-05
5,-0.00015506384734619998,-6.399317081109999e-05,-0.000589290571181,-0.00011756930229209999,-8.766804525949999e-05,0.0
