,zero_shot_baseline,in_context_learning_3-shot,style_information_style_example,chain_of_thought_zero_shot,chain_of_thought_one_shot,self-refine
0,0.0,0.0002509283521553,0.0002627987330317001,-0.0001127406548882999,-0.0003153244182193,6.712377653000099e-06
1,-0.0002509283521553,0.0,1.187038087640006e-05,-0.0003636690070435999,-0.0005662527703746,-0.0002442159745022999
2,-0.0002627987330317001,-1.187038087640006e-05,0.0,-0.00037553938792,-0.000578123151251,-0.0002560863553787
3,0.0001127406548882999,0.0003636690070435999,0.00037553938792,0.0,-0.00020258376333100007,0.0001194530325413
4,0.0003153244182193,0.0005662527703746,0.000578123151251,0.00020258376333100007,0.0,0.0003220367958723001
5,-6.712377653000099e-06,0.0002442159745022999,0.0002560863553787,-0.0001194530325413,-0.0003220367958723001,0.0
