,zero_shot_baseline,in_context_learning_3-shot,style_information_style_example,chain_of_thought_zero_shot,chain_of_thought_one_shot,self-refine
0,0.0,0.0017485244789411,-0.0008338468436742998,-2.7829911591399636e-05,6.13150470836002e-05,-0.0044934087541820995
1,-0.0017485244789411,0.0,-0.0025823713226153996,-0.0017763543905324997,-0.0016872094318575,-0.006241933233123199
2,0.0008338468436742998,0.0025823713226153996,0.0,0.0008060169320829001,0.0008951618907579,-0.0036595619105077998
3,2.7829911591399636e-05,0.0017763543905324997,-0.0008060169320829001,0.0,8.914495867499983e-05,-0.0044655788425907
4,-6.13150470836002e-05,0.0016872094318575,-0.0008951618907579,-8.914495867499983e-05,0.0,-0.0045547238012657
5,0.0044934087541820995,0.006241933233123199,0.0036595619105077998,0.0044655788425907,0.0045547238012657,0.0
