,zero_shot_baseline,in_context_learning_3-shot,style_information_style_example,chain_of_thought_zero_shot,chain_of_thought_one_shot,self-refine
0,0.0,0.000189246906111,-1.8101518485300018e-05,7.20102062752e-05,0.00015644960105389998,0.0002290266344376
1,-0.000189246906111,0.0,-0.0002073484245963,-0.00011723669983579999,-3.2797305057100015e-05,3.97797283266e-05
2,1.8101518485300018e-05,0.0002073484245963,0.0,9.011172476050002e-05,0.0001745511195392,0.00024712815292290003
3,-7.20102062752e-05,0.00011723669983579999,-9.011172476050002e-05,0.0,8.443939477869997e-05,0.0001570164281624
4,-0.00015644960105389998,3.2797305057100015e-05,-0.0001745511195392,-8.443939477869997e-05,0.0,7.257703338370001e-05
5,-0.0002290266344376,-3.97797283266e-05,-0.00024712815292290003,-0.0001570164281624,-7.257703338370001e-05,0.0
