,zero_shot_baseline,in_context_learning_3-shot,style_information_style_example,chain_of_thought_zero_shot,chain_of_thought_one_shot,self-refine
0,0.0,-0.0011596346814617,-0.00025627522186049995,-0.00019773414321289995,-0.0003561781684989,-0.0017252354993603
1,0.0011596346814617,0.0,0.0009033594596012,0.0009619005382488,0.0008034565129628,-0.0005656008178985998
2,0.00025627522186049995,-0.0009033594596012,0.0,5.8541078647599996e-05,-9.990294663840007e-05,-0.0014689602774997999
3,0.00019773414321289995,-0.0009619005382488,-5.8541078647599996e-05,0.0,-0.00015844402528600006,-0.0015275013561473999
4,0.0003561781684989,-0.0008034565129628,9.990294663840007e-05,0.00015844402528600006,0.0,-0.0013690573308613998
5,0.0017252354993603,0.0005656008178985998,0.0014689602774997999,0.0015275013561473999,0.0013690573308613998,0.0
