,zero_shot_baseline,in_context_learning_3-shot,style_information_style_example,chain_of_thought_zero_shot,chain_of_thought_one_shot,self-refine
0,0.0,0.0006002525605474998,4.09506733027999e-05,8.702027116889977e-05,-0.00019009883533480012,-0.00010238406514170026
1,-0.0006002525605474998,0.0,-0.0005593018872446999,-0.0005132322893786,-0.0007903513958822999,-0.0007026366256892001
2,-4.09506733027999e-05,0.0005593018872446999,0.0,4.606959786609987e-05,-0.00023104950863760002,-0.00014333473844450016
3,-8.702027116889977e-05,0.0005132322893786,-4.606959786609987e-05,0.0,-0.0002771191065036999,-0.00018940433631060003
4,0.00019009883533480012,0.0007903513958822999,0.00023104950863760002,0.0002771191065036999,0.0,8.771477019309986e-05
5,0.00010238406514170026,0.0007026366256892001,0.00014333473844450016,0.00018940433631060003,-8.771477019309986e-05,0.0
