,zero_shot_baseline,in_context_learning_3-shot,style_information_style_example,chain_of_thought_zero_shot,chain_of_thought_one_shot,self-refine
0,0.0,0.00012188363624119996,0.00025613633522459994,3.551939528259997e-05,0.0003048911580249,-0.00017040693661509994
1,-0.00012188363624119996,0.0,0.00013425269898339998,-8.636424095859999e-05,0.00018300752178370002,-0.0002922905728562999
2,-0.00025613633522459994,-0.00013425269898339998,0.0,-0.00022061693994199997,4.8754822800300035e-05,-0.0004265432718396999
3,-3.551939528259997e-05,8.636424095859999e-05,0.00022061693994199997,0.0,0.0002693717627423,-0.0002059263318976999
4,-0.0003048911580249,-0.00018300752178370002,-4.8754822800300035e-05,-0.0002693717627423,0.0,-0.0004752980946399999
5,0.00017040693661509994,0.0002922905728562999,0.0004265432718396999,0.0002059263318976999,0.0004752980946399999,0.0
