,mistral,deepseek,llama3.3,qwen72b,qwen32b,qwen14b,solar
0,0.0,-5.035987860670002e-05,-4.698967767900026e-06,1.215471668100025e-06,0.0002887583825632,0.00022300522776470003,7.404316061009996e-05
1,5.035987860670002e-05,0.0,4.566091083879999e-05,5.1575350274800044e-05,0.0003391182611699,0.00027336510637140005,0.00012440303921679998
2,4.698967767900026e-06,-4.566091083879999e-05,0.0,5.914439436000051e-06,0.0002934573503311,0.00022770419553260005,7.874212837799999e-05
3,-1.215471668100025e-06,-5.1575350274800044e-05,-5.914439436000051e-06,0.0,0.00028754291089509997,0.0002217897560966,7.282768894199994e-05
4,-0.0002887583825632,-0.0003391182611699,-0.0002934573503311,-0.00028754291089509997,0.0,-6.575315479849997e-05,-0.00021471522195310003
5,-0.00022300522776470003,-0.00027336510637140005,-0.00022770419553260005,-0.0002217897560966,6.575315479849997e-05,0.0,-0.00014896206715460007
6,-7.404316061009996e-05,-0.00012440303921679998,-7.874212837799999e-05,-7.282768894199994e-05,0.00021471522195310003,0.00014896206715460007,0.0
