,zero_shot_baseline,in_context_learning_3-shot,style_information_style_example,chain_of_thought_zero_shot,chain_of_thought_one_shot,self-refine
0,0.0,0.0004985814607689999,0.0018716644122869002,0.00028916380580659966,-0.0008799377490082997,-0.0007950854883356003
1,-0.0004985814607689999,0.0,0.0013730829515179004,-0.00020941765496240022,-0.0013785192097772996,-0.0012936669491046002
2,-0.0018716644122869002,-0.0013730829515179004,0.0,-0.0015825006064803006,-0.0027516021612952,-0.0026667499006225006
3,-0.00028916380580659966,0.00020941765496240022,0.0015825006064803006,0.0,-0.0011691015548148994,-0.0010842492941422
4,0.0008799377490082997,0.0013785192097772996,0.0027516021612952,0.0011691015548148994,0.0,8.485226067269942e-05
5,0.0007950854883356003,0.0012936669491046002,0.0026667499006225006,0.0010842492941422,-8.485226067269942e-05,0.0
