,zero_shot_baseline,in_context_learning_3-shot,style_information_style_example,chain_of_thought_zero_shot,chain_of_thought_one_shot,self-refine
0,0.0,-5.4642058928299994e-05,-2.698547692359999e-05,-2.7774703898899992e-05,4.230519689890001e-05,-0.0006992447209801999
1,5.4642058928299994e-05,0.0,2.7656582004700002e-05,2.6867355029400002e-05,9.69472558272e-05,-0.0006446026620519
2,2.698547692359999e-05,-2.7656582004700002e-05,0.0,-7.892269753000006e-07,6.92906738225e-05,-0.0006722592440565999
3,2.7774703898899992e-05,-2.6867355029400002e-05,7.892269753000006e-07,0.0,7.00799007978e-05,-0.0006714700170813
4,-4.230519689890001e-05,-9.69472558272e-05,-6.92906738225e-05,-7.00799007978e-05,0.0,-0.0007415499178791
5,0.0006992447209801999,0.0006446026620519,0.0006722592440565999,0.0006714700170813,0.0007415499178791,0.0
