,zero_shot_baseline,in_context_learning_3-shot,style_information_style_example,chain_of_thought_zero_shot,chain_of_thought_one_shot,self-refine
0,0.0,-0.00010701734308579984,8.546238001150026e-05,-7.45446948307001e-05,-0.00022732161912839997,-0.0018837064669811996
1,0.00010701734308579984,0.0,0.0001924797230973001,3.247264825509974e-05,-0.00012030427604260013,-0.0017766891238953997
2,-8.546238001150026e-05,-0.0001924797230973001,0.0,-0.00016000707484220035,-0.0003127839991399002,-0.0019691688469927
3,7.45446948307001e-05,-3.247264825509974e-05,0.00016000707484220035,0.0,-0.00015277692429769988,-0.0018091617721504995
4,0.00022732161912839997,0.00012030427604260013,0.0003127839991399002,0.00015277692429769988,0.0,-0.0016563848478527996
5,0.0018837064669811996,0.0017766891238953997,0.0019691688469927,0.0018091617721504995,0.0016563848478527996,0.0
