,zero_shot_baseline,in_context_learning_3-shot,style_information_style_example,chain_of_thought_zero_shot,chain_of_thought_one_shot,self-refine
0,0.0,0.0012170760211101998,0.0013393120530953999,-7.683581691510016e-05,0.0007634115733929996,-0.0011102921988282001
1,-0.0012170760211101998,0.0,0.00012223603198520004,-0.0012939118380253,-0.0004536644477172002,-0.0023273682199383998
2,-0.0013393120530953999,-0.00012223603198520004,0.0,-0.0014161478700105,-0.0005759004797024003,-0.0024496042519236002
3,7.683581691510016e-05,0.0012939118380253,0.0014161478700105,0.0,0.0008402473903080998,-0.0010334563819131
4,-0.0007634115733929996,0.0004536644477172002,0.0005759004797024003,-0.0008402473903080998,0.0,-0.0018737037722211997
5,0.0011102921988282001,0.0023273682199383998,0.0024496042519236002,0.0010334563819131,0.0018737037722211997,0.0
