,zero_shot_baseline,in_context_learning_3-shot,style_information_style_example,chain_of_thought_zero_shot,chain_of_thought_one_shot,self-refine
0,0.0,-0.0010141362749044001,4.524835079219999e-05,8.429338472249999e-05,4.376063751640002e-05,-0.0025731783333613
1,0.0010141362749044001,0.0,0.0010593846256966,0.0010984296596269001,0.0010578969124208,-0.0015590420584569
2,-4.524835079219999e-05,-0.0010593846256966,0.0,3.9045033930300006e-05,-1.4877132757999635e-06,-0.0026184266841535
3,-8.429338472249999e-05,-0.0010984296596269001,-3.9045033930300006e-05,0.0,-4.053274720609997e-05,-0.0026574717180838
4,-4.376063751640002e-05,-0.0010578969124208,1.4877132757999635e-06,4.053274720609997e-05,0.0,-0.0026169389708777
5,0.0025731783333613,0.0015590420584569,0.0026184266841535,0.0026574717180838,0.0026169389708777,0.0
