,zero_shot_baseline,in_context_learning_3-shot,style_information_style_example,chain_of_thought_zero_shot,chain_of_thought_one_shot,self-refine
0,0.0,2.877127261359996e-05,7.789921416949999e-05,8.473785133099971e-06,0.00012235350996699998,-0.0002530751896433
1,-2.877127261359996e-05,0.0,4.9127941555900025e-05,-2.029748748049999e-05,9.358223735340002e-05,-0.00028184646225689995
2,-7.789921416949999e-05,-4.9127941555900025e-05,0.0,-6.942542903640001e-05,4.44542957975e-05,-0.0003309744038128
3,-8.473785133099971e-06,2.029748748049999e-05,6.942542903640001e-05,0.0,0.00011387972483390001,-0.00026154897477639996
4,-0.00012235350996699998,-9.358223735340002e-05,-4.44542957975e-05,-0.00011387972483390001,0.0,-0.00037542869961029995
5,0.0002530751896433,0.00028184646225689995,0.0003309744038128,0.00026154897477639996,0.00037542869961029995,0.0
