,mistral,deepseek,llama3.3,qwen72b,qwen32b,qwen14b,solar
0,0.0,0.0009220684107218999,0.0006359484141558007,0.0021293701261082005,0.0027352340568643,0.0026035493197678005,0.0024578250046358003
1,-0.0009220684107218999,0.0,-0.0002861199965660992,0.0012073017153863006,0.0018131656461424003,0.0016814809090459006,0.0015357565939139004
2,-0.0006359484141558007,0.0002861199965660992,0.0,0.0014934217119523998,0.0020992856427084995,0.001967600905612,0.0018218765904799996
3,-0.0021293701261082005,-0.0012073017153863006,-0.0014934217119523998,0.0,0.0006058639307560997,0.0004741791936596,0.0003284548785275998
4,-0.0027352340568643,-0.0018131656461424003,-0.0020992856427084995,-0.0006058639307560997,0.0,-0.0001316847370964997,-0.0002774090522284999
5,-0.0026035493197678005,-0.0016814809090459006,-0.001967600905612,-0.0004741791936596,0.0001316847370964997,0.0,-0.0001457243151320002
6,-0.0024578250046358003,-0.0015357565939139004,-0.0018218765904799996,-0.0003284548785275998,0.0002774090522284999,0.0001457243151320002,0.0
