,zero_shot_baseline,in_context_learning_3-shot,style_information_style_example,chain_of_thought_zero_shot,chain_of_thought_one_shot,self-refine
0,0.0,-0.00011501542466860003,1.5324876063099998e-05,3.498619742258191e-05,-7.74336072555e-05,-2.7169375546400005e-05
1,0.00011501542466860003,0.0,0.00013034030073170002,0.00015000162209118193,3.7581817413100035e-05,8.784604912220003e-05
2,-1.5324876063099998e-05,-0.00013034030073170002,0.0,1.9661321359481913e-05,-9.27584833186e-05,-4.24942516095e-05
3,-3.498619742258191e-05,-0.00015000162209118193,-1.9661321359481913e-05,0.0,-0.00011241980467808191,-6.215557296898192e-05
4,7.74336072555e-05,-3.7581817413100035e-05,9.27584833186e-05,0.00011241980467808191,0.0,5.026423170909999e-05
5,2.7169375546400005e-05,-8.784604912220003e-05,4.24942516095e-05,6.215557296898192e-05,-5.026423170909999e-05,0.0
