,zero_shot_baseline,in_context_learning_3-shot,style_information_style_example,chain_of_thought_zero_shot,chain_of_thought_one_shot,self-refine
0,0.0,-0.00038971133291970054,0.0012370387505156997,-0.00011728364172690006,-0.00017488116315990052,-0.0061995969744795
1,0.00038971133291970054,0.0,0.0016267500834354002,0.0002724276911928005,0.00021483016975980002,-0.005809885641559799
2,-0.0012370387505156997,-0.0016267500834354002,0.0,-0.0013543223922425998,-0.0014119199136756002,-0.0074366357249952
3,0.00011728364172690006,-0.0002724276911928005,0.0013543223922425998,0.0,-5.7597521433000454e-05,-0.0060823133327525996
4,0.00017488116315990052,-0.00021483016975980002,0.0014119199136756002,5.7597521433000454e-05,0.0,-0.006024715811319599
5,0.0061995969744795,0.005809885641559799,0.0074366357249952,0.0060823133327525996,0.006024715811319599,0.0
