,zero_shot_baseline,in_context_learning_3-shot,style_information_style_example,chain_of_thought_zero_shot,chain_of_thought_one_shot,self-refine
0,0.0,0.008709295528578301,0.0041220393220062004,-0.0016781096149873012,-0.0003403663239002,-0.001955454557629098
1,-0.008709295528578301,0.0,-0.0045872562065721,-0.010387405143565603,-0.009049661852478501,-0.0106647500862074
2,-0.0041220393220062004,0.0045872562065721,0.0,-0.005800148936993502,-0.0044624056459064,-0.006077493879635298
3,0.0016781096149873012,0.010387405143565603,0.005800148936993502,0.0,0.0013377432910871012,-0.00027734494264179677
4,0.0003403663239002,0.009049661852478501,0.0044624056459064,-0.0013377432910871012,0.0,-0.001615088233728898
5,0.001955454557629098,0.0106647500862074,0.006077493879635298,0.00027734494264179677,0.001615088233728898,0.0
