,mistral,deepseek,llama3.3,qwen72b,qwen32b,qwen14b,solar
0,0.0,-2.866946464189998e-05,-0.00015495179807929998,-0.00013626906999589998,3.6348792137299993e-05,5.8745779954600004e-05,3.4207075168700006e-05
1,2.866946464189998e-05,0.0,-0.0001262823334374,-0.000107599605354,6.501825677919997e-05,8.741524459649998e-05,6.287653981059999e-05
2,0.00015495179807929998,0.0001262823334374,0.0,1.8682728083400002e-05,0.00019130059021659997,0.00021369757803389998,0.000189158873248
3,0.00013626906999589998,0.000107599605354,-1.8682728083400002e-05,0.0,0.00017261786213319997,0.00019501484995049998,0.00017047614516459998
4,-3.6348792137299993e-05,-6.501825677919997e-05,-0.00019130059021659997,-0.00017261786213319997,0.0,2.239698781730001e-05,-2.1417169685999872e-06
5,-5.8745779954600004e-05,-8.741524459649998e-05,-0.00021369757803389998,-0.00019501484995049998,-2.239698781730001e-05,0.0,-2.4538704785899998e-05
6,-3.4207075168700006e-05,-6.287653981059999e-05,-0.000189158873248,-0.00017047614516459998,2.1417169685999872e-06,2.4538704785899998e-05,0.0
