,abstracts,news,reviews,qa
0,0.0,0.0009066993718662001,0.0045563952955414,9.10152877657e-05
1,-0.0009066993718662001,0.0,0.0036496959236751994,-0.0008156840841005001
2,-0.0045563952955414,-0.0036496959236751994,0.0,-0.0044653800077757
3,-9.10152877657e-05,0.0008156840841005001,0.0044653800077757,0.0
