,zero_shot_baseline,in_context_learning_3-shot,style_information_style_example,chain_of_thought_zero_shot,chain_of_thought_one_shot,self-refine
0,0.0,0.0002391398888761001,-4.9536762294199966e-05,-0.00010298021534539984,-0.0007376607750036001,-0.00038369268873330014
1,-0.0002391398888761001,0.0,-0.00028867665117030005,-0.00034212010422149993,-0.0009768006638797002,-0.0006228325776094002
2,4.9536762294199966e-05,0.00028867665117030005,0.0,-5.344345305119988e-05,-0.0006881240127094002,-0.0003341559264391002
3,0.00010298021534539984,0.00034212010422149993,5.344345305119988e-05,0.0,-0.0006346805596582003,-0.0002807124733879003
4,0.0007376607750036001,0.0009768006638797002,0.0006881240127094002,0.0006346805596582003,0.0,0.0003539680862703
5,0.00038369268873330014,0.0006228325776094002,0.0003341559264391002,0.0002807124733879003,-0.0003539680862703,0.0
