,zero_shot_baseline,in_context_learning_3-shot,style_information_style_example,chain_of_thought_zero_shot,chain_of_thought_one_shot,self-refine
0,0.0,-0.0011906112891384999,-0.0017092452210819998,-0.0002241784849596998,-0.0005393330928141998,-0.0032575796665645
1,0.0011906112891384999,0.0,-0.0005186339319434999,0.0009664328041788001,0.0006512781963243001,-0.002066968377426
2,0.0017092452210819998,0.0005186339319434999,0.0,0.0014850667361223,0.0011699121282678,-0.0015483344454825
3,0.0002241784849596998,-0.0009664328041788001,-0.0014850667361223,0.0,-0.0003151546078545,-0.0030334011816048
4,0.0005393330928141998,-0.0006512781963243001,-0.0011699121282678,0.0003151546078545,0.0,-0.0027182465737503
5,0.0032575796665645,0.002066968377426,0.0015483344454825,0.0030334011816048,0.0027182465737503,0.0
