,zero_shot_baseline,in_context_learning_3-shot,style_information_style_example,chain_of_thought_zero_shot,chain_of_thought_one_shot,self-refine
0,0.0,-1.7378298557399908e-05,0.0011141323163933,0.0008547056197376998,0.0002232516506504999,-0.0009581962597651999
1,1.7378298557399908e-05,0.0,0.0011315106149506998,0.0008720839182950997,0.0002406299492078998,-0.0009408179612078
2,-0.0011141323163933,-0.0011315106149506998,0.0,-0.00025942669665560006,-0.0008908806657428,-0.0020723285761585
3,-0.0008547056197376998,-0.0008720839182950997,0.00025942669665560006,0.0,-0.0006314539690871999,-0.0018129018795028998
4,-0.0002232516506504999,-0.0002406299492078998,0.0008908806657428,0.0006314539690871999,0.0,-0.0011814479104156998
5,0.0009581962597651999,0.0009408179612078,0.0020723285761585,0.0018129018795028998,0.0011814479104156998,0.0
