,zero_shot_baseline,in_context_learning_3-shot,style_information_style_example,chain_of_thought_zero_shot,chain_of_thought_one_shot,self-refine
0,0.0,-3.2022301394900004e-05,-0.0001124020377121,-8.44830491530001e-06,-2.351091376300005e-06,-7.699955789699999e-06
1,3.2022301394900004e-05,0.0,-8.03797363172e-05,2.3573996479599993e-05,2.96712100186e-05,2.4322345605200005e-05
2,0.0001124020377121,8.03797363172e-05,0.0,0.00010395373279679999,0.0001100509463358,0.0001047020819224
3,8.44830491530001e-06,-2.3573996479599993e-05,-0.00010395373279679999,0.0,6.097213539000006e-06,7.483491256000122e-07
4,2.351091376300005e-06,-2.96712100186e-05,-0.0001100509463358,-6.097213539000006e-06,0.0,-5.348864413399994e-06
5,7.699955789699999e-06,-2.4322345605200005e-05,-0.0001047020819224,-7.483491256000122e-07,5.348864413399994e-06,0.0
