,zero_shot_baseline,in_context_learning_3-shot,style_information_style_example,chain_of_thought_zero_shot,chain_of_thought_one_shot,self-refine
0,0.0,-0.0001168213978499473,-7.683943948934727e-05,-6.178993349864728e-05,-0.00020912268640414726,-0.00044430359908504725
1,0.0001168213978499473,0.0,3.998195836060002e-05,5.5031464351300015e-05,-9.230128855419997e-05,-0.0003274822012351
2,7.683943948934727e-05,-3.998195836060002e-05,0.0,1.5049505990699994e-05,-0.0001322832469148,-0.0003674641595957
3,6.178993349864728e-05,-5.5031464351300015e-05,-1.5049505990699994e-05,0.0,-0.00014733275290549998,-0.00038251366558640003
4,0.00020912268640414726,9.230128855419997e-05,0.0001322832469148,0.00014733275290549998,0.0,-0.00023518091268090002
5,0.00044430359908504725,0.0003274822012351,0.0003674641595957,0.00038251366558640003,0.00023518091268090002,0.0
