,zero_shot_baseline,in_context_learning_3-shot,style_information_style_example,chain_of_thought_zero_shot,chain_of_thought_one_shot,self-refine
0,0.0,-0.0001816897466572051,5.903949114837952e-06,4.193317199218408e-05,-1.7751061479605085e-05,-0.00014626209211150509
1,0.0001816897466572051,0.0,0.00018759369577204304,0.00022362291864938918,0.00016393868517760002,3.542765454569999e-05
2,-5.903949114837952e-06,-0.00018759369577204304,0.0,3.6029222877346126e-05,-2.3655010594443037e-05,-0.00015216604122634305
3,-4.193317199218408e-05,-0.00022362291864938918,-3.6029222877346126e-05,0.0,-5.968423347178916e-05,-0.00018819526410368916
4,1.7751061479605085e-05,-0.00016393868517760002,2.3655010594443037e-05,5.968423347178916e-05,0.0,-0.0001285110306319
5,0.00014626209211150509,-3.542765454569999e-05,0.00015216604122634305,0.00018819526410368916,0.0001285110306319,0.0
