,zero_shot_baseline,in_context_learning_3-shot,style_information_style_example,chain_of_thought_zero_shot,chain_of_thought_one_shot,self-refine
0,0.0,0.0007451652237295998,0.00025547990702209965,-7.274020085299999e-05,0.0003040672204129998,0.00027422110121509994
1,-0.0007451652237295998,0.0,-0.0004896853167075002,-0.0008179054245825998,-0.00044109800331660004,-0.0004709441225144999
2,-0.00025547990702209965,0.0004896853167075002,0.0,-0.00032822010787509964,4.8587313390900146e-05,1.8741194193000292e-05
3,7.274020085299999e-05,0.0008179054245825998,0.00032822010787509964,0.0,0.0003768074212659998,0.00034696130206809993
4,-0.0003040672204129998,0.00044109800331660004,-4.8587313390900146e-05,-0.0003768074212659998,0.0,-2.9846119197899854e-05
5,-0.00027422110121509994,0.0004709441225144999,-1.8741194193000292e-05,-0.00034696130206809993,2.9846119197899854e-05,0.0
