,zero_shot_baseline,in_context_learning_3-shot,style_information_style_example,chain_of_thought_zero_shot,chain_of_thought_one_shot,self-refine
0,0.0,0.0008075334280182997,-0.00022296935808179983,0.00016091978183999968,0.0006276949666212,-0.0008196847153583999
1,-0.0008075334280182997,0.0,-0.0010305027861000995,-0.0006466136461783,-0.00017983846139709965,-0.0016272181433766996
2,0.00022296935808179983,0.0010305027861000995,0.0,0.0003838891399217995,0.0008506643247029998,-0.0005967153572766001
3,-0.00016091978183999968,0.0006466136461783,-0.0003838891399217995,0.0,0.0004667751847812003,-0.0009806044971983996
4,-0.0006276949666212,0.00017983846139709965,-0.0008506643247029998,-0.0004667751847812003,0.0,-0.0014473796819796
5,0.0008196847153583999,0.0016272181433766996,0.0005967153572766001,0.0009806044971983996,0.0014473796819796,0.0
