,zero_shot_baseline,in_context_learning_3-shot,style_information_style_example,chain_of_thought_zero_shot,chain_of_thought_one_shot,self-refine
0,0.0,-4.6436270135200085e-05,5.626305231059994e-05,-0.0002317322262929,-0.0001756618832336,-0.0015968658116820998
1,4.6436270135200085e-05,0.0,0.00010269932244580003,-0.00018529595615769993,-0.0001292256130983999,-0.0015504295415468996
2,-5.626305231059994e-05,-0.00010269932244580003,0.0,-0.00028799527860349995,-0.00023192493554419994,-0.0016531288639926997
3,0.0002317322262929,0.00018529595615769993,0.00028799527860349995,0.0,5.607034305930001e-05,-0.0013651335853892
4,0.0001756618832336,0.0001292256130983999,0.00023192493554419994,-5.607034305930001e-05,0.0,-0.0014212039284484997
5,0.0015968658116820998,0.0015504295415468996,0.0016531288639926997,0.0013651335853892,0.0014212039284484997,0.0
