,zero_shot_baseline,in_context_learning_3-shot,style_information_style_example,chain_of_thought_zero_shot,chain_of_thought_one_shot,self-refine
0,0.0,4.243460306150001e-05,-3.74994833569e-05,1.409322493780001e-05,2.860732201820002e-05,8.843578943932948e-05
1,-4.243460306150001e-05,0.0,-7.993408641840001e-05,-2.83413781237e-05,-1.3827281043299989e-05,4.6001186377829466e-05
2,3.74994833569e-05,7.993408641840001e-05,0.0,5.159270829470001e-05,6.610680537510002e-05,0.0001259352727962295
3,-1.409322493780001e-05,2.83413781237e-05,-5.159270829470001e-05,0.0,1.451409708040001e-05,7.434256450152947e-05
4,-2.860732201820002e-05,1.3827281043299989e-05,-6.610680537510002e-05,-1.451409708040001e-05,0.0,5.9828467421129455e-05
5,-8.843578943932948e-05,-4.6001186377829466e-05,-0.0001259352727962295,-7.434256450152947e-05,-5.9828467421129455e-05,0.0
