,zero_shot_baseline,in_context_learning_3-shot,style_information_style_example,chain_of_thought_zero_shot,chain_of_thought_one_shot,self-refine
0,0.0,0.0010789301391735994,0.0023366442655727,0.0017098050045446997,-0.0029521192131397,0.0003794994668702995
1,-0.0010789301391735994,0.0,0.0012577141263991004,0.0006308748653711003,-0.004031049352313299,-0.0006994306723032999
2,-0.0023366442655727,-0.0012577141263991004,0.0,-0.0006268392610280001,-0.0052887634787124,-0.0019571447987024003
3,-0.0017098050045446997,-0.0006308748653711003,0.0006268392610280001,0.0,-0.0046619242176844,-0.0013303055376744002
4,0.0029521192131397,0.004031049352313299,0.0052887634787124,0.0046619242176844,0.0,0.0033316186800099994
5,-0.0003794994668702995,0.0006994306723032999,0.0019571447987024003,0.0013303055376744002,-0.0033316186800099994,0.0
