,zero_shot_baseline,in_context_learning_3-shot,style_information_style_example,chain_of_thought_zero_shot,chain_of_thought_one_shot,self-refine
0,0.0,-0.0009379886536304001,-1.2578735662500061e-05,-7.946137791500101e-06,0.00016444530139709992,-0.0032959418654972
1,0.0009379886536304001,0.0,0.0009254099179679,0.0009300425158389,0.0011024339550275001,-0.0023579532118667996
2,1.2578735662500061e-05,-0.0009254099179679,0.0,4.63259787099996e-06,0.00017702403705959998,-0.0032833631298347
3,7.946137791500101e-06,-0.0009300425158389,-4.63259787099996e-06,0.0,0.00017239143918860002,-0.0032879957277056997
4,-0.00016444530139709992,-0.0011024339550275001,-0.00017702403705959998,-0.00017239143918860002,0.0,-0.0034603871668942997
5,0.0032959418654972,0.0023579532118667996,0.0032833631298347,0.0032879957277056997,0.0034603871668942997,0.0
