,mistral,deepseek,llama3.3,qwen72b,qwen32b,qwen14b,solar
0,0.0,4.9970629012200004e-05,8.191738773506553e-05,1.7223979397499998e-05,-0.0002813387601446,-8.628858852909998e-05,6.765844712940001e-05
1,-4.9970629012200004e-05,0.0,3.194675872286552e-05,-3.2746649614700006e-05,-0.0003313093891568,-0.00013625921754129998,1.768781811720001e-05
2,-8.191738773506553e-05,-3.194675872286552e-05,0.0,-6.469340833756553e-05,-0.0003632561478796655,-0.0001682059762641655,-1.4258940605665511e-05
3,-1.7223979397499998e-05,3.2746649614700006e-05,6.469340833756553e-05,0.0,-0.0002985627395421,-0.00010351256792659998,5.043446773190002e-05
4,0.0002813387601446,0.0003313093891568,0.0003632561478796655,0.0002985627395421,0.0,0.00019505017161550002,0.000348997207274
5,8.628858852909998e-05,0.00013625921754129998,0.0001682059762641655,0.00010351256792659998,-0.00019505017161550002,0.0,0.0001539470356585
6,-6.765844712940001e-05,-1.768781811720001e-05,1.4258940605665511e-05,-5.043446773190002e-05,-0.000348997207274,-0.0001539470356585,0.0
