,abstracts,news,reviews,qa
0,0.0,0.0022224371479293,-3.344459014419999e-05,-0.0044125247491957
1,-0.0022224371479293,0.0,-0.0022558817380735003,-0.006634961897125
2,3.344459014419999e-05,0.0022558817380735003,0.0,-0.0043790801590515
3,0.0044125247491957,0.006634961897125,0.0043790801590515,0.0
