,abstracts,news,reviews,qa
0,0.0,-0.00011198354501550185,-0.00012420446941958495,-0.00018059804987084782
1,0.00011198354501550185,0.0,-1.2220924404083121e-05,-6.861450485534595e-05
2,0.00012420446941958495,1.2220924404083121e-05,0.0,-5.6393580451262834e-05
3,0.00018059804987084782,6.861450485534595e-05,5.6393580451262834e-05,0.0
