,abstracts,news,reviews,qa
0,0.0,-0.0006548532682105788,-0.0047807554227109784,-0.0032476256752907787
1,0.0006548532682105788,0.0,-0.0041259021545004,-0.0025927724070802
2,0.0047807554227109784,0.0041259021545004,0.0,0.0015331297474201998
3,0.0032476256752907787,0.0025927724070802,-0.0015331297474201998,0.0
