,zero_shot_baseline,in_context_learning_3-shot,style_information_style_example,chain_of_thought_zero_shot,chain_of_thought_one_shot,self-refine
0,0.0,0.0020931772518181994,-0.0013062664845327008,0.0010799680214048993,0.00010712784067739949,0.0011836934953556996
1,-0.0020931772518181994,0.0,-0.0033994437363509,-0.0010132092304133001,-0.0019860494111408,-0.0009094837564624998
2,0.0013062664845327008,0.0033994437363509,0.0,0.0023862345059376,0.0014133943252101003,0.0024899599798884004
3,-0.0010799680214048993,0.0010132092304133001,-0.0023862345059376,0.0,-0.0009728401807274998,0.0001037254739508003
4,-0.00010712784067739949,0.0019860494111408,-0.0014133943252101003,0.0009728401807274998,0.0,0.0010765656546783
5,-0.0011836934953556996,0.0009094837564624998,-0.0024899599798884004,-0.0001037254739508003,-0.0010765656546783,0.0
