,zero_shot_baseline,in_context_learning_3-shot,style_information_style_example,chain_of_thought_zero_shot,chain_of_thought_one_shot,self-refine
0,0.0,0.0013172502376405998,0.0015884231349268,0.0013363242350627,-0.0014736111517128,-0.0059537517814016
1,-0.0013172502376405998,0.0,0.0002711728972862003,1.90739974221003e-05,-0.0027908613893533997,-0.0072710020190422
2,-0.0015884231349268,-0.0002711728972862003,0.0,-0.0002520988998641,-0.0030620342866396,-0.0075421749163284
3,-0.0013363242350627,-1.90739974221003e-05,0.0002520988998641,0.0,-0.0028099353867755,-0.0072900760164643
4,0.0014736111517128,0.0027908613893533997,0.0030620342866396,0.0028099353867755,0.0,-0.0044801406296888
5,0.0059537517814016,0.0072710020190422,0.0075421749163284,0.0072900760164643,0.0044801406296888,0.0
