,zero_shot_baseline,in_context_learning_3-shot,style_information_style_example,chain_of_thought_zero_shot,chain_of_thought_one_shot,self-refine
0,0.0,0.009922400582663601,0.003996197962562502,-0.0009914638379485974,0.0013607060362242022,-0.0030602020742753998
1,-0.009922400582663601,0.0,-0.005926202620101099,-0.010913864420612198,-0.008561694546439399,-0.012982602656939
2,-0.003996197962562502,0.005926202620101099,0.0,-0.004987661800511099,-0.0026354919263382997,-0.007056400036837902
3,0.0009914638379485974,0.010913864420612198,0.004987661800511099,0.0,0.0023521698741727996,-0.0020687382363268024
4,-0.0013607060362242022,0.008561694546439399,0.0026354919263382997,-0.0023521698741727996,0.0,-0.004420908110499602
5,0.0030602020742753998,0.012982602656939,0.007056400036837902,0.0020687382363268024,0.004420908110499602,0.0
