,zero_shot_baseline,in_context_learning_3-shot,style_information_style_example,chain_of_thought_zero_shot,chain_of_thought_one_shot,self-refine
0,0.0,0.0002348493342408,6.265186566789999e-05,5.3748000955200004e-05,0.00016804077126820002,0.000353854376497
1,-0.0002348493342408,0.0,-0.0001721974685729,-0.0001811013332856,-6.680856297259998e-05,0.00011900504225620001
2,-6.265186566789999e-05,0.0001721974685729,0.0,-8.903864712699982e-06,0.00010538890560030003,0.0002912025108291
3,-5.3748000955200004e-05,0.0001811013332856,8.903864712699982e-06,0.0,0.00011429277031300001,0.0003001063755418
4,-0.00016804077126820002,6.680856297259998e-05,-0.00010538890560030003,-0.00011429277031300001,0.0,0.00018581360522879997
5,-0.000353854376497,-0.00011900504225620001,-0.0002912025108291,-0.0003001063755418,-0.00018581360522879997,0.0
