,zero_shot_baseline,in_context_learning_3-shot,style_information_style_example,chain_of_thought_zero_shot,chain_of_thought_one_shot,self-refine
0,0.0,0.0008992846227806996,-0.0020496774538617006,0.00036454799809599973,-0.0005695786032664006,0.0008179509257561996
1,-0.0008992846227806996,0.0,-0.0029489620766424,-0.0005347366246846999,-0.0014688632260471002,-8.133369702450002e-05
2,0.0020496774538617006,0.0029489620766424,0.0,0.0024142254519577003,0.0014800988505953,0.0028676283796179
3,-0.00036454799809599973,0.0005347366246846999,-0.0024142254519577003,0.0,-0.0009341266013624004,0.00045340292766019984
4,0.0005695786032664006,0.0014688632260471002,-0.0014800988505953,0.0009341266013624004,0.0,0.0013875295290226002
5,-0.0008179509257561996,8.133369702450002e-05,-0.0028676283796179,-0.00045340292766019984,-0.0013875295290226002,0.0
