,zero_shot_baseline,in_context_learning_3-shot,style_information_style_example,chain_of_thought_zero_shot,chain_of_thought_one_shot,self-refine
0,0.0,0.0013315370327625997,-0.0022514131210468,0.0015852395209716998,0.00023624203448880006,0.0012803705398826996
1,-0.0013315370327625997,0.0,-0.0035829501538094,0.00025370248820910006,-0.0010952949982737997,-5.116649287990015e-05
2,0.0022514131210468,0.0035829501538094,0.0,0.0038366526420185,0.0024876551555356,0.0035317836609294996
3,-0.0015852395209716998,-0.00025370248820910006,-0.0038366526420185,0.0,-0.0013489974864828998,-0.0003048689810890002
4,-0.00023624203448880006,0.0010952949982737997,-0.0024876551555356,0.0013489974864828998,0.0,0.0010441285053938995
5,-0.0012803705398826996,5.116649287990015e-05,-0.0035317836609294996,0.0003048689810890002,-0.0010441285053938995,0.0
