,zero_shot_baseline,in_context_learning_3-shot,style_information_style_example,chain_of_thought_zero_shot,chain_of_thought_one_shot,self-refine
0,0.0,0.00030201455102809964,-0.0006064594544464004,0.00024549885315629976,-0.0027085871406670003,0.0023236574291607
1,-0.00030201455102809964,0.0,-0.0009084740054745,-5.651569787179988e-05,-0.0030106016916951,0.0020216428781326
2,0.0006064594544464004,0.0009084740054745,0.0,0.0008519583076027001,-0.0021021276862206,0.0029301168836071002
3,-0.00024549885315629976,5.651569787179988e-05,-0.0008519583076027001,0.0,-0.0029540859938233,0.0020781585760044
4,0.0027085871406670003,0.0030106016916951,0.0021021276862206,0.0029540859938233,0.0,0.005032244569827701
5,-0.0023236574291607,-0.0020216428781326,-0.0029301168836071002,-0.0020781585760044,-0.005032244569827701,0.0
