,zero_shot_baseline,in_context_learning_3-shot,style_information_style_example,chain_of_thought_zero_shot,chain_of_thought_one_shot,self-refine
0,0.0,2.1701316492300007e-05,-8.768224124199999e-05,-2.2696496119599993e-05,-1.4177441171099988e-05,1.08308243647e-05
1,-2.1701316492300007e-05,0.0,-0.0001093835577343,-4.43978126119e-05,-3.5878757663399994e-05,-1.0870492127600006e-05
2,8.768224124199999e-05,0.0001093835577343,0.0,6.49857451224e-05,7.35048000709e-05,9.851306560669999e-05
3,2.2696496119599993e-05,4.43978126119e-05,-6.49857451224e-05,0.0,8.519054948500005e-06,3.352732048429999e-05
4,1.4177441171099988e-05,3.5878757663399994e-05,-7.35048000709e-05,-8.519054948500005e-06,0.0,2.5008265535799988e-05
5,-1.08308243647e-05,1.0870492127600006e-05,-9.851306560669999e-05,-3.352732048429999e-05,-2.5008265535799988e-05,0.0
