,zero_shot_baseline,in_context_learning_3-shot,style_information_style_example,chain_of_thought_zero_shot,chain_of_thought_one_shot,self-refine
0,0.0,0.00044440184230640006,0.00030096050585280004,0.0001645774766584002,-0.0005692580413253999,0.00019046405206400003
1,-0.00044440184230640006,0.0,-0.00014344133645360002,-0.00027982436564799986,-0.0010136598836318,-0.00025393779024240003
2,-0.00030096050585280004,0.00014344133645360002,0.0,-0.00013638302919439984,-0.0008702185471782,-0.00011049645378880001
3,-0.0001645774766584002,0.00027982436564799986,0.00013638302919439984,0.0,-0.0007338355179838001,2.5886575405599825e-05
4,0.0005692580413253999,0.0010136598836318,0.0008702185471782,0.0007338355179838001,0.0,0.0007597220933894
5,-0.00019046405206400003,0.00025393779024240003,0.00011049645378880001,-2.5886575405599825e-05,-0.0007597220933894,0.0
