,zero_shot_baseline,in_context_learning_3-shot,style_information_style_example,chain_of_thought_zero_shot,chain_of_thought_one_shot,self-refine
0,0.0,6.566702343899997e-05,-0.0001030731064974,-7.35663783903e-05,7.789272462179999e-05,0.000162143153525
1,-6.566702343899997e-05,0.0,-0.00016874012993639998,-0.00013923340182929998,1.2225701182800013e-05,9.647613008600001e-05
2,0.0001030731064974,0.00016874012993639998,0.0,2.95067281071e-05,0.0001809658311192,0.00026521626002239996
3,7.35663783903e-05,0.00013923340182929998,-2.95067281071e-05,0.0,0.0001514591030121,0.0002357095319153
4,-7.789272462179999e-05,-1.2225701182800013e-05,-0.0001809658311192,-0.0001514591030121,0.0,8.42504289032e-05
5,-0.000162143153525,-9.647613008600001e-05,-0.00026521626002239996,-0.0002357095319153,-8.42504289032e-05,0.0
