,zero_shot_baseline,in_context_learning_3-shot,style_information_style_example,chain_of_thought_zero_shot,chain_of_thought_one_shot,self-refine
0,0.0,-0.00011861933247690003,-0.0001523538207276,4.006313986022515e-05,-8.83394617367e-05,-1.2341103782500005e-05
1,0.00011861933247690003,0.0,-3.373448825069996e-05,0.0001586824723371252,3.027987074020002e-05,0.00010627822869440002
2,0.0001523538207276,3.373448825069996e-05,0.0,0.00019241696058782515,6.401435899089998e-05,0.00014001271694509998
3,-4.006313986022515e-05,-0.0001586824723371252,-0.00019241696058782515,0.0,-0.00012840260159692517,-5.240424364272516e-05
4,8.83394617367e-05,-3.027987074020002e-05,-6.401435899089998e-05,0.00012840260159692517,0.0,7.59983579542e-05
5,1.2341103782500005e-05,-0.00010627822869440002,-0.00014001271694509998,5.240424364272516e-05,-7.59983579542e-05,0.0
