,zero_shot_baseline,in_context_learning_3-shot,style_information_style_example,chain_of_thought_zero_shot,chain_of_thought_one_shot,self-refine
0,0.0,-0.00013750017106509463,-1.0340739359189126e-05,3.962536924520134e-06,3.2311441571043683e-06,-7.480722469631954e-05
1,0.00013750017106509463,0.0,0.00012715943170590551,0.00014146270798961476,0.000140731315222199,6.26929463687751e-05
2,1.0340739359189126e-05,-0.00012715943170590551,0.0,1.4303276283709261e-05,1.3571883516293495e-05,-6.44664853371304e-05
3,-3.962536924520134e-06,-0.00014146270798961476,-1.4303276283709261e-05,0.0,-7.313927674157661e-07,-7.876976162083967e-05
4,-3.2311441571043683e-06,-0.000140731315222199,-1.3571883516293495e-05,7.313927674157661e-07,0.0,-7.80383688534239e-05
5,7.480722469631954e-05,-6.26929463687751e-05,6.44664853371304e-05,7.876976162083967e-05,7.80383688534239e-05,0.0
