,zero_shot_baseline,in_context_learning_3-shot,style_information_style_example,chain_of_thought_zero_shot,chain_of_thought_one_shot,self-refine
0,0.0,0.00013780156024800067,0.0011012357726206002,-0.0005332001516083996,-0.004619789376738499,-0.0012810764762427995
1,-0.00013780156024800067,0.0,0.0009634342123725995,-0.0006710017118564003,-0.0047575909369865,-0.0014188780364908001
2,-0.0011012357726206002,-0.0009634342123725995,0.0,-0.0016344359242289998,-0.005721025149359099,-0.0023823122488633997
3,0.0005332001516083996,0.0006710017118564003,0.0016344359242289998,0.0,-0.004086589225130099,-0.0007478763246343998
4,0.004619789376738499,0.0047575909369865,0.005721025149359099,0.004086589225130099,0.0,0.0033387129004956995
5,0.0012810764762427995,0.0014188780364908001,0.0023823122488633997,0.0007478763246343998,-0.0033387129004956995,0.0
