,zero_shot_baseline,in_context_learning_3-shot,style_information_style_example,chain_of_thought_zero_shot,chain_of_thought_one_shot,self-refine
0,0.0,-3.77578349353292e-05,-2.4725346989878296e-05,1.4745599697655164e-05,1.0912301776320699e-05,-9.755498232877238e-05
1,3.77578349353292e-05,0.0,1.3032487945450904e-05,5.250343463298436e-05,4.86701367116499e-05,-5.979714739344319e-05
2,2.4725346989878296e-05,-1.3032487945450904e-05,0.0,3.947094668753346e-05,3.563764876619899e-05,-7.28296353388941e-05
3,-1.4745599697655164e-05,-5.250343463298436e-05,-3.947094668753346e-05,0.0,-3.833297921334465e-06,-0.00011230058202642756
4,-1.0912301776320699e-05,-4.86701367116499e-05,-3.563764876619899e-05,3.833297921334465e-06,0.0,-0.00010846728410509309
5,9.755498232877238e-05,5.979714739344319e-05,7.28296353388941e-05,0.00011230058202642756,0.00010846728410509309,0.0
