,zero_shot_baseline,in_context_learning_3-shot,style_information_style_example,chain_of_thought_zero_shot,chain_of_thought_one_shot,self-refine
0,0.0,0.0009331463729330999,0.00024017712799109976,-3.984109762690015e-05,0.0008842144956362997,0.0004683852145864996
1,-0.0009331463729330999,0.0,-0.0006929692449420002,-0.0009729874705600001,-4.89318772968002e-05,-0.0004647611583466003
2,-0.00024017712799109976,0.0006929692449420002,0.0,-0.0002800182256179999,0.0006440373676452,0.00022820808659539983
3,3.984109762690015e-05,0.0009729874705600001,0.0002800182256179999,0.0,0.0009240555932631999,0.0005082263122133997
4,-0.0008842144956362997,4.89318772968002e-05,-0.0006440373676452,-0.0009240555932631999,0.0,-0.0004158292810498001
5,-0.0004683852145864996,0.0004647611583466003,-0.00022820808659539983,-0.0005082263122133997,0.0004158292810498001,0.0
