,zero_shot_baseline,in_context_learning_3-shot,style_information_style_example,chain_of_thought_zero_shot,chain_of_thought_one_shot,self-refine
0,0.0,5.940595675900002e-05,-2.3244156172999998e-05,1.6365950506600006e-05,1.8001640206100013e-05,7.60988455362e-05
1,-5.940595675900002e-05,0.0,-8.265011293200002e-05,-4.3040006252400014e-05,-4.140431655290001e-05,1.6692888777199985e-05
2,2.3244156172999998e-05,8.265011293200002e-05,0.0,3.9610106679600004e-05,4.124579637910001e-05,9.93430017092e-05
3,-1.6365950506600006e-05,4.3040006252400014e-05,-3.9610106679600004e-05,0.0,1.6356896995000064e-06,5.97328950296e-05
4,-1.8001640206100013e-05,4.140431655290001e-05,-4.124579637910001e-05,-1.6356896995000064e-06,0.0,5.809720533009999e-05
5,-7.60988455362e-05,-1.6692888777199985e-05,-9.93430017092e-05,-5.97328950296e-05,-5.809720533009999e-05,0.0
