,zero_shot_baseline,in_context_learning_3-shot,style_information_style_example,chain_of_thought_zero_shot,chain_of_thought_one_shot,self-refine
0,0.0,0.00031441541090960015,-2.6248895250399838e-05,-8.22458152725e-05,-0.0007131604512723999,-0.0004097166616176997
1,-0.00031441541090960015,0.0,-0.00034066430616,-0.00039666122618210015,-0.001027575862182,-0.0007241320725272999
2,2.6248895250399838e-05,0.00034066430616,0.0,-5.599692002210017e-05,-0.000686911556022,-0.0003834677663672999
3,8.22458152725e-05,0.00039666122618210015,5.599692002210017e-05,0.0,-0.0006309146359998999,-0.0003274708463451997
4,0.0007131604512723999,0.001027575862182,0.000686911556022,0.0006309146359998999,0.0,0.00030344378965470016
5,0.0004097166616176997,0.0007241320725272999,0.0003834677663672999,0.0003274708463451997,-0.00030344378965470016,0.0
