,zero_shot_baseline,in_context_learning_3-shot,style_information_style_example,chain_of_thought_zero_shot,chain_of_thought_one_shot,self-refine
0,0.0,-0.0009496310535340997,-0.0010389553532470998,0.00010308977497330016,-0.00029035019819299976,-0.00034984923995729986
1,0.0009496310535340997,0.0,-8.932429971300008e-05,0.0010527208285073999,0.0006592808553411,0.0005997818135767999
2,0.0010389553532470998,8.932429971300008e-05,0.0,0.0011420451282204,0.0007486051550541,0.0006891061132897999
3,-0.00010308977497330016,-0.0010527208285073999,-0.0011420451282204,0.0,-0.0003934399731662999,-0.0004529390149306
4,0.00029035019819299976,-0.0006592808553411,-0.0007486051550541,0.0003934399731662999,0.0,-5.94990417643001e-05
5,0.00034984923995729986,-0.0005997818135767999,-0.0006891061132897999,0.0004529390149306,5.94990417643001e-05,0.0
