,zero_shot_baseline,in_context_learning_3-shot,style_information_style_example,chain_of_thought_zero_shot,chain_of_thought_one_shot,self-refine
0,0.0,-0.00022388918615469996,0.000264998570413,-4.0732878437000036e-05,0.00013621683546850003,-0.0009845781317035
1,0.00022388918615469996,0.0,0.0004888877565676999,0.00018315630771769992,0.0003601060216232,-0.0007606889455488001
2,-0.000264998570413,-0.0004888877565676999,0.0,-0.00030573144885000003,-0.00012878173494449996,-0.0012495767021165
3,4.0732878437000036e-05,-0.00018315630771769992,0.00030573144885000003,0.0,0.00017694971390550007,-0.0009438452532665
4,-0.00013621683546850003,-0.0003601060216232,0.00012878173494449996,-0.00017694971390550007,0.0,-0.001120794967172
5,0.0009845781317035,0.0007606889455488001,0.0012495767021165,0.0009438452532665,0.001120794967172,0.0
