,zero_shot_baseline,in_context_learning_3-shot,style_information_style_example,chain_of_thought_zero_shot,chain_of_thought_one_shot,self-refine
0,0.0,0.0007198887667748998,-0.00018684449134899993,8.951700038700022e-05,-0.004773798709779099,0.002050125868319
1,-0.0007198887667748998,0.0,-0.0009067332581238997,-0.0006303717663878996,-0.005493687476553999,0.0013302371015441001
2,0.00018684449134899993,0.0009067332581238997,0.0,0.00027636149173600015,-0.004586954218430099,0.002236970359668
3,-8.951700038700022e-05,0.0006303717663878996,-0.00027636149173600015,0.0,-0.0048633157101660995,0.0019606088679319997
4,0.004773798709779099,0.005493687476553999,0.004586954218430099,0.0048633157101660995,0.0,0.006823924578098099
5,-0.002050125868319,-0.0013302371015441001,-0.002236970359668,-0.0019606088679319997,-0.006823924578098099,0.0
