,mistral,deepseek,llama3.3,qwen72b,qwen32b,qwen14b,solar
0,0.0,-0.00037869173754719976,-0.0007531768018699001,-0.00019575063520069973,-4.109747578870003e-05,0.00019938738314890007,-0.0001431499927941999
1,0.00037869173754719976,0.0,-0.0003744850643227003,0.00018294110234650003,0.00033759426175849973,0.0005780791206960998,0.00023554174475299986
2,0.0007531768018699001,0.0003744850643227003,0.0,0.0005574261666692003,0.0007120793260812,0.0009525641850188001,0.0006100268090757002
3,0.00019575063520069973,-0.00018294110234650003,-0.0005574261666692003,0.0,0.0001546531594119997,0.0003951380183495998,5.2600642406499826e-05
4,4.109747578870003e-05,-0.00033759426175849973,-0.0007120793260812,-0.0001546531594119997,0.0,0.0002404848589376001,-0.00010205251700549987
5,-0.00019938738314890007,-0.0005780791206960998,-0.0009525641850188001,-0.0003951380183495998,-0.0002404848589376001,0.0,-0.00034253737594309996
6,0.0001431499927941999,-0.00023554174475299986,-0.0006100268090757002,-5.2600642406499826e-05,0.00010205251700549987,0.00034253737594309996,0.0
