,zero_shot_baseline,in_context_learning_3-shot,style_information_style_example,chain_of_thought_zero_shot,chain_of_thought_one_shot,self-refine
0,0.0,0.0022225586846584,-0.0016759036469168997,0.0004944352875748004,-0.00024592643796369964,0.0024254432703034
1,-0.0022225586846584,0.0,-0.0038984623315753,-0.0017281233970835998,-0.0024684851226221,0.0002028845856449999
2,0.0016759036469168997,0.0038984623315753,0.0,0.0021703389344917,0.0014299772089532,0.0041013469172203
3,-0.0004944352875748004,0.0017281233970835998,-0.0021703389344917,0.0,-0.0007403617255385001,0.0019310079827285997
4,0.00024592643796369964,0.0024684851226221,-0.0014299772089532,0.0007403617255385001,0.0,0.0026713697082670997
5,-0.0024254432703034,-0.0002028845856449999,-0.0041013469172203,-0.0019310079827285997,-0.0026713697082670997,0.0
