,zero_shot_baseline,in_context_learning_3-shot,style_information_style_example,chain_of_thought_zero_shot,chain_of_thought_one_shot,self-refine
0,0.0,-0.00012008032585050007,-0.0002208278518307,0.00016023562092459999,-0.00010761696634300003,1.3235873934100005e-05
1,0.00012008032585050007,0.0,-0.00010074752598019992,0.00028031594677510005,1.2463359507500042e-05,0.00013331619978460007
2,0.0002208278518307,0.00010074752598019992,0.0,0.0003810634727553,0.00011321088548769996,0.0002340637257648
3,-0.00016023562092459999,-0.00028031594677510005,-0.0003810634727553,0.0,-0.0002678525872676,-0.00014699974699049998
4,0.00010761696634300003,-1.2463359507500042e-05,-0.00011321088548769996,0.0002678525872676,0.0,0.00012085284027710003
5,-1.3235873934100005e-05,-0.00013331619978460007,-0.0002340637257648,0.00014699974699049998,-0.00012085284027710003,0.0
