,zero_shot_baseline,in_context_learning_3-shot,style_information_style_example,chain_of_thought_zero_shot,chain_of_thought_one_shot,self-refine
0,0.0,-6.852641340104995e-05,1.0662910390457411e-05,-9.120771397449953e-06,-6.834095900414995e-05,-9.771190883564997e-05
1,6.852641340104995e-05,0.0,7.918932379150736e-05,5.94056420036e-05,1.854543969000025e-07,-2.9185495434600015e-05
2,-1.0662910390457411e-05,-7.918932379150736e-05,0.0,-1.9783681787907364e-05,-7.900386939460736e-05,-0.00010837481922610738
3,9.120771397449953e-06,-5.94056420036e-05,1.9783681787907364e-05,0.0,-5.92201876067e-05,-8.859113743820001e-05
4,6.834095900414995e-05,-1.854543969000025e-07,7.900386939460736e-05,5.92201876067e-05,0.0,-2.9370949831500017e-05
5,9.771190883564997e-05,2.9185495434600015e-05,0.00010837481922610738,8.859113743820001e-05,2.9370949831500017e-05,0.0
