,mistral,deepseek,llama3.3,qwen72b,qwen32b,qwen14b,solar
0,0.0,-0.0007336873981261998,-0.0007390234890465998,-4.1377160256600085e-05,0.0005167345931634002,8.382984027330027e-05,-0.00048126454176799973
1,0.0007336873981261998,0.0,-5.3360909203999975e-06,0.0006923102378695997,0.0012504219912896,0.0008175172383995,0.00025242285635820004
2,0.0007390234890465998,5.3360909203999975e-06,0.0,0.0006976463287899997,0.00125575808221,0.0008228533293199,0.00025775894727860004
3,4.1377160256600085e-05,-0.0006923102378695997,-0.0006976463287899997,0.0,0.0005581117534200002,0.00012520700052990035,-0.00043988738151139965
4,-0.0005167345931634002,-0.0012504219912896,-0.00125575808221,-0.0005581117534200002,0.0,-0.0004329047528900999,-0.0009979991349313999
5,-8.382984027330027e-05,-0.0008175172383995,-0.0008228533293199,-0.00012520700052990035,0.0004329047528900999,0.0,-0.0005650943820413
6,0.00048126454176799973,-0.00025242285635820004,-0.00025775894727860004,0.00043988738151139965,0.0009979991349313999,0.0005650943820413,0.0
