,mistral,deepseek,llama3.3,qwen72b,qwen32b,qwen14b,solar
0,0.0,0.0014419700824698997,0.004892850400350399,0.003671224714554902,0.004271337677739399,0.0054208932492853,0.0091422356417872
1,-0.0014419700824698997,0.0,0.0034508803178804996,0.0022292546320850024,0.0028293675952694997,0.0039789231668154006,0.0077002655593173
2,-0.004892850400350399,-0.0034508803178804996,0.0,-0.0012216256857954973,-0.000621512722611,0.0005280428489349009,0.004249385241436801
3,-0.003671224714554902,-0.0022292546320850024,0.0012216256857954973,0.0,0.0006001129631844973,0.0017496685347303982,0.005471010927232298
4,-0.004271337677739399,-0.0028293675952694997,0.000621512722611,-0.0006001129631844973,0.0,0.001149555571545901,0.004870897964047801
5,-0.0054208932492853,-0.0039789231668154006,-0.0005280428489349009,-0.0017496685347303982,-0.001149555571545901,0.0,0.0037213423925019
6,-0.0091422356417872,-0.0077002655593173,-0.004249385241436801,-0.005471010927232298,-0.004870897964047801,-0.0037213423925019,0.0
