,zero_shot_baseline,in_context_learning_3-shot,style_information_style_example,chain_of_thought_zero_shot,chain_of_thought_one_shot,self-refine
0,0.0,0.0021836640825207004,-0.0002740907625907998,-4.753359033359949e-05,0.0005554397202805006,-0.0034868454494338995
1,-0.0021836640825207004,0.0,-0.0024577548451115002,-0.0022311976728543,-0.0016282243622401998,-0.0056705095319546
2,0.0002740907625907998,0.0024577548451115002,0.0,0.00022655717225720032,0.0008295304828713004,-0.0032127546868430997
3,4.753359033359949e-05,0.0022311976728543,-0.00022655717225720032,0.0,0.0006029733106141001,-0.0034393118591003
4,-0.0005554397202805006,0.0016282243622401998,-0.0008295304828713004,-0.0006029733106141001,0.0,-0.0040422851697144
5,0.0034868454494338995,0.0056705095319546,0.0032127546868430997,0.0034393118591003,0.0040422851697144,0.0
