,zero_shot_baseline,in_context_learning_3-shot,style_information_style_example,chain_of_thought_zero_shot,chain_of_thought_one_shot,self-refine
0,0.0,-0.0001431771661968,-0.0010425087659940001,1.205629068109994e-05,-0.0031429753838203,-0.0009547578008132001
1,0.0001431771661968,0.0,-0.0008993315997972001,0.00015523345687789994,-0.0029997982176234997,-0.0008115806346164001
2,0.0010425087659940001,0.0008993315997972001,0.0,0.0010545650566751,-0.0021004666178262997,8.775096518080002e-05
3,-1.205629068109994e-05,-0.00015523345687789994,-0.0010545650566751,0.0,-0.0031550316745014,-0.0009668140914943001
4,0.0031429753838203,0.0029997982176234997,0.0021004666178262997,0.0031550316745014,0.0,0.0021882175830070997
5,0.0009547578008132001,0.0008115806346164001,-8.775096518080002e-05,0.0009668140914943001,-0.0021882175830070997,0.0
