,abstracts,news,reviews,qa
0,0.0,-0.00017556468468576285,-0.00015433423712925244,-0.00012543082329068635
1,0.00017556468468576285,0.0,2.1230447556510405e-05,5.013386139507649e-05
2,0.00015433423712925244,-2.1230447556510405e-05,0.0,2.8903413838566088e-05
3,0.00012543082329068635,-5.013386139507649e-05,-2.8903413838566088e-05,0.0
