,zero_shot_baseline,in_context_learning_3-shot,style_information_style_example,chain_of_thought_zero_shot,chain_of_thought_one_shot,self-refine
0,0.0,3.6087696200001046e-07,0.0019351166232794,-0.0007466751656261999,-0.0013972216662274002,-0.005761842340349901
1,-3.6087696200001046e-07,0.0,0.0019347557463174,-0.0007470360425881999,-0.0013975825431894002,-0.005762203217311901
2,-0.0019351166232794,-0.0019347557463174,0.0,-0.0026817917889056,-0.0033323382895068003,-0.007696958963629301
3,0.0007466751656261999,0.0007470360425881999,0.0026817917889056,0.0,-0.0006505465006012004,-0.005015167174723701
4,0.0013972216662274002,0.0013975825431894002,0.0033323382895068003,0.0006505465006012004,0.0,-0.0043646206741225005
5,0.005761842340349901,0.005762203217311901,0.007696958963629301,0.005015167174723701,0.0043646206741225005,0.0
