,zero_shot_baseline,in_context_learning_3-shot,style_information_style_example,chain_of_thought_zero_shot,chain_of_thought_one_shot,self-refine
0,0.0,-0.0009396986237643998,-0.001476847730817,0.0002750944511926,-0.0009208278479136999,-3.0017141177600013e-05
1,0.0009396986237643998,0.0,-0.0005371491070526001,0.0012147930749569998,1.8870775850699916e-05,0.0009096814825867998
2,0.001476847730817,0.0005371491070526001,0.0,0.0017519421820096,0.0005560198829033,0.0014468305896393999
3,-0.0002750944511926,-0.0012147930749569998,-0.0017519421820096,0.0,-0.0011959222991063,-0.00030511159237020004
4,0.0009208278479136999,-1.8870775850699916e-05,-0.0005560198829033,0.0011959222991063,0.0,0.0008908107067360999
5,3.0017141177600013e-05,-0.0009096814825867998,-0.0014468305896393999,0.00030511159237020004,-0.0008908107067360999,0.0
