,zero_shot_baseline,in_context_learning_3-shot,style_information_style_example,chain_of_thought_zero_shot,chain_of_thought_one_shot,self-refine
0,0.0,5.004218872470002e-05,-6.3311314460999806e-06,4.815165098120001e-05,-2.4338149364199987e-05,0.00016193301484500002
1,-5.004218872470002e-05,0.0,-5.63733201708e-05,-1.890537743500008e-06,-7.43803380889e-05,0.0001118908261203
2,6.3311314460999806e-06,5.63733201708e-05,0.0,5.448278242729999e-05,-1.8007017918100006e-05,0.0001682641462911
3,-4.815165098120001e-05,1.890537743500008e-06,-5.448278242729999e-05,0.0,-7.24898003454e-05,0.00011378136386380001
4,2.4338149364199987e-05,7.43803380889e-05,1.8007017918100006e-05,7.24898003454e-05,0.0,0.0001862711642092
5,-0.00016193301484500002,-0.0001118908261203,-0.0001682641462911,-0.00011378136386380001,-0.0001862711642092,0.0
