,zero_shot_baseline,in_context_learning_3-shot,style_information_style_example,chain_of_thought_zero_shot,chain_of_thought_one_shot,self-refine
0,0.0,-0.0005540838168542999,-0.0001885853102051,-3.2729525394399974e-05,-5.5417563456299944e-05,-0.0005858209332886001
1,0.0005540838168542999,0.0,0.00036549850664919993,0.0005213542914599,0.000498666253398,-3.173711643430013e-05
2,0.0001885853102051,-0.00036549850664919993,0.0,0.00015585578481070003,0.00013316774674880006,-0.00039723562308350007
3,3.2729525394399974e-05,-0.0005213542914599,-0.00015585578481070003,0.0,-2.268803806189997e-05,-0.0005530914078942001
4,5.5417563456299944e-05,-0.000498666253398,-0.00013316774674880006,2.268803806189997e-05,0.0,-0.0005304033698323001
5,0.0005858209332886001,3.173711643430013e-05,0.00039723562308350007,0.0005530914078942001,0.0005304033698323001,0.0
