,zero_shot_baseline,in_context_learning_3-shot,style_information_style_example,chain_of_thought_zero_shot,chain_of_thought_one_shot,self-refine
0,0.0,-0.00010449195667980585,3.769651783227447e-05,3.795117401778352e-05,3.457921434297008e-05,4.999360909023706e-06
1,0.00010449195667980585,0.0,0.0001421884745120803,0.00014244313069758938,0.00013907117102277593,0.00010949131758882956
2,-3.769651783227447e-05,-0.0001421884745120803,0.0,2.546561855090474e-07,-3.1173034893043907e-06,-3.269715692325076e-05
3,-3.795117401778352e-05,-0.00014244313069758938,-2.546561855090474e-07,0.0,-3.371959674813438e-06,-3.295181310875981e-05
4,-3.457921434297008e-05,-0.00013907117102277593,3.1173034893043907e-06,3.371959674813438e-06,0.0,-2.9579853433946372e-05
5,-4.999360909023706e-06,-0.00010949131758882956,3.269715692325076e-05,3.295181310875981e-05,2.9579853433946372e-05,0.0
