,mistral,deepseek,llama3.3,qwen72b,qwen32b,qwen14b,solar
0,0.0,0.0002451403392201999,-9.227037584200073e-06,6.926792805669998e-05,-0.0005457943828953002,-0.00028057631911450006,0.00010305912069709996
1,-0.0002451403392201999,0.0,-0.0002543673768044,-0.00017587241116349993,-0.0007909347221155001,-0.0005257166583347,-0.00014208121852309996
2,9.227037584200073e-06,0.0002543673768044,0.0,7.849496564090006e-05,-0.0005365673453111001,-0.0002713492815303,0.00011228615828130003
3,-6.926792805669998e-05,0.00017587241116349993,-7.849496564090006e-05,0.0,-0.0006150623109520001,-0.00034984424717120005,3.379119264039997e-05
4,0.0005457943828953002,0.0007909347221155001,0.0005365673453111001,0.0006150623109520001,0.0,0.0002652180637808001,0.0006488535035924001
5,0.00028057631911450006,0.0005257166583347,0.0002713492815303,0.00034984424717120005,-0.0002652180637808001,0.0,0.0003836354398116
6,-0.00010305912069709996,0.00014208121852309996,-0.00011228615828130003,-3.379119264039997e-05,-0.0006488535035924001,-0.0003836354398116,0.0
