,zero_shot_baseline,in_context_learning_3-shot,style_information_style_example,chain_of_thought_zero_shot,chain_of_thought_one_shot,self-refine
0,0.0,0.008986845798885198,0.0019304189513395988,-0.000359053612966103,-0.0016587921765539027,-0.004556042718918001
1,-0.008986845798885198,0.0,-0.007056426847545599,-0.0093458994118513,-0.0106456379754391,-0.013542888517803199
2,-0.0019304189513395988,0.007056426847545599,0.0,-0.002289472564305702,-0.0035892111278935015,-0.0064864616702576
3,0.000359053612966103,0.0093458994118513,0.002289472564305702,0.0,-0.0012997385635877996,-0.004196989105951898
4,0.0016587921765539027,0.0106456379754391,0.0035892111278935015,0.0012997385635877996,0.0,-0.0028972505423640986
5,0.004556042718918001,0.013542888517803199,0.0064864616702576,0.004196989105951898,0.0028972505423640986,0.0
