,mistral,deepseek,llama3.3,qwen72b,qwen32b,qwen14b,solar
0,0.0,-0.0003411420643028998,0.0020037391238409,-0.0006729158677284998,-0.0013282792063925002,-0.0004519569327505,-0.0003022475325832998
1,0.0003411420643028998,0.0,0.0023448811881437996,-0.00033177380342559997,-0.0009871371420896004,-0.00011081486844760017,3.889453171960003e-05
2,-0.0020037391238409,-0.0023448811881437996,0.0,-0.0026766549915693996,-0.0033320183302334,-0.0024556960565914,-0.0023059866564241996
3,0.0006729158677284998,0.00033177380342559997,0.0026766549915693996,0.0,-0.0006553633386640004,0.0002209589349779998,0.0003706683351452
4,0.0013282792063925002,0.0009871371420896004,0.0033320183302334,0.0006553633386640004,0.0,0.0008763222736420002,0.0010260316738092004
5,0.0004519569327505,0.00011081486844760017,0.0024556960565914,-0.0002209589349779998,-0.0008763222736420002,0.0,0.0001497094001672002
6,0.0003022475325832998,-3.889453171960003e-05,0.0023059866564241996,-0.0003706683351452,-0.0010260316738092004,-0.0001497094001672002,0.0
