,zero_shot_baseline,in_context_learning_3-shot,style_information_style_example,chain_of_thought_zero_shot,chain_of_thought_one_shot,self-refine
0,0.0,0.000383206554141174,-0.00023783020143549997,-1.3882504742700002e-05,0.00021729168018979998,0.00027360032724399995
1,-0.000383206554141174,0.0,-0.000621036755576674,-0.000397089058883874,-0.00016591487395137402,-0.00010960622689717404
2,0.00023783020143549997,0.000621036755576674,0.0,0.00022394769669279997,0.00045512188162529995,0.0005114305286794999
3,1.3882504742700002e-05,0.000397089058883874,-0.00022394769669279997,0.0,0.00023117418493249998,0.00028748283198669995
4,-0.00021729168018979998,0.00016591487395137402,-0.00045512188162529995,-0.00023117418493249998,0.0,5.630864705419999e-05
5,-0.00027360032724399995,0.00010960622689717404,-0.0005114305286794999,-0.00028748283198669995,-5.630864705419999e-05,0.0
