,zero_shot_baseline,in_context_learning_3-shot,style_information_style_example,chain_of_thought_zero_shot,chain_of_thought_one_shot,self-refine
0,0.0,-3.8091649988800005e-05,5.382629040789986e-05,3.079889155699999e-05,-0.0001986139544096,-9.937712056920002e-05
1,3.8091649988800005e-05,0.0,9.191794039669986e-05,6.88905415458e-05,-0.0001605223044208,-6.128547058040001e-05
2,-5.382629040789986e-05,-9.191794039669986e-05,0.0,-2.3027398850899866e-05,-0.00025244024481749987,-0.00015320341097709988
3,-3.079889155699999e-05,-6.88905415458e-05,2.3027398850899866e-05,0.0,-0.0002294128459666,-0.00013017601212620002
4,0.0001986139544096,0.0001605223044208,0.00025244024481749987,0.0002294128459666,0.0,9.923683384039999e-05
5,9.937712056920002e-05,6.128547058040001e-05,0.00015320341097709988,0.00013017601212620002,-9.923683384039999e-05,0.0
