,zero_shot_baseline,in_context_learning_3-shot,style_information_style_example,chain_of_thought_zero_shot,chain_of_thought_one_shot,self-refine
0,0.0,-0.0001272473275009,-0.00013503824520319998,5.692097921400005e-06,-2.7721158216999995e-05,-3.1787712186300004e-05
1,0.0001272473275009,0.0,-7.79091770229998e-06,0.0001329394254223,9.95261692839e-05,9.54596153146e-05
2,0.00013503824520319998,7.79091770229998e-06,0.0,0.00014073034312459998,0.00010731708698619998,0.00010325053301689997
3,-5.692097921400005e-06,-0.0001329394254223,-0.00014073034312459998,0.0,-3.34132561384e-05,-3.747981010770001e-05
4,2.7721158216999995e-05,-9.95261692839e-05,-0.00010731708698619998,3.34132561384e-05,0.0,-4.066553969300009e-06
5,3.1787712186300004e-05,-9.54596153146e-05,-0.00010325053301689997,3.747981010770001e-05,4.066553969300009e-06,0.0
