,zero_shot_baseline,in_context_learning_3-shot,style_information_style_example,chain_of_thought_zero_shot,chain_of_thought_one_shot,self-refine
0,0.0,-5.452525396628171e-05,2.775769970644602e-06,1.0628096457453633e-05,3.112979942716633e-06,-9.034434964190968e-05
1,5.452525396628171e-05,0.0,5.730102393692631e-05,6.515335042373535e-05,5.7638233908998344e-05,-3.581909567562796e-05
2,-2.775769970644602e-06,-5.730102393692631e-05,0.0,7.85232648680903e-06,3.3720997207203093e-07,-9.312011961255427e-05
3,-1.0628096457453633e-05,-6.515335042373535e-05,-7.85232648680903e-06,0.0,-7.515116514737e-06,-0.00010097244609936331
4,-3.112979942716633e-06,-5.7638233908998344e-05,-3.3720997207203093e-07,7.515116514737e-06,0.0,-9.34573295846263e-05
5,9.034434964190968e-05,3.581909567562796e-05,9.312011961255427e-05,0.00010097244609936331,9.34573295846263e-05,0.0
