,zero_shot_baseline,in_context_learning_3-shot,style_information_style_example,chain_of_thought_zero_shot,chain_of_thought_one_shot,self-refine
0,0.0,2.928744289715891e-05,-4.944766818246551e-05,1.1094511148992394e-06,2.7864462173725685e-05,-4.207502879766551e-05
1,-2.928744289715891e-05,0.0,-7.873511107962442e-05,-2.817799178225967e-05,-1.4229807234332237e-06,-7.136247169482442e-05
2,4.944766818246551e-05,7.873511107962442e-05,0.0,5.055711929736475e-05,7.73121303561912e-05,7.372639384799998e-06
3,-1.1094511148992394e-06,2.817799178225967e-05,-5.055711929736475e-05,0.0,2.6755011058826446e-05,-4.318447991256475e-05
4,-2.7864462173725685e-05,1.4229807234332237e-06,-7.73121303561912e-05,-2.6755011058826446e-05,0.0,-6.99394909713912e-05
5,4.207502879766551e-05,7.136247169482442e-05,-7.372639384799998e-06,4.318447991256475e-05,6.99394909713912e-05,0.0
