,zero_shot_baseline,in_context_learning_3-shot,style_information_style_example,chain_of_thought_zero_shot,chain_of_thought_one_shot,self-refine
0,0.0,9.91621667016e-05,-0.0004191939245271,-4.97827398613e-05,0.0001246848053863,7.519047928510001e-05
1,-9.91621667016e-05,0.0,-0.0005183560912287,-0.0001489449065629,2.5522638684700007e-05,-2.397168741649999e-05
2,0.0004191939245271,0.0005183560912287,0.0,0.0003694111846658,0.0005438787299134,0.0004943844038122
3,4.97827398613e-05,0.0001489449065629,-0.0003694111846658,0.0,0.0001744675452476,0.0001249732191464
4,-0.0001246848053863,-2.5522638684700007e-05,-0.0005438787299134,-0.0001744675452476,0.0,-4.9494326101199996e-05
5,-7.519047928510001e-05,2.397168741649999e-05,-0.0004943844038122,-0.0001249732191464,4.9494326101199996e-05,0.0
