,abstracts,news,reviews,qa
0,0.0,0.0010812029428516712,0.004986526056112471,0.0001146626695675713
1,-0.0010812029428516712,0.0,0.0039053231132607997,-0.0009665402732841
2,-0.004986526056112471,-0.0039053231132607997,0.0,-0.0048718633865449
3,-0.0001146626695675713,0.0009665402732841,0.0048718633865449,0.0
