,zero_shot_baseline,in_context_learning_3-shot,style_information_style_example,chain_of_thought_zero_shot,chain_of_thought_one_shot,self-refine
0,0.0,0.020860915862554785,-0.008143871732703367,0.004102403888868733,0.0068436554053560306,-0.004051263751381762
1,-0.020860915862554785,0.0,-0.029004787595258152,-0.016758511973686052,-0.014017260457198755,-0.024912179613936547
2,0.008143871732703367,0.029004787595258152,0.0,0.0122462756215721,0.014987527138059398,0.004092607981321605
3,-0.004102403888868733,0.016758511973686052,-0.0122462756215721,0.0,0.0027412515164872975,-0.008153667640250495
4,-0.0068436554053560306,0.014017260457198755,-0.014987527138059398,-0.0027412515164872975,0.0,-0.010894919156737792
5,0.004051263751381762,0.024912179613936547,-0.004092607981321605,0.008153667640250495,0.010894919156737792,0.0
