,abstracts,news,reviews,qa
0,0.0,0.036884297768820996,0.0091996268970483,-0.0200135025898322
1,-0.036884297768820996,0.0,-0.027684670871772697,-0.056897800358653196
2,-0.0091996268970483,0.027684670871772697,0.0,-0.0292131294868805
3,0.0200135025898322,0.056897800358653196,0.0292131294868805,0.0
