,zero_shot_baseline,in_context_learning_3-shot,style_information_style_example,chain_of_thought_zero_shot,chain_of_thought_one_shot,self-refine
0,0.0,0.03289829824596335,-0.004087448200130517,0.012983638657623864,0.004823341453539798,-0.0071492859977575485
1,-0.03289829824596335,0.0,-0.03698574644609387,-0.01991465958833949,-0.028074956792423555,-0.0400475842437209
2,0.004087448200130517,0.03698574644609387,0.0,0.01707108685775438,0.008910789653670315,-0.0030618377976270317
3,-0.012983638657623864,0.01991465958833949,-0.01707108685775438,0.0,-0.008160297204084066,-0.020132924655381412
4,-0.004823341453539798,0.028074956792423555,-0.008910789653670315,0.008160297204084066,0.0,-0.011972627451297346
5,0.0071492859977575485,0.0400475842437209,0.0030618377976270317,0.020132924655381412,0.011972627451297346,0.0
