,abstracts,news,reviews,qa
0,0.0,0.03431367111239299,0.009055331388299004,0.005612535530861884
1,-0.03431367111239299,0.0,-0.025258339724093984,-0.028701135581531104
2,-0.009055331388299004,0.025258339724093984,0.0,-0.00344279585743712
3,-0.005612535530861884,0.028701135581531104,0.00344279585743712,0.0
