,zero_shot_baseline,in_context_learning_3-shot,style_information_style_example,chain_of_thought_zero_shot,chain_of_thought_one_shot,self-refine
0,0.0,0.034726125273491726,0.0072013869974981715,0.002145356059267134,0.023210064225471783,0.009972152991179373
1,-0.034726125273491726,0.0,-0.027524738275993554,-0.03258076921422459,-0.011516061048019943,-0.024753972282312353
2,-0.0072013869974981715,0.027524738275993554,0.0,-0.0050560309382310376,0.01600867722797361,0.0027707659936812012
3,-0.002145356059267134,0.03258076921422459,0.0050560309382310376,0.0,0.02106470816620465,0.007826796931912239
4,-0.023210064225471783,0.011516061048019943,-0.01600867722797361,-0.02106470816620465,0.0,-0.01323791123429241
5,-0.009972152991179373,0.024753972282312353,-0.0027707659936812012,-0.007826796931912239,0.01323791123429241,0.0
