,zero_shot_baseline,in_context_learning_3-shot,style_information_style_example,chain_of_thought_zero_shot,chain_of_thought_one_shot,self-refine
0,0.0,0.01500339399061279,-0.007245606126595305,-0.002096932658133266,-0.0003213152039792666,-0.010929001336079658
1,-0.01500339399061279,0.0,-0.022249000117208095,-0.017100326648746056,-0.015324709194592057,-0.025932395326692448
2,0.007245606126595305,0.022249000117208095,0.0,0.0051486734684620394,0.006924290922616039,-0.0036833952094843525
3,0.002096932658133266,0.017100326648746056,-0.0051486734684620394,0.0,0.0017756174541539993,-0.008832068677946392
4,0.0003213152039792666,0.015324709194592057,-0.006924290922616039,-0.0017756174541539993,0.0,-0.010607686132100391
5,0.010929001336079658,0.025932395326692448,0.0036833952094843525,0.008832068677946392,0.010607686132100391,0.0
