,zero_shot_baseline,in_context_learning_3-shot,style_information_style_example,chain_of_thought_zero_shot,chain_of_thought_one_shot,self-refine
0,0.0,-0.0155776652088907,0.0013258776748734658,0.009211653715139323,0.009079119260363755,-0.01045629699088868
1,0.0155776652088907,0.0,0.016903542883764167,0.024789318924030024,0.024656784469254456,0.00512136821800202
2,-0.0013258776748734658,-0.016903542883764167,0.0,0.007885776040265857,0.007753241585490289,-0.011782174665762146
3,-0.009211653715139323,-0.024789318924030024,-0.007885776040265857,0.0,-0.00013253445477556802,-0.019667950706028003
4,-0.009079119260363755,-0.024656784469254456,-0.007753241585490289,0.00013253445477556802,0.0,-0.019535416251252435
5,0.01045629699088868,-0.00512136821800202,0.011782174665762146,0.019667950706028003,0.019535416251252435,0.0
