,zero_shot_baseline,in_context_learning_3-shot,style_information_style_example,chain_of_thought_zero_shot,chain_of_thought_one_shot,self-refine
0,0.0,0.022825316807639995,0.005374434872972067,0.0041435880904263644,0.0034393368666221225,-0.006771960307650926
1,-0.022825316807639995,0.0,-0.017450881934667928,-0.01868172871721363,-0.019385979941017872,-0.02959727711529092
2,-0.005374434872972067,0.017450881934667928,0.0,-0.0012308467825457026,-0.0019350980063499446,-0.012146395180622993
3,-0.0041435880904263644,0.01868172871721363,0.0012308467825457026,0.0,-0.000704251223804242,-0.01091554839807729
4,-0.0034393368666221225,0.019385979941017872,0.0019350980063499446,0.000704251223804242,0.0,-0.010211297174273049
5,0.006771960307650926,0.02959727711529092,0.012146395180622993,0.01091554839807729,0.010211297174273049,0.0
