,zero_shot_baseline,in_context_learning_3-shot,style_information_style_example,chain_of_thought_zero_shot,chain_of_thought_one_shot,self-refine
0,0.0,0.0671516336737038,0.002279369095518624,0.003853945101539469,0.028680896466609984,0.0028775889411635225
1,-0.0671516336737038,0.0,-0.06487226457818518,-0.06329768857216433,-0.03847073720709382,-0.06427404473254028
2,-0.002279369095518624,0.06487226457818518,0.0,0.0015745760060208447,0.02640152737109136,0.0005982198456448984
3,-0.003853945101539469,0.06329768857216433,-0.0015745760060208447,0.0,0.024826951365070515,-0.0009763561603759463
4,-0.028680896466609984,0.03847073720709382,-0.02640152737109136,-0.024826951365070515,0.0,-0.02580330752544646
5,-0.0028775889411635225,0.06427404473254028,-0.0005982198456448984,0.0009763561603759463,0.02580330752544646,0.0
