,zero_shot_baseline,in_context_learning_3-shot,style_information_style_example,chain_of_thought_zero_shot,chain_of_thought_one_shot,self-refine
0,0.0,0.00248075243467738,-0.006121166237156417,0.0015294819590579989,-0.002935692782697008,0.00884299142696654
1,-0.00248075243467738,0.0,-0.008601918671833797,-0.0009512704756193813,-0.005416445217374388,0.00636223899228916
2,0.006121166237156417,0.008601918671833797,0.0,0.007650648196214416,0.0031854734544594088,0.014964157664122957
3,-0.0015294819590579989,0.0009512704756193813,-0.007650648196214416,0.0,-0.004465174741755007,0.007313509467908541
4,0.002935692782697008,0.005416445217374388,-0.0031854734544594088,0.004465174741755007,0.0,0.011778684209663548
5,-0.00884299142696654,-0.00636223899228916,-0.014964157664122957,-0.007313509467908541,-0.011778684209663548,0.0
