,mistral,deepseek,llama3.3,qwen72b,qwen32b,qwen14b,solar
0,0.0,0.016740419645979276,0.0387974296278929,0.013861260757780047,-0.045755781975073684,-0.04465443854159856,0.0009833997499669733
1,-0.016740419645979276,0.0,0.022057009981913622,-0.002879158888199229,-0.06249620162105296,-0.06139485818757784,-0.015757019896012303
2,-0.0387974296278929,-0.022057009981913622,0.0,-0.02493616887011285,-0.08455321160296658,-0.08345186816949146,-0.037814029877925925
3,-0.013861260757780047,0.002879158888199229,0.02493616887011285,0.0,-0.05961704273285373,-0.05851569929937861,-0.012877861007813074
4,0.045755781975073684,0.06249620162105296,0.08455321160296658,0.05961704273285373,0.0,0.0011013434334751215,0.04673918172504066
5,0.04465443854159856,0.06139485818757784,0.08345186816949146,0.05851569929937861,-0.0011013434334751215,0.0,0.045637838291565536
6,-0.0009833997499669733,0.015757019896012303,0.037814029877925925,0.012877861007813074,-0.04673918172504066,-0.045637838291565536,0.0
