,zero_shot_baseline,in_context_learning_3-shot,style_information_style_example,chain_of_thought_zero_shot,chain_of_thought_one_shot,self-refine
0,0.0,-0.0372696007569846,-0.008006733607878624,-0.001960084880450963,0.010351779472499878,-0.006510105251425036
1,0.0372696007569846,0.0,0.029262867149105976,0.03530951587653364,0.04762138022948448,0.030759495505559564
2,0.008006733607878624,-0.029262867149105976,0.0,0.0060466487274276615,0.018358513080378502,0.0014966283564535887
3,0.001960084880450963,-0.03530951587653364,-0.0060466487274276615,0.0,0.012311864352950841,-0.004550020370974073
4,-0.010351779472499878,-0.04762138022948448,-0.018358513080378502,-0.012311864352950841,0.0,-0.016861884723924914
5,0.006510105251425036,-0.030759495505559564,-0.0014966283564535887,0.004550020370974073,0.016861884723924914,0.0
