,zero_shot_baseline,in_context_learning_3-shot,style_information_style_example,chain_of_thought_zero_shot,chain_of_thought_one_shot,self-refine
0,0.0,0.042514525789138946,0.018543512074163604,-0.0017622209749525997,0.0058793219377889505,0.018759975073870172
1,-0.042514525789138946,0.0,-0.023971013714975342,-0.044276746764091546,-0.036635203851349996,-0.023754550715268774
2,-0.018543512074163604,0.023971013714975342,0.0,-0.020305733049116204,-0.012664190136374653,0.00021646299970656813
3,0.0017622209749525997,0.044276746764091546,0.020305733049116204,0.0,0.00764154291274155,0.02052219604882277
4,-0.0058793219377889505,0.036635203851349996,0.012664190136374653,-0.00764154291274155,0.0,0.012880653136081222
5,-0.018759975073870172,0.023754550715268774,-0.00021646299970656813,-0.02052219604882277,-0.012880653136081222,0.0
