,zero_shot_baseline,in_context_learning_3-shot,style_information_style_example,chain_of_thought_zero_shot,chain_of_thought_one_shot,self-refine
0,0.0,0.044890606790213616,0.00019520072226408836,0.017140392331858934,0.0060125249680917925,-0.016054786888080264
1,-0.044890606790213616,0.0,-0.04469540606794953,-0.027750214458354683,-0.038878081822121824,-0.06094539367829388
2,-0.00019520072226408836,0.04469540606794953,0.0,0.016945191609594845,0.005817324245827704,-0.016249987610344352
3,-0.017140392331858934,0.027750214458354683,-0.016945191609594845,0.0,-0.011127867363767141,-0.0331951792199392
4,-0.0060125249680917925,0.038878081822121824,-0.005817324245827704,0.011127867363767141,0.0,-0.022067311856172056
5,0.016054786888080264,0.06094539367829388,0.016249987610344352,0.0331951792199392,0.022067311856172056,0.0
