,zero_shot_baseline,in_context_learning_3-shot,style_information_style_example,chain_of_thought_zero_shot,chain_of_thought_one_shot,self-refine
0,0.0,0.028669607400259145,-0.0031658187443904806,0.024481449088952223,0.012944525265021323,0.010629974036483358
1,-0.028669607400259145,0.0,-0.031835426144649626,-0.004188158311306922,-0.015725082135237822,-0.018039633363775787
2,0.0031658187443904806,0.031835426144649626,0.0,0.027647267833342704,0.016110344009411803,0.013795792780873839
3,-0.024481449088952223,0.004188158311306922,-0.027647267833342704,0.0,-0.0115369238239309,-0.013851475052468865
4,-0.012944525265021323,0.015725082135237822,-0.016110344009411803,0.0115369238239309,0.0,-0.0023145512285379644
5,-0.010629974036483358,0.018039633363775787,-0.013795792780873839,0.013851475052468865,0.0023145512285379644,0.0
