,abstracts,news,reviews,qa
0,0.0,0.028661762005779717,0.006911608376086925,0.007200550884213702
1,-0.028661762005779717,0.0,-0.021750153629692792,-0.021461211121566015
2,-0.006911608376086925,0.021750153629692792,0.0,0.00028894250812677713
3,-0.007200550884213702,0.021461211121566015,-0.00028894250812677713,0.0
