,zero_shot_baseline,in_context_learning_3-shot,style_information_style_example,chain_of_thought_zero_shot,chain_of_thought_one_shot,self-refine
0,0.0,-0.028761482836069274,-0.02036703233690651,-0.0015898881456143377,-0.0023408257487375073,-0.01657554694158203
1,0.028761482836069274,0.0,0.008394450499162764,0.027171594690454937,0.026420657087331767,0.012185935894487243
2,0.02036703233690651,-0.008394450499162764,0.0,0.018777144191292172,0.018026206588169003,0.0037914853953244787
3,0.0015898881456143377,-0.027171594690454937,-0.018777144191292172,0.0,-0.0007509376031231696,-0.014985658795967693
4,0.0023408257487375073,-0.026420657087331767,-0.018026206588169003,0.0007509376031231696,0.0,-0.014234721192844524
5,0.01657554694158203,-0.012185935894487243,-0.0037914853953244787,0.014985658795967693,0.014234721192844524,0.0
