,zero_shot_baseline,in_context_learning_3-shot,style_information_style_example,chain_of_thought_zero_shot,chain_of_thought_one_shot,self-refine
0,0.0,0.034723857020304005,0.002782519159451602,0.00042317817609083264,0.019242284664544806,0.01623227145201278
1,-0.034723857020304005,0.0,-0.0319413378608524,-0.03430067884421317,-0.015481572355759199,-0.018491585568291224
2,-0.002782519159451602,0.0319413378608524,0.0,-0.0023593409833607693,0.016459765505093205,0.013449752292561179
3,-0.00042317817609083264,0.03430067884421317,0.0023593409833607693,0.0,0.018819106488453974,0.015809093275921948
4,-0.019242284664544806,0.015481572355759199,-0.016459765505093205,-0.018819106488453974,0.0,-0.0030100132125320256
5,-0.01623227145201278,0.018491585568291224,-0.013449752292561179,-0.015809093275921948,0.0030100132125320256,0.0
