,zero_shot_baseline,in_context_learning_3-shot,style_information_style_example,chain_of_thought_zero_shot,chain_of_thought_one_shot,self-refine
0,0.0,-0.003724353821211168,-0.0012194539140580885,-6.69198645705249e-05,0.01719631842086755,-0.013507937935212322
1,0.003724353821211168,0.0,0.0025048999071530798,0.0036574339566406433,0.02092067224207872,-0.009783584114001154
2,0.0012194539140580885,-0.0025048999071530798,0.0,0.0011525340494875635,0.01841577233492564,-0.012288484021154233
3,6.69198645705249e-05,-0.0036574339566406433,-0.0011525340494875635,0.0,0.017263238285438076,-0.013441018070641797
4,-0.01719631842086755,-0.02092067224207872,-0.01841577233492564,-0.017263238285438076,0.0,-0.030704256356079873
5,0.013507937935212322,0.009783584114001154,0.012288484021154233,0.013441018070641797,0.030704256356079873,0.0
