,zero_shot_baseline,in_context_learning_3-shot,style_information_style_example,chain_of_thought_zero_shot,chain_of_thought_one_shot,self-refine
0,0.0,0.004963669068760779,-0.002871378255060786,0.004262199849359161,0.0036109150753483865,0.017935910627589147
1,-0.004963669068760779,0.0,-0.007835047323821565,-0.0007014692194016181,-0.0013527539934123922,0.012972241558828368
2,0.002871378255060786,0.007835047323821565,0.0,0.0071335781044199464,0.006482293330409172,0.020807288882649932
3,-0.004262199849359161,0.0007014692194016181,-0.0071335781044199464,0.0,-0.0006512847740107741,0.013673710778229986
4,-0.0036109150753483865,0.0013527539934123922,-0.006482293330409172,0.0006512847740107741,0.0,0.01432499555224076
5,-0.017935910627589147,-0.012972241558828368,-0.020807288882649932,-0.013673710778229986,-0.01432499555224076,0.0
