,zero_shot_baseline,in_context_learning_3-shot,style_information_style_example,chain_of_thought_zero_shot,chain_of_thought_one_shot,self-refine
0,0.0,0.03629548312082598,0.009943481912625285,0.001887798797756246,0.0031674607024434476,0.0016920809679330517
1,-0.03629548312082598,0.0,-0.026352001208200693,-0.03440768432306973,-0.03312802241838253,-0.034603402152892926
2,-0.009943481912625285,0.026352001208200693,0.0,-0.008055683114869039,-0.006776021210181837,-0.008251400944692233
3,-0.001887798797756246,0.03440768432306973,0.008055683114869039,0.0,0.0012796619046872015,-0.0001957178298231943
4,-0.0031674607024434476,0.03312802241838253,0.006776021210181837,-0.0012796619046872015,0.0,-0.0014753797345103958
5,-0.0016920809679330517,0.034603402152892926,0.008251400944692233,0.0001957178298231943,0.0014753797345103958,0.0
