,zero_shot_baseline,in_context_learning_3-shot,style_information_style_example,chain_of_thought_zero_shot,chain_of_thought_one_shot,self-refine
0,0.0,0.03421690646567033,0.027762434157841742,0.004464645388573274,0.015699525046083962,-0.014620927922440852
1,-0.03421690646567033,0.0,-0.006454472307828585,-0.029752261077097053,-0.018517381419586365,-0.04883783438811118
2,-0.027762434157841742,0.006454472307828585,0.0,-0.023297788769268468,-0.01206290911175778,-0.042383362080282594
3,-0.004464645388573274,0.029752261077097053,0.023297788769268468,0.0,0.011234879657510688,-0.019085573311014126
4,-0.015699525046083962,0.018517381419586365,0.01206290911175778,-0.011234879657510688,0.0,-0.030320452968524814
5,0.014620927922440852,0.04883783438811118,0.042383362080282594,0.019085573311014126,0.030320452968524814,0.0
