,zero_shot_baseline,in_context_learning_3-shot,style_information_style_example,chain_of_thought_zero_shot,chain_of_thought_one_shot,self-refine
0,0.0,-0.001927794772706548,-0.013957128391818951,0.00808288172831706,0.021475578041690868,0.008381129958870304
1,0.001927794772706548,0.0,-0.012029333619112403,0.010010676501023608,0.023403372814397416,0.010308924731576852
2,0.013957128391818951,0.012029333619112403,0.0,0.02204001012013601,0.03543270643350982,0.022338258350689255
3,-0.00808288172831706,-0.010010676501023608,-0.02204001012013601,0.0,0.013392696313373809,0.0002982482305532441
4,-0.021475578041690868,-0.023403372814397416,-0.03543270643350982,-0.013392696313373809,0.0,-0.013094448082820564
5,-0.008381129958870304,-0.010308924731576852,-0.022338258350689255,-0.0002982482305532441,0.013094448082820564,0.0
