,zero_shot_baseline,in_context_learning_3-shot,style_information_style_example,chain_of_thought_zero_shot,chain_of_thought_one_shot,self-refine
0,0.0,-0.028242529782903092,-0.007805870584541519,0.0009959363833380586,-0.007075271277694695,-0.0037357618685754934
1,0.028242529782903092,0.0,0.020436659198361573,0.02923846616624115,0.021167258505208397,0.0245067679143276
2,0.007805870584541519,-0.020436659198361573,0.0,0.008801806967879577,0.0007305993068468242,0.004070108715966025
3,-0.0009959363833380586,-0.02923846616624115,-0.008801806967879577,0.0,-0.008071207661032753,-0.004731698251913552
4,0.007075271277694695,-0.021167258505208397,-0.0007305993068468242,0.008071207661032753,0.0,0.0033395094091192012
5,0.0037357618685754934,-0.0245067679143276,-0.004070108715966025,0.004731698251913552,-0.0033395094091192012,0.0
