,zero_shot_baseline,in_context_learning_3-shot,style_information_style_example,chain_of_thought_zero_shot,chain_of_thought_one_shot,self-refine
0,0.0,0.014977112523418712,0.002390388643818131,0.0068089981522077014,0.010393296304325395,0.0274308628115717
1,-0.014977112523418712,0.0,-0.012586723879600581,-0.00816811437121101,-0.004583816219093317,0.012453750288152987
2,-0.002390388643818131,0.012586723879600581,0.0,0.0044186095083895705,0.008002907660507264,0.025040474167753568
3,-0.0068089981522077014,0.00816811437121101,-0.0044186095083895705,0.0,0.003584298152117693,0.020621864659363998
4,-0.010393296304325395,0.004583816219093317,-0.008002907660507264,-0.003584298152117693,0.0,0.017037566507246305
5,-0.0274308628115717,-0.012453750288152987,-0.025040474167753568,-0.020621864659363998,-0.017037566507246305,0.0
