,zero_shot_baseline,in_context_learning_3-shot,style_information_style_example,chain_of_thought_zero_shot,chain_of_thought_one_shot,self-refine
0,0.0,0.0881745055538391,0.0217331143124615,0.0038125151300723026,0.021492166379708744,-0.009359755601276887
1,-0.0881745055538391,0.0,-0.0664413912413776,-0.0843619904237668,-0.06668233917413036,-0.09753426115511599
2,-0.0217331143124615,0.0664413912413776,0.0,-0.017920599182389196,-0.00024094793275275528,-0.031092869913738386
3,-0.0038125151300723026,0.0843619904237668,0.017920599182389196,0.0,0.01767965124963644,-0.01317227073134919
4,-0.021492166379708744,0.06668233917413036,0.00024094793275275528,-0.01767965124963644,0.0,-0.03085192198098563
5,0.009359755601276887,0.09753426115511599,0.031092869913738386,0.01317227073134919,0.03085192198098563,0.0
