,abstracts,news,reviews,qa
0,0.0,0.0449851089848507,-0.011344428406554308,-0.022801764967178603
1,-0.0449851089848507,0.0,-0.056329537391405005,-0.0677868739520293
2,0.011344428406554308,0.056329537391405005,0.0,-0.011457336560624296
3,0.022801764967178603,0.0677868739520293,0.011457336560624296,0.0
