,zero_shot_baseline,in_context_learning_3-shot,style_information_style_example,chain_of_thought_zero_shot,chain_of_thought_one_shot,self-refine
0,0.0,0.034821768346499304,0.00024946954352056405,-0.021264054614906325,0.011319806561620904,-0.01582454208587758
1,-0.034821768346499304,0.0,-0.03457229880297874,-0.05608582296140563,-0.0235019617848784,-0.050646310432376884
2,-0.00024946954352056405,0.03457229880297874,0.0,-0.02151352415842689,0.01107033701810034,-0.016074011629398144
3,0.021264054614906325,0.05608582296140563,0.02151352415842689,0.0,0.03258386117652723,0.005439512529028745
4,-0.011319806561620904,0.0235019617848784,-0.01107033701810034,-0.03258386117652723,0.0,-0.027144348647498484
5,0.01582454208587758,0.050646310432376884,0.016074011629398144,-0.005439512529028745,0.027144348647498484,0.0
