,zero_shot_baseline,in_context_learning_3-shot,style_information_style_example,chain_of_thought_zero_shot,chain_of_thought_one_shot,self-refine
0,0.0,0.04170035995057275,-0.00862566356953276,-0.009820480275269938,0.01872700596460397,-0.012577497020305417
1,-0.04170035995057275,0.0,-0.05032602352010551,-0.05152084022584269,-0.02297335398596878,-0.05427785697087817
2,0.00862566356953276,0.05032602352010551,0.0,-0.0011948167057371784,0.02735266953413673,-0.003951833450772657
3,0.009820480275269938,0.05152084022584269,0.0011948167057371784,0.0,0.02854748623987391,-0.0027570167450354788
4,-0.01872700596460397,0.02297335398596878,-0.02735266953413673,-0.02854748623987391,0.0,-0.03130450298490939
5,0.012577497020305417,0.05427785697087817,0.003951833450772657,0.0027570167450354788,0.03130450298490939,0.0
