,zero_shot_baseline,in_context_learning_3-shot,style_information_style_example,chain_of_thought_zero_shot,chain_of_thought_one_shot,self-refine
0,0.0,-0.000315982307279487,-0.00014637327686798697,1.4798843416744678e-05,1.2728873893957169e-05,-4.64846455605827e-05
1,0.000315982307279487,0.0,0.00016960903041150001,0.0003307811506962317,0.00032871118117344417,0.0002694976617189043
2,0.00014637327686798697,-0.00016960903041150001,0.0,0.00016117212028473167,0.00015910215076194416,9.988863130740428e-05
3,-1.4798843416744678e-05,-0.0003307811506962317,-0.00016117212028473167,0.0,-2.0699695227875093e-06,-6.128348897732738e-05
4,-1.2728873893957169e-05,-0.00032871118117344417,-0.00015910215076194416,2.0699695227875093e-06,0.0,-5.921351945453987e-05
5,4.64846455605827e-05,-0.0002694976617189043,-9.988863130740428e-05,6.128348897732738e-05,5.921351945453987e-05,0.0
