,abstracts,news,reviews,qa
0,0.0,0.0006293238080199367,-0.0009096450662659634,0.00017197338701323663
1,-0.0006293238080199367,0.0,-0.0015389688742859001,-0.0004573504210067
2,0.0009096450662659634,0.0015389688742859001,0.0,0.0010816184532791999
3,-0.00017197338701323663,0.0004573504210067,-0.0010816184532791999,0.0
