,zero_shot_baseline,in_context_learning_3-shot,style_information_style_example,chain_of_thought_zero_shot,chain_of_thought_one_shot,self-refine
0,0.0,-3.956449717119095e-05,5.847953216374266e-06,-3.3263587102312345e-06,-0.00013928135700252574,5.847953216374266e-06
1,3.956449717119095e-05,0.0,4.541245038756522e-05,3.623813846095972e-05,-9.971685983133477e-05,4.541245038756522e-05
2,-5.847953216374266e-06,-4.541245038756522e-05,0.0,-9.1743119266055e-06,-0.0001451293102189,0.0
3,3.3263587102312345e-06,-3.623813846095972e-05,9.1743119266055e-06,0.0,-0.00013595499829229448,9.1743119266055e-06
4,0.00013928135700252574,9.971685983133477e-05,0.0001451293102189,0.00013595499829229448,0.0,0.0001451293102189
5,-5.847953216374266e-06,-4.541245038756522e-05,0.0,-9.1743119266055e-06,-0.0001451293102189,0.0
