,zero_shot_baseline,in_context_learning_3-shot,style_information_style_example,chain_of_thought_zero_shot,chain_of_thought_one_shot,self-refine
0,0.0,-0.00020232395524319994,6.246160011900005e-06,-4.358536842709998e-05,-2.6162104833299957e-05,-0.0002285705795724
1,0.00020232395524319994,0.0,0.00020857011525509994,0.00015873858681609995,0.00017616185040989998,-2.6246624329200052e-05
2,-6.246160011900005e-06,-0.00020857011525509994,0.0,-4.983152843899999e-05,-3.240826484519996e-05,-0.0002348167395843
3,4.358536842709998e-05,-0.00015873858681609995,4.983152843899999e-05,0.0,1.7423263593800025e-05,-0.0001849852111453
4,2.6162104833299957e-05,-0.00017616185040989998,3.240826484519996e-05,-1.7423263593800025e-05,0.0,-0.00020240847473910003
5,0.0002285705795724,2.6246624329200052e-05,0.0002348167395843,0.0001849852111453,0.00020240847473910003,0.0
