,zero_shot_baseline,in_context_learning_3-shot,style_information_style_example,chain_of_thought_zero_shot,chain_of_thought_one_shot,self-refine
0,0.0,-3.525834114229999e-05,-4.678434540999999e-05,-8.329820927300001e-05,-4.35487269119e-05,-0.0001267710790674
1,3.525834114229999e-05,0.0,-1.1526004267700001e-05,-4.803986813070002e-05,-8.29038576960001e-06,-9.151273792510001e-05
2,4.678434540999999e-05,1.1526004267700001e-05,0.0,-3.651386386300002e-05,3.2356184980999905e-06,-7.998673365740001e-05
3,8.329820927300001e-05,4.803986813070002e-05,3.651386386300002e-05,0.0,3.974948236110001e-05,-4.347286979439999e-05
4,4.35487269119e-05,8.29038576960001e-06,-3.2356184980999905e-06,-3.974948236110001e-05,0.0,-8.32223521555e-05
5,0.0001267710790674,9.151273792510001e-05,7.998673365740001e-05,4.347286979439999e-05,8.32223521555e-05,0.0
