,zero_shot_baseline,in_context_learning_3-shot,style_information_style_example,chain_of_thought_zero_shot,chain_of_thought_one_shot,self-refine
0,0.0,-0.0006773730839545,-5.435670150949999e-05,2.7401299674000056e-06,1.44968423396e-05,-0.0001326279434313
1,0.0006773730839545,0.0,0.000623016382445,0.0006801132139219,0.0006918699262941,0.0005447451405232
2,5.435670150949999e-05,-0.000623016382445,0.0,5.70968314769e-05,6.885354384909999e-05,-7.827124192180001e-05
3,-2.7401299674000056e-06,-0.0006801132139219,-5.70968314769e-05,0.0,1.1756712372199994e-05,-0.0001353680733987
4,-1.44968423396e-05,-0.0006918699262941,-6.885354384909999e-05,-1.1756712372199994e-05,0.0,-0.0001471247857709
5,0.0001326279434313,-0.0005447451405232,7.827124192180001e-05,0.0001353680733987,0.0001471247857709,0.0
