,mistral,deepseek,llama3.3,qwen72b,qwen32b,qwen14b,solar
0,0.0,3.471336559860002e-05,-9.990638862280004e-05,9.483960716379991e-05,0.0004309521363053,0.0005046439392198002,-0.0009720234989173998
1,-3.471336559860002e-05,0.0,-0.00013461975422140006,6.012624156519989e-05,0.0003962387707067,0.00046993057362120015,-0.0010067368645159998
2,9.990638862280004e-05,0.00013461975422140006,0.0,0.00019474599578659995,0.0005308585249281001,0.0006045503278426002,-0.0008721171102945998
3,-9.483960716379991e-05,-6.012624156519989e-05,-0.00019474599578659995,0.0,0.0003361125291415001,0.00040980433205600026,-0.0010668631060811997
4,-0.0004309521363053,-0.0003962387707067,-0.0005308585249281001,-0.0003361125291415001,0.0,7.369180291450016e-05,-0.0014029756352226998
5,-0.0005046439392198002,-0.00046993057362120015,-0.0006045503278426002,-0.00040980433205600026,-7.369180291450016e-05,0.0,-0.0014766674381372
6,0.0009720234989173998,0.0010067368645159998,0.0008721171102945998,0.0010668631060811997,0.0014029756352226998,0.0014766674381372,0.0
