,zero_shot_baseline,in_context_learning_3-shot,style_information_style_example,chain_of_thought_zero_shot,chain_of_thought_one_shot,self-refine
0,0.0,-0.00014373699770980002,-4.5609223147199994e-05,-5.306392344619999e-05,-3.3354052426499996e-05,-0.0003950031115974
1,0.00014373699770980002,0.0,9.812777456260003e-05,9.067307426360003e-05,0.00011038294528330003,-0.00025126611388759997
2,4.5609223147199994e-05,-9.812777456260003e-05,0.0,-7.454700298999996e-06,1.2255170720699998e-05,-0.0003493938884502
3,5.306392344619999e-05,-9.067307426360003e-05,7.454700298999996e-06,0.0,1.9709871019699994e-05,-0.0003419391881512
4,3.3354052426499996e-05,-0.00011038294528330003,-1.2255170720699998e-05,-1.9709871019699994e-05,0.0,-0.00036164905917089997
5,0.0003950031115974,0.00025126611388759997,0.0003493938884502,0.0003419391881512,0.00036164905917089997,0.0
