,zero_shot_baseline,in_context_learning_3-shot,style_information_style_example,chain_of_thought_zero_shot,chain_of_thought_one_shot,self-refine
0,0.0,-2.0211789833469963e-06,5.731788134914756e-07,-3.787788138894699e-05,-7.542031584470015e-07,-9.937469344834699e-05
1,2.0211789833469963e-06,0.0,2.594357796838472e-06,-3.5856702405599996e-05,1.2669758248999948e-06,-9.7353514465e-05
2,-5.731788134914756e-07,-2.594357796838472e-06,0.0,-3.845106020243847e-05,-1.327381971938477e-06,-9.994787226183847e-05
3,3.787788138894699e-05,3.5856702405599996e-05,3.845106020243847e-05,0.0,3.712367823049999e-05,-6.14968120594e-05
4,7.542031584470015e-07,-1.2669758248999948e-06,1.327381971938477e-06,-3.712367823049999e-05,0.0,-9.862049028989999e-05
5,9.937469344834699e-05,9.7353514465e-05,9.994787226183847e-05,6.14968120594e-05,9.862049028989999e-05,0.0
