,zero_shot_baseline,in_context_learning_3-shot,style_information_style_example,chain_of_thought_zero_shot,chain_of_thought_one_shot,self-refine
0,0.0,-1.3464848013133837e-05,1.8518518518518332e-06,1.8518518518518332e-06,1.8518518518518332e-06,1.8518518518518332e-06
1,1.3464848013133837e-05,0.0,1.531669986498567e-05,1.531669986498567e-05,1.531669986498567e-05,1.531669986498567e-05
2,-1.8518518518518332e-06,-1.531669986498567e-05,0.0,0.0,0.0,0.0
3,-1.8518518518518332e-06,-1.531669986498567e-05,0.0,0.0,0.0,0.0
4,-1.8518518518518332e-06,-1.531669986498567e-05,0.0,0.0,0.0,0.0
5,-1.8518518518518332e-06,-1.531669986498567e-05,0.0,0.0,0.0,0.0
