,zero_shot_baseline,in_context_learning_3-shot,style_information_style_example,chain_of_thought_zero_shot,chain_of_thought_one_shot,self-refine
0,0.0,-0.00029688041895,-6.996683052000002e-05,-3.5546555025899984e-05,-0.0002218576809469,-0.0009936333996473
1,0.00029688041895,0.0,0.00022691358842999996,0.0002613338639241,7.502273800309998e-05,-0.0006967529806973
2,6.996683052000002e-05,-0.00022691358842999996,0.0,3.442027549410004e-05,-0.00015189085042689997,-0.0009236665691272999
3,3.5546555025899984e-05,-0.0002613338639241,-3.442027549410004e-05,0.0,-0.000186311125921,-0.0009580868446214
4,0.0002218576809469,-7.502273800309998e-05,0.00015189085042689997,0.000186311125921,0.0,-0.0007717757187003999
5,0.0009936333996473,0.0006967529806973,0.0009236665691272999,0.0009580868446214,0.0007717757187003999,0.0
