,zero_shot_baseline,in_context_learning_3-shot,style_information_style_example,chain_of_thought_zero_shot,chain_of_thought_one_shot,self-refine
0,0.0,-5.721770230689865e-06,9.542027515467533e-06,3.8923100013432645e-06,9.542027515467533e-06,-0.00012422322820273247
1,5.721770230689865e-06,0.0,1.5263797746157398e-05,9.61408023203313e-06,1.5263797746157398e-05,-0.0001185014579720426
2,-9.542027515467533e-06,-1.5263797746157398e-05,0.0,-5.649717514124268e-06,0.0,-0.0001337652557182
3,-3.8923100013432645e-06,-9.61408023203313e-06,5.649717514124268e-06,0.0,5.649717514124268e-06,-0.00012811553820407572
4,-9.542027515467533e-06,-1.5263797746157398e-05,0.0,-5.649717514124268e-06,0.0,-0.0001337652557182
5,0.00012422322820273247,0.0001185014579720426,0.0001337652557182,0.00012811553820407572,0.0001337652557182,0.0
