,mistral,deepseek,llama3.3,qwen72b,qwen32b,qwen14b,solar
0,0.0,6.196357908549999e-05,0.00016588300136798697,-0.0001413723124916,0.00011485026530014699,0.0001058214881853,-1.2101067456299998e-05
1,-6.196357908549999e-05,0.0,0.00010391942228248699,-0.00020333589157709998,5.2886686214647003e-05,4.385790909980001e-05,-7.406464654179998e-05
2,-0.00016588300136798697,-0.00010391942228248699,0.0,-0.00030725531385958696,-5.103273606783999e-05,-6.0061513182686985e-05,-0.000177984068824287
3,0.0001413723124916,0.00020333589157709998,0.00030725531385958696,0.0,0.00025622257779174697,0.0002471938006769,0.0001292712450353
4,-0.00011485026530014699,-5.2886686214647003e-05,5.103273606783999e-05,-0.00025622257779174697,0.0,-9.028777114846996e-06,-0.000126951332756447
5,-0.0001058214881853,-4.385790909980001e-05,6.0061513182686985e-05,-0.0002471938006769,9.028777114846996e-06,0.0,-0.00011792255564159999
6,1.2101067456299998e-05,7.406464654179998e-05,0.000177984068824287,-0.0001292712450353,0.000126951332756447,0.00011792255564159999,0.0
