,zero_shot_baseline,in_context_learning_3-shot,style_information_style_example,chain_of_thought_zero_shot,chain_of_thought_one_shot,self-refine
0,0.0,0.0017625280465218,-0.00033652759211279986,-0.0002121887559975999,-0.0004625525584361998,-0.001934944985644
1,-0.0017625280465218,0.0,-0.0020990556386346,-0.0019747168025194,-0.002225080604958,-0.0036974730321658
2,0.00033652759211279986,0.0020990556386346,0.0,0.00012433883611519996,-0.00012602496632339996,-0.0015984173935312002
3,0.0002121887559975999,0.0019747168025194,-0.00012433883611519996,0.0,-0.0002503638024385999,-0.0017227562296464002
4,0.0004625525584361998,0.002225080604958,0.00012602496632339996,0.0002503638024385999,0.0,-0.0014723924272078003
5,0.001934944985644,0.0036974730321658,0.0015984173935312002,0.0017227562296464002,0.0014723924272078003,0.0
