,zero_shot_baseline,in_context_learning_3-shot,style_information_style_example,chain_of_thought_zero_shot,chain_of_thought_one_shot,self-refine
0,0.0,0.001724597376841,-0.0013246580699558,5.927724775000188e-06,-0.00029034803169529977,-0.0041049898376457
1,-0.001724597376841,0.0,-0.0030492554467968,-0.0017186696520659999,-0.0020149454085363,-0.0058295872144867
2,0.0013246580699558,0.0030492554467968,0.0,0.0013305857947308003,0.0010343100382605003,-0.0027803317676899
3,-5.927724775000188e-06,0.0017186696520659999,-0.0013305857947308003,0.0,-0.00029627575647029995,-0.004110917562420701
4,0.00029034803169529977,0.0020149454085363,-0.0010343100382605003,0.00029627575647029995,0.0,-0.0038146418059504003
5,0.0041049898376457,0.0058295872144867,0.0027803317676899,0.004110917562420701,0.0038146418059504003,0.0
