,mistral,deepseek,llama3.3,qwen72b,qwen32b,qwen14b,solar
0,0.0,-0.00011426996114460001,-0.0001472234451512,0.0001002355526026,0.00010694762524070001,2.4815742836299985e-05,5.900677715210001e-05
1,0.00011426996114460001,0.0,-3.29534840066e-05,0.0002145055137472,0.00022121758638530002,0.0001390857039809,0.00017327673829670002
2,0.0001472234451512,3.29534840066e-05,0.0,0.00024745899775380003,0.0002541710703919,0.0001720391879875,0.00020623022230330002
3,-0.0001002355526026,-0.0002145055137472,-0.00024745899775380003,0.0,6.712072638100016e-06,-7.541980976630001e-05,-4.122877545049999e-05
4,-0.00010694762524070001,-0.00022121758638530002,-0.0002541710703919,-6.712072638100016e-06,0.0,-8.213188240440003e-05,-4.7940848088600004e-05
5,-2.4815742836299985e-05,-0.0001390857039809,-0.0001720391879875,7.541980976630001e-05,8.213188240440003e-05,0.0,3.4191034315800024e-05
6,-5.900677715210001e-05,-0.00017327673829670002,-0.00020623022230330002,4.122877545049999e-05,4.7940848088600004e-05,-3.4191034315800024e-05,0.0
