,zero_shot_baseline,in_context_learning_3-shot,style_information_style_example,chain_of_thought_zero_shot,chain_of_thought_one_shot,self-refine
0,0.0,-0.00030700592553110006,-0.00011054064181759997,-9.130345285639997e-05,-1.4896324332099996e-05,-0.0004913010591063
1,0.00030700592553110006,0.0,0.00019646528371350006,0.00021570247267470007,0.000292109601199,-0.00018429513357519996
2,0.00011054064181759997,-0.00019646528371350006,0.0,1.9237188961200005e-05,9.564431748549997e-05,-0.0003807604172887
3,9.130345285639997e-05,-0.00021570247267470007,-1.9237188961200005e-05,0.0,7.640712852429997e-05,-0.0003999976062499
4,1.4896324332099996e-05,-0.000292109601199,-9.564431748549997e-05,-7.640712852429997e-05,0.0,-0.00047640473477419997
5,0.0004913010591063,0.00018429513357519996,0.0003807604172887,0.0003999976062499,0.00047640473477419997,0.0
