,zero_shot_baseline,in_context_learning_3-shot,style_information_style_example,chain_of_thought_zero_shot,chain_of_thought_one_shot,self-refine
0,0.0,0.0015699826546431,-0.0008106609951011,-0.00017399745835019976,-0.000797044419251,-0.004294431470391101
1,-0.0015699826546431,0.0,-0.0023806436497442003,-0.0017439801129932998,-0.0023670270738941,-0.0058644141250342
2,0.0008106609951011,0.0023806436497442003,0.0,0.0006366635367509002,1.3616575850099958e-05,-0.0034837704752900002
3,0.00017399745835019976,0.0017439801129932998,-0.0006366635367509002,0.0,-0.0006230469609008003,-0.0041204340120409005
4,0.000797044419251,0.0023670270738941,-1.3616575850099958e-05,0.0006230469609008003,0.0,-0.0034973870511401
5,0.004294431470391101,0.0058644141250342,0.0034837704752900002,0.0041204340120409005,0.0034973870511401,0.0
