,zero_shot_baseline,in_context_learning_3-shot,style_information_style_example,chain_of_thought_zero_shot,chain_of_thought_one_shot,self-refine
0,0.0,-1.3438957814022764e-05,0.0,0.0,-1.0404353909773368e-05,0.0
1,1.3438957814022764e-05,0.0,1.3438957814022764e-05,1.3438957814022764e-05,3.0346039042493956e-06,1.3438957814022764e-05
2,0.0,-1.3438957814022764e-05,0.0,0.0,-1.0404353909773368e-05,0.0
3,0.0,-1.3438957814022764e-05,0.0,0.0,-1.0404353909773368e-05,0.0
4,1.0404353909773368e-05,-3.0346039042493956e-06,1.0404353909773368e-05,1.0404353909773368e-05,0.0,1.0404353909773368e-05
5,0.0,-1.3438957814022764e-05,0.0,0.0,-1.0404353909773368e-05,0.0
