,zero_shot_baseline,in_context_learning_3-shot,style_information_style_example,chain_of_thought_zero_shot,chain_of_thought_one_shot,self-refine
0,0.0,-0.00030023996959900004,-4.644823376299999e-05,-1.616294034990001e-05,-6.805999310699999e-06,-6.744156446560003e-05
1,0.00030023996959900004,0.0,0.00025379173583600005,0.00028407702924910003,0.00029343397028830007,0.00023279840513340002
2,4.644823376299999e-05,-0.00025379173583600005,0.0,3.028529341309998e-05,3.964223445229999e-05,-2.0993330702600036e-05
3,1.616294034990001e-05,-0.00028407702924910003,-3.028529341309998e-05,0.0,9.356941039200011e-06,-5.127862411570002e-05
4,6.805999310699999e-06,-0.00029343397028830007,-3.964223445229999e-05,-9.356941039200011e-06,0.0,-6.063556515490003e-05
5,6.744156446560003e-05,-0.00023279840513340002,2.0993330702600036e-05,5.127862411570002e-05,6.063556515490003e-05,0.0
