,zero_shot_baseline,in_context_learning_3-shot,style_information_style_example,chain_of_thought_zero_shot,chain_of_thought_one_shot,self-refine
0,0.0,-0.000196275164931,-0.00018929852310349999,-0.00021444023710789998,7.35293076217e-05,-0.0009701510548177999
1,0.000196275164931,0.0,6.976641827500011e-06,-1.816507217689998e-05,0.0002698044725527,-0.0007738758898867999
2,0.00018929852310349999,-6.976641827500011e-06,0.0,-2.5141714004399992e-05,0.0002628278307252,-0.0007808525317142999
3,0.00021444023710789998,1.816507217689998e-05,2.5141714004399992e-05,0.0,0.0002879695447296,-0.0007557108177098999
4,-7.35293076217e-05,-0.0002698044725527,-0.0002628278307252,-0.0002879695447296,0.0,-0.0010436803624394998
5,0.0009701510548177999,0.0007738758898867999,0.0007808525317142999,0.0007557108177098999,0.0010436803624394998,0.0
