,zero_shot_baseline,in_context_learning_3-shot,style_information_style_example,chain_of_thought_zero_shot,chain_of_thought_one_shot,self-refine
0,0.0,-0.0031572890339192,-0.0008563676085264998,-0.0005957335744840998,-0.0005207611644143001,-0.000566880336146
1,0.0031572890339192,0.0,0.0023009214253927003,0.0025615554594351003,0.0026365278695049,0.0025904086977732
2,0.0008563676085264998,-0.0023009214253927003,0.0,0.0002606340340424,0.0003356064441121997,0.00028948727238049983
3,0.0005957335744840998,-0.0025615554594351003,-0.0002606340340424,0.0,7.49724100697997e-05,2.8853238338099815e-05
4,0.0005207611644143001,-0.0026365278695049,-0.0003356064441121997,-7.49724100697997e-05,0.0,-4.611917173169989e-05
5,0.000566880336146,-0.0025904086977732,-0.00028948727238049983,-2.8853238338099815e-05,4.611917173169989e-05,0.0
