,zero_shot_baseline,in_context_learning_3-shot,style_information_style_example,chain_of_thought_zero_shot,chain_of_thought_one_shot,self-refine
0,0.0,3.19673826907e-05,0.00011990023449189999,3.4539619914299976e-05,6.383791601129998e-05,-0.00018259099925700003
1,-3.19673826907e-05,0.0,8.79328518012e-05,2.5722372235999777e-06,3.187053332059998e-05,-0.00021455838194770003
2,-0.00011990023449189999,-8.79328518012e-05,0.0,-8.536061457760002e-05,-5.606231848060001e-05,-0.0003024912337489
3,-3.4539619914299976e-05,-2.5722372235999777e-06,8.536061457760002e-05,0.0,2.9298296097000003e-05,-0.0002171306191713
4,-6.383791601129998e-05,-3.187053332059998e-05,5.606231848060001e-05,-2.9298296097000003e-05,0.0,-0.0002464289152683
5,0.00018259099925700003,0.00021455838194770003,0.0003024912337489,0.0002171306191713,0.0002464289152683,0.0
