,zero_shot_baseline,in_context_learning_3-shot,style_information_style_example,chain_of_thought_zero_shot,chain_of_thought_one_shot,self-refine
0,0.0,0.0004818308684204002,-0.0006503773460336997,0.0002736250427291002,-0.002599790093608,-0.0044544542955748
1,-0.0004818308684204002,0.0,-0.0011322082144540999,-0.0002082058256913,-0.0030816209620284003,-0.0049362851639952
2,0.0006503773460336997,0.0011322082144540999,0.0,0.0009240023887627999,-0.0019494127475743004,-0.0038040769495411002
3,-0.0002736250427291002,0.0002082058256913,-0.0009240023887627999,0.0,-0.0028734151363371003,-0.0047280793383039
4,0.002599790093608,0.0030816209620284003,0.0019494127475743004,0.0028734151363371003,0.0,-0.0018546642019667998
5,0.0044544542955748,0.0049362851639952,0.0038040769495411002,0.0047280793383039,0.0018546642019667998,0.0
