,zero_shot_baseline,in_context_learning_3-shot,style_information_style_example,chain_of_thought_zero_shot,chain_of_thought_one_shot,self-refine
0,0.0,-5.67765330474e-05,-1.992786846009999e-05,7.105691306899997e-06,-1.93537709144e-05,-1.4557890649000003e-05
1,5.67765330474e-05,0.0,3.684866458730001e-05,6.38822243543e-05,3.7422762133e-05,4.22186423984e-05
2,1.992786846009999e-05,-3.684866458730001e-05,0.0,2.7033559766999988e-05,5.740975456999906e-07,5.369977811099988e-06
3,-7.105691306899997e-06,-6.38822243543e-05,-2.7033559766999988e-05,0.0,-2.6459462221299998e-05,-2.16635819559e-05
4,1.93537709144e-05,-3.7422762133e-05,-5.740975456999906e-07,2.6459462221299998e-05,0.0,4.795880265399998e-06
5,1.4557890649000003e-05,-4.22186423984e-05,-5.369977811099988e-06,2.16635819559e-05,-4.795880265399998e-06,0.0
