,abstracts,news,reviews,qa
0,0.0,0.0007435522893624433,0.0005633282975720433,0.00013408827839834337
1,-0.0007435522893624433,0.0,-0.0001802239917904,-0.0006094640109641
2,-0.0005633282975720433,0.0001802239917904,0.0,-0.00042924001917369996
3,-0.00013408827839834337,0.0006094640109641,0.00042924001917369996,0.0
