,zero_shot_baseline,in_context_learning_3-shot,style_information_style_example,chain_of_thought_zero_shot,chain_of_thought_one_shot,self-refine
0,0.0,2.1755537938378217e-05,2.9018643164145462e-05,2.9018643164145462e-05,-2.1141215375646638e-05,2.9018643164145462e-05
1,-2.1755537938378217e-05,0.0,7.263105225767245e-06,7.263105225767245e-06,-4.289675331402486e-05,7.263105225767245e-06
2,-2.9018643164145462e-05,-7.263105225767245e-06,0.0,0.0,-5.01598585397921e-05,0.0
3,-2.9018643164145462e-05,-7.263105225767245e-06,0.0,0.0,-5.01598585397921e-05,0.0
4,2.1141215375646638e-05,4.289675331402486e-05,5.01598585397921e-05,5.01598585397921e-05,0.0,5.01598585397921e-05
5,-2.9018643164145462e-05,-7.263105225767245e-06,0.0,0.0,-5.01598585397921e-05,0.0
