,abstracts,news,reviews,qa
0,0.0,0.0004905105354691691,0.00014767601229966908,0.0002036601349483691
1,-0.0004905105354691691,0.0,-0.0003428345231695,-0.0002868504005208
2,-0.00014767601229966908,0.0003428345231695,0.0,5.5984122648700005e-05
3,-0.0002036601349483691,0.0002868504005208,-5.5984122648700005e-05,0.0
