,zero_shot_baseline,in_context_learning_3-shot,style_information_style_example,chain_of_thought_zero_shot,chain_of_thought_one_shot,self-refine
0,0.0,-5.7719299452399964e-05,0.00024219320723080001,1.6542102879899998e-05,0.00016519896124910004,1.96592123052e-05
1,5.7719299452399964e-05,0.0,0.0002999125066832,7.426140233229996e-05,0.0002229182607015,7.737851175759996e-05
2,-0.00024219320723080001,-0.0002999125066832,0.0,-0.00022565110435090002,-7.699424598169998e-05,-0.00022253399492560001
3,-1.6542102879899998e-05,-7.426140233229996e-05,0.00022565110435090002,0.0,0.00014865685836920004,3.117109425300002e-06
4,-0.00016519896124910004,-0.0002229182607015,7.699424598169998e-05,-0.00014865685836920004,0.0,-0.00014553974894390004
5,-1.96592123052e-05,-7.737851175759996e-05,0.00022253399492560001,-3.117109425300002e-06,0.00014553974894390004,0.0
