,abstracts,news,reviews,qa
0,0.0,0.0006337346998126209,5.468825698774554e-05,0.00010527643419762093
1,-0.0006337346998126209,0.0,-0.0005790464428248753,-0.0005284582656149999
2,-5.468825698774554e-05,0.0005790464428248753,0.0,5.058817720987539e-05
3,-0.00010527643419762093,0.0005284582656149999,-5.058817720987539e-05,0.0
