,zero_shot_baseline,in_context_learning_3-shot,style_information_style_example,chain_of_thought_zero_shot,chain_of_thought_one_shot,self-refine
0,0.0,0.0013758563687877,-0.0015992462127511003,-8.742589079560018e-05,-3.763822795180001e-05,-0.0026529565234417003
1,-0.0013758563687877,0.0,-0.0029751025815388,-0.0014632822595833002,-0.0014134945967395,-0.0040288128922294
2,0.0015992462127511003,0.0029751025815388,0.0,0.0015118203219555001,0.0015616079847993003,-0.0010537103106906002
3,8.742589079560018e-05,0.0014632822595833002,-0.0015118203219555001,0.0,4.978766284380017e-05,-0.0025655306326461003
4,3.763822795180001e-05,0.0014134945967395,-0.0015616079847993003,-4.978766284380017e-05,0.0,-0.0026153182954899005
5,0.0026529565234417003,0.0040288128922294,0.0010537103106906002,0.0025655306326461003,0.0026153182954899005,0.0
