,zero_shot_baseline,in_context_learning_3-shot,style_information_style_example,chain_of_thought_zero_shot,chain_of_thought_one_shot,self-refine
0,0.0,-0.0018502536815607,-1.0649627263045666e-06,0.0,0.0,-7.520280860634267e-05
1,0.0018502536815607,0.0,0.0018491887188343955,0.0018502536815607,0.0018502536815607,0.0017750508729543575
2,1.0649627263045666e-06,-0.0018491887188343955,0.0,1.0649627263045666e-06,1.0649627263045666e-06,-7.41378458800381e-05
3,0.0,-0.0018502536815607,-1.0649627263045666e-06,0.0,0.0,-7.520280860634267e-05
4,0.0,-0.0018502536815607,-1.0649627263045666e-06,0.0,0.0,-7.520280860634267e-05
5,7.520280860634267e-05,-0.0017750508729543575,7.41378458800381e-05,7.520280860634267e-05,7.520280860634267e-05,0.0
