,zero_shot_baseline,in_context_learning_3-shot,style_information_style_example,chain_of_thought_zero_shot,chain_of_thought_one_shot,self-refine
0,0.0,0.0012768039130798998,0.00040009787110210004,-4.887221877960006e-05,0.00017192555716099992,-0.0024456573869064
1,-0.0012768039130798998,0.0,-0.0008767060419777998,-0.0013256761318595,-0.0011048783559189,-0.0037224612999863
2,-0.00040009787110210004,0.0008767060419777998,0.0,-0.0004489700898817001,-0.00022817231394110012,-0.0028457552580085
3,4.887221877960006e-05,0.0013256761318595,0.0004489700898817001,0.0,0.00022079777594059997,-0.0023967851681268
4,-0.00017192555716099992,0.0011048783559189,0.00022817231394110012,-0.00022079777594059997,0.0,-0.0026175829440674
5,0.0024456573869064,0.0037224612999863,0.0028457552580085,0.0023967851681268,0.0026175829440674,0.0
