,zero_shot_baseline,in_context_learning_3-shot,style_information_style_example,chain_of_thought_zero_shot,chain_of_thought_one_shot,self-refine
0,0.0,-1.3005049523582168e-05,-1.2148360192253e-06,0.0,-7.214766739938716e-05,-1.2437810945273334e-06
1,1.3005049523582168e-05,0.0,1.1790213504356868e-05,1.3005049523582168e-05,-5.9142617875804995e-05,1.1761268429054835e-05
2,1.2148360192253e-06,-1.1790213504356868e-05,0.0,1.2148360192253e-06,-7.093283138016186e-05,-2.8945075302033294e-08
3,0.0,-1.3005049523582168e-05,-1.2148360192253e-06,0.0,-7.214766739938716e-05,-1.2437810945273334e-06
4,7.214766739938716e-05,5.9142617875804995e-05,7.093283138016186e-05,7.214766739938716e-05,0.0,7.090388630485984e-05
5,1.2437810945273334e-06,-1.1761268429054835e-05,2.8945075302033294e-08,1.2437810945273334e-06,-7.090388630485984e-05,0.0
