,zero_shot_baseline,in_context_learning_3-shot,style_information_style_example,chain_of_thought_zero_shot,chain_of_thought_one_shot,self-refine
0,0.0,0.000239743284379,0.0001258885972873,-1.506495062300004e-05,3.1289511981199994e-05,-0.00011502799695280001
1,-0.000239743284379,0.0,-0.0001138546870917,-0.00025480823500200004,-0.0002084537723978,-0.0003547712813318
2,-0.0001258885972873,0.0001138546870917,0.0,-0.00014095354791030003,-9.45990853061e-05,-0.0002409165942401
3,1.506495062300004e-05,0.00025480823500200004,0.00014095354791030003,0.0,4.6354462604200034e-05,-9.996304632979997e-05
4,-3.1289511981199994e-05,0.0002084537723978,9.45990853061e-05,-4.6354462604200034e-05,0.0,-0.000146317508934
5,0.00011502799695280001,0.0003547712813318,0.0002409165942401,9.996304632979997e-05,0.000146317508934,0.0
