,zero_shot_baseline,in_context_learning_3-shot,style_information_style_example,chain_of_thought_zero_shot,chain_of_thought_one_shot,self-refine
0,0.0,-3.071082080606851e-05,-1.628933776686654e-05,-2.7177197031319714e-06,7.814889821682632e-06,3.818575683529028e-06
1,3.071082080606851e-05,0.0,1.442148303920197e-05,2.7993101102936537e-05,3.8525710627751144e-05,3.4529396489597536e-05
2,1.628933776686654e-05,-1.442148303920197e-05,0.0,1.3571618063734567e-05,2.410422758854917e-05,2.0107913450395567e-05
3,2.7177197031319714e-06,-2.7993101102936537e-05,-1.3571618063734567e-05,0.0,1.0532609524814603e-05,6.5362953866609995e-06
4,-7.814889821682632e-06,-3.8525710627751144e-05,-2.410422758854917e-05,-1.0532609524814603e-05,0.0,-3.996314138153604e-06
5,-3.818575683529028e-06,-3.4529396489597536e-05,-2.0107913450395567e-05,-6.5362953866609995e-06,3.996314138153604e-06,0.0
