,zero_shot_baseline,in_context_learning_3-shot,style_information_style_example,chain_of_thought_zero_shot,chain_of_thought_one_shot,self-refine
0,0.0,1.8499534200999235e-05,2.0495989067862015e-06,1.5862442383032352e-06,7.185733928197003e-06,8.345640933707341e-07
1,-1.8499534200999235e-05,0.0,-1.6449935294213034e-05,-1.6913289962696e-05,-1.1313800272802233e-05,-1.76649701076285e-05
2,-2.0495989067862015e-06,1.6449935294213034e-05,0.0,-4.633546684829663e-07,5.136135021410801e-06,-1.2150348134154673e-06
3,-1.5862442383032352e-06,1.6913289962696e-05,4.633546684829663e-07,0.0,5.599489689893768e-06,-7.51680144932501e-07
4,-7.185733928197003e-06,1.1313800272802233e-05,-5.136135021410801e-06,-5.599489689893768e-06,0.0,-6.351169834826269e-06
5,-8.345640933707341e-07,1.76649701076285e-05,1.2150348134154673e-06,7.51680144932501e-07,6.351169834826269e-06,0.0
