,zero_shot_baseline,in_context_learning_3-shot,style_information_style_example,chain_of_thought_zero_shot,chain_of_thought_one_shot,self-refine
0,0.0,0.009561996371937699,0.0038588081509729,-0.0002734613752836002,0.003822624946309,-0.0010202403154092009
1,-0.009561996371937699,0.0,-0.0057031882209648,-0.0098354577472213,-0.0057393714256287,-0.0105822366873469
2,-0.0038588081509729,0.0057031882209648,0.0,-0.0041322695262565,-3.618320466389994e-05,-0.004879048466382101
3,0.0002734613752836002,0.0098354577472213,0.0041322695262565,0.0,0.0040960863215926,-0.0007467789401256007
4,-0.003822624946309,0.0057393714256287,3.618320466389994e-05,-0.0040960863215926,0.0,-0.004842865261718201
5,0.0010202403154092009,0.0105822366873469,0.004879048466382101,0.0007467789401256007,0.004842865261718201,0.0
