,zero_shot_baseline,in_context_learning_3-shot,style_information_style_example,chain_of_thought_zero_shot,chain_of_thought_one_shot,self-refine
0,0.0,0.0125554215720489,0.0021698571568776,0.00022813495757140027,-0.0010349568760010999,0.0021758763624777997
1,-0.0125554215720489,0.0,-0.0103855644151713,-0.0123272866144775,-0.01359037844805,-0.0103795452095711
2,-0.0021698571568776,0.0103855644151713,0.0,-0.0019417221993062,-0.0032048140328787,6.019205600199529e-06
3,-0.00022813495757140027,0.0123272866144775,0.0019417221993062,0.0,-0.0012630918335725001,0.0019477414049063994
4,0.0010349568760010999,0.01359037844805,0.0032048140328787,0.0012630918335725001,0.0,0.0032108332384788996
5,-0.0021758763624777997,0.0103795452095711,-6.019205600199529e-06,-0.0019477414049063994,-0.0032108332384788996,0.0
