,zero_shot_baseline,in_context_learning_3-shot,style_information_style_example,chain_of_thought_zero_shot,chain_of_thought_one_shot,self-refine
0,0.0,-1.1589932594734865e-05,-1.9493177387914e-06,0.0,0.0,0.0
1,1.1589932594734865e-05,0.0,9.640614855943465e-06,1.1589932594734865e-05,1.1589932594734865e-05,1.1589932594734865e-05
2,1.9493177387914e-06,-9.640614855943465e-06,0.0,1.9493177387914e-06,1.9493177387914e-06,1.9493177387914e-06
3,0.0,-1.1589932594734865e-05,-1.9493177387914e-06,0.0,0.0,0.0
4,0.0,-1.1589932594734865e-05,-1.9493177387914e-06,0.0,0.0,0.0
5,0.0,-1.1589932594734865e-05,-1.9493177387914e-06,0.0,0.0,0.0
