,zero_shot_baseline,in_context_learning_3-shot,style_information_style_example,chain_of_thought_zero_shot,chain_of_thought_one_shot,self-refine
0,0.0,0.00951670303973,0.0028441356613019006,-0.000692628937821899,-0.0010132947649413998,-0.0016176559968070995
1,-0.00951670303973,0.0,-0.0066725673784281,-0.010209331977551899,-0.0105299978046714,-0.0111343590365371
2,-0.0028441356613019006,0.0066725673784281,0.0,-0.0035367645991237996,-0.0038574304262433004,-0.004461791658109
3,0.000692628937821899,0.010209331977551899,0.0035367645991237996,0.0,-0.00032066582711950085,-0.0009250270589852005
4,0.0010132947649413998,0.0105299978046714,0.0038574304262433004,0.00032066582711950085,0.0,-0.0006043612318656997
5,0.0016176559968070995,0.0111343590365371,0.004461791658109,0.0009250270589852005,0.0006043612318656997,0.0
