,zero_shot_baseline,in_context_learning_3-shot,style_information_style_example,chain_of_thought_zero_shot,chain_of_thought_one_shot,self-refine
0,0.0,-5.72365444199376e-05,-7.059000035099667e-06,0.0,0.0,-1.3037811491836832e-05
1,5.72365444199376e-05,0.0,5.017754438483793e-05,5.72365444199376e-05,5.72365444199376e-05,4.4198732928100765e-05
2,7.059000035099667e-06,-5.017754438483793e-05,0.0,7.059000035099667e-06,7.059000035099667e-06,-5.9788114567371655e-06
3,0.0,-5.72365444199376e-05,-7.059000035099667e-06,0.0,0.0,-1.3037811491836832e-05
4,0.0,-5.72365444199376e-05,-7.059000035099667e-06,0.0,0.0,-1.3037811491836832e-05
5,1.3037811491836832e-05,-4.4198732928100765e-05,5.9788114567371655e-06,1.3037811491836832e-05,1.3037811491836832e-05,0.0
