,zero_shot_baseline,in_context_learning_3-shot,style_information_style_example,chain_of_thought_zero_shot,chain_of_thought_one_shot,self-refine
0,0.0,1.2377581204864767e-05,4.385063162084171e-06,-7.955790084615032e-06,5.913921194852435e-06,2.2006044986890365e-06
1,-1.2377581204864767e-05,0.0,-7.992518042780596e-06,-2.03333712894798e-05,-6.463660010012333e-06,-1.017697670617573e-05
2,-4.385063162084171e-06,7.992518042780596e-06,0.0,-1.2340853246699204e-05,1.528858032768264e-06,-2.1844586633951346e-06
3,7.955790084615032e-06,2.03333712894798e-05,1.2340853246699204e-05,0.0,1.3869711279467468e-05,1.0156394583304069e-05
4,-5.913921194852435e-06,6.463660010012333e-06,-1.528858032768264e-06,-1.3869711279467468e-05,0.0,-3.7133166961633987e-06
5,-2.2006044986890365e-06,1.017697670617573e-05,2.1844586633951346e-06,-1.0156394583304069e-05,3.7133166961633987e-06,0.0
