,zero_shot_baseline,in_context_learning_3-shot,style_information_style_example,chain_of_thought_zero_shot,chain_of_thought_one_shot,self-refine
0,0.0,-0.00024171318018899996,-3.65212623894e-05,1.1033366668500007e-05,6.537192074200005e-06,-2.37617787450002e-06
1,0.00024171318018899996,0.0,0.00020519191779959996,0.00025274654685749997,0.00024825037226319996,0.00023933700231449994
2,3.65212623894e-05,-0.00020519191779959996,0.0,4.755462905790001e-05,4.3058454463600006e-05,3.414508451489998e-05
3,-1.1033366668500007e-05,-0.00025274654685749997,-4.755462905790001e-05,0.0,-4.4961745943000015e-06,-1.3409544543000027e-05
4,-6.537192074200005e-06,-0.00024825037226319996,-4.3058454463600006e-05,4.4961745943000015e-06,0.0,-8.913369948700025e-06
5,2.37617787450002e-06,-0.00023933700231449994,-3.414508451489998e-05,1.3409544543000027e-05,8.913369948700025e-06,0.0
