,zero_shot_baseline,in_context_learning_3-shot,style_information_style_example,chain_of_thought_zero_shot,chain_of_thought_one_shot,self-refine
0,0.0,0.0002974705904795,-0.0004262127297265999,-2.695303972969997e-05,-0.0003864534979587,-6.50582490873e-05
1,-0.0002974705904795,0.0,-0.0007236833202061,-0.0003244236302092,-0.0006839240884382,-0.0003625288395668
2,0.0004262127297265999,0.0007236833202061,0.0,0.00039925968999689996,3.97592317678999e-05,0.00036115448063929993
3,2.695303972969997e-05,0.0003244236302092,-0.00039925968999689996,0.0,-0.00035950045822900006,-3.8105209357600024e-05
4,0.0003864534979587,0.0006839240884382,-3.97592317678999e-05,0.00035950045822900006,0.0,0.00032139524887140003
5,6.50582490873e-05,0.0003625288395668,-0.00036115448063929993,3.8105209357600024e-05,-0.00032139524887140003,0.0
