,zero_shot_baseline,in_context_learning_3-shot,style_information_style_example,chain_of_thought_zero_shot,chain_of_thought_one_shot,self-refine
0,0.0,1.1843902958942734e-05,-2.2914906882022065e-05,-8.330757749486128e-06,-7.006417485250999e-06,-1.9517201065336665e-06
1,-1.1843902958942734e-05,0.0,-3.47588098409648e-05,-2.0174660708428862e-05,-1.8850320444193733e-05,-1.37956230654764e-05
2,2.2914906882022065e-05,3.47588098409648e-05,0.0,1.4584149132535935e-05,1.5908489396771065e-05,2.0963186775488395e-05
3,8.330757749486128e-06,2.0174660708428862e-05,-1.4584149132535935e-05,0.0,1.3243402642351293e-06,6.379037642952462e-06
4,7.006417485250999e-06,1.8850320444193733e-05,-1.5908489396771065e-05,-1.3243402642351293e-06,0.0,5.054697378717332e-06
5,1.9517201065336665e-06,1.37956230654764e-05,-2.0963186775488395e-05,-6.379037642952462e-06,-5.054697378717332e-06,0.0
