,zero_shot_baseline,in_context_learning_3-shot,style_information_style_example,chain_of_thought_zero_shot,chain_of_thought_one_shot,self-refine
0,0.0,0.007924008051910299,0.0033582686158419982,0.0006053298513474994,0.00034312743621939777,-0.001101022319777701
1,-0.007924008051910299,0.0,-0.0045657394360683005,-0.007318678200562799,-0.007580880615690901,-0.009025030371688
2,-0.0033582686158419982,0.0045657394360683005,0.0,-0.002752938764494499,-0.0030151411796226005,-0.004459290935619699
3,-0.0006053298513474994,0.007318678200562799,0.002752938764494499,0.0,-0.0002622024151281016,-0.0017063521711252003
4,-0.00034312743621939777,0.007580880615690901,0.0030151411796226005,0.0002622024151281016,0.0,-0.0014441497559970987
5,0.001101022319777701,0.009025030371688,0.004459290935619699,0.0017063521711252003,0.0014441497559970987,0.0
