,zero_shot_baseline,in_context_learning_3-shot,style_information_style_example,chain_of_thought_zero_shot,chain_of_thought_one_shot,self-refine
0,0.0,-2.7463904728217705e-05,0.0,0.0,0.0,-1.9723865877712e-06
1,2.7463904728217705e-05,0.0,2.7463904728217705e-05,2.7463904728217705e-05,2.7463904728217705e-05,2.5491518140446507e-05
2,0.0,-2.7463904728217705e-05,0.0,0.0,0.0,-1.9723865877712e-06
3,0.0,-2.7463904728217705e-05,0.0,0.0,0.0,-1.9723865877712e-06
4,0.0,-2.7463904728217705e-05,0.0,0.0,0.0,-1.9723865877712e-06
5,1.9723865877712e-06,-2.5491518140446507e-05,1.9723865877712e-06,1.9723865877712e-06,1.9723865877712e-06,0.0
