,zero_shot_baseline,in_context_learning_3-shot,style_information_style_example,chain_of_thought_zero_shot,chain_of_thought_one_shot,self-refine
0,0.0,0.00014111758449791124,-3.857087565580002e-05,1.1785201761799999e-05,-3.6093596522700005e-05,3.2842329353e-06
1,-0.00014111758449791124,0.0,-0.00017968846015371126,-0.00012933238273611124,-0.00017721118102061124,-0.00013783335156261124
2,3.857087565580002e-05,0.00017968846015371126,0.0,5.035607741760002e-05,2.477279133100013e-06,4.185510859110002e-05
3,-1.1785201761799999e-05,0.00012933238273611124,-5.035607741760002e-05,0.0,-4.7878798284500004e-05,-8.500968826499999e-06
4,3.6093596522700005e-05,0.00017721118102061124,-2.477279133100013e-06,4.7878798284500004e-05,0.0,3.9377829458000005e-05
5,-3.2842329353e-06,0.00013783335156261124,-4.185510859110002e-05,8.500968826499999e-06,-3.9377829458000005e-05,0.0
