,abstracts,news,reviews,qa
0,0.0,0.0005472652538465283,0.00037082934981782844,-0.00011623642477267158
1,-0.0005472652538465283,0.0,-0.00017643590402869995,-0.0006635016786191999
2,-0.00037082934981782844,0.00017643590402869995,0.0,-0.0004870657745905
3,0.00011623642477267158,0.0006635016786191999,0.0004870657745905,0.0
