,zero_shot_baseline,in_context_learning_3-shot,style_information_style_example,chain_of_thought_zero_shot,chain_of_thought_one_shot,self-refine
0,0.0,0.00015193652516656478,-0.00034069299320220003,-1.6580578634400005e-05,-1.9316511760099998e-05,-0.00022665533529190002
1,-0.00015193652516656478,0.0,-0.0004926295183687648,-0.00016851710380096476,-0.00017125303692666475,-0.0003785918604584648
2,0.00034069299320220003,0.0004926295183687648,0.0,0.0003241124145678,0.0003213764814421,0.00011403765791030002
3,1.6580578634400005e-05,0.00016851710380096476,-0.0003241124145678,0.0,-2.7359331256999932e-06,-0.0002100747566575
4,1.9316511760099998e-05,0.00017125303692666475,-0.0003213764814421,2.7359331256999932e-06,0.0,-0.00020733882353180002
5,0.00022665533529190002,0.0003785918604584648,-0.00011403765791030002,0.0002100747566575,0.00020733882353180002,0.0
