,zero_shot_baseline,in_context_learning_3-shot,style_information_style_example,chain_of_thought_zero_shot,chain_of_thought_one_shot,self-refine
0,0.0,-1.3123380980289794e-05,-1.5360983102918331e-06,0.0,0.0,0.0
1,1.3123380980289794e-05,0.0,1.1587282669997961e-05,1.3123380980289794e-05,1.3123380980289794e-05,1.3123380980289794e-05
2,1.5360983102918331e-06,-1.1587282669997961e-05,0.0,1.5360983102918331e-06,1.5360983102918331e-06,1.5360983102918331e-06
3,0.0,-1.3123380980289794e-05,-1.5360983102918331e-06,0.0,0.0,0.0
4,0.0,-1.3123380980289794e-05,-1.5360983102918331e-06,0.0,0.0,0.0
5,0.0,-1.3123380980289794e-05,-1.5360983102918331e-06,0.0,0.0,0.0
