,zero_shot_baseline,in_context_learning_3-shot,style_information_style_example,chain_of_thought_zero_shot,chain_of_thought_one_shot,self-refine
0,0.0,0.00011679499719414587,3.0085823806099977e-05,-5.456268156140001e-05,1.7549857305699986e-05,-8.434826088210003e-05
1,-0.00011679499719414587,0.0,-8.670917338804589e-05,-0.00017135767875554587,-9.924513988844588e-05,-0.0002011432580762459
2,-3.0085823806099977e-05,8.670917338804589e-05,0.0,-8.464850536749998e-05,-1.2535966500399991e-05,-0.00011443408468820001
3,5.456268156140001e-05,0.00017135767875554587,8.464850536749998e-05,0.0,7.211253886709999e-05,-2.9785579320700027e-05
4,-1.7549857305699986e-05,9.924513988844588e-05,1.2535966500399991e-05,-7.211253886709999e-05,0.0,-0.00010189811818780002
5,8.434826088210003e-05,0.0002011432580762459,0.00011443408468820001,2.9785579320700027e-05,0.00010189811818780002,0.0
