,zero_shot_baseline,in_context_learning_3-shot,style_information_style_example,chain_of_thought_zero_shot,chain_of_thought_one_shot,self-refine
0,0.0,0.00017210965099581828,-0.00033196533480590006,-3.188078481850001e-05,-3.6836507873800006e-05,2.1267301432899988e-05
1,-0.00017210965099581828,0.0,-0.0005040749858017183,-0.00020399043581431829,-0.00020894615886961828,-0.0001508423495629183
2,0.00033196533480590006,0.0005040749858017183,0.0,0.0003000845499874,0.0002951288269321,0.0003532326362388
3,3.188078481850001e-05,0.00020399043581431829,-0.0003000845499874,0.0,-4.955723055299996e-06,5.31480862514e-05
4,3.6836507873800006e-05,0.00020894615886961828,-0.0002951288269321,4.955723055299996e-06,0.0,5.8103809306699994e-05
5,-2.1267301432899988e-05,0.0001508423495629183,-0.0003532326362388,-5.31480862514e-05,-5.8103809306699994e-05,0.0
