,zero_shot_baseline,in_context_learning_3-shot,style_information_style_example,chain_of_thought_zero_shot,chain_of_thought_one_shot,self-refine
0,0.0,-2.283866311601567e-06,0.0,0.0,0.0,-8.396305625524666e-07
1,2.283866311601567e-06,0.0,2.283866311601567e-06,2.283866311601567e-06,2.283866311601567e-06,1.4442357490491004e-06
2,0.0,-2.283866311601567e-06,0.0,0.0,0.0,-8.396305625524666e-07
3,0.0,-2.283866311601567e-06,0.0,0.0,0.0,-8.396305625524666e-07
4,0.0,-2.283866311601567e-06,0.0,0.0,0.0,-8.396305625524666e-07
5,8.396305625524666e-07,-1.4442357490491004e-06,8.396305625524666e-07,8.396305625524666e-07,8.396305625524666e-07,0.0
