,zero_shot_baseline,in_context_learning_3-shot,style_information_style_example,chain_of_thought_zero_shot,chain_of_thought_one_shot,self-refine
0,0.0,0.00019955347827286418,-0.00033013438431599997,-2.648041487890001e-05,-7.131998464250002e-05,-5.164910251380001e-05
1,-0.00019955347827286418,0.0,-0.0005296878625888642,-0.00022603389315176419,-0.00027087346291536417,-0.00025120258078666416
2,0.00033013438431599997,0.0005296878625888642,0.0,0.0003036539694371,0.0002588143996735,0.0002784852818022
3,2.648041487890001e-05,0.00022603389315176419,-0.0003036539694371,0.0,-4.483956976360001e-05,-2.5168687634900003e-05
4,7.131998464250002e-05,0.00027087346291536417,-0.0002588143996735,4.483956976360001e-05,0.0,1.9670882128700008e-05
5,5.164910251380001e-05,0.00025120258078666416,-0.0002784852818022,2.5168687634900003e-05,-1.9670882128700008e-05,0.0
