,zero_shot_baseline,in_context_learning_3-shot,style_information_style_example,chain_of_thought_zero_shot,chain_of_thought_one_shot,self-refine
0,0.0,-1.2437810945273334e-06,-6.299840510366766e-06,0.0,0.0,-7.3938577067488e-06
1,1.2437810945273334e-06,0.0,-5.056059415839433e-06,1.2437810945273334e-06,1.2437810945273334e-06,-6.150076612221467e-06
2,6.299840510366766e-06,5.056059415839433e-06,0.0,6.299840510366766e-06,6.299840510366766e-06,-1.094017196382034e-06
3,0.0,-1.2437810945273334e-06,-6.299840510366766e-06,0.0,0.0,-7.3938577067488e-06
4,0.0,-1.2437810945273334e-06,-6.299840510366766e-06,0.0,0.0,-7.3938577067488e-06
5,7.3938577067488e-06,6.150076612221467e-06,1.094017196382034e-06,7.3938577067488e-06,7.3938577067488e-06,0.0
