,zero_shot_baseline,in_context_learning_3-shot,style_information_style_example,chain_of_thought_zero_shot,chain_of_thought_one_shot,self-refine
0,0.0,-0.0001188546795556,-9.941794232810002e-05,-0.0001372355625641,8.591040547339997e-05,-0.0005227346453779999
1,0.0001188546795556,0.0,1.9436737227499976e-05,-1.83808830085e-05,0.00020476508502899996,-0.0004038799658224
2,9.941794232810002e-05,-1.9436737227499976e-05,0.0,-3.781762023599998e-05,0.0001853283478015,-0.00042331670304989995
3,0.0001372355625641,1.83808830085e-05,3.781762023599998e-05,0.0,0.00022314596803749996,-0.0003854990828139
4,-8.591040547339997e-05,-0.00020476508502899996,-0.0001853283478015,-0.00022314596803749996,0.0,-0.0006086450508513999
5,0.0005227346453779999,0.0004038799658224,0.00042331670304989995,0.0003854990828139,0.0006086450508513999,0.0
