,zero_shot_baseline,in_context_learning_3-shot,style_information_style_example,chain_of_thought_zero_shot,chain_of_thought_one_shot,self-refine
0,0.0,1.932185994515866e-05,2.17963274323663e-05,5.979989239310298e-06,2.4073241091694265e-05,-8.084378747142399e-07
1,-1.932185994515866e-05,0.0,2.47446748720764e-06,-1.3341870705848364e-05,4.7513811465356034e-06,-2.01302978198729e-05
2,-2.17963274323663e-05,-2.47446748720764e-06,0.0,-1.5816338193056004e-05,2.2769136593279634e-06,-2.260476530708054e-05
3,-5.979989239310298e-06,1.3341870705848364e-05,1.5816338193056004e-05,0.0,1.8093251852383967e-05,-6.788427114024538e-06
4,-2.4073241091694265e-05,-4.7513811465356034e-06,-2.2769136593279634e-06,-1.8093251852383967e-05,0.0,-2.4881678966408505e-05
5,8.084378747142399e-07,2.01302978198729e-05,2.260476530708054e-05,6.788427114024538e-06,2.4881678966408505e-05,0.0
