,zero_shot_baseline,in_context_learning_3-shot,style_information_style_example,chain_of_thought_zero_shot,chain_of_thought_one_shot,self-refine
0,0.0,-1.0386794027656002e-06,-3.7506027191820663e-06,-7.599119950032967e-06,-8.241761944879667e-07,-5.550690986607167e-06
1,1.0386794027656002e-06,0.0,-2.7119233164164663e-06,-6.560440547267367e-06,2.1450320827763348e-07,-4.512011583841567e-06
2,3.7506027191820663e-06,2.7119233164164663e-06,0.0,-3.848517230850901e-06,2.9264265246940996e-06,-1.800088267425101e-06
3,7.599119950032967e-06,6.560440547267367e-06,3.848517230850901e-06,0.0,6.774943755545001e-06,2.0484289634258e-06
4,8.241761944879667e-07,-2.1450320827763348e-07,-2.9264265246940996e-06,-6.774943755545001e-06,0.0,-4.726514792119201e-06
5,5.550690986607167e-06,4.512011583841567e-06,1.800088267425101e-06,-2.0484289634258e-06,4.726514792119201e-06,0.0
