,zero_shot_baseline,in_context_learning_3-shot,style_information_style_example,chain_of_thought_zero_shot,chain_of_thought_one_shot,self-refine
0,0.0,0.009918744297808101,0.0038328819614612004,-0.0005685401031670003,0.0022704374640583006,-0.0002789792056109991
1,-0.009918744297808101,0.0,-0.0060858623363469,-0.010487284400975102,-0.0076483068337498,-0.0101977235034191
2,-0.0038328819614612004,0.0060858623363469,0.0,-0.004401422064628201,-0.0015624444974028998,-0.0041118611670721995
3,0.0005685401031670003,0.010487284400975102,0.004401422064628201,0.0,0.002838977567225301,0.0002895608975560012
4,-0.0022704374640583006,0.0076483068337498,0.0015624444974028998,-0.002838977567225301,0.0,-0.0025494166696692997
5,0.0002789792056109991,0.0101977235034191,0.0041118611670721995,-0.0002895608975560012,0.0025494166696692997,0.0
