,zero_shot_baseline,in_context_learning_3-shot,style_information_style_example,chain_of_thought_zero_shot,chain_of_thought_one_shot,self-refine
0,0.0,-0.0001732487527856,0.00024287321330530002,-5.730211182619995e-05,0.0002972175814598,0.00014854403232790003
1,0.0001732487527856,0.0,0.0004161219660909,0.00011594664095940005,0.0004704663342454,0.00032179278511350004
2,-0.00024287321330530002,-0.0004161219660909,0.0,-0.0003001753251315,5.434436815450003e-05,-9.432918097739999e-05
3,5.730211182619995e-05,-0.00011594664095940005,0.0003001753251315,0.0,0.000354519693286,0.0002058461441541
4,-0.0002972175814598,-0.0004704663342454,-5.434436815450003e-05,-0.000354519693286,0.0,-0.00014867354913190002
5,-0.00014854403232790003,-0.00032179278511350004,9.432918097739999e-05,-0.0002058461441541,0.00014867354913190002,0.0
