,zero_shot_baseline,in_context_learning_3-shot,style_information_style_example,chain_of_thought_zero_shot,chain_of_thought_one_shot,self-refine
0,0.0,5.818418710943641e-05,3.0820314827554224e-05,1.377968139075696e-05,3.452560305277126e-05,-2.38381361609463e-06
1,-5.818418710943641e-05,0.0,-2.7363872281882184e-05,-4.440450571867945e-05,-2.365858405666515e-05,-6.056800072553104e-05
2,-3.0820314827554224e-05,2.7363872281882184e-05,0.0,-1.7040633436797264e-05,3.705288225217035e-06,-3.3204128443648854e-05
3,-1.377968139075696e-05,4.440450571867945e-05,1.7040633436797264e-05,0.0,2.07459216620143e-05,-1.616349500685159e-05
4,-3.452560305277126e-05,2.365858405666515e-05,-3.705288225217035e-06,-2.07459216620143e-05,0.0,-3.690941666886589e-05
5,2.38381361609463e-06,6.056800072553104e-05,3.3204128443648854e-05,1.616349500685159e-05,3.690941666886589e-05,0.0
