,zero_shot_baseline,in_context_learning_3-shot,style_information_style_example,chain_of_thought_zero_shot,chain_of_thought_one_shot,self-refine
0,0.0,0.0001517677904016,-8.321502167140001e-05,-2.8110814971400017e-05,-2.3948380947100018e-05,-9.360050143819999e-05
1,-0.0001517677904016,0.0,-0.000234982812073,-0.000179878605373,-0.0001757161713487,-0.0002453682918398
2,8.321502167140001e-05,0.000234982812073,0.0,5.510420669999999e-05,5.926664072429999e-05,-1.038547976679998e-05
3,2.8110814971400017e-05,0.000179878605373,-5.510420669999999e-05,0.0,4.162434024299999e-06,-6.548968646679997e-05
4,2.3948380947100018e-05,0.0001757161713487,-5.926664072429999e-05,-4.162434024299999e-06,0.0,-6.965212049109997e-05
5,9.360050143819999e-05,0.0002453682918398,1.038547976679998e-05,6.548968646679997e-05,6.965212049109997e-05,0.0
