,zero_shot_baseline,in_context_learning_3-shot,style_information_style_example,chain_of_thought_zero_shot,chain_of_thought_one_shot,self-refine
0,0.0,-0.0003200659473014,9.747043885569999e-05,-3.0946850038000016e-05,0.0002120447145925,-4.238917730869999e-05
1,0.0003200659473014,0.0,0.0004175363861571,0.0002891190972634,0.0005321106618939,0.0002776767699927
2,-9.747043885569999e-05,-0.0004175363861571,0.0,-0.0001284172888937,0.0001145742757368,-0.00013985961616439998
3,3.0946850038000016e-05,-0.0002891190972634,0.0001284172888937,0.0,0.0002429915646305,-1.1442327270699978e-05
4,-0.0002120447145925,-0.0005321106618939,-0.0001145742757368,-0.0002429915646305,0.0,-0.0002544338919012
5,4.238917730869999e-05,-0.0002776767699927,0.00013985961616439998,1.1442327270699978e-05,0.0002544338919012,0.0
