,zero_shot_baseline,in_context_learning_3-shot,style_information_style_example,chain_of_thought_zero_shot,chain_of_thought_one_shot,self-refine
0,0.0,-6.555518068675932e-06,-4.015019641582733e-06,0.0,-1.0416666666666667e-06,0.0
1,6.555518068675932e-06,0.0,2.540498427093199e-06,6.555518068675932e-06,5.513851402009266e-06,6.555518068675932e-06
2,4.015019641582733e-06,-2.540498427093199e-06,0.0,4.015019641582733e-06,2.9733529749160666e-06,4.015019641582733e-06
3,0.0,-6.555518068675932e-06,-4.015019641582733e-06,0.0,-1.0416666666666667e-06,0.0
4,1.0416666666666667e-06,-5.513851402009266e-06,-2.9733529749160666e-06,1.0416666666666667e-06,0.0,1.0416666666666667e-06
5,0.0,-6.555518068675932e-06,-4.015019641582733e-06,0.0,-1.0416666666666667e-06,0.0
