,zero_shot_baseline,in_context_learning_3-shot,style_information_style_example,chain_of_thought_zero_shot,chain_of_thought_one_shot,self-refine
0,0.0,-1.907784619257289e-05,0.0,0.0,0.0,-4.931405916911633e-05
1,1.907784619257289e-05,0.0,1.907784619257289e-05,1.907784619257289e-05,1.907784619257289e-05,-3.023621297654344e-05
2,0.0,-1.907784619257289e-05,0.0,0.0,0.0,-4.931405916911633e-05
3,0.0,-1.907784619257289e-05,0.0,0.0,0.0,-4.931405916911633e-05
4,0.0,-1.907784619257289e-05,0.0,0.0,0.0,-4.931405916911633e-05
5,4.931405916911633e-05,3.023621297654344e-05,4.931405916911633e-05,4.931405916911633e-05,4.931405916911633e-05,0.0
