,zero_shot_baseline,in_context_learning_3-shot,style_information_style_example,chain_of_thought_zero_shot,chain_of_thought_one_shot,self-refine
0,0.0,-0.00043623351127090003,0.000202740872932,-0.00018990584246720004,0.0002247319700699,-3.5966625920800014e-05
1,0.00043623351127090003,0.0,0.0006389743842029,0.0002463276688037,0.0006609654813408,0.0004002668853501
2,-0.000202740872932,-0.0006389743842029,0.0,-0.0003926467153992,2.1991097137900005e-05,-0.0002387074988528
3,0.00018990584246720004,-0.0002463276688037,0.0003926467153992,0.0,0.00041463781253710003,0.00015393921654640002
4,-0.0002247319700699,-0.0006609654813408,-2.1991097137900005e-05,-0.00041463781253710003,0.0,-0.0002606985959907
5,3.5966625920800014e-05,-0.0004002668853501,0.0002387074988528,-0.00015393921654640002,0.0002606985959907,0.0
