,zero_shot_baseline,in_context_learning_3-shot,style_information_style_example,chain_of_thought_zero_shot,chain_of_thought_one_shot,self-refine
0,0.0,0.0060054465535933,0.0028749483466083995,-0.00023032249282770034,0.0012987843624741,-0.000901653119565601
1,-0.0060054465535933,0.0,-0.0031304982069849004,-0.006235769046421,-0.0047066621911192,-0.006907099673158901
2,-0.0028749483466083995,0.0031304982069849004,0.0,-0.0031052708394361,-0.0015761639841342994,-0.0037766014661740005
3,0.00023032249282770034,0.006235769046421,0.0031052708394361,0.0,0.0015291068553018004,-0.0006713306267379007
4,-0.0012987843624741,0.0047066621911192,0.0015761639841342994,-0.0015291068553018004,0.0,-0.002200437482039701
5,0.000901653119565601,0.006907099673158901,0.0037766014661740005,0.0006713306267379007,0.002200437482039701,0.0
