,zero_shot_baseline,in_context_learning_3-shot,style_information_style_example,chain_of_thought_zero_shot,chain_of_thought_one_shot,self-refine
0,0.0,-9.838915047919998e-05,-0.00042112499417269994,-5.266378229479998e-05,-0.0001802096719127,-0.0003129293805235999
1,9.838915047919998e-05,0.0,-0.0003227358436935,4.57253681844e-05,-8.182052143350003e-05,-0.00021454023004439997
2,0.00042112499417269994,0.0003227358436935,0.0,0.0003684612118779,0.00024091532225999996,0.00010819561364910002
3,5.266378229479998e-05,-4.57253681844e-05,-0.0003684612118779,0.0,-0.00012754588961790003,-0.00026026559822879997
4,0.0001802096719127,8.182052143350003e-05,-0.00024091532225999996,0.00012754588961790003,0.0,-0.00013271970861089994
5,0.0003129293805235999,0.00021454023004439997,-0.00010819561364910002,0.00026026559822879997,0.00013271970861089994,0.0
