,zero_shot_baseline,in_context_learning_3-shot,style_information_style_example,chain_of_thought_zero_shot,chain_of_thought_one_shot,self-refine
0,0.0,5.927334892010001e-05,-0.0003390379924445,-3.2439827129099986e-05,-0.0002519504754617,-0.0005080096066193001
1,-5.927334892010001e-05,0.0,-0.0003983113413646,-9.171317604919999e-05,-0.00031122382438180003,-0.0005672829555394
2,0.0003390379924445,0.0003983113413646,0.0,0.0003065981653154,8.708751698279995e-05,-0.00016897161417480007
3,3.2439827129099986e-05,9.171317604919999e-05,-0.0003065981653154,0.0,-0.00021951064833260003,-0.00047556977949020005
4,0.0002519504754617,0.00031122382438180003,-8.708751698279995e-05,0.00021951064833260003,0.0,-0.0002560591311576
5,0.0005080096066193001,0.0005672829555394,0.00016897161417480007,0.00047556977949020005,0.0002560591311576,0.0
