,zero_shot_baseline,in_context_learning_3-shot,style_information_style_example,chain_of_thought_zero_shot,chain_of_thought_one_shot,self-refine
0,0.0,-3.020705298667393e-05,-3.670448986208874e-05,3.086929388710067e-06,2.8036534467069666e-06,-4.920925004929902e-06
1,3.020705298667393e-05,0.0,-6.497436875414807e-06,3.3293982375384e-05,3.30107064333809e-05,2.5286127981744033e-05
2,3.670448986208874e-05,6.497436875414807e-06,0.0,3.9791419250798804e-05,3.9508143308795707e-05,3.178356485715884e-05
3,-3.086929388710067e-06,-3.3293982375384e-05,-3.9791419250798804e-05,0.0,-2.832759420031002e-07,-8.007854393639969e-06
4,-2.8036534467069666e-06,-3.30107064333809e-05,-3.9508143308795707e-05,2.832759420031002e-07,0.0,-7.724578451636868e-06
5,4.920925004929902e-06,-2.5286127981744033e-05,-3.178356485715884e-05,8.007854393639969e-06,7.724578451636868e-06,0.0
