,mistral,deepseek,llama3.3,qwen72b,qwen32b,qwen14b,solar
0,0.0,4.67193946034998e-05,-0.002576441224253899,0.003203126073041799,0.0030754756183262993,0.0034725496115398,0.0032991974656893
1,-4.67193946034998e-05,0.0,-0.0026231606188573987,0.003156406678438299,0.0030287562237227995,0.0034258302169363,0.0032524780710858
2,0.002576441224253899,0.0026231606188573987,0.0,0.005779567297295698,0.005651916842580198,0.006048990835793699,0.005875638689943199
3,-0.003203126073041799,-0.003156406678438299,-0.005779567297295698,0.0,-0.00012765045471549961,0.00026942353849800094,9.607139264750097e-05
4,-0.0030754756183262993,-0.0030287562237227995,-0.005651916842580198,0.00012765045471549961,0.0,0.00039707399321350055,0.0002237218473630006
5,-0.0034725496115398,-0.0034258302169363,-0.006048990835793699,-0.00026942353849800094,-0.00039707399321350055,0.0,-0.00017335214585049996
6,-0.0032991974656893,-0.0032524780710858,-0.005875638689943199,-9.607139264750097e-05,-0.0002237218473630006,0.00017335214585049996,0.0
