,mistral,deepseek,llama3.3,qwen72b,qwen32b,qwen14b,solar
0,0.0,0.000198338318029,0.00035882023833417047,-0.00029327370463809997,0.00024064600933,0.00023295523366169998,-0.00010757344355240002
1,-0.000198338318029,0.0,0.00016048192030517047,-0.0004916120226671,4.2307691301000005e-05,3.4616915632699986e-05,-0.0003059117615814
2,-0.00035882023833417047,-0.00016048192030517047,0.0,-0.0006520939429722704,-0.00011817422900417048,-0.0001258650046724705,-0.0004663936818865705
3,0.00029327370463809997,0.0004916120226671,0.0006520939429722704,0.0,0.0005339197139681,0.0005262289382998,0.00018570026108569995
4,-0.00024064600933,-4.2307691301000005e-05,0.00011817422900417048,-0.0005339197139681,0.0,-7.69077566830002e-06,-0.0003482194528824
5,-0.00023295523366169998,-3.4616915632699986e-05,0.0001258650046724705,-0.0005262289382998,7.69077566830002e-06,0.0,-0.0003405286772141
6,0.00010757344355240002,0.0003059117615814,0.0004663936818865705,-0.00018570026108569995,0.0003482194528824,0.0003405286772141,0.0
