,zero_shot_baseline,in_context_learning_3-shot,style_information_style_example,chain_of_thought_zero_shot,chain_of_thought_one_shot,self-refine
0,0.0,-4.3859649122807e-06,0.0,0.0,0.0,-4.5756119881033337e-07
1,4.3859649122807e-06,0.0,4.3859649122807e-06,4.3859649122807e-06,4.3859649122807e-06,3.9284037134703665e-06
2,0.0,-4.3859649122807e-06,0.0,0.0,0.0,-4.5756119881033337e-07
3,0.0,-4.3859649122807e-06,0.0,0.0,0.0,-4.5756119881033337e-07
4,0.0,-4.3859649122807e-06,0.0,0.0,0.0,-4.5756119881033337e-07
5,4.5756119881033337e-07,-3.9284037134703665e-06,4.5756119881033337e-07,4.5756119881033337e-07,4.5756119881033337e-07,0.0
