,zero_shot_baseline,in_context_learning_3-shot,style_information_style_example,chain_of_thought_zero_shot,chain_of_thought_one_shot,self-refine
0,0.0,0.000295454205762371,-0.00035027305888210005,3.23964381517e-05,-0.0009063334858002,-6.707017748199993e-06
1,-0.000295454205762371,0.0,-0.0006457272646444711,-0.000263057767610671,-0.001201787691562571,-0.000302161223510571
2,0.00035027305888210005,0.0006457272646444711,0.0,0.00038266949703380005,-0.0005560604269181,0.00034356604113390006
3,-3.23964381517e-05,0.000263057767610671,-0.00038266949703380005,0.0,-0.0009387299239519,-3.910345589989999e-05
4,0.0009063334858002,0.001201787691562571,0.0005560604269181,0.0009387299239519,0.0,0.0008996264680520001
5,6.707017748199993e-06,0.000302161223510571,-0.00034356604113390006,3.910345589989999e-05,-0.0008996264680520001,0.0
