,abstracts,news,reviews,qa
0,0.0,0.0010388772765136283,-0.0027855773286204716,-4.9749217194036344e-05
1,-0.0010388772765136283,0.0,-0.0038244546051341,-0.0010886264937076647
2,0.0027855773286204716,0.0038244546051341,0.0,0.0027358281114264354
3,4.9749217194036344e-05,0.0010886264937076647,-0.0027358281114264354,0.0
