,zero_shot_baseline,in_context_learning_3-shot,style_information_style_example,chain_of_thought_zero_shot,chain_of_thought_one_shot,self-refine
0,0.0,-0.000253644481822,0.0001364200992856,3.295218280099997e-06,0.0001071474922651,-7.495695083280002e-05
1,0.000253644481822,0.0,0.00039006458110760005,0.0002569397001021,0.0003607919740871,0.0001786875309892
2,-0.0001364200992856,-0.00039006458110760005,0.0,-0.0001331248810055,-2.92726070205e-05,-0.00021137705011840002
3,-3.295218280099997e-06,-0.0002569397001021,0.0001331248810055,0.0,0.000103852273985,-7.825216911290002e-05
4,-0.0001071474922651,-0.0003607919740871,2.92726070205e-05,-0.000103852273985,0.0,-0.00018210444309790002
5,7.495695083280002e-05,-0.0001786875309892,0.00021137705011840002,7.825216911290002e-05,0.00018210444309790002,0.0
