,mistral,deepseek,llama3.3,qwen72b,qwen32b,qwen14b,solar
0,0.0,0.0,-5.184033177812334e-07,0.0,0.0,0.0,-1.9157088122605333e-06
1,0.0,0.0,-5.184033177812334e-07,0.0,0.0,0.0,-1.9157088122605333e-06
2,5.184033177812334e-07,5.184033177812334e-07,0.0,5.184033177812334e-07,5.184033177812334e-07,5.184033177812334e-07,-1.3973054944793e-06
3,0.0,0.0,-5.184033177812334e-07,0.0,0.0,0.0,-1.9157088122605333e-06
4,0.0,0.0,-5.184033177812334e-07,0.0,0.0,0.0,-1.9157088122605333e-06
5,0.0,0.0,-5.184033177812334e-07,0.0,0.0,0.0,-1.9157088122605333e-06
6,1.9157088122605333e-06,1.9157088122605333e-06,1.3973054944793e-06,1.9157088122605333e-06,1.9157088122605333e-06,1.9157088122605333e-06,0.0
