,zero_shot_baseline,in_context_learning_3-shot,style_information_style_example,chain_of_thought_zero_shot,chain_of_thought_one_shot,self-refine
0,0.0,-0.0007495698118109,0.000398297659128,-0.00013926747108419996,0.00032053766848779997,0.0002473863005841
1,0.0007495698118109,0.0,0.0011478674709389,0.0006103023407267001,0.0010701074802987,0.000996956112395
2,-0.000398297659128,-0.0011478674709389,0.0,-0.0005375651302122,-7.775999064020002e-05,-0.00015091135854390002
3,0.00013926747108419996,-0.0006103023407267001,0.0005375651302122,0.0,0.00045980513957199993,0.00038665377166829994
4,-0.00032053766848779997,-0.0010701074802987,7.775999064020002e-05,-0.00045980513957199993,0.0,-7.31513679037e-05
5,-0.0002473863005841,-0.000996956112395,0.00015091135854390002,-0.00038665377166829994,7.31513679037e-05,0.0
