,abstracts,news,reviews,qa
0,0.0,0.0008405389584846284,-0.0028322967232239714,-0.0003976905004622716
1,-0.0008405389584846284,0.0,-0.0036728356817086,-0.0012382294589469
2,0.0028322967232239714,0.0036728356817086,0.0,0.0024346062227617
3,0.0003976905004622716,0.0012382294589469,-0.0024346062227617,0.0
