,abstracts,news,reviews,qa
0,0.0,0.0010811849678146284,0.00024317889510232845,-0.00013136524795117157
1,-0.0010811849678146284,0.0,-0.0008380060727123,-0.0012125502157658
2,-0.00024317889510232845,0.0008380060727123,0.0,-0.0003745441430535
3,0.00013136524795117157,0.0012125502157658,0.0003745441430535,0.0
