,zero_shot_baseline,in_context_learning_3-shot,style_information_style_example,chain_of_thought_zero_shot,chain_of_thought_one_shot,self-refine
0,0.0,7.396775964517035e-06,1.0961078689130995e-06,8.353908759551706e-06,-5.9577200289361365e-06,-1.3813458709268626e-05
1,-7.396775964517035e-06,0.0,-6.300668095603936e-06,9.57132795034671e-07,-1.3354495993453172e-05,-2.1210234673785662e-05
2,-1.0961078689130995e-06,6.300668095603936e-06,0.0,7.257800890638607e-06,-7.053827897849236e-06,-1.4909566578181726e-05
3,-8.353908759551706e-06,-9.57132795034671e-07,-7.257800890638607e-06,0.0,-1.4311628788487843e-05,-2.2167367468820333e-05
4,5.9577200289361365e-06,1.3354495993453172e-05,7.053827897849236e-06,1.4311628788487843e-05,0.0,-7.85573868033249e-06
5,1.3813458709268626e-05,2.1210234673785662e-05,1.4909566578181726e-05,2.2167367468820333e-05,7.85573868033249e-06,0.0
