,zero_shot_baseline,in_context_learning_3-shot,style_information_style_example,chain_of_thought_zero_shot,chain_of_thought_one_shot,self-refine
0,0.0,0.0013613311415486,-0.0011439814319001,0.00017389594747329999,0.000309166674638,-0.0007852317696920002
1,-0.0013613311415486,0.0,-0.0025053125734487,-0.0011874351940753,-0.0010521644669106,-0.0021465629112406
2,0.0011439814319001,0.0025053125734487,0.0,0.0013178773793734,0.0014531481065381,0.0003587496622080998
3,-0.00017389594747329999,0.0011874351940753,-0.0013178773793734,0.0,0.00013527072716470003,-0.0009591277171653002
4,-0.000309166674638,0.0010521644669106,-0.0014531481065381,-0.00013527072716470003,0.0,-0.0010943984443300002
5,0.0007852317696920002,0.0021465629112406,-0.0003587496622080998,0.0009591277171653002,0.0010943984443300002,0.0
