,zero_shot_baseline,in_context_learning_3-shot,style_information_style_example,chain_of_thought_zero_shot,chain_of_thought_one_shot,self-refine
0,0.0,0.001295520955533747,-0.0004497816654290001,0.00014305104350870006,-0.000358488216371,-0.0001992827069305001
1,-0.001295520955533747,0.0,-0.0017453026209627472,-0.001152469912025047,-0.001654009171904747,-0.0014948036624642471
2,0.0004497816654290001,0.0017453026209627472,0.0,0.0005928327089377002,9.129344905800009e-05,0.0002504989584985
3,-0.00014305104350870006,0.001152469912025047,-0.0005928327089377002,0.0,-0.0005015392598797001,-0.00034233375043920015
4,0.000358488216371,0.001654009171904747,-9.129344905800009e-05,0.0005015392598797001,0.0,0.00015920550944049992
5,0.0001992827069305001,0.0014948036624642471,-0.0002504989584985,0.00034233375043920015,-0.00015920550944049992,0.0
