,zero_shot_baseline,in_context_learning_3-shot,style_information_style_example,chain_of_thought_zero_shot,chain_of_thought_one_shot,self-refine
0,0.0,-1.2026109698405335e-06,1.0649627263045666e-06,-5.29933605433867e-07,1.0649627263045666e-06,-3.077262240248867e-06
1,1.2026109698405335e-06,0.0,2.2675736961451e-06,6.726773644066664e-07,2.2675736961451e-06,-1.8746512704083335e-06
2,-1.0649627263045666e-06,-2.2675736961451e-06,0.0,-1.5948963317384337e-06,0.0,-4.142224966553434e-06
3,5.29933605433867e-07,-6.726773644066664e-07,1.5948963317384337e-06,0.0,1.5948963317384337e-06,-2.547328634815e-06
4,-1.0649627263045666e-06,-2.2675736961451e-06,0.0,-1.5948963317384337e-06,0.0,-4.142224966553434e-06
5,3.077262240248867e-06,1.8746512704083335e-06,4.142224966553434e-06,2.547328634815e-06,4.142224966553434e-06,0.0
