,zero_shot_baseline,in_context_learning_3-shot,style_information_style_example,chain_of_thought_zero_shot,chain_of_thought_one_shot,self-refine
0,0.0,-4.1468087094664e-06,-2.83071594128011e-05,0.0,0.0,-1.06046217157328e-05
1,4.1468087094664e-06,0.0,-2.41603507033347e-05,4.1468087094664e-06,4.1468087094664e-06,-6.4578130062664005e-06
2,2.83071594128011e-05,2.41603507033347e-05,0.0,2.83071594128011e-05,2.83071594128011e-05,1.77025376970683e-05
3,0.0,-4.1468087094664e-06,-2.83071594128011e-05,0.0,0.0,-1.06046217157328e-05
4,0.0,-4.1468087094664e-06,-2.83071594128011e-05,0.0,0.0,-1.06046217157328e-05
5,1.06046217157328e-05,6.4578130062664005e-06,-1.77025376970683e-05,1.06046217157328e-05,1.06046217157328e-05,0.0
