,zero_shot_baseline,in_context_learning_3-shot,style_information_style_example,chain_of_thought_zero_shot,chain_of_thought_one_shot,self-refine
0,0.0,1.0024824487115766e-05,2.8413726796205653e-06,-4.809126981075398e-06,1.7185150243457648e-06,-1.4461326109158662e-06
1,-1.0024824487115766e-05,0.0,-7.183451807495201e-06,-1.4833951468191165e-05,-8.306309462770001e-06,-1.1470957098031632e-05
2,-2.8413726796205653e-06,7.183451807495201e-06,0.0,-7.650499660695963e-06,-1.1228576552748005e-06,-4.287505290536431e-06
3,4.809126981075398e-06,1.4833951468191165e-05,7.650499660695963e-06,0.0,6.527642005421163e-06,3.3629943701595322e-06
4,-1.7185150243457648e-06,8.306309462770001e-06,1.1228576552748005e-06,-6.527642005421163e-06,0.0,-3.164647635261631e-06
5,1.4461326109158662e-06,1.1470957098031632e-05,4.287505290536431e-06,-3.3629943701595322e-06,3.164647635261631e-06,0.0
