,abstracts,news,reviews,qa
0,0.0,0.0058524469400286,0.0055059701773864,0.0058627681636146
1,-0.0058524469400286,0.0,-0.0003464767626422,1.0321223586e-05
2,-0.0055059701773864,0.0003464767626422,0.0,0.0003567979862282
3,-0.0058627681636146,-1.0321223586e-05,-0.0003567979862282,0.0
