,zero_shot_baseline,in_context_learning_3-shot,style_information_style_example,chain_of_thought_zero_shot,chain_of_thought_one_shot,self-refine
0,0.0,2.6708902960964665e-06,-1.4995191744351966e-05,-7.761696316473965e-06,-3.3664761067753327e-06,-2.4212035058184394e-05
1,-2.6708902960964665e-06,0.0,-1.7666082040448433e-05,-1.0432586612570432e-05,-6.037366402871799e-06,-2.6882925354280863e-05
2,1.4995191744351966e-05,1.7666082040448433e-05,0.0,7.233495427878001e-06,1.1628715637576635e-05,-9.21684331383243e-06
3,7.761696316473965e-06,1.0432586612570432e-05,-7.233495427878001e-06,0.0,4.3952202096986326e-06,-1.645033874171043e-05
4,3.3664761067753327e-06,6.037366402871799e-06,-1.1628715637576635e-05,-4.3952202096986326e-06,0.0,-2.0845558951409064e-05
5,2.4212035058184394e-05,2.6882925354280863e-05,9.21684331383243e-06,1.645033874171043e-05,2.0845558951409064e-05,0.0
