,zero_shot_baseline,in_context_learning_3-shot,style_information_style_example,chain_of_thought_zero_shot,chain_of_thought_one_shot,self-refine
0,0.0,8.730929689023734e-06,-2.538371100174096e-05,1.2910895792801e-06,5.881926840020901e-06,-1.2209044531026134e-05
1,-8.730929689023734e-06,0.0,-3.4114640690764696e-05,-7.439840109743634e-06,-2.849002849002833e-06,-2.0939974220049868e-05
2,2.538371100174096e-05,3.4114640690764696e-05,0.0,2.6674800581021062e-05,3.1265637841761863e-05,1.3174666470714828e-05
3,-1.2910895792801e-06,7.439840109743634e-06,-2.6674800581021062e-05,0.0,4.590837260740801e-06,-1.3500134110306234e-05
4,-5.881926840020901e-06,2.849002849002833e-06,-3.1265637841761863e-05,-4.590837260740801e-06,0.0,-1.8090971371047035e-05
5,1.2209044531026134e-05,2.0939974220049868e-05,-1.3174666470714828e-05,1.3500134110306234e-05,1.8090971371047035e-05,0.0
