,zero_shot_baseline,in_context_learning_3-shot,style_information_style_example,chain_of_thought_zero_shot,chain_of_thought_one_shot,self-refine
0,0.0,2.2552670766138675e-06,-3.677816920840665e-07,1.6380659004993005e-06,1.1398667287176998e-06,-3.0693754099016605e-07
1,-2.2552670766138675e-06,0.0,-2.623048768697934e-06,-6.17201176114567e-07,-1.1154003478961677e-06,-2.5622046176040335e-06
2,3.677816920840665e-07,2.623048768697934e-06,0.0,2.005847592583367e-06,1.5076484208017663e-06,6.084415109390046e-08
3,-1.6380659004993005e-06,6.17201176114567e-07,-2.005847592583367e-06,0.0,-4.981991717816007e-07,-1.9450034414894666e-06
4,-1.1398667287176998e-06,1.1154003478961677e-06,-1.5076484208017663e-06,4.981991717816007e-07,0.0,-1.4468042697078658e-06
5,3.0693754099016605e-07,2.5622046176040335e-06,-6.084415109390046e-08,1.9450034414894666e-06,1.4468042697078658e-06,0.0
