,zero_shot_baseline,in_context_learning_3-shot,style_information_style_example,chain_of_thought_zero_shot,chain_of_thought_one_shot,self-refine
0,0.0,1.2610242779307769e-05,-2.091886001503326e-05,-5.5342273121558975e-06,-1.1697776858938332e-05,-4.760152734169327e-06
1,-1.2610242779307769e-05,0.0,-3.352910279434103e-05,-1.8144470091463665e-05,-2.43080196382461e-05,-1.7370395513477094e-05
2,2.091886001503326e-05,3.352910279434103e-05,0.0,1.5384632702877365e-05,9.22108315609493e-06,1.6158707280863936e-05
3,5.5342273121558975e-06,1.8144470091463665e-05,-1.5384632702877365e-05,0.0,-6.163549546782434e-06,7.74074577986571e-07
4,1.1697776858938332e-05,2.43080196382461e-05,-9.22108315609493e-06,6.163549546782434e-06,0.0,6.937624124769005e-06
5,4.760152734169327e-06,1.7370395513477094e-05,-1.6158707280863936e-05,-7.74074577986571e-07,-6.937624124769005e-06,0.0
