,zero_shot_baseline,in_context_learning_3-shot,style_information_style_example,chain_of_thought_zero_shot,chain_of_thought_one_shot,self-refine
0,0.0,-5.689575801486373e-05,-0.00010748095817926372,-1.5610473512282384e-06,-4.4866815831963726e-05,-0.0009210651139256637
1,5.689575801486373e-05,0.0,-5.058520016439999e-05,5.533471066363549e-05,1.2028942182900005e-05,-0.0008641693559108
2,0.00010748095817926372,5.058520016439999e-05,0.0,0.00010591991082803549,6.26141423473e-05,-0.0008135841557463999
3,1.5610473512282384e-06,-5.533471066363549e-05,-0.00010591991082803549,0.0,-4.330576848073549e-05,-0.0009195040665744354
4,4.4866815831963726e-05,-1.2028942182900005e-05,-6.26141423473e-05,4.330576848073549e-05,0.0,-0.0008761982980937
5,0.0009210651139256637,0.0008641693559108,0.0008135841557463999,0.0009195040665744354,0.0008761982980937,0.0
