,zero_shot_baseline,in_context_learning_3-shot,style_information_style_example,chain_of_thought_zero_shot,chain_of_thought_one_shot,self-refine
0,0.0,0.0008360066389632001,-0.00012059250261299993,-0.0001518327394752,-0.00018235005828649994,-0.0006527793804105
1,-0.0008360066389632001,0.0,-0.0009565991415762,-0.0009878393784384,-0.0010183566972497,-0.0014887860193737
2,0.00012059250261299993,0.0009565991415762,0.0,-3.124023686220008e-05,-6.175755567350001e-05,-0.0005321868777975001
3,0.0001518327394752,0.0009878393784384,3.124023686220008e-05,0.0,-3.051731881129993e-05,-0.0005009466409353
4,0.00018235005828649994,0.0010183566972497,6.175755567350001e-05,3.051731881129993e-05,0.0,-0.00047042932212400007
5,0.0006527793804105,0.0014887860193737,0.0005321868777975001,0.0005009466409353,0.00047042932212400007,0.0
