,zero_shot_baseline,in_context_learning_3-shot,style_information_style_example,chain_of_thought_zero_shot,chain_of_thought_one_shot,self-refine
0,0.0,-4.08469909142094e-05,-2.1787099344854666e-06,-3.3019644665964335e-06,-8.187431760093267e-06,-1.3091191037752168e-05
1,4.08469909142094e-05,0.0,3.8668280979723934e-05,3.754502644761297e-05,3.265955915411613e-05,2.7755799876457232e-05
2,2.1787099344854666e-06,-3.8668280979723934e-05,0.0,-1.1232545321109674e-06,-6.008721825607801e-06,-1.0912481103266702e-05
3,3.3019644665964335e-06,-3.754502644761297e-05,1.1232545321109674e-06,0.0,-4.885467293496834e-06,-9.789226571155735e-06
4,8.187431760093267e-06,-3.265955915411613e-05,6.008721825607801e-06,4.885467293496834e-06,0.0,-4.903759277658901e-06
5,1.3091191037752168e-05,-2.7755799876457232e-05,1.0912481103266702e-05,9.789226571155735e-06,4.903759277658901e-06,0.0
