,zero_shot_baseline,in_context_learning_3-shot,style_information_style_example,chain_of_thought_zero_shot,chain_of_thought_one_shot,self-refine
0,0.0,-0.0004983112872602001,-0.0010255190942244,7.468510675059996e-05,-0.00035749208753020005,-0.0007724595529853001
1,0.0004983112872602001,0.0,-0.0005272078069641999,0.0005729963940108,0.00014081919973000004,-0.0002741482657251
2,0.0010255190942244,0.0005272078069641999,0.0,0.001100204200975,0.0006680270066942,0.0002530595412390999
3,-7.468510675059996e-05,-0.0005729963940108,-0.001100204200975,0.0,-0.0004321771942808,-0.0008471446597359
4,0.00035749208753020005,-0.00014081919973000004,-0.0006680270066942,0.0004321771942808,0.0,-0.00041496746545510005
5,0.0007724595529853001,0.0002741482657251,-0.0002530595412390999,0.0008471446597359,0.00041496746545510005,0.0
