,zero_shot_baseline,in_context_learning_3-shot,style_information_style_example,chain_of_thought_zero_shot,chain_of_thought_one_shot,self-refine
0,0.0,0.0009851361376760999,-6.883243577950017e-05,6.687880806509989e-05,-0.000626015736293,-0.0006546291823589002
1,-0.0009851361376760999,0.0,-0.0010539685734556,-0.000918257329611,-0.0016111518739691,-0.001639765320035
2,6.883243577950017e-05,0.0010539685734556,0.0,0.00013571124384460006,-0.0005571833005134999,-0.0005857967465794
3,-6.687880806509989e-05,0.000918257329611,-0.00013571124384460006,0.0,-0.0006928945443580999,-0.0007215079904240001
4,0.000626015736293,0.0016111518739691,0.0005571833005134999,0.0006928945443580999,0.0,-2.861344606590018e-05
5,0.0006546291823589002,0.001639765320035,0.0005857967465794,0.0007215079904240001,2.861344606590018e-05,0.0
