,zero_shot_baseline,in_context_learning_3-shot,style_information_style_example,chain_of_thought_zero_shot,chain_of_thought_one_shot,self-refine
0,0.0,6.293988744500868e-05,-9.896196736639999e-05,6.80435221529197e-05,6.524384030377238e-05,-0.0007296930311733
1,-6.293988744500868e-05,0.0,-0.00016190185481140866,5.103634707911021e-06,2.303952858763702e-06,-0.0007926329186183086
2,9.896196736639999e-05,0.00016190185481140866,0.0,0.00016700548951931968,0.00016420580767017236,-0.0006307310638069
3,-6.80435221529197e-05,-5.103634707911021e-06,-0.00016700548951931968,0.0,-2.7996818491473187e-06,-0.0007977365533262196
4,-6.524384030377238e-05,-2.303952858763702e-06,-0.00016420580767017236,2.7996818491473187e-06,0.0,-0.0007949368714770724
5,0.0007296930311733,0.0007926329186183086,0.0006307310638069,0.0007977365533262196,0.0007949368714770724,0.0
