,zero_shot_baseline,in_context_learning_3-shot,style_information_style_example,chain_of_thought_zero_shot,chain_of_thought_one_shot,self-refine
0,0.0,-0.00025632615543370006,-0.0011763554704332,0.0001673484165294999,-8.81725128048e-05,-0.0007747803769324001
1,0.00025632615543370006,0.0,-0.0009200293149995,0.00042367457196319997,0.00016815364262890006,-0.0005184542214987
2,0.0011763554704332,0.0009200293149995,0.0,0.0013437038869626998,0.0010881829576284,0.0004015750935007999
3,-0.0001673484165294999,-0.00042367457196319997,-0.0013437038869626998,0.0,-0.0002555209293342999,-0.0009421287934619
4,8.81725128048e-05,-0.00016815364262890006,-0.0010881829576284,0.0002555209293342999,0.0,-0.0006866078641276001
5,0.0007747803769324001,0.0005184542214987,-0.0004015750935007999,0.0009421287934619,0.0006866078641276001,0.0
