,zero_shot_baseline,in_context_learning_3-shot,style_information_style_example,chain_of_thought_zero_shot,chain_of_thought_one_shot,self-refine
0,0.0,0.0,0.0,0.0,0.0,-1.0263852929133666e-05
1,0.0,0.0,0.0,0.0,0.0,-1.0263852929133666e-05
2,0.0,0.0,0.0,0.0,0.0,-1.0263852929133666e-05
3,0.0,0.0,0.0,0.0,0.0,-1.0263852929133666e-05
4,0.0,0.0,0.0,0.0,0.0,-1.0263852929133666e-05
5,1.0263852929133666e-05,1.0263852929133666e-05,1.0263852929133666e-05,1.0263852929133666e-05,1.0263852929133666e-05,0.0
