,zero_shot_baseline,in_context_learning_3-shot,style_information_style_example,chain_of_thought_zero_shot,chain_of_thought_one_shot,self-refine
0,0.0,0.0091655959842217,9.876546604039964e-05,-0.0006979044713479009,-0.0013456173766257015,-0.0040968085252723
1,-0.0091655959842217,0.0,-0.0090668305181813,-0.0098635004555696,-0.0105112133608474,-0.013262404509494
2,-9.876546604039964e-05,0.0090668305181813,0.0,-0.0007966699373883005,-0.001444382842666101,-0.0041955739913127
3,0.0006979044713479009,0.0098635004555696,0.0007966699373883005,0.0,-0.0006477129052778006,-0.003398904053924399
4,0.0013456173766257015,0.0105112133608474,0.001444382842666101,0.0006477129052778006,0.0,-0.0027511911486465986
5,0.0040968085252723,0.013262404509494,0.0041955739913127,0.003398904053924399,0.0027511911486465986,0.0
