,zero_shot_baseline,in_context_learning_3-shot,style_information_style_example,chain_of_thought_zero_shot,chain_of_thought_one_shot,self-refine
0,0.0,-1.5186028853453332e-07,-2.116699306464707e-05,-1.0174476190827666e-06,-1.952571850293833e-06,-1.6589263071094334e-06
1,1.5186028853453332e-07,0.0,-2.1015132776112534e-05,-8.655873305482333e-07,-1.8007115617592997e-06,-1.5070660185749e-06
2,2.116699306464707e-05,2.1015132776112534e-05,0.0,2.01495454455643e-05,1.9214421214353235e-05,1.9508066757537636e-05
3,1.0174476190827666e-06,8.655873305482333e-07,-2.01495454455643e-05,0.0,-9.351242312110665e-07,-6.414786880266668e-07
4,1.952571850293833e-06,1.8007115617592997e-06,-1.9214421214353235e-05,9.351242312110665e-07,0.0,2.9364554318439967e-07
5,1.6589263071094334e-06,1.5070660185749e-06,-1.9508066757537636e-05,6.414786880266668e-07,-2.9364554318439967e-07,0.0
