,zero_shot_baseline,in_context_learning_3-shot,style_information_style_example,chain_of_thought_zero_shot,chain_of_thought_one_shot,self-refine
0,0.0,1.3624255948744534e-05,2.0704376238808002e-06,1.0153688303030466e-05,1.3624255948744534e-05,6.521217669733367e-06
1,-1.3624255948744534e-05,0.0,-1.1553818324863734e-05,-3.470567645714067e-06,0.0,-7.103038279011167e-06
2,-2.0704376238808002e-06,1.1553818324863734e-05,0.0,8.083250679149666e-06,1.1553818324863734e-05,4.450780045852567e-06
3,-1.0153688303030466e-05,3.470567645714067e-06,-8.083250679149666e-06,0.0,3.470567645714067e-06,-3.6324706332971002e-06
4,-1.3624255948744534e-05,0.0,-1.1553818324863734e-05,-3.470567645714067e-06,0.0,-7.103038279011167e-06
5,-6.521217669733367e-06,7.103038279011167e-06,-4.450780045852567e-06,3.6324706332971002e-06,7.103038279011167e-06,0.0
