,zero_shot_baseline,in_context_learning_3-shot,style_information_style_example,chain_of_thought_zero_shot,chain_of_thought_one_shot,self-refine
0,0.0,-1.5653678890132e-06,-2.7498617242206667e-06,0.0,0.0,-1.2571133048195234e-05
1,1.5653678890132e-06,0.0,-1.1844938352074668e-06,1.5653678890132e-06,1.5653678890132e-06,-1.1005765159182034e-05
2,2.7498617242206667e-06,1.1844938352074668e-06,0.0,2.7498617242206667e-06,2.7498617242206667e-06,-9.821271323974567e-06
3,0.0,-1.5653678890132e-06,-2.7498617242206667e-06,0.0,0.0,-1.2571133048195234e-05
4,0.0,-1.5653678890132e-06,-2.7498617242206667e-06,0.0,0.0,-1.2571133048195234e-05
5,1.2571133048195234e-05,1.1005765159182034e-05,9.821271323974567e-06,1.2571133048195234e-05,1.2571133048195234e-05,0.0
