,zero_shot_baseline,in_context_learning_3-shot,style_information_style_example,chain_of_thought_zero_shot,chain_of_thought_one_shot,self-refine
0,0.0,-6.343519639124195e-06,0.0,0.0,0.0,-7.996080513693594e-05
1,6.343519639124195e-06,0.0,6.343519639124195e-06,6.343519639124195e-06,6.343519639124195e-06,-7.361728549781174e-05
2,0.0,-6.343519639124195e-06,0.0,0.0,0.0,-7.996080513693594e-05
3,0.0,-6.343519639124195e-06,0.0,0.0,0.0,-7.996080513693594e-05
4,0.0,-6.343519639124195e-06,0.0,0.0,0.0,-7.996080513693594e-05
5,7.996080513693594e-05,7.361728549781174e-05,7.996080513693594e-05,7.996080513693594e-05,7.996080513693594e-05,0.0
