,zero_shot_baseline,in_context_learning_3-shot,style_information_style_example,chain_of_thought_zero_shot,chain_of_thought_one_shot,self-refine
0,0.0,2.3089045912601963e-05,6.016740444814093e-06,1.0452393278987095e-05,4.406264336296631e-06,1.0143845072287998e-05
1,-2.3089045912601963e-05,0.0,-1.707230546778787e-05,-1.2636652633614867e-05,-1.8682781576305332e-05,-1.2945200840313966e-05
2,-6.016740444814093e-06,1.707230546778787e-05,0.0,4.435652834173003e-06,-1.610476108517462e-06,4.127104627473905e-06
3,-1.0452393278987095e-05,1.2636652633614867e-05,-4.435652834173003e-06,0.0,-6.046128942690465e-06,-3.085482066990972e-07
4,-4.406264336296631e-06,1.8682781576305332e-05,1.610476108517462e-06,6.046128942690465e-06,0.0,5.737580735991367e-06
5,-1.0143845072287998e-05,1.2945200840313966e-05,-4.127104627473905e-06,3.085482066990972e-07,-5.737580735991367e-06,0.0
