,zero_shot_baseline,in_context_learning_3-shot,style_information_style_example,chain_of_thought_zero_shot,chain_of_thought_one_shot,self-refine
0,0.0,-1.8264704938627668e-06,-2.056789224608633e-06,0.0,0.0,-7.571371309980234e-06
1,1.8264704938627668e-06,0.0,-2.30318730745866e-07,1.8264704938627668e-06,1.8264704938627668e-06,-5.744900816117468e-06
2,2.056789224608633e-06,2.30318730745866e-07,0.0,2.056789224608633e-06,2.056789224608633e-06,-5.514582085371601e-06
3,0.0,-1.8264704938627668e-06,-2.056789224608633e-06,0.0,0.0,-7.571371309980234e-06
4,0.0,-1.8264704938627668e-06,-2.056789224608633e-06,0.0,0.0,-7.571371309980234e-06
5,7.571371309980234e-06,5.744900816117468e-06,5.514582085371601e-06,7.571371309980234e-06,7.571371309980234e-06,0.0
