,zero_shot_baseline,in_context_learning_3-shot,style_information_style_example,chain_of_thought_zero_shot,chain_of_thought_one_shot,self-refine
0,0.0,0.0063167900729009996,0.00028131281465390047,-0.0001397075766705006,-0.0009930701916942009,-0.0043600867731606995
1,-0.0063167900729009996,0.0,-0.006035477258247099,-0.0064564976495715,-0.0073098602645952,-0.010676876846061698
2,-0.00028131281465390047,0.006035477258247099,0.0,-0.0004210203913244011,-0.0012743830063481013,-0.0046413995878146
3,0.0001397075766705006,0.0064564976495715,0.0004210203913244011,0.0,-0.0008533626150237002,-0.004220379196490199
4,0.0009930701916942009,0.0073098602645952,0.0012743830063481013,0.0008533626150237002,0.0,-0.0033670165814664987
5,0.0043600867731606995,0.010676876846061698,0.0046413995878146,0.004220379196490199,0.0033670165814664987,0.0
