,zero_shot_baseline,in_context_learning_3-shot,style_information_style_example,chain_of_thought_zero_shot,chain_of_thought_one_shot,self-refine
0,0.0,2.42051014248011e-05,-5.160848895528208e-05,4.5297144924875e-06,8.582329603300833e-06,5.225800867100371e-06
1,-2.42051014248011e-05,0.0,-7.581359038008317e-05,-1.96753869323136e-05,-1.5622771821500267e-05,-1.897930055770073e-05
2,5.160848895528208e-05,7.581359038008317e-05,0.0,5.6138203447769574e-05,6.0190818558582906e-05,5.683428982238245e-05
3,-4.5297144924875e-06,1.96753869323136e-05,-5.6138203447769574e-05,0.0,4.052615110813333e-06,6.960863746128706e-07
4,-8.582329603300833e-06,1.5622771821500267e-05,-6.0190818558582906e-05,-4.052615110813333e-06,0.0,-3.3565287362004622e-06
5,-5.225800867100371e-06,1.897930055770073e-05,-5.683428982238245e-05,-6.960863746128706e-07,3.3565287362004622e-06,0.0
