,zero_shot_baseline,in_context_learning_3-shot,style_information_style_example,chain_of_thought_zero_shot,chain_of_thought_one_shot,self-refine
0,0.0,0.0,-3.0587842771270404e-05,-5.7475535736405e-06,-7.874783642047e-06,-3.9593198704635135e-05
1,0.0,0.0,-3.0587842771270404e-05,-5.7475535736405e-06,-7.874783642047e-06,-3.9593198704635135e-05
2,3.0587842771270404e-05,3.0587842771270404e-05,0.0,2.4840289197629903e-05,2.2713059129223406e-05,-9.005355933364731e-06
3,5.7475535736405e-06,5.7475535736405e-06,-2.4840289197629903e-05,0.0,-2.1272300684064995e-06,-3.384564513099464e-05
4,7.874783642047e-06,7.874783642047e-06,-2.2713059129223406e-05,2.1272300684064995e-06,0.0,-3.171841506258814e-05
5,3.9593198704635135e-05,3.9593198704635135e-05,9.005355933364731e-06,3.384564513099464e-05,3.171841506258814e-05,0.0
