,abstracts,news,reviews,qa
0,0.0,0.010357266531169999,0.010340932716814799,0.009937969777757166
1,-0.010357266531169999,0.0,-1.6333814355199967e-05,-0.0004192967534128344
2,-0.010340932716814799,1.6333814355199967e-05,0.0,-0.00040296293905763437
3,-0.009937969777757166,0.0004192967534128344,0.00040296293905763437,0.0
