,mistral,deepseek,llama3.3,qwen72b,qwen32b,qwen14b,solar
0,0.0,0.0009225362077194999,0.0012160707057817998,-0.00041194977722830016,0.0007119289470549999,0.0007829497321291999,-0.00017608027890520005
1,-0.0009225362077194999,0.0,0.0002935344980623001,-0.0013344859849478,-0.0002106072606645,-0.00013958647559029992,-0.0010986164866247
2,-0.0012160707057817998,-0.0002935344980623001,0.0,-0.0016280204830101002,-0.0005041417587268001,-0.0004331209736526,-0.001392150984687
3,0.00041194977722830016,0.0013344859849478,0.0016280204830101002,0.0,0.0011238787242833,0.0011948995093575,0.0002358694983231001
4,-0.0007119289470549999,0.0002106072606645,0.0005041417587268001,-0.0011238787242833,0.0,7.102078507420007e-05,-0.0008880092259601999
5,-0.0007829497321291999,0.00013958647559029992,0.0004331209736526,-0.0011948995093575,-7.102078507420007e-05,0.0,-0.0009590300110344
6,0.00017608027890520005,0.0010986164866247,0.001392150984687,-0.0002358694983231001,0.0008880092259601999,0.0009590300110344,0.0
