,abstracts,news,reviews,qa
0,0.0,0.004944809637923301,0.006158456492650423,0.006111002470369063
1,-0.004944809637923301,0.0,0.0012136468547271223,0.001166192832445763
2,-0.006158456492650423,-0.0012136468547271223,0.0,-4.7454022281359276e-05
3,-0.006111002470369063,-0.001166192832445763,4.7454022281359276e-05,0.0
