,zero_shot_baseline,in_context_learning_3-shot,style_information_style_example,chain_of_thought_zero_shot,chain_of_thought_one_shot,self-refine
0,0.0,-3.952918519972001e-06,-1.2024430989325499e-05,7.503952270149664e-07,-1.4655298229318004e-06,-9.914315657802634e-06
1,3.952918519972001e-06,0.0,-8.071512469353499e-06,4.703313746986967e-06,2.4873886970402003e-06,-5.961397137830633e-06
2,1.2024430989325499e-05,8.071512469353499e-06,0.0,1.2774826216340466e-05,1.05589011663937e-05,2.110115331522866e-06
3,-7.503952270149664e-07,-4.703313746986967e-06,-1.2774826216340466e-05,0.0,-2.215925049946767e-06,-1.06647108848176e-05
4,1.4655298229318004e-06,-2.4873886970402003e-06,-1.05589011663937e-05,2.215925049946767e-06,0.0,-8.448785834870833e-06
5,9.914315657802634e-06,5.961397137830633e-06,-2.110115331522866e-06,1.06647108848176e-05,8.448785834870833e-06,0.0
