,zero_shot_baseline,in_context_learning_3-shot,style_information_style_example,chain_of_thought_zero_shot,chain_of_thought_one_shot,self-refine
0,0.0,9.938387026979931e-06,-5.737275905148397e-05,4.2797914198329726e-07,1.0939388027980932e-05,-1.2316174239266468e-05
1,-9.938387026979931e-06,0.0,-6.731114607846391e-05,-9.510407884996634e-06,1.001001001001e-06,-2.22545612662464e-05
2,5.737275905148397e-05,6.731114607846391e-05,0.0,5.780073819346727e-05,6.83121470794649e-05,4.50565848122175e-05
3,-4.2797914198329726e-07,9.510407884996634e-06,-5.780073819346727e-05,0.0,1.0511408885997634e-05,-1.2744153381249766e-05
4,-1.0939388027980932e-05,-1.001001001001e-06,-6.83121470794649e-05,-1.0511408885997634e-05,0.0,-2.32555622672474e-05
5,1.2316174239266468e-05,2.22545612662464e-05,-4.50565848122175e-05,1.2744153381249766e-05,2.32555622672474e-05,0.0
