,zero_shot_baseline,in_context_learning_3-shot,style_information_style_example,chain_of_thought_zero_shot,chain_of_thought_one_shot,self-refine
0,0.0,1.5141287079839934e-05,-8.470932145707036e-06,7.1395187332440345e-06,1.5141287079839934e-05,-9.649207046157866e-06
1,-1.5141287079839934e-05,0.0,-2.361221922554697e-05,-8.0017683465959e-06,0.0,-2.47904941259978e-05
2,8.470932145707036e-06,2.361221922554697e-05,0.0,1.5610450878951072e-05,2.361221922554697e-05,-1.1782749004508301e-06
3,-7.1395187332440345e-06,8.0017683465959e-06,-1.5610450878951072e-05,0.0,8.0017683465959e-06,-1.67887257794019e-05
4,-1.5141287079839934e-05,0.0,-2.361221922554697e-05,-8.0017683465959e-06,0.0,-2.47904941259978e-05
5,9.649207046157866e-06,2.47904941259978e-05,1.1782749004508301e-06,1.67887257794019e-05,2.47904941259978e-05,0.0
