,zero_shot_baseline,in_context_learning_3-shot,style_information_style_example,chain_of_thought_zero_shot,chain_of_thought_one_shot,self-refine
0,0.0,0.009066232985945501,-0.0003731544592931995,-0.000927238538815699,-0.0008476933280554995,-0.0021721312410331994
1,-0.009066232985945501,0.0,-0.0094393874452387,-0.0099934715247612,-0.009913926314001,-0.0112383642269787
2,0.0003731544592931995,0.0094393874452387,0.0,-0.0005540840795224995,-0.0004745388687623,-0.0017989767817399999
3,0.000927238538815699,0.0099934715247612,0.0005540840795224995,0.0,7.954521076019953e-05,-0.0012448927022175003
4,0.0008476933280554995,0.009913926314001,0.0004745388687623,-7.954521076019953e-05,0.0,-0.0013244379129776999
5,0.0021721312410331994,0.0112383642269787,0.0017989767817399999,0.0012448927022175003,0.0013244379129776999,0.0
