,zero_shot_baseline,in_context_learning_3-shot,style_information_style_example,chain_of_thought_zero_shot,chain_of_thought_one_shot,self-refine
0,0.0,0.0,-1.7901897601143335e-07,0.0,0.0,-7.593014426727334e-07
1,0.0,0.0,-1.7901897601143335e-07,0.0,0.0,-7.593014426727334e-07
2,1.7901897601143335e-07,1.7901897601143335e-07,0.0,1.7901897601143335e-07,1.7901897601143335e-07,-5.802824666613e-07
3,0.0,0.0,-1.7901897601143335e-07,0.0,0.0,-7.593014426727334e-07
4,0.0,0.0,-1.7901897601143335e-07,0.0,0.0,-7.593014426727334e-07
5,7.593014426727334e-07,7.593014426727334e-07,5.802824666613e-07,7.593014426727334e-07,7.593014426727334e-07,0.0
