,zero_shot_baseline,in_context_learning_3-shot,style_information_style_example,chain_of_thought_zero_shot,chain_of_thought_one_shot,self-refine
0,0.0,-8.12157519729517e-06,6.120560456585566e-06,-2.415452783099801e-06,8.001207729468599e-06,2.4071656607118337e-06
1,8.12157519729517e-06,0.0,1.4242135653880736e-05,5.706122414195369e-06,1.612278292676377e-05,1.0528740858007004e-05
2,-6.120560456585566e-06,-1.4242135653880736e-05,0.0,-8.536013239685367e-06,1.8806472728830338e-06,-3.713394795873732e-06
3,2.415452783099801e-06,-5.706122414195369e-06,8.536013239685367e-06,0.0,1.04166605125684e-05,4.822618443811635e-06
4,-8.001207729468599e-06,-1.612278292676377e-05,-1.8806472728830338e-06,-1.04166605125684e-05,0.0,-5.594042068756765e-06
5,-2.4071656607118337e-06,-1.0528740858007004e-05,3.713394795873732e-06,-4.822618443811635e-06,5.594042068756765e-06,0.0
