,zero_shot_baseline,in_context_learning_3-shot,style_information_style_example,chain_of_thought_zero_shot,chain_of_thought_one_shot,self-refine
0,0.0,0.0013388020717698,0.0006739290986666,4.3664280145599976e-05,-0.00015201076561049986,-0.0007913754632676003
1,-0.0013388020717698,0.0,-0.0006648729731032,-0.0012951377916242,-0.0014908128373802999,-0.0021301775350374003
2,-0.0006739290986666,0.0006648729731032,0.0,-0.0006302648185210001,-0.0008259398642770999,-0.0014653045619342003
3,-4.3664280145599976e-05,0.0012951377916242,0.0006302648185210001,0.0,-0.00019567504575609984,-0.0008350397434132002
4,0.00015201076561049986,0.0014908128373802999,0.0008259398642770999,0.00019567504575609984,0.0,-0.0006393646976571004
5,0.0007913754632676003,0.0021301775350374003,0.0014653045619342003,0.0008350397434132002,0.0006393646976571004,0.0
