,zero_shot_baseline,in_context_learning_3-shot,style_information_style_example,chain_of_thought_zero_shot,chain_of_thought_one_shot,self-refine
0,0.0,0.0,-7.6604554865424e-06,-5.376344086021499e-06,0.0,-1.30685953612782e-05
1,0.0,0.0,-7.6604554865424e-06,-5.376344086021499e-06,0.0,-1.30685953612782e-05
2,7.6604554865424e-06,7.6604554865424e-06,0.0,2.2841114005209013e-06,7.6604554865424e-06,-5.4081398747358e-06
3,5.376344086021499e-06,5.376344086021499e-06,-2.2841114005209013e-06,0.0,5.376344086021499e-06,-7.692251275256702e-06
4,0.0,0.0,-7.6604554865424e-06,-5.376344086021499e-06,0.0,-1.30685953612782e-05
5,1.30685953612782e-05,1.30685953612782e-05,5.4081398747358e-06,7.692251275256702e-06,1.30685953612782e-05,0.0
