,zero_shot_baseline,in_context_learning_3-shot,style_information_style_example,chain_of_thought_zero_shot,chain_of_thought_one_shot,self-refine
0,0.0,-8.474586938099997e-06,-3.4229493077699995e-05,-9.035934122039998e-05,7.199398322400003e-06,-4.2102285489799984e-05
1,8.474586938099997e-06,0.0,-2.5754906139599998e-05,-8.188475428229998e-05,1.56739852605e-05,-3.362769855169999e-05
2,3.4229493077699995e-05,2.5754906139599998e-05,0.0,-5.612984814269998e-05,4.14288914001e-05,-7.872792412099989e-06
3,9.035934122039998e-05,8.188475428229998e-05,5.612984814269998e-05,0.0,9.755873954279998e-05,4.8257055730599994e-05
4,-7.199398322400003e-06,-1.56739852605e-05,-4.14288914001e-05,-9.755873954279998e-05,0.0,-4.930168381219999e-05
5,4.2102285489799984e-05,3.362769855169999e-05,7.872792412099989e-06,-4.8257055730599994e-05,4.930168381219999e-05,0.0
