,zero_shot_baseline,in_context_learning_3-shot,style_information_style_example,chain_of_thought_zero_shot,chain_of_thought_one_shot,self-refine
0,0.0,2.976190476190467e-06,2.976190476190467e-06,2.976190476190467e-06,2.976190476190467e-06,3.5151856017999993e-07
1,-2.976190476190467e-06,0.0,0.0,0.0,0.0,-2.624671916010467e-06
2,-2.976190476190467e-06,0.0,0.0,0.0,0.0,-2.624671916010467e-06
3,-2.976190476190467e-06,0.0,0.0,0.0,0.0,-2.624671916010467e-06
4,-2.976190476190467e-06,0.0,0.0,0.0,0.0,-2.624671916010467e-06
5,-3.5151856017999993e-07,2.624671916010467e-06,2.624671916010467e-06,2.624671916010467e-06,2.624671916010467e-06,0.0
