,zero_shot_baseline,in_context_learning_3-shot,style_information_style_example,chain_of_thought_zero_shot,chain_of_thought_one_shot,self-refine
0,0.0,7.178190090547899e-06,1.596043494842315e-07,4.313843341752133e-06,-1.199936118856635e-06,3.895290177890665e-06
1,-7.178190090547899e-06,0.0,-7.018585741063667e-06,-2.8643467487957663e-06,-8.378126209404534e-06,-3.282899912657233e-06
2,-1.596043494842315e-07,7.018585741063667e-06,0.0,4.1542389922679e-06,-1.3595404683408665e-06,3.7356858284064343e-06
3,-4.313843341752133e-06,2.8643467487957663e-06,-4.1542389922679e-06,0.0,-5.513779460608767e-06,-4.1855316386146653e-07
4,1.199936118856635e-06,8.378126209404534e-06,1.3595404683408665e-06,5.513779460608767e-06,0.0,5.095226296747301e-06
5,-3.895290177890665e-06,3.282899912657233e-06,-3.7356858284064343e-06,4.1855316386146653e-07,-5.095226296747301e-06,0.0
