,zero_shot_baseline,in_context_learning_3-shot,style_information_style_example,chain_of_thought_zero_shot,chain_of_thought_one_shot,self-refine
0,0.0,0.009510470295771699,0.0003341568881206,0.0007810603575811991,-3.630563391909987e-05,-0.0040371020355569
1,-0.009510470295771699,0.0,-0.009176313407651099,-0.008729409938190501,-0.0095467759296908,-0.0135475723313286
2,-0.0003341568881206,0.009176313407651099,0.0,0.0004469034694605991,-0.0003704625220396999,-0.0043712589236775
3,-0.0007810603575811991,0.008729409938190501,-0.0004469034694605991,0.0,-0.000817365991500299,-0.004818162393138099
4,3.630563391909987e-05,0.0095467759296908,0.0003704625220396999,0.000817365991500299,0.0,-0.0040007964016378
5,0.0040371020355569,0.0135475723313286,0.0043712589236775,0.004818162393138099,0.0040007964016378,0.0
