,zero_shot_baseline,in_context_learning_3-shot,style_information_style_example,chain_of_thought_zero_shot,chain_of_thought_one_shot,self-refine
0,0.0,7.185752331805966e-06,8.213199067536131e-06,6.056558219620731e-06,9.715926295496497e-06,-3.544458831472571e-05
1,-7.185752331805966e-06,0.0,1.0274467357301656e-06,-1.129194112185235e-06,2.530173963690532e-06,-4.263034064653168e-05
2,-8.213199067536131e-06,-1.0274467357301656e-06,0.0,-2.1566408479154007e-06,1.5027272279603666e-06,-4.365778738226184e-05
3,-6.056558219620731e-06,1.129194112185235e-06,2.1566408479154007e-06,0.0,3.6593680758757673e-06,-4.1501146534346446e-05
4,-9.715926295496497e-06,-2.530173963690532e-06,-1.5027272279603666e-06,-3.6593680758757673e-06,0.0,-4.516051461022221e-05
5,3.544458831472571e-05,4.263034064653168e-05,4.365778738226184e-05,4.1501146534346446e-05,4.516051461022221e-05,0.0
