,zero_shot_baseline,in_context_learning_3-shot,style_information_style_example,chain_of_thought_zero_shot,chain_of_thought_one_shot,self-refine
0,0.0,0.0006667525702074,-0.0005195271534433,-3.80105546695e-05,-0.0002598564013912999,-0.00031283153686930006
1,-0.0006667525702074,0.0,-0.0011862797236507,-0.0007047631248769,-0.0009266089715986999,-0.0009795841070767
2,0.0005195271534433,0.0011862797236507,0.0,0.00048151659877380005,0.00025967075205200014,0.00020669561657399999
3,3.80105546695e-05,0.0007047631248769,-0.00048151659877380005,0.0,-0.0002218458467217999,-0.00027482098219980006
4,0.0002598564013912999,0.0009266089715986999,-0.00025967075205200014,0.0002218458467217999,0.0,-5.2975135478000156e-05
5,0.00031283153686930006,0.0009795841070767,-0.00020669561657399999,0.00027482098219980006,5.2975135478000156e-05,0.0
