,zero_shot_baseline,in_context_learning_3-shot,style_information_style_example,chain_of_thought_zero_shot,chain_of_thought_one_shot,self-refine
0,0.0,-3.929686525767834e-06,-7.945181718869035e-06,2.3470154127481666e-06,-2.5140956983629338e-06,-5.6026717703486e-06
1,3.929686525767834e-06,0.0,-4.0154951931012015e-06,6.276701938516e-06,1.4155908274048999e-06,-1.6729852445807666e-06
2,7.945181718869035e-06,4.0154951931012015e-06,0.0,1.0292197131617202e-05,5.431086020506101e-06,2.342509948520435e-06
3,-2.3470154127481666e-06,-6.276701938516e-06,-1.0292197131617202e-05,0.0,-4.8611111111111e-06,-7.949687183096767e-06
4,2.5140956983629338e-06,-1.4155908274048999e-06,-5.431086020506101e-06,4.8611111111111e-06,0.0,-3.0885760719856665e-06
5,5.6026717703486e-06,1.6729852445807666e-06,-2.342509948520435e-06,7.949687183096767e-06,3.0885760719856665e-06,0.0
