,zero_shot_baseline,in_context_learning_3-shot,style_information_style_example,chain_of_thought_zero_shot,chain_of_thought_one_shot,self-refine
0,0.0,-0.0013037238184959998,-0.0012126782799602,9.945973364640002e-05,-0.0006965765329123999,-0.0008014314034975999
1,0.0013037238184959998,0.0,9.104553853579982e-05,0.0014031835521423998,0.0006071472855835999,0.0005022924149983999
2,0.0012126782799602,-9.104553853579982e-05,0.0,0.0013121380136066,0.0005161017470478001,0.0004112468764626001
3,-9.945973364640002e-05,-0.0014031835521423998,-0.0013121380136066,0.0,-0.0007960362665588,-0.000900891137144
4,0.0006965765329123999,-0.0006071472855835999,-0.0005161017470478001,0.0007960362665588,0.0,-0.0001048548705852
5,0.0008014314034975999,-0.0005022924149983999,-0.0004112468764626001,0.000900891137144,0.0001048548705852,0.0
