,zero_shot_baseline,in_context_learning_3-shot,style_information_style_example,chain_of_thought_zero_shot,chain_of_thought_one_shot,self-refine
0,0.0,6.066923279429301e-06,-1.6106674835926233e-05,1.1682709482512734e-05,8.881589034333467e-06,9.412490012191268e-06
1,-6.066923279429301e-06,0.0,-2.2173598115355535e-05,5.615786203083433e-06,2.8146657549041674e-06,3.345566732761967e-06
2,1.6106674835926233e-05,2.2173598115355535e-05,0.0,2.778938431843897e-05,2.49882638702597e-05,2.55191648481175e-05
3,-1.1682709482512734e-05,-5.615786203083433e-06,-2.778938431843897e-05,0.0,-2.8011204481792663e-06,-2.2702194703214668e-06
4,-8.881589034333467e-06,-2.8146657549041674e-06,-2.49882638702597e-05,2.8011204481792663e-06,0.0,5.309009778577995e-07
5,-9.412490012191268e-06,-3.345566732761967e-06,-2.55191648481175e-05,2.2702194703214668e-06,-5.309009778577995e-07,0.0
