,zero_shot_baseline,in_context_learning_3-shot,style_information_style_example,chain_of_thought_zero_shot,chain_of_thought_one_shot,self-refine
0,0.0,2.750823159771775e-05,7.3241950337017975e-06,-6.721139379737033e-07,-1.3353427728967729e-05,-1.88238111151397e-06
1,-2.750823159771775e-05,0.0,-2.0184036564015957e-05,-2.8180345535691454e-05,-4.086165932668548e-05,-2.939061270923172e-05
2,-7.3241950337017975e-06,2.0184036564015957e-05,0.0,-7.9963089716755e-06,-2.0677622762669526e-05,-9.206576145215768e-06
3,6.721139379737033e-07,2.8180345535691454e-05,7.9963089716755e-06,0.0,-1.2681313790994026e-05,-1.2102671735402667e-06
4,1.3353427728967729e-05,4.086165932668548e-05,2.0677622762669526e-05,1.2681313790994026e-05,0.0,1.1471046617453759e-05
5,1.88238111151397e-06,2.939061270923172e-05,9.206576145215768e-06,1.2102671735402667e-06,-1.1471046617453759e-05,0.0
