,zero_shot_baseline,in_context_learning_3-shot,style_information_style_example,chain_of_thought_zero_shot,chain_of_thought_one_shot,self-refine
0,0.0,0.0085823497936072,-0.00039823830395900074,3.400590654369963e-05,-0.0021968504518188013,-0.0018417537162463
1,-0.0085823497936072,0.0,-0.0089805880975662,-0.008548343887063499,-0.010779200245426002,-0.0104241035098535
2,0.00039823830395900074,0.0089805880975662,0.0,0.00043224421050270037,-0.0017986121478598006,-0.0014435154122872992
3,-3.400590654369963e-05,0.008548343887063499,-0.00043224421050270037,0.0,-0.002230856358362501,-0.0018757596227899995
4,0.0021968504518188013,0.010779200245426002,0.0017986121478598006,0.002230856358362501,0.0,0.0003550967355725014
5,0.0018417537162463,0.0104241035098535,0.0014435154122872992,0.0018757596227899995,-0.0003550967355725014,0.0
