,zero_shot_baseline,in_context_learning_3-shot,style_information_style_example,chain_of_thought_zero_shot,chain_of_thought_one_shot,self-refine
0,0.0,-3.864457467442833e-06,0.0,0.0,0.0,-1.1902658208625732e-05
1,3.864457467442833e-06,0.0,3.864457467442833e-06,3.864457467442833e-06,3.864457467442833e-06,-8.0382007411829e-06
2,0.0,-3.864457467442833e-06,0.0,0.0,0.0,-1.1902658208625732e-05
3,0.0,-3.864457467442833e-06,0.0,0.0,0.0,-1.1902658208625732e-05
4,0.0,-3.864457467442833e-06,0.0,0.0,0.0,-1.1902658208625732e-05
5,1.1902658208625732e-05,8.0382007411829e-06,1.1902658208625732e-05,1.1902658208625732e-05,1.1902658208625732e-05,0.0
