,zero_shot_baseline,in_context_learning_3-shot,style_information_style_example,chain_of_thought_zero_shot,chain_of_thought_one_shot,self-refine
0,0.0,2.6755486816176204e-05,1.6981451676564364e-05,6.60037980608371e-06,-8.144115201995318e-07,-4.07311695518017e-05
1,-2.6755486816176204e-05,0.0,-9.77403513961184e-06,-2.0155107010092494e-05,-2.7569898336375736e-05,-6.748665636797791e-05
2,-1.6981451676564364e-05,9.77403513961184e-06,0.0,-1.0381071870480654e-05,-1.7795863196763896e-05,-5.7712621228366064e-05
3,-6.60037980608371e-06,2.0155107010092494e-05,1.0381071870480654e-05,0.0,-7.414791326283242e-06,-4.733154935788541e-05
4,8.144115201995318e-07,2.7569898336375736e-05,1.7795863196763896e-05,7.414791326283242e-06,0.0,-3.991675803160217e-05
5,4.07311695518017e-05,6.748665636797791e-05,5.7712621228366064e-05,4.733154935788541e-05,3.991675803160217e-05,0.0
