,zero_shot_baseline,in_context_learning_3-shot,style_information_style_example,chain_of_thought_zero_shot,chain_of_thought_one_shot,self-refine
0,0.0,0.0014485078985341001,-0.00046288489603329985,0.00013275882936400018,-0.0016811347786772,8.497384601590004e-05
1,-0.0014485078985341001,0.0,-0.0019113927945674,-0.0013157490691701,-0.0031296426772113,-0.0013635340525182
2,0.00046288489603329985,0.0019113927945674,0.0,0.0005956437253973,-0.0012182498826439,0.0005478587420491999
3,-0.00013275882936400018,0.0013157490691701,-0.0005956437253973,0.0,-0.0018138936080412,-4.778498334810015e-05
4,0.0016811347786772,0.0031296426772113,0.0012182498826439,0.0018138936080412,0.0,0.0017661086246931
5,-8.497384601590004e-05,0.0013635340525182,-0.0005478587420491999,4.778498334810015e-05,-0.0017661086246931,0.0
