,zero_shot_baseline,in_context_learning_3-shot,style_information_style_example,chain_of_thought_zero_shot,chain_of_thought_one_shot,self-refine
0,0.0,1.3506356968500023e-05,-0.0003981988922868,3.666880116280001e-05,5.9045377351000085e-06,-0.0002979267039712
1,-1.3506356968500023e-05,0.0,-0.0004117052492553,2.3162444194299987e-05,-7.601819233400014e-06,-0.0003114330609397
2,0.0003981988922868,0.0004117052492553,0.0,0.00043486769344959996,0.0004041034300219,0.00010027218831559998
3,-3.666880116280001e-05,-2.3162444194299987e-05,-0.00043486769344959996,0.0,-3.07642634277e-05,-0.000334595505134
4,-5.9045377351000085e-06,7.601819233400014e-06,-0.0004041034300219,3.07642634277e-05,0.0,-0.0003038312417063
5,0.0002979267039712,0.0003114330609397,-0.00010027218831559998,0.000334595505134,0.0003038312417063,0.0
