,zero_shot_baseline,in_context_learning_3-shot,style_information_style_example,chain_of_thought_zero_shot,chain_of_thought_one_shot,self-refine
0,0.0,1.1224176161935e-06,-7.367135025068331e-07,-3.200242536924767e-06,7.466190442281001e-07,-9.872870251567e-07
1,-1.1224176161935e-06,0.0,-1.8591311187003331e-06,-4.322660153118267e-06,-3.757985719654e-07,-2.1097046413502e-06
2,7.367135025068331e-07,1.8591311187003331e-06,0.0,-2.463529034417934e-06,1.4833325467349332e-06,-2.5057352264986683e-07
3,3.200242536924767e-06,4.322660153118267e-06,2.463529034417934e-06,0.0,3.946861581152867e-06,2.212955511768067e-06
4,-7.466190442281001e-07,3.757985719654e-07,-1.4833325467349332e-06,-3.946861581152867e-06,0.0,-1.7339060693848e-06
5,9.872870251567e-07,2.1097046413502e-06,2.5057352264986683e-07,-2.212955511768067e-06,1.7339060693848e-06,0.0
