,zero_shot_baseline,in_context_learning_3-shot,style_information_style_example,chain_of_thought_zero_shot,chain_of_thought_one_shot,self-refine
0,0.0,1.9751773657822333e-06,1.9751773657822333e-06,1.9751773657822333e-06,1.9751773657822333e-06,-1.0815596755109967e-07
1,-1.9751773657822333e-06,0.0,0.0,0.0,0.0,-2.083333333333333e-06
2,-1.9751773657822333e-06,0.0,0.0,0.0,0.0,-2.083333333333333e-06
3,-1.9751773657822333e-06,0.0,0.0,0.0,0.0,-2.083333333333333e-06
4,-1.9751773657822333e-06,0.0,0.0,0.0,0.0,-2.083333333333333e-06
5,1.0815596755109967e-07,2.083333333333333e-06,2.083333333333333e-06,2.083333333333333e-06,2.083333333333333e-06,0.0
