,zero_shot_baseline,in_context_learning_3-shot,style_information_style_example,chain_of_thought_zero_shot,chain_of_thought_one_shot,self-refine
0,0.0,0.0018419783191755,0.00039466622541580007,1.1372961211700023e-05,-0.0008303085691271001,-0.00029907213323419977
1,-0.0018419783191755,0.0,-0.0014473120937597,-0.0018306053579638,-0.0026722868883026,-0.0021410504524097
2,-0.00039466622541580007,0.0014473120937597,0.0,-0.00038329326420410005,-0.0012249747945429002,-0.0006937383586499998
3,-1.1372961211700023e-05,0.0018306053579638,0.00038329326420410005,0.0,-0.0008416815303388002,-0.0003104450944458998
4,0.0008303085691271001,0.0026722868883026,0.0012249747945429002,0.0008416815303388002,0.0,0.0005312364358929004
5,0.00029907213323419977,0.0021410504524097,0.0006937383586499998,0.0003104450944458998,-0.0005312364358929004,0.0
