,zero_shot_baseline,in_context_learning_3-shot,style_information_style_example,chain_of_thought_zero_shot,chain_of_thought_one_shot,self-refine
0,0.0,5.098226788790001e-05,-0.00032300311957410006,7.11252687238423e-05,7.50212214599999e-06,-0.0008538098205133
1,-5.098226788790001e-05,0.0,-0.00037398538746200006,2.014300083594229e-05,-4.348014574190002e-05,-0.0009047920884012
2,0.00032300311957410006,0.00037398538746200006,0.0,0.00039412838829794235,0.0003305052417201,-0.0005308067009391999
3,-7.11252687238423e-05,-2.014300083594229e-05,-0.00039412838829794235,0.0,-6.362314657784231e-05,-0.0009249350892371422
4,-7.50212214599999e-06,4.348014574190002e-05,-0.0003305052417201,6.362314657784231e-05,0.0,-0.0008613119426592999
5,0.0008538098205133,0.0009047920884012,0.0005308067009391999,0.0009249350892371422,0.0008613119426592999,0.0
