,zero_shot_baseline,in_context_learning_3-shot,style_information_style_example,chain_of_thought_zero_shot,chain_of_thought_one_shot,self-refine
0,0.0,0.0098553867555691,0.005882837453851399,0.0011994004809580995,-0.002411324704926202,-0.0028557074374646
1,-0.0098553867555691,0.0,-0.0039725493017177,-0.008655986274611,-0.012266711460495301,-0.0127110941930337
2,-0.005882837453851399,0.0039725493017177,0.0,-0.0046834369728933,-0.008294162158777601,-0.008738544891316
3,-0.0011994004809580995,0.008655986274611,0.0046834369728933,0.0,-0.0036107251858843014,-0.0040551079184226995
4,0.002411324704926202,0.012266711460495301,0.008294162158777601,0.0036107251858843014,0.0,-0.0004443827325383981
5,0.0028557074374646,0.0127110941930337,0.008738544891316,0.0040551079184226995,0.0004443827325383981,0.0
