,zero_shot_baseline,in_context_learning_3-shot,style_information_style_example,chain_of_thought_zero_shot,chain_of_thought_one_shot,self-refine
0,0.0,3.1746031746031666e-06,-2.4136581177357237e-05,3.1746031746031666e-06,-7.013658176448667e-07,-6.341066341066334e-06
1,-3.1746031746031666e-06,0.0,-2.7311184351960404e-05,0.0,-3.875968992248033e-06,-9.5156695156695e-06
2,2.4136581177357237e-05,2.7311184351960404e-05,0.0,2.7311184351960404e-05,2.343521535971237e-05,1.7795514836290903e-05
3,-3.1746031746031666e-06,0.0,-2.7311184351960404e-05,0.0,-3.875968992248033e-06,-9.5156695156695e-06
4,7.013658176448667e-07,3.875968992248033e-06,-2.343521535971237e-05,3.875968992248033e-06,0.0,-5.639700523421467e-06
5,6.341066341066334e-06,9.5156695156695e-06,-1.7795514836290903e-05,9.5156695156695e-06,5.639700523421467e-06,0.0
