,zero_shot_baseline,in_context_learning_3-shot,style_information_style_example,chain_of_thought_zero_shot,chain_of_thought_one_shot,self-refine
0,0.0,0.0,0.0,0.0,-2.976190476190467e-06,-1.7410136432339602e-05
1,0.0,0.0,0.0,0.0,-2.976190476190467e-06,-1.7410136432339602e-05
2,0.0,0.0,0.0,0.0,-2.976190476190467e-06,-1.7410136432339602e-05
3,0.0,0.0,0.0,0.0,-2.976190476190467e-06,-1.7410136432339602e-05
4,2.976190476190467e-06,2.976190476190467e-06,2.976190476190467e-06,2.976190476190467e-06,0.0,-1.4433945956149135e-05
5,1.7410136432339602e-05,1.7410136432339602e-05,1.7410136432339602e-05,1.7410136432339602e-05,1.4433945956149135e-05,0.0
