,zero_shot_baseline,in_context_learning_3-shot,style_information_style_example,chain_of_thought_zero_shot,chain_of_thought_one_shot,self-refine
0,0.0,-3.354757424942007e-05,-2.860732264721313e-05,-6.513509173684834e-06,-6.329233937214202e-06,-7.518068927264407e-05
1,3.354757424942007e-05,0.0,4.940251602206941e-06,2.703406507573524e-05,2.7218340312205868e-05,-4.1633115023224004e-05
2,2.860732264721313e-05,-4.940251602206941e-06,0.0,2.2093813473528298e-05,2.2278088709998927e-05,-4.6573366625430945e-05
3,6.513509173684834e-06,-2.703406507573524e-05,-2.2093813473528298e-05,0.0,1.842752364706323e-07,-6.866718009895924e-05
4,6.329233937214202e-06,-2.7218340312205868e-05,-2.2278088709998927e-05,-1.842752364706323e-07,0.0,-6.885145533542988e-05
5,7.518068927264407e-05,4.1633115023224004e-05,4.6573366625430945e-05,6.866718009895924e-05,6.885145533542988e-05,0.0
