,zero_shot_baseline,in_context_learning_3-shot,style_information_style_example,chain_of_thought_zero_shot,chain_of_thought_one_shot,self-refine
0,0.0,1.7101393549932766e-05,-4.305846238925441e-06,-4.896227100696862e-06,-1.1928516811370736e-05,1.510722426496067e-06
1,-1.7101393549932766e-05,0.0,-2.1407239788858207e-05,-2.1997620650629628e-05,-2.90299103613035e-05,-1.55906711234367e-05
2,4.305846238925441e-06,2.1407239788858207e-05,0.0,-5.903808617714211e-07,-7.622670572445295e-06,5.816568665421508e-06
3,4.896227100696862e-06,2.1997620650629628e-05,5.903808617714211e-07,0.0,-7.032289710673874e-06,6.406949527192929e-06
4,1.1928516811370736e-05,2.90299103613035e-05,7.622670572445295e-06,7.032289710673874e-06,0.0,1.3439239237866803e-05
5,-1.510722426496067e-06,1.55906711234367e-05,-5.816568665421508e-06,-6.406949527192929e-06,-1.3439239237866803e-05,0.0
