,zero_shot_baseline,in_context_learning_3-shot,style_information_style_example,chain_of_thought_zero_shot,chain_of_thought_one_shot,self-refine
0,0.0,0.0009982255301688,-0.0005315533333536998,0.00010912584672560007,-0.0006711342501056999,-5.2893340740299945e-05
1,-0.0009982255301688,0.0,-0.0015297788635225,-0.0008890996834432,-0.0016693597802745,-0.0010511188709091
2,0.0005315533333536998,0.0015297788635225,0.0,0.0006406791800792999,-0.0001395809167520001,0.0004786599926133999
3,-0.00010912584672560007,0.0008890996834432,-0.0006406791800792999,0.0,-0.0007802600968313,-0.00016201918746590002
4,0.0006711342501056999,0.0016693597802745,0.0001395809167520001,0.0007802600968313,0.0,0.0006182409093654
5,5.2893340740299945e-05,0.0010511188709091,-0.0004786599926133999,0.00016201918746590002,-0.0006182409093654,0.0
