,zero_shot_baseline,in_context_learning_3-shot,style_information_style_example,chain_of_thought_zero_shot,chain_of_thought_one_shot,self-refine
0,0.0,-1.238267416231208e-06,-2.2675736961451e-06,0.0,0.0,0.0
1,1.238267416231208e-06,0.0,-1.029306279913892e-06,1.238267416231208e-06,1.238267416231208e-06,1.238267416231208e-06
2,2.2675736961451e-06,1.029306279913892e-06,0.0,2.2675736961451e-06,2.2675736961451e-06,2.2675736961451e-06
3,0.0,-1.238267416231208e-06,-2.2675736961451e-06,0.0,0.0,0.0
4,0.0,-1.238267416231208e-06,-2.2675736961451e-06,0.0,0.0,0.0
5,0.0,-1.238267416231208e-06,-2.2675736961451e-06,0.0,0.0,0.0
