,zero_shot_baseline,in_context_learning_3-shot,style_information_style_example,chain_of_thought_zero_shot,chain_of_thought_one_shot,self-refine
0,0.0,4.098148074885766e-06,6.347343183862663e-07,4.098148074885766e-06,4.098148074885766e-06,-1.8259776980121805e-05
1,-4.098148074885766e-06,0.0,-3.4634137564995e-06,0.0,0.0,-2.235792505500757e-05
2,-6.347343183862663e-07,3.4634137564995e-06,0.0,3.4634137564995e-06,3.4634137564995e-06,-1.889451129850807e-05
3,-4.098148074885766e-06,0.0,-3.4634137564995e-06,0.0,0.0,-2.235792505500757e-05
4,-4.098148074885766e-06,0.0,-3.4634137564995e-06,0.0,0.0,-2.235792505500757e-05
5,1.8259776980121805e-05,2.235792505500757e-05,1.889451129850807e-05,2.235792505500757e-05,2.235792505500757e-05,0.0
