,zero_shot_baseline,in_context_learning_3-shot,style_information_style_example,chain_of_thought_zero_shot,chain_of_thought_one_shot,self-refine
0,0.0,2.717624564636767e-06,-3.908387339526566e-06,-2.0443070616753997e-06,-3.1133755569875993e-06,-3.9872901043236636e-07
1,-2.717624564636767e-06,0.0,-6.626011904163333e-06,-4.761931626312167e-06,-5.831000121624366e-06,-3.1163535750691333e-06
2,3.908387339526566e-06,6.626011904163333e-06,0.0,1.8640802778511665e-06,7.950117825389668e-07,3.5096583290941998e-06
3,2.0443070616753997e-06,4.761931626312167e-06,-1.8640802778511665e-06,0.0,-1.0690684953121996e-06,1.6455780512430333e-06
4,3.1133755569875993e-06,5.831000121624366e-06,-7.950117825389668e-07,1.0690684953121996e-06,0.0,2.714646546555233e-06
5,3.9872901043236636e-07,3.1163535750691333e-06,-3.5096583290941998e-06,-1.6455780512430333e-06,-2.714646546555233e-06,0.0
