,zero_shot_baseline,in_context_learning_3-shot,style_information_style_example,chain_of_thought_zero_shot,chain_of_thought_one_shot,self-refine
0,0.0,6.499770201292658e-06,-1.1060608514288975e-06,9.697329963114766e-06,7.895528161312965e-06,-5.0596876744158896e-05
1,-6.499770201292658e-06,0.0,-7.605831052721556e-06,3.1975597618221074e-06,1.3957579600203074e-06,-5.709664694545155e-05
2,1.1060608514288975e-06,7.605831052721556e-06,0.0,1.0803390814543664e-05,9.001589012741864e-06,-4.949081589273e-05
3,-9.697329963114766e-06,-3.1975597618221074e-06,-1.0803390814543664e-05,0.0,-1.8018018018018e-06,-6.029420670727366e-05
4,-7.895528161312965e-06,-1.3957579600203074e-06,-9.001589012741864e-06,1.8018018018018e-06,0.0,-5.8492404905471865e-05
5,5.0596876744158896e-05,5.709664694545155e-05,4.949081589273e-05,6.029420670727366e-05,5.8492404905471865e-05,0.0
