,zero_shot_baseline,in_context_learning_3-shot,style_information_style_example,chain_of_thought_zero_shot,chain_of_thought_one_shot,self-refine
0,0.0,8.279488995238266e-06,-4.087307038886963e-05,3.490584709136832e-06,1.2412897293610001e-07,2.442906154146032e-06
1,-8.279488995238266e-06,0.0,-4.91525593841079e-05,-4.7889042861014336e-06,-8.155360022302165e-06,-5.8365828410922335e-06
2,4.087307038886963e-05,4.91525593841079e-05,0.0,4.436365509800646e-05,4.099719936180574e-05,4.331597654301567e-05
3,-3.490584709136832e-06,4.7889042861014336e-06,-4.436365509800646e-05,0.0,-3.366455736200732e-06,-1.0476785549908e-06
4,-1.2412897293610001e-07,8.155360022302165e-06,-4.099719936180574e-05,3.366455736200732e-06,0.0,2.318777181209932e-06
5,-2.442906154146032e-06,5.8365828410922335e-06,-4.331597654301567e-05,1.0476785549908e-06,-2.318777181209932e-06,0.0
