,zero_shot_baseline,in_context_learning_3-shot,style_information_style_example,chain_of_thought_zero_shot,chain_of_thought_one_shot,self-refine
0,0.0,-7.403807145147215e-05,-3.921489556067867e-05,1.1176506088615164e-05,-3.699623844271468e-06,-2.5634233643191568e-05
1,7.403807145147215e-05,0.0,3.482317589079348e-05,8.521457754008732e-05,7.033844760720068e-05,4.840383780828059e-05
2,3.921489556067867e-05,-3.482317589079348e-05,0.0,5.0391401649293834e-05,3.55152717164072e-05,1.3580661917487105e-05
3,-1.1176506088615164e-05,-8.521457754008732e-05,-5.0391401649293834e-05,0.0,-1.4876129932886632e-05,-3.681073973180673e-05
4,3.699623844271468e-06,-7.033844760720068e-05,-3.55152717164072e-05,1.4876129932886632e-05,0.0,-2.19346097989201e-05
5,2.5634233643191568e-05,-4.840383780828059e-05,-1.3580661917487105e-05,3.681073973180673e-05,2.19346097989201e-05,0.0
