,mistral,deepseek,llama3.3,qwen72b,qwen32b,qwen14b,solar
0,0.0,0.0,0.0,0.0,-3.1746031746031666e-06,0.0,0.0
1,0.0,0.0,0.0,0.0,-3.1746031746031666e-06,0.0,0.0
2,0.0,0.0,0.0,0.0,-3.1746031746031666e-06,0.0,0.0
3,0.0,0.0,0.0,0.0,-3.1746031746031666e-06,0.0,0.0
4,3.1746031746031666e-06,3.1746031746031666e-06,3.1746031746031666e-06,3.1746031746031666e-06,0.0,3.1746031746031666e-06,3.1746031746031666e-06
5,0.0,0.0,0.0,0.0,-3.1746031746031666e-06,0.0,0.0
6,0.0,0.0,0.0,0.0,-3.1746031746031666e-06,0.0,0.0
