,zero_shot_baseline,in_context_learning_3-shot,style_information_style_example,chain_of_thought_zero_shot,chain_of_thought_one_shot,self-refine
0,0.0,-7.267315269349997e-05,-0.0006727861630839,3.7037729495300014e-05,2.8781094459200005e-05,-0.0013753383808261998
1,7.267315269349997e-05,0.0,-0.0006001130103904,0.00010971088218879999,0.00010145424715269998,-0.0013026652281327
2,0.0006727861630839,0.0006001130103904,0.0,0.0007098238925792001,0.0007015672575431,-0.0007025522177422999
3,-3.7037729495300014e-05,-0.00010971088218879999,-0.0007098238925792001,0.0,-8.25663503610001e-06,-0.0014123761103214999
4,-2.8781094459200005e-05,-0.00010145424715269998,-0.0007015672575431,8.25663503610001e-06,0.0,-0.0014041194752854
5,0.0013753383808261998,0.0013026652281327,0.0007025522177422999,0.0014123761103214999,0.0014041194752854,0.0
