,zero_shot_baseline,in_context_learning_3-shot,style_information_style_example,chain_of_thought_zero_shot,chain_of_thought_one_shot,self-refine
0,0.0,1.04725405751e-05,-0.00011277245536729999,1.2468862507700003e-05,-4.311047947599999e-06,-0.0011142488595949
1,-1.04725405751e-05,0.0,-0.0001232449959424,1.9963219326000028e-06,-1.4783588522699999e-05,-0.00112472140017
2,0.00011277245536729999,0.0001232449959424,0.0,0.00012524131787499998,0.00010846140741969999,-0.0010014764042276
3,-1.2468862507700003e-05,-1.9963219326000028e-06,-0.00012524131787499998,0.0,-1.67799104553e-05,-0.0011267177221026
4,4.311047947599999e-06,1.4783588522699999e-05,-0.00010846140741969999,1.67799104553e-05,0.0,-0.0011099378116473
5,0.0011142488595949,0.00112472140017,0.0010014764042276,0.0011267177221026,0.0011099378116473,0.0
