,zero_shot_baseline,in_context_learning_3-shot,style_information_style_example,chain_of_thought_zero_shot,chain_of_thought_one_shot,self-refine
0,0.0,2.426977129338233e-06,2.426977129338233e-06,2.426977129338233e-06,1.5809534406749665e-06,3.622812522001332e-07
1,-2.426977129338233e-06,0.0,0.0,0.0,-8.460236886632666e-07,-2.0646958771381e-06
2,-2.426977129338233e-06,0.0,0.0,0.0,-8.460236886632666e-07,-2.0646958771381e-06
3,-2.426977129338233e-06,0.0,0.0,0.0,-8.460236886632666e-07,-2.0646958771381e-06
4,-1.5809534406749665e-06,8.460236886632666e-07,8.460236886632666e-07,8.460236886632666e-07,0.0,-1.2186721884748333e-06
5,-3.622812522001332e-07,2.0646958771381e-06,2.0646958771381e-06,2.0646958771381e-06,1.2186721884748333e-06,0.0
