,mistral,deepseek,llama3.3,qwen72b,qwen32b,qwen14b,solar
0,0.0,0.0023769300635162003,-0.0019246594335809997,0.0018597769766556006,0.0020760183988336994,0.0012666079721407996,-0.0013457975866241999
1,-0.0023769300635162003,0.0,-0.0043015894970972,-0.0005171530868605997,-0.00030091166468250094,-0.0011103220913754007,-0.0037227276501404
2,0.0019246594335809997,0.0043015894970972,0.0,0.0037844364102366003,0.004000677832414699,0.0031912674057217993,0.0005788618469567998
3,-0.0018597769766556006,0.0005171530868605997,-0.0037844364102366003,0.0,0.00021624142217809873,-0.000593169004514801,-0.0032055745632798005
4,-0.0020760183988336994,0.00030091166468250094,-0.004000677832414699,-0.00021624142217809873,0.0,-0.0008094104266928998,-0.0034218159854578992
5,-0.0012666079721407996,0.0011103220913754007,-0.0031912674057217993,0.000593169004514801,0.0008094104266928998,0.0,-0.0026124055587649995
6,0.0013457975866241999,0.0037227276501404,-0.0005788618469567998,0.0032055745632798005,0.0034218159854578992,0.0026124055587649995,0.0
