,zero_shot_baseline,in_context_learning_3-shot,style_information_style_example,chain_of_thought_zero_shot,chain_of_thought_one_shot,self-refine
0,0.0,4.164120805654618e-05,1.5021062965174115e-05,3.4698412218506724e-06,1.1454811913073776e-05,-1.8671015181701936e-06
1,-4.164120805654618e-05,0.0,-2.6620145091372062e-05,-3.8171366834695505e-05,-3.01863961434724e-05,-4.350830957471637e-05
2,-1.5021062965174115e-05,2.6620145091372062e-05,0.0,-1.1551221743323442e-05,-3.5662510521003386e-06,-1.6888164483344308e-05
3,-3.4698412218506724e-06,3.8171366834695505e-05,1.1551221743323442e-05,0.0,7.984970691223104e-06,-5.336942740020866e-06
4,-1.1454811913073776e-05,3.01863961434724e-05,3.5662510521003386e-06,-7.984970691223104e-06,0.0,-1.332191343124397e-05
5,1.8671015181701936e-06,4.350830957471637e-05,1.6888164483344308e-05,5.336942740020866e-06,1.332191343124397e-05,0.0
