,zero_shot_baseline,in_context_learning_3-shot,style_information_style_example,chain_of_thought_zero_shot,chain_of_thought_one_shot,self-refine
0,0.0,0.0007858860208935,-0.00041974085049809994,2.468896356919994e-05,-0.0005965883876195999,-0.00025999579862540003
1,-0.0007858860208935,0.0,-0.0012056268713916,-0.0007611970573243,-0.0013824744085131,-0.0010458818195189
2,0.00041974085049809994,0.0012056268713916,0.0,0.0004444298140672999,-0.0001768475371215,0.0001597450518726999
3,-2.468896356919994e-05,0.0007611970573243,-0.0004444298140672999,0.0,-0.0006212773511887999,-0.00028468476219459997
4,0.0005965883876195999,0.0013824744085131,0.0001768475371215,0.0006212773511887999,0.0,0.0003365925889941999
5,0.00025999579862540003,0.0010458818195189,-0.0001597450518726999,0.00028468476219459997,-0.0003365925889941999,0.0
