,zero_shot_baseline,in_context_learning_3-shot,style_information_style_example,chain_of_thought_zero_shot,chain_of_thought_one_shot,self-refine
0,0.0,0.004132630306883996,-0.0003017262989679012,-0.012222765683926204,0.007628503500548299,-0.0048054886968363075
1,-0.004132630306883996,0.0,-0.004434356605851897,-0.0163553959908102,0.0034958731936643034,-0.008938119003720303
2,0.0003017262989679012,0.004434356605851897,0.0,-0.011921039384958303,0.0079302297995162,-0.004503762397868406
3,0.012222765683926204,0.0163553959908102,0.011921039384958303,0.0,0.019851269184474503,0.007417276987089896
4,-0.007628503500548299,-0.0034958731936643034,-0.0079302297995162,-0.019851269184474503,0.0,-0.012433992197384607
5,0.0048054886968363075,0.008938119003720303,0.004503762397868406,-0.007417276987089896,0.012433992197384607,0.0
