,zero_shot_baseline,in_context_learning_3-shot,style_information_style_example,chain_of_thought_zero_shot,chain_of_thought_one_shot,self-refine
0,0.0,-0.00048356089102159994,-9.565745145999924e-07,1.3623635719400016e-05,0.0001871706925691,-5.427715827399974e-06
1,0.00048356089102159994,0.0,0.00048260431650699995,0.0004971845267409999,0.0006707315835907,0.00047813317519419997
2,9.565745145999924e-07,-0.00048260431650699995,0.0,1.4580210234000008e-05,0.0001881272670837,-4.471141312799981e-06
3,-1.3623635719400016e-05,-0.0004971845267409999,-1.4580210234000008e-05,0.0,0.0001735470568497,-1.905135154679999e-05
4,-0.0001871706925691,-0.0006707315835907,-0.0001881272670837,-0.0001735470568497,0.0,-0.00019259840839649998
5,5.427715827399974e-06,-0.00047813317519419997,4.471141312799981e-06,1.905135154679999e-05,0.00019259840839649998,0.0
