,zero_shot_baseline,in_context_learning_3-shot,style_information_style_example,chain_of_thought_zero_shot,chain_of_thought_one_shot,self-refine
0,0.0,-0.0090347128417071,0.0097384672441867,-0.0021999201335921037,0.0013736291929334968,-0.0043963865714872
1,0.0090347128417071,0.0,0.0187731800858938,0.0068347927081149965,0.010408342034640597,0.0046383262702199
2,-0.0097384672441867,-0.0187731800858938,0.0,-0.011938387377778803,-0.008364838051253203,-0.0141348538156739
3,0.0021999201335921037,-0.0068347927081149965,0.011938387377778803,0.0,0.0035735493265256005,-0.0021964664378950963
4,-0.0013736291929334968,-0.010408342034640597,0.008364838051253203,-0.0035735493265256005,0.0,-0.005770015764420697
5,0.0043963865714872,-0.0046383262702199,0.0141348538156739,0.0021964664378950963,0.005770015764420697,0.0
