,zero_shot_baseline,in_context_learning_3-shot,style_information_style_example,chain_of_thought_zero_shot,chain_of_thought_one_shot,self-refine
0,0.0,-0.0005507269127567,8.554873563190003e-05,-0.0001121540131115,8.067569550800004e-05,-0.0001766482155912
1,0.0005507269127567,0.0,0.0006362756483885999,0.00043857289964519995,0.0006314026082647,0.00037407869716549994
2,-8.554873563190003e-05,-0.0006362756483885999,0.0,-0.00019770274874340003,-4.87304012389999e-06,-0.00026219695122310004
3,0.0001121540131115,-0.00043857289964519995,0.00019770274874340003,0.0,0.00019282970861950004,-6.449420247970001e-05
4,-8.067569550800004e-05,-0.0006314026082647,4.87304012389999e-06,-0.00019282970861950004,0.0,-0.00025732391109920005
5,0.0001766482155912,-0.00037407869716549994,0.00026219695122310004,6.449420247970001e-05,0.00025732391109920005,0.0
