,zero_shot_baseline,in_context_learning_3-shot,style_information_style_example,chain_of_thought_zero_shot,chain_of_thought_one_shot,self-refine
0,0.0,-0.000863186893387,0.0012272590293558002,0.00015397768199010026,0.0015442720775039002,0.00017298460535610004
1,0.000863186893387,0.0,0.0020904459227428004,0.0010171645753771002,0.0024074589708909,0.0010361714987431
2,-0.0012272590293558002,-0.0020904459227428004,0.0,-0.0010732813473657,0.00031701304814809987,-0.0010542744239997002
3,-0.00015397768199010026,-0.0010171645753771002,0.0010732813473657,0.0,0.0013902943955138,1.9006923365999778e-05
4,-0.0015442720775039002,-0.0024074589708909,-0.00031701304814809987,-0.0013902943955138,0.0,-0.0013712874721478001
5,-0.00017298460535610004,-0.0010361714987431,0.0010542744239997002,-1.9006923365999778e-05,0.0013712874721478001,0.0
