,zero_shot_baseline,in_context_learning_3-shot,style_information_style_example,chain_of_thought_zero_shot,chain_of_thought_one_shot,self-refine
0,0.0,-0.0012424710570135998,0.0010709323208298,0.00011131201317129968,0.0015088709634848998,-0.00022916207248809993
1,0.0012424710570135998,0.0,0.0023134033778433997,0.0013537830701848995,0.0027513420204984995,0.0010133089845254998
2,-0.0010709323208298,-0.0023134033778433997,0.0,-0.0009596203076585002,0.00043793864265509984,-0.0013000943933178999
3,-0.00011131201317129968,-0.0013537830701848995,0.0009596203076585002,0.0,0.0013975589503136,-0.0003404740856593996
4,-0.0015088709634848998,-0.0027513420204984995,-0.00043793864265509984,-0.0013975589503136,0.0,-0.0017380330359729997
5,0.00022916207248809993,-0.0010133089845254998,0.0013000943933178999,0.0003404740856593996,0.0017380330359729997,0.0
