,zero_shot_baseline,in_context_learning_3-shot,style_information_style_example,chain_of_thought_zero_shot,chain_of_thought_one_shot,self-refine
0,0.0,-0.00027192094088110007,-3.962147237040006e-05,4.82233734583e-05,0.00021385553277599996,3.7825101691899975e-05
1,0.00027192094088110007,0.0,0.0002322994685107,0.00032014431433940007,0.0004857764736571,0.00030974604257300004
2,3.962147237040006e-05,-0.0002322994685107,0.0,8.784484582870006e-05,0.0002534770051464,7.744657406230003e-05
3,-4.82233734583e-05,-0.00032014431433940007,-8.784484582870006e-05,0.0,0.00016563215931769996,-1.0398271766400024e-05
4,-0.00021385553277599996,-0.0004857764736571,-0.0002534770051464,-0.00016563215931769996,0.0,-0.00017603043108409998
5,-3.7825101691899975e-05,-0.00030974604257300004,-7.744657406230003e-05,1.0398271766400024e-05,0.00017603043108409998,0.0
