,mistral,deepseek,llama3.3,qwen72b,qwen32b,qwen14b,solar
0,0.0,0.0009516075983169998,0.00011963880082299996,0.0013154077670745,0.0012904182186023998,0.0010332953582384,0.0007351457027777002
1,-0.0009516075983169998,0.0,-0.0008319687974939999,0.0003638001687575002,0.0003388106202854,8.16877599214001e-05,-0.00021646189553929966
2,-0.00011963880082299996,0.0008319687974939999,0.0,0.0011957689662515,0.0011707794177793999,0.0009136565574154,0.0006155069019547002
3,-0.0013154077670745,-0.0003638001687575002,-0.0011957689662515,0.0,-2.4989548472100203e-05,-0.0002821124088361001,-0.0005802620642967999
4,-0.0012904182186023998,-0.0003388106202854,-0.0011707794177793999,2.4989548472100203e-05,0.0,-0.0002571228603639999,-0.0005552725158246997
5,-0.0010332953582384,-8.16877599214001e-05,-0.0009136565574154,0.0002821124088361001,0.0002571228603639999,0.0,-0.00029814965546069976
6,-0.0007351457027777002,0.00021646189553929966,-0.0006155069019547002,0.0005802620642967999,0.0005552725158246997,0.00029814965546069976,0.0
