,mistral,deepseek,llama3.3,qwen72b,qwen32b,qwen14b,solar
0,0.0,-0.007627073265541996,-0.016255199882042194,0.012439103319906004,0.011407403930020703,0.0103462835806186,0.007317205660965699
1,0.007627073265541996,0.0,-0.008628126616500198,0.020066176585448,0.0190344771955627,0.017973356846160596,0.014944278926507695
2,0.016255199882042194,0.008628126616500198,0.0,0.0286943032019482,0.027662603812062897,0.026601483462660794,0.023572405543007893
3,-0.012439103319906004,-0.020066176585448,-0.0286943032019482,0.0,-0.0010316993898853016,-0.002092819739287405,-0.005121897658940305
4,-0.011407403930020703,-0.0190344771955627,-0.027662603812062897,0.0010316993898853016,0.0,-0.0010611203494021032,-0.004090198269055004
5,-0.0103462835806186,-0.017973356846160596,-0.026601483462660794,0.002092819739287405,0.0010611203494021032,0.0,-0.0030290779196529005
6,-0.007317205660965699,-0.014944278926507695,-0.023572405543007893,0.005121897658940305,0.004090198269055004,0.0030290779196529005,0.0
