,zero_shot_baseline,in_context_learning_3-shot,style_information_style_example,chain_of_thought_zero_shot,chain_of_thought_one_shot,self-refine
0,0.0,-0.009582889947610099,-0.0017791541065456037,0.00018698280308360182,-0.005547441668219404,-0.0029056043570135984
1,0.009582889947610099,0.0,0.007803735841064495,0.0097698727506937,0.004035448279390695,0.0066772855905965
2,0.0017791541065456037,-0.007803735841064495,0.0,0.0019661369096292056,-0.0037682875616738,-0.0011264502504679946
3,-0.00018698280308360182,-0.0097698727506937,-0.0019661369096292056,0.0,-0.005734424471303005,-0.0030925871600972
4,0.005547441668219404,-0.004035448279390695,0.0037682875616738,0.005734424471303005,0.0,0.0026418373112058052
5,0.0029056043570135984,-0.0066772855905965,0.0011264502504679946,0.0030925871600972,-0.0026418373112058052,0.0
