,zero_shot_baseline,in_context_learning_3-shot,style_information_style_example,chain_of_thought_zero_shot,chain_of_thought_one_shot,self-refine
0,0.0,-0.011667190469640702,0.0064853479328838,-0.0011953442155276037,0.0011583297573189988,-0.0050814967169788006
1,0.011667190469640702,0.0,0.018152538402524503,0.010471846254113099,0.012825520226959701,0.006585693752661902
2,-0.0064853479328838,-0.018152538402524503,0.0,-0.007680692148411404,-0.005327018175564802,-0.011566844649862601
3,0.0011953442155276037,-0.010471846254113099,0.007680692148411404,0.0,0.0023536739728466025,-0.003886152501451197
4,-0.0011583297573189988,-0.012825520226959701,0.005327018175564802,-0.0023536739728466025,0.0,-0.006239826474297799
5,0.0050814967169788006,-0.006585693752661902,0.011566844649862601,0.003886152501451197,0.006239826474297799,0.0
