,zero_shot_baseline,in_context_learning_3-shot,style_information_style_example,chain_of_thought_zero_shot,chain_of_thought_one_shot,self-refine
0,0.0,-0.0009764545535644997,0.0009298086947581003,-0.00015521363516859997,0.0010612558173056002,0.00019342812064970013
1,0.0009764545535644997,0.0,0.0019062632483226,0.0008212409183958997,0.0020377103708701,0.0011698826742141998
2,-0.0009298086947581003,-0.0019062632483226,0.0,-0.0010850223299267003,0.00013144712254749996,-0.0007363805741084002
3,0.00015521363516859997,-0.0008212409183958997,0.0010850223299267003,0.0,0.0012164694524742002,0.0003486417558183001
4,-0.0010612558173056002,-0.0020377103708701,-0.00013144712254749996,-0.0012164694524742002,0.0,-0.0008678276966559001
5,-0.00019342812064970013,-0.0011698826742141998,0.0007363805741084002,-0.0003486417558183001,0.0008678276966559001,0.0
