,zero_shot_baseline,in_context_learning_3-shot,style_information_style_example,chain_of_thought_zero_shot,chain_of_thought_one_shot,self-refine
0,0.0,-0.0006979669887211001,-0.000537163405299,-0.00016460214548799992,0.00026375701121220005,-6.917634674659997e-05
1,0.0006979669887211001,0.0,0.00016080358342210007,0.0005333648432331001,0.0009617239999333001,0.0006287906419745001
2,0.000537163405299,-0.00016080358342210007,0.0,0.00037256125981100007,0.0008009204165112,0.0004679870585524
3,0.00016460214548799992,-0.0005333648432331001,-0.00037256125981100007,0.0,0.00042835915670019997,9.542579874139995e-05
4,-0.00026375701121220005,-0.0009617239999333001,-0.0008009204165112,-0.00042835915670019997,0.0,-0.0003329333579588
5,6.917634674659997e-05,-0.0006287906419745001,-0.0004679870585524,-9.542579874139995e-05,0.0003329333579588,0.0
