,zero_shot_baseline,in_context_learning_3-shot,style_information_style_example,chain_of_thought_zero_shot,chain_of_thought_one_shot,self-refine
0,0.0,-0.0008682300770946998,0.0019035772239007001,-0.00015020848356649998,0.0019670262030505,0.0005740855484656
1,0.0008682300770946998,0.0,0.0027718073009954,0.0007180215935281998,0.0028352562801452,0.0014423156255602997
2,-0.0019035772239007001,-0.0027718073009954,0.0,-0.0020537857074672,6.344897914979989e-05,-0.0013294916754351001
3,0.00015020848356649998,-0.0007180215935281998,0.0020537857074672,0.0,0.002117234686617,0.0007242940320321
4,-0.0019670262030505,-0.0028352562801452,-6.344897914979989e-05,-0.002117234686617,0.0,-0.0013929406545849
5,-0.0005740855484656,-0.0014423156255602997,0.0013294916754351001,-0.0007242940320321,0.0013929406545849,0.0
