,zero_shot_baseline,in_context_learning_3-shot,style_information_style_example,chain_of_thought_zero_shot,chain_of_thought_one_shot,self-refine
0,0.0,-0.018657635052435395,0.005404286791905105,0.0012304768589668016,0.007265009058958501,0.0030000243536997054
1,0.018657635052435395,0.0,0.0240619218443405,0.019888111911402197,0.025922644111393896,0.0216576594061351
2,-0.005404286791905105,-0.0240619218443405,0.0,-0.0041738099329383035,0.0018607222670533954,-0.0024042624382054
3,-0.0012304768589668016,-0.019888111911402197,0.0041738099329383035,0.0,0.006034532199991699,0.0017695474947329037
4,-0.007265009058958501,-0.025922644111393896,-0.0018607222670533954,-0.006034532199991699,0.0,-0.004264984705258795
5,-0.0030000243536997054,-0.0216576594061351,0.0024042624382054,-0.0017695474947329037,0.004264984705258795,0.0
