,zero_shot_baseline,in_context_learning_3-shot,style_information_style_example,chain_of_thought_zero_shot,chain_of_thought_one_shot,self-refine
0,0.0,-0.0052748773096271025,0.004237944614521299,0.0010313983119444002,0.0019377397003512015,0.007310529806293001
1,0.0052748773096271025,0.0,0.009512821924148401,0.006306275621571503,0.007212617009978304,0.012585407115920103
2,-0.004237944614521299,-0.009512821924148401,0.0,-0.0032065463025768987,-0.0023002049141700974,0.003072585191771702
3,-0.0010313983119444002,-0.006306275621571503,0.0032065463025768987,0.0,0.0009063413884068013,0.0062791314943486005
4,-0.0019377397003512015,-0.007212617009978304,0.0023002049141700974,-0.0009063413884068013,0.0,0.005372790105941799
5,-0.007310529806293001,-0.012585407115920103,-0.003072585191771702,-0.0062791314943486005,-0.005372790105941799,0.0
