,zero_shot_baseline,in_context_learning_3-shot,style_information_style_example,chain_of_thought_zero_shot,chain_of_thought_one_shot,self-refine
0,0.0,-0.0013151517420274001,0.0009049961503808999,-1.617511681140018e-05,0.0009151451871723,-7.62413662112999e-05
1,0.0013151517420274001,0.0,0.0022201478924083,0.001298976625216,0.0022302969291997004,0.0012389103758161002
2,-0.0009049961503808999,-0.0022201478924083,0.0,-0.0009211712671923001,1.01490367914001e-05,-0.0009812375165921998
3,1.617511681140018e-05,-0.001298976625216,0.0009211712671923001,0.0,0.0009313203039837002,-6.0066249399899716e-05
4,-0.0009151451871723,-0.0022302969291997004,-1.01490367914001e-05,-0.0009313203039837002,0.0,-0.0009913865533836
5,7.62413662112999e-05,-0.0012389103758161002,0.0009812375165921998,6.0066249399899716e-05,0.0009913865533836,0.0
