,zero_shot_baseline,in_context_learning_3-shot,style_information_style_example,chain_of_thought_zero_shot,chain_of_thought_one_shot,self-refine
0,0.0,0.000836817309336893,0.030149606725747097,0.001577168041633395,0.030593206301289595,0.014347116891735297
1,-0.000836817309336893,0.0,0.029312789416410204,0.0007403507322965019,0.029756388991952702,0.013510299582398404
2,-0.030149606725747097,-0.029312789416410204,0.0,-0.028572438684113702,0.00044359957554249846,-0.0158024898340118
3,-0.001577168041633395,-0.0007403507322965019,0.028572438684113702,0.0,0.0290160382596562,0.012769948850101902
4,-0.030593206301289595,-0.029756388991952702,-0.00044359957554249846,-0.0290160382596562,0.0,-0.0162460894095543
5,-0.014347116891735297,-0.013510299582398404,0.0158024898340118,-0.012769948850101902,0.0162460894095543,0.0
