,zero_shot_baseline,in_context_learning_3-shot,style_information_style_example,chain_of_thought_zero_shot,chain_of_thought_one_shot,self-refine
0,0.0,-0.011676320045398602,-0.0052500457721367,-0.0009151527550819022,-0.004528780195640802,-0.008440661047926401
1,0.011676320045398602,0.0,0.006426274273261902,0.0107611672903167,0.0071475398497578,0.003235658997472201
2,0.0052500457721367,-0.006426274273261902,0.0,0.004334893017054798,0.0007212655764958983,-0.003190615275789701
3,0.0009151527550819022,-0.0107611672903167,-0.004334893017054798,0.0,-0.0036136274405588996,-0.007525508292844499
4,0.004528780195640802,-0.0071475398497578,-0.0007212655764958983,0.0036136274405588996,0.0,-0.003911880852285599
5,0.008440661047926401,-0.003235658997472201,0.003190615275789701,0.007525508292844499,0.003911880852285599,0.0
