,abstracts,news,reviews,qa
0,0.0,0.014233159387418,0.0012129540708975,0.0245965827209104
1,-0.014233159387418,0.0,-0.013020205316520499,0.0103634233334924
2,-0.0012129540708975,0.013020205316520499,0.0,0.023383628650012898
3,-0.0245965827209104,-0.0103634233334924,-0.023383628650012898,0.0
