,zero_shot_baseline,in_context_learning_3-shot,style_information_style_example,chain_of_thought_zero_shot,chain_of_thought_one_shot,self-refine
0,0.0,-0.004566778672707602,0.0011430312731300005,0.0003826659871933001,0.0008774094005226003,-0.0024318039427812972
1,0.004566778672707602,0.0,0.005709809945837602,0.004949444659900902,0.005444188073230202,0.0021349747299263047
2,-0.0011430312731300005,-0.005709809945837602,0.0,-0.0007603652859367004,-0.00026562187260740014,-0.0035748352159112977
3,-0.0003826659871933001,-0.004949444659900902,0.0007603652859367004,0.0,0.0004947434133293002,-0.0028144699299745973
4,-0.0008774094005226003,-0.005444188073230202,0.00026562187260740014,-0.0004947434133293002,0.0,-0.0033092133433038975
5,0.0024318039427812972,-0.0021349747299263047,0.0035748352159112977,0.0028144699299745973,0.0033092133433038975,0.0
