,zero_shot_baseline,in_context_learning_3-shot,style_information_style_example,chain_of_thought_zero_shot,chain_of_thought_one_shot,self-refine
0,0.0,-0.0058266994199591,0.009880421046897101,-0.004377158009495098,0.0010935637240114052,-0.010314478908991398
1,0.0058266994199591,0.0,0.0157071204668562,0.0014495414104640017,0.006920263143970505,-0.004487779489032298
2,-0.009880421046897101,-0.0157071204668562,0.0,-0.0142575790563922,-0.008786857322885696,-0.0201948999558885
3,0.004377158009495098,-0.0014495414104640017,0.0142575790563922,0.0,0.005470721733506503,-0.0059373208994963
4,-0.0010935637240114052,-0.006920263143970505,0.008786857322885696,-0.005470721733506503,0.0,-0.011408042633002803
5,0.010314478908991398,0.004487779489032298,0.0201948999558885,0.0059373208994963,0.011408042633002803,0.0
