,zero_shot_baseline,in_context_learning_3-shot,style_information_style_example,chain_of_thought_zero_shot,chain_of_thought_one_shot,self-refine
0,0.0,-0.0007453493057923999,9.21309412593e-05,-3.0068521655099987e-05,2.49258158571e-05,-1.517652335919999e-05
1,0.0007453493057923999,0.0,0.0008374802470516999,0.0007152807841373,0.0007702751216494999,0.0007301727824331999
2,-9.21309412593e-05,-0.0008374802470516999,0.0,-0.00012219946291439998,-6.72051254022e-05,-0.00010730746461849999
3,3.0068521655099987e-05,-0.0007152807841373,0.00012219946291439998,0.0,5.499433751219999e-05,1.4891998295899996e-05
4,-2.49258158571e-05,-0.0007702751216494999,6.72051254022e-05,-5.499433751219999e-05,0.0,-4.010233921629999e-05
5,1.517652335919999e-05,-0.0007301727824331999,0.00010730746461849999,-1.4891998295899996e-05,4.010233921629999e-05,0.0
