,abstracts,news,reviews,qa
0,0.0,0.013894823127333,0.0007234988839057998,0.0195654919392754
1,-0.013894823127333,0.0,-0.0131713242434272,0.005670668811942401
2,-0.0007234988839057998,0.0131713242434272,0.0,0.018841993055369603
3,-0.0195654919392754,-0.005670668811942401,-0.018841993055369603,0.0
