,mistral,deepseek,llama3.3,qwen72b,qwen32b,qwen14b,solar
0,0.0,0.0018896119515014985,0.0010332524103018985,0.002508918309665799,0.0106728269305978,0.007331418792685399,0.002079775172275599
1,-0.0018896119515014985,0.0,-0.0008563595411996,0.0006193063581643003,0.008783214979096302,0.005441806841183901,0.00019016322077410053
2,-0.0010332524103018985,0.0008563595411996,0.0,0.0014756658993639003,0.009639574520295902,0.006298166382383501,0.0010465227619737005
3,-0.002508918309665799,-0.0006193063581643003,-0.0014756658993639003,0.0,0.008163908620932001,0.0048225004830196,-0.0004291431373901998
4,-0.0106728269305978,-0.008783214979096302,-0.009639574520295902,-0.008163908620932001,0.0,-0.003341408137912401,-0.008593051758322201
5,-0.007331418792685399,-0.005441806841183901,-0.006298166382383501,-0.0048225004830196,0.003341408137912401,0.0,-0.0052516436204098
6,-0.002079775172275599,-0.00019016322077410053,-0.0010465227619737005,0.0004291431373901998,0.008593051758322201,0.0052516436204098,0.0
