,zero_shot_baseline,in_context_learning_3-shot,style_information_style_example,chain_of_thought_zero_shot,chain_of_thought_one_shot,self-refine
0,0.0,-0.0108997219439915,-0.004614847589903898,7.849245488749865e-05,-0.004070016227833501,-0.0037398613372810995
1,0.0108997219439915,0.0,0.006284874354087602,0.010978214398879,0.006829705716157999,0.007159860606710401
2,0.004614847589903898,-0.006284874354087602,0.0,0.004693340044791397,0.0005448313620703971,0.0008749862526227989
3,-7.849245488749865e-05,-0.010978214398879,-0.004693340044791397,0.0,-0.004148508682721,-0.003818353792168598
4,0.004070016227833501,-0.006829705716157999,-0.0005448313620703971,0.004148508682721,0.0,0.0003301548905524018
5,0.0037398613372810995,-0.007159860606710401,-0.0008749862526227989,0.003818353792168598,-0.0003301548905524018,0.0
