,zero_shot_baseline,in_context_learning_3-shot,style_information_style_example,chain_of_thought_zero_shot,chain_of_thought_one_shot,self-refine
0,0.0,-0.004025694136244901,0.006450211898480704,-0.028648068054598193,0.0083526698348916,0.007001394721604305
1,0.004025694136244901,0.0,0.010475906034725604,-0.024622373918353292,0.012378363971136501,0.011027088857849206
2,-0.006450211898480704,-0.010475906034725604,0.0,-0.0350982799530789,0.0019024579364108965,0.0005511828231236013
3,0.028648068054598193,0.024622373918353292,0.0350982799530789,0.0,0.03700073788948979,0.0356494627762025
4,-0.0083526698348916,-0.012378363971136501,-0.0019024579364108965,-0.03700073788948979,0.0,-0.0013512751132872952
5,-0.007001394721604305,-0.011027088857849206,-0.0005511828231236013,-0.0356494627762025,0.0013512751132872952,0.0
