,abstracts,news,reviews,qa
0,0.0,0.011965282345648299,0.00013858757171899996,0.012398520668900601
1,-0.011965282345648299,0.0,-0.0118266947739293,0.00043323832325230065
2,-0.00013858757171899996,0.0118266947739293,0.0,0.0122599330971816
3,-0.012398520668900601,-0.00043323832325230065,-0.0122599330971816,0.0
