,zero_shot_baseline,in_context_learning_3-shot,style_information_style_example,chain_of_thought_zero_shot,chain_of_thought_one_shot,self-refine
0,0.0,-0.0007491909756786996,0.0026049569396154,-0.00013241011096839974,0.0021826148572945,0.0012593834712317999
1,0.0007491909756786996,0.0,0.0033541479152940997,0.0006167808647102998,0.0029318058329731995,0.0020085744469104994
2,-0.0026049569396154,-0.0033541479152940997,0.0,-0.0027373670505838,-0.0004223420823209001,-0.0013455734683836002
3,0.00013241011096839974,-0.0006167808647102998,0.0027373670505838,0.0,0.0023150249682628997,0.0013917935822001996
4,-0.0021826148572945,-0.0029318058329731995,0.0004223420823209001,-0.0023150249682628997,0.0,-0.0009232313860627001
5,-0.0012593834712317999,-0.0020085744469104994,0.0013455734683836002,-0.0013917935822001996,0.0009232313860627001,0.0
