,zero_shot_baseline,in_context_learning_3-shot,style_information_style_example,chain_of_thought_zero_shot,chain_of_thought_one_shot,self-refine
0,0.0,-0.003721227474600103,0.0004883814198417998,-1.639729801149875e-05,-0.0068805897126043986,-0.005216655184392703
1,0.003721227474600103,0.0,0.004209608894441903,0.003704830176588604,-0.0031593622380042957,-0.0014954277097926003
2,-0.0004883814198417998,-0.004209608894441903,0.0,-0.0005047787178532985,-0.007368971132446198,-0.005705036604234503
3,1.639729801149875e-05,-0.003704830176588604,0.0005047787178532985,0.0,-0.0068641924145929,-0.005200257886381204
4,0.0068805897126043986,0.0031593622380042957,0.007368971132446198,0.0068641924145929,0.0,0.0016639345282116955
5,0.005216655184392703,0.0014954277097926003,0.005705036604234503,0.005200257886381204,-0.0016639345282116955,0.0
