,zero_shot_baseline,in_context_learning_3-shot,style_information_style_example,chain_of_thought_zero_shot,chain_of_thought_one_shot,self-refine
0,0.0,-0.0006029937452017996,0.0014051879394309003,0.00010861054867590016,0.0015634397811604,8.045972172500025e-05
1,0.0006029937452017996,0.0,0.0020081816846327,0.0007116042938776997,0.0021664335263621996,0.0006834534669267998
2,-0.0014051879394309003,-0.0020081816846327,0.0,-0.0012965773907550001,0.0001582518417294999,-0.0013247282177059
3,-0.00010861054867590016,-0.0007116042938776997,0.0012965773907550001,0.0,0.0014548292324845,-2.8150826950899908e-05
4,-0.0015634397811604,-0.0021664335263621996,-0.0001582518417294999,-0.0014548292324845,0.0,-0.0014829800594353998
5,-8.045972172500025e-05,-0.0006834534669267998,0.0013247282177059,2.8150826950899908e-05,0.0014829800594353998,0.0
