,abstracts,news,reviews,qa
0,0.0,0.0137066150673047,0.0009419159401910001,0.0046231681735135
1,-0.0137066150673047,0.0,-0.012764699127113699,-0.0090834468937912
2,-0.0009419159401910001,0.012764699127113699,0.0,0.0036812522333224997
3,-0.0046231681735135,0.0090834468937912,-0.0036812522333224997,0.0
