,zero_shot_baseline,in_context_learning_3-shot,style_information_style_example,chain_of_thought_zero_shot,chain_of_thought_one_shot,self-refine
0,0.0,-0.0091455047792998,-0.0025735597541686993,0.0007273940395788013,-0.005251529941990501,-0.005166165309876701
1,0.0091455047792998,0.0,0.006571945025131101,0.009872898818878602,0.0038939748373092997,0.0039793394694230995
2,0.0025735597541686993,-0.006571945025131101,0.0,0.0033009537937475006,-0.0026779701878218015,-0.0025926055557080017
3,-0.0007273940395788013,-0.009872898818878602,-0.0033009537937475006,0.0,-0.005978923981569302,-0.005893559349455502
4,0.005251529941990501,-0.0038939748373092997,0.0026779701878218015,0.005978923981569302,0.0,8.536463211379977e-05
5,0.005166165309876701,-0.0039793394694230995,0.0025926055557080017,0.005893559349455502,-8.536463211379977e-05,0.0
