,zero_shot_baseline,in_context_learning_3-shot,style_information_style_example,chain_of_thought_zero_shot,chain_of_thought_one_shot,self-refine
0,0.0,0.002533019505183899,0.0010645312076799987,0.0005236697357981993,-0.0005155679217598002,-0.0007280732082671007
1,-0.002533019505183899,0.0,-0.0014684882975039004,-0.0020093497693857,-0.0030485874269436993,-0.003261092713451
2,-0.0010645312076799987,0.0014684882975039004,0.0,-0.0005408614718817994,-0.001580099129439799,-0.0017926044159470994
3,-0.0005236697357981993,0.0020093497693857,0.0005408614718817994,0.0,-0.0010392376575579995,-0.0012517429440653
4,0.0005155679217598002,0.0030485874269436993,0.001580099129439799,0.0010392376575579995,0.0,-0.0002125052865073005
5,0.0007280732082671007,0.003261092713451,0.0017926044159470994,0.0012517429440653,0.0002125052865073005,0.0
