,zero_shot_baseline,in_context_learning_3-shot,style_information_style_example,chain_of_thought_zero_shot,chain_of_thought_one_shot,self-refine
0,0.0,0.00022070109707620017,0.0006654528803171002,0.00030887531843980026,0.0010200283563354003,-0.0008970221007414997
1,-0.00022070109707620017,0.0,0.00044475178324090005,8.817422136360008e-05,0.0007993272592592001,-0.0011177231978176999
2,-0.0006654528803171002,-0.00044475178324090005,0.0,-0.00035657756187729996,0.00035457547601830007,-0.0015624749810586
3,-0.00030887531843980026,-8.817422136360008e-05,0.00035657756187729996,0.0,0.0007111530378956,-0.0012058974191813
4,-0.0010200283563354003,-0.0007993272592592001,-0.00035457547601830007,-0.0007111530378956,0.0,-0.0019170504570769
5,0.0008970221007414997,0.0011177231978176999,0.0015624749810586,0.0012058974191813,0.0019170504570769,0.0
