,zero_shot_baseline,in_context_learning_3-shot,style_information_style_example,chain_of_thought_zero_shot,chain_of_thought_one_shot,self-refine
0,0.0,-0.0002526924673722998,-1.0154554335999912e-05,-1.7228413563999227e-06,0.0007472052641048,-0.0009368167403976998
1,0.0002526924673722998,0.0,0.0002425379130362999,0.0002509696260158999,0.0009998977314770998,-0.0006841242730254
2,1.0154554335999912e-05,-0.0002425379130362999,0.0,8.431712979599989e-06,0.0007573598184407999,-0.0009266621860616999
3,1.7228413563999227e-06,-0.0002509696260158999,-8.431712979599989e-06,0.0,0.0007489281054611999,-0.0009350938990412999
4,-0.0007472052641048,-0.0009998977314770998,-0.0007573598184407999,-0.0007489281054611999,0.0,-0.0016840220045024998
5,0.0009368167403976998,0.0006841242730254,0.0009266621860616999,0.0009350938990412999,0.0016840220045024998,0.0
