,zero_shot_baseline,in_context_learning_3-shot,style_information_style_example,chain_of_thought_zero_shot,chain_of_thought_one_shot,self-refine
0,0.0,-0.0007928218508615002,-0.0008805341595053001,-2.3076092679898824e-05,-0.0010811175990826996,-0.0013459523731146998
1,0.0007928218508615002,0.0,-8.771230864379996e-05,0.0007697457581816013,-0.00028829574822119945,-0.0005531305222531997
2,0.0008805341595053001,8.771230864379996e-05,0.0,0.0008574580668254013,-0.0002005834395773995,-0.0004654182136093997
3,2.3076092679898824e-05,-0.0007697457581816013,-0.0008574580668254013,0.0,-0.0010580415064028008,-0.001322876280434801
4,0.0010811175990826996,0.00028829574822119945,0.0002005834395773995,0.0010580415064028008,0.0,-0.0002648347740320002
5,0.0013459523731146998,0.0005531305222531997,0.0004654182136093997,0.001322876280434801,0.0002648347740320002,0.0
