,abstracts,news,reviews,qa
0,0.0,0.0008183227126677,-0.0006506259070356999,-0.0009311637880932
1,-0.0008183227126677,0.0,-0.0014689486197034,-0.0017494865007609
2,0.0006506259070356999,0.0014689486197034,0.0,-0.00028053788105750015
3,0.0009311637880932,0.0017494865007609,0.00028053788105750015,0.0
