,zero_shot_baseline,in_context_learning_3-shot,style_information_style_example,chain_of_thought_zero_shot,chain_of_thought_one_shot,self-refine
0,0.0,0.0010373080229004,0.00027323798907710013,0.00014451239224089977,0.0010571107222001,-0.0012997917609456002
1,-0.0010373080229004,0.0,-0.0007640700338232998,-0.0008927956306595001,1.980269929970015e-05,-0.002337099783846
2,-0.00027323798907710013,0.0007640700338232998,0.0,-0.00012872559683620036,0.0007838727331229999,-0.0015730297500227003
3,-0.00014451239224089977,0.0008927956306595001,0.00012872559683620036,0.0,0.0009125983299592003,-0.0014443041531865
4,-0.0010571107222001,-1.980269929970015e-05,-0.0007838727331229999,-0.0009125983299592003,0.0,-0.0023569024831457002
5,0.0012997917609456002,0.002337099783846,0.0015730297500227003,0.0014443041531865,0.0023569024831457002,0.0
