,zero_shot_baseline,in_context_learning_3-shot,style_information_style_example,chain_of_thought_zero_shot,chain_of_thought_one_shot,self-refine
0,0.0,0.00027290546747260006,0.0006937386100532,-1.8784022049899655e-05,0.0009319970318526004,0.001162067363586
1,-0.00027290546747260006,0.0,0.0004208331425805999,-0.0002916894895224997,0.0006590915643800003,0.0008891618961133999
2,-0.0006937386100532,-0.0004208331425805999,0.0,-0.0007125226321030996,0.0002382584217994004,0.0004683287535328
3,1.8784022049899655e-05,0.0002916894895224997,0.0007125226321030996,0.0,0.0009507810539025,0.0011808513856358996
4,-0.0009319970318526004,-0.0006590915643800003,-0.0002382584217994004,-0.0009507810539025,0.0,0.00023007033173339962
5,-0.001162067363586,-0.0008891618961133999,-0.0004683287535328,-0.0011808513856358996,-0.00023007033173339962,0.0
