,zero_shot_baseline,in_context_learning_3-shot,style_information_style_example,chain_of_thought_zero_shot,chain_of_thought_one_shot,self-refine
0,0.0,-0.00020662367972219993,-3.8739450511999975e-06,-4.577070451390001e-05,0.0004540932653027001,-0.0012601002271734997
1,0.00020662367972219993,0.0,0.00020274973467099993,0.00016085297520829992,0.0006607169450249,-0.0010534765474512998
2,3.8739450511999975e-06,-0.00020274973467099993,0.0,-4.189675946270001e-05,0.0004579672103539001,-0.0012562262821222997
3,4.577070451390001e-05,-0.00016085297520829992,4.189675946270001e-05,0.0,0.0004998639698166001,-0.0012143295226595997
4,-0.0004540932653027001,-0.0006607169450249,-0.0004579672103539001,-0.0004998639698166001,0.0,-0.0017141934924761997
5,0.0012601002271734997,0.0010534765474512998,0.0012562262821222997,0.0012143295226595997,0.0017141934924761997,0.0
