,zero_shot_baseline,in_context_learning_3-shot,style_information_style_example,chain_of_thought_zero_shot,chain_of_thought_one_shot,self-refine
0,0.0,0.0018283349981826008,0.0002089385153665,0.0009877587237413013,0.00017835233526560142,4.642766485280121e-05
1,-0.0018283349981826008,0.0,-0.0016193964828161008,-0.0008405762744412995,-0.0016499826629169994,-0.0017819073333297996
2,-0.0002089385153665,0.0016193964828161008,0.0,0.0007788202083748013,-3.0586180100898586e-05,-0.0001625108505136988
3,-0.0009877587237413013,0.0008405762744412995,-0.0007788202083748013,0.0,-0.0008094063884756999,-0.0009413310588885001
4,-0.00017835233526560142,0.0016499826629169994,3.0586180100898586e-05,0.0008094063884756999,0.0,-0.0001319246704128002
5,-4.642766485280121e-05,0.0017819073333297996,0.0001625108505136988,0.0009413310588885001,0.0001319246704128002,0.0
