,zero_shot_baseline,in_context_learning_3-shot,style_information_style_example,chain_of_thought_zero_shot,chain_of_thought_one_shot,self-refine
0,0.0,0.000342620507309,0.0009130087259475999,-0.0001645585771888002,0.0008417525452476,0.0003985115714933
1,-0.000342620507309,0.0,0.0005703882186385999,-0.0005071790844978002,0.0004991320379386,5.589106418429999e-05
2,-0.0009130087259475999,-0.0005703882186385999,0.0,-0.0010775673031364,-7.12561806999999e-05,-0.0005144971544542999
3,0.0001645585771888002,0.0005071790844978002,0.0010775673031364,0.0,0.0010063111224364002,0.0005630701486821002
4,-0.0008417525452476,-0.0004991320379386,7.12561806999999e-05,-0.0010063111224364002,0.0,-0.0004432409737543
5,-0.0003985115714933,-5.589106418429999e-05,0.0005144971544542999,-0.0005630701486821002,0.0004432409737543,0.0
