,zero_shot_baseline,in_context_learning_3-shot,style_information_style_example,chain_of_thought_zero_shot,chain_of_thought_one_shot,self-refine
0,0.0,0.0015226133312337999,0.0007769436139502001,0.0006789754935787005,6.944035022730076e-05,0.0020683862381264996
1,-0.0015226133312337999,0.0,-0.0007456697172835997,-0.0008436378376550993,-0.001453172981006499,0.0005457729068926997
2,-0.0007769436139502001,0.0007456697172835997,0.0,-9.796812037149959e-05,-0.0007075032637228994,0.0012914426241762995
3,-0.0006789754935787005,0.0008436378376550993,9.796812037149959e-05,0.0,-0.0006095351433513998,0.001389410744547799
4,-6.944035022730076e-05,0.001453172981006499,0.0007075032637228994,0.0006095351433513998,0.0,0.001998945887899199
5,-0.0020683862381264996,-0.0005457729068926997,-0.0012914426241762995,-0.001389410744547799,-0.001998945887899199,0.0
