,zero_shot_baseline,in_context_learning_3-shot,style_information_style_example,chain_of_thought_zero_shot,chain_of_thought_one_shot,self-refine
0,0.0,-0.0008344504711263999,0.0005147814640217999,-5.275257467000308e-07,0.0004548800314303999,-0.0018378442820768
1,0.0008344504711263999,0.0,0.0013492319351481998,0.0008339229453796998,0.0012893305025567998,-0.0010033938109504001
2,-0.0005147814640217999,-0.0013492319351481998,0.0,-0.0005153089897684999,-5.990143259139999e-05,-0.0023526257460986
3,5.275257467000308e-07,-0.0008339229453796998,0.0005153089897684999,0.0,0.00045540755717709993,-0.0018373167563301
4,-0.0004548800314303999,-0.0012893305025567998,5.990143259139999e-05,-0.00045540755717709993,0.0,-0.0022927243135071997
5,0.0018378442820768,0.0010033938109504001,0.0023526257460986,0.0018373167563301,0.0022927243135071997,0.0
