,zero_shot_baseline,in_context_learning_3-shot,style_information_style_example,chain_of_thought_zero_shot,chain_of_thought_one_shot,self-refine
0,0.0,0.0034230535894539003,0.0022873072903456006,0.0019114632497913998,0.0014027493384695007,0.002000697060348699
1,-0.0034230535894539003,0.0,-0.0011357462991082997,-0.0015115903396625005,-0.0020203042509843996,-0.0014223565291052011
2,-0.0022873072903456006,0.0011357462991082997,0.0,-0.0003758440405542008,-0.0008845579518760999,-0.0002866102299969014
3,-0.0019114632497913998,0.0015115903396625005,0.0003758440405542008,0.0,-0.0005087139113218991,8.923381055729943e-05
4,-0.0014027493384695007,0.0020203042509843996,0.0008845579518760999,0.0005087139113218991,0.0,0.0005979477218791985
5,-0.002000697060348699,0.0014223565291052011,0.0002866102299969014,-8.923381055729943e-05,-0.0005979477218791985,0.0
