,zero_shot_baseline,in_context_learning_3-shot,style_information_style_example,chain_of_thought_zero_shot,chain_of_thought_one_shot,self-refine
0,0.0,0.0038788773112264007,0.0022369066517294,0.0010553152282744005,0.002312136831673901,0.0015470607739045007
1,-0.0038788773112264007,0.0,-0.0016419706594970008,-0.0028235620829520003,-0.0015667404795524998,-0.0023318165373219
2,-0.0022369066517294,0.0016419706594970008,0.0,-0.0011815914234549994,7.523017994450105e-05,-0.0006898458778248993
3,-0.0010553152282744005,0.0028235620829520003,0.0011815914234549994,0.0,0.0012568216033995005,0.0004917455456301002
4,-0.002312136831673901,0.0015667404795524998,-7.523017994450105e-05,-0.0012568216033995005,0.0,-0.0007650760577694003
5,-0.0015470607739045007,0.0023318165373219,0.0006898458778248993,-0.0004917455456301002,0.0007650760577694003,0.0
