,zero_shot_baseline,in_context_learning_3-shot,style_information_style_example,chain_of_thought_zero_shot,chain_of_thought_one_shot,self-refine
0,0.0,0.0029446255766870993,0.00042688154158599875,0.0015628680991172997,0.00020566024574359895,0.0029189158414967996
1,-0.0029446255766870993,0.0,-0.0025177440351011006,-0.0013817574775697996,-0.0027389653309435004,-2.570973519029976e-05
2,-0.00042688154158599875,0.0025177440351011006,0.0,0.001135986557531301,-0.0002212212958423998,0.002492034299910801
3,-0.0015628680991172997,0.0013817574775697996,-0.001135986557531301,0.0,-0.0013572078533737007,0.0013560477423794999
4,-0.00020566024574359895,0.0027389653309435004,0.0002212212958423998,0.0013572078533737007,0.0,0.0027132555957532006
5,-0.0029189158414967996,2.570973519029976e-05,-0.002492034299910801,-0.0013560477423794999,-0.0027132555957532006,0.0
