,zero_shot_baseline,in_context_learning_3-shot,style_information_style_example,chain_of_thought_zero_shot,chain_of_thought_one_shot,self-refine
0,0.0,2.8364502464e-05,0.0003853021704582002,0.0003318638699753001,0.0007933520631344003,0.0006430434048732003
1,-2.8364502464e-05,0.0,0.0003569376679942002,0.0003034993675113001,0.0007649875606704003,0.0006146789024092003
2,-0.0003853021704582002,-0.0003569376679942002,0.0,-5.343830048290012e-05,0.00040804989267620006,0.00025774123441500013
3,-0.0003318638699753001,-0.0003034993675113001,5.343830048290012e-05,0.0,0.0004614881931591002,0.00031117953489790025
4,-0.0007933520631344003,-0.0007649875606704003,-0.00040804989267620006,-0.0004614881931591002,0.0,-0.00015030865826119993
5,-0.0006430434048732003,-0.0006146789024092003,-0.00025774123441500013,-0.00031117953489790025,0.00015030865826119993,0.0
