,zero_shot_baseline,in_context_learning_3-shot,style_information_style_example,chain_of_thought_zero_shot,chain_of_thought_one_shot,self-refine
0,0.0,0.0007038444944687007,5.9752923887100226e-05,9.8402847275008e-06,-0.0004110184603458994,-0.001356362802457399
1,-0.0007038444944687007,0.0,-0.0006440915705816005,-0.0006940042097411999,-0.0011148629548146,-0.0020602072969260997
2,-5.9752923887100226e-05,0.0006440915705816005,0.0,-4.9912639159599426e-05,-0.0004707713842329996,-0.0014161157263444992
3,-9.8402847275008e-06,0.0006940042097411999,4.9912639159599426e-05,0.0,-0.0004208587450734002,-0.0013662030871848998
4,0.0004110184603458994,0.0011148629548146,0.0004707713842329996,0.0004208587450734002,0.0,-0.0009453443421114996
5,0.001356362802457399,0.0020602072969260997,0.0014161157263444992,0.0013662030871848998,0.0009453443421114996,0.0
