,zero_shot_baseline,in_context_learning_3-shot,style_information_style_example,chain_of_thought_zero_shot,chain_of_thought_one_shot,self-refine
0,0.0,0.0035648461572915,0.0032410177519200997,0.001620363811057601,0.0008248967792860995,0.0028567367923399006
1,-0.0035648461572915,0.0,-0.00032382840537140047,-0.0019444823462338992,-0.0027399493780054006,-0.0007081093649515995
2,-0.0032410177519200997,0.00032382840537140047,0.0,-0.0016206539408624987,-0.002416120972634,-0.000384280959580199
3,-0.001620363811057601,0.0019444823462338992,0.0016206539408624987,0.0,-0.0007954670317715015,0.0012363729812822997
4,-0.0008248967792860995,0.0027399493780054006,0.002416120972634,0.0007954670317715015,0.0,0.002031840013053801
5,-0.0028567367923399006,0.0007081093649515995,0.000384280959580199,-0.0012363729812822997,-0.002031840013053801,0.0
