,zero_shot_baseline,in_context_learning_3-shot,style_information_style_example,chain_of_thought_zero_shot,chain_of_thought_one_shot,self-refine
0,0.0,0.0034387432327396003,0.0008142607903497013,0.0011738274385607005,0.0004059633159312001,0.0031567490422234005
1,-0.0034387432327396003,0.0,-0.002624482442389899,-0.0022649157941789,-0.0030327799168084002,-0.00028199419051619986
2,-0.0008142607903497013,0.002624482442389899,0.0,0.00035956664821099917,-0.0004082974744185012,0.002342488251873699
3,-0.0011738274385607005,0.0022649157941789,-0.00035956664821099917,0.0,-0.0007678641226295004,0.0019829216036627
4,-0.0004059633159312001,0.0030327799168084002,0.0004082974744185012,0.0007678641226295004,0.0,0.0027507857262922004
5,-0.0031567490422234005,0.00028199419051619986,-0.002342488251873699,-0.0019829216036627,-0.0027507857262922004,0.0
