,zero_shot_baseline,in_context_learning_3-shot,style_information_style_example,chain_of_thought_zero_shot,chain_of_thought_one_shot,self-refine
0,0.0,0.0007004760604781002,-0.000596278821312201,0.001064983042172899,-0.0004529688837880009,-0.00027674964009660047
1,-0.0007004760604781002,0.0,-0.0012967548817903012,0.0003645069816947989,-0.001153444944266101,-0.0009772257005747007
2,0.000596278821312201,0.0012967548817903012,0.0,0.0016612618634851,0.00014330993752420008,0.0003195291812156005
3,-0.001064983042172899,-0.0003645069816947989,-0.0016612618634851,0.0,-0.0015179519259609,-0.0013417326822694996
4,0.0004529688837880009,0.001153444944266101,-0.00014330993752420008,0.0015179519259609,0.0,0.00017621924369140042
5,0.00027674964009660047,0.0009772257005747007,-0.0003195291812156005,0.0013417326822694996,-0.00017621924369140042,0.0
