,mistral,deepseek,llama3.3,qwen72b,qwen32b,qwen14b,solar
0,0.0,0.0005608069693376,-0.0001452447701593999,0.0009834707838356,-5.34094214798002e-05,0.00036748077283689983,-0.0007493106635421999
1,-0.0005608069693376,0.0,-0.000706051739497,0.00042266381449799985,-0.0006142163908174003,-0.00019332619650070022,-0.0013101176328798
2,0.0001452447701593999,0.000706051739497,0.0,0.0011287155539949998,9.18353486795997e-05,0.0005127255429962997,-0.0006040658933828
3,-0.0009834707838356,-0.00042266381449799985,-0.0011287155539949998,0.0,-0.0010368802053154,-0.0006159900109987001,-0.0017327814473777998
4,5.34094214798002e-05,0.0006142163908174003,-9.18353486795997e-05,0.0010368802053154,0.0,0.00042089019431670004,-0.0006959012420623997
5,-0.00036748077283689983,0.00019332619650070022,-0.0005127255429962997,0.0006159900109987001,-0.00042089019431670004,0.0,-0.0011167914363790997
6,0.0007493106635421999,0.0013101176328798,0.0006040658933828,0.0017327814473777998,0.0006959012420623997,0.0011167914363790997,0.0
