,abstracts,news,reviews,qa
0,0.0,0.0007893450585719945,-0.0008399756707267056,-0.0022986612277248056
1,-0.0007893450585719945,0.0,-0.0016293207292987,-0.0030880062862968
2,0.0008399756707267056,0.0016293207292987,0.0,-0.0014586855569981
3,0.0022986612277248056,0.0030880062862968,0.0014586855569981,0.0
