,abstracts,news,reviews,qa
0,0.0,0.0006005328611967,0.0005334805206845,-0.0017221513220466002
1,-0.0006005328611967,0.0,-6.705234051219999e-05,-0.0023226841832433
2,-0.0005334805206845,6.705234051219999e-05,0.0,-0.0022556318427311003
3,0.0017221513220466002,0.0023226841832433,0.0022556318427311003,0.0
