,zero_shot_baseline,in_context_learning_3-shot,style_information_style_example,chain_of_thought_zero_shot,chain_of_thought_one_shot,self-refine
0,0.0,0.0010498195590029,-0.00029116261764009985,0.00017150106815520122,-0.0009959808919338987,-0.0034560304184518987
1,-0.0010498195590029,0.0,-0.0013409821766429998,-0.0008783184908476988,-0.0020458004509367987,-0.004505849977454799
2,0.00029116261764009985,0.0013409821766429998,0.0,0.00046266368579530107,-0.0007048182742937989,-0.003164867800811799
3,-0.00017150106815520122,0.0008783184908476988,-0.00046266368579530107,0.0,-0.0011674819600891,-0.0036275314866071
4,0.0009959808919338987,0.0020458004509367987,0.0007048182742937989,0.0011674819600891,0.0,-0.002460049526518
5,0.0034560304184518987,0.004505849977454799,0.003164867800811799,0.0036275314866071,0.002460049526518,0.0
