,zero_shot_baseline,in_context_learning_3-shot,style_information_style_example,chain_of_thought_zero_shot,chain_of_thought_one_shot,self-refine
0,0.0,0.0004046507564629,0.0007962620226232998,-5.2250442425500095e-05,0.0008032175658232998,-0.0005601024732866003
1,-0.0004046507564629,0.0,0.00039161126616039975,-0.0004569011988884001,0.0003985668093603998,-0.0009647532297495003
2,-0.0007962620226232998,-0.00039161126616039975,0.0,-0.0008485124650487999,6.955543200000067e-06,-0.0013563644959099
3,5.2250442425500095e-05,0.0004569011988884001,0.0008485124650487999,0.0,0.0008554680082487999,-0.0005078520308611002
4,-0.0008032175658232998,-0.0003985668093603998,-6.955543200000067e-06,-0.0008554680082487999,0.0,-0.0013633200391099001
5,0.0005601024732866003,0.0009647532297495003,0.0013563644959099,0.0005078520308611002,0.0013633200391099001,0.0
