,zero_shot_baseline,in_context_learning_3-shot,style_information_style_example,chain_of_thought_zero_shot,chain_of_thought_one_shot,self-refine
0,0.0,0.0023919421245309,0.0009556047418220002,0.00019285307738790012,0.0017360695378426001,-0.0001273970361442998
1,-0.0023919421245309,0.0,-0.0014363373827089,-0.002199089047143,-0.0006558725866883,-0.0025193391606752
2,-0.0009556047418220002,0.0014363373827089,0.0,-0.0007627516644341001,0.0007804647960205999,-0.0010830017779663
3,-0.00019285307738790012,0.002199089047143,0.0007627516644341001,0.0,0.0015432164604547,-0.0003202501135321999
4,-0.0017360695378426001,0.0006558725866883,-0.0007804647960205999,-0.0015432164604547,0.0,-0.0018634665739869
5,0.0001273970361442998,0.0025193391606752,0.0010830017779663,0.0003202501135321999,0.0018634665739869,0.0
