,mistral,deepseek,llama3.3,qwen72b,qwen32b,qwen14b,solar
0,0.0,0.0005287998712498999,-0.0011767622787578003,-0.00038998540757560025,-0.0006707482616016003,-0.0008166256548834002,-0.0009789293308691003
1,-0.0005287998712498999,0.0,-0.0017055621500077001,-0.0009187852788255001,-0.0011995481328515001,-0.0013454255261333,-0.0015077292021190001
2,0.0011767622787578003,0.0017055621500077001,0.0,0.0007867768711822,0.0005060140171562,0.0003601366238744001,0.00019783294788870004
3,0.00038998540757560025,0.0009187852788255001,-0.0007867768711822,0.0,-0.00028076285402600003,-0.00042664024730779994,-0.0005889439232935
4,0.0006707482616016003,0.0011995481328515001,-0.0005060140171562,0.00028076285402600003,0.0,-0.0001458773932817999,-0.0003081810692675
5,0.0008166256548834002,0.0013454255261333,-0.0003601366238744001,0.00042664024730779994,0.0001458773932817999,0.0,-0.00016230367598570007
6,0.0009789293308691003,0.0015077292021190001,-0.00019783294788870004,0.0005889439232935,0.0003081810692675,0.00016230367598570007,0.0
