,zero_shot_baseline,in_context_learning_3-shot,style_information_style_example,chain_of_thought_zero_shot,chain_of_thought_one_shot,self-refine
0,0.0,-0.0017243773508200996,-0.0027110345628622995,0.00026321544425869994,-0.0013794957181739002,-0.0017882174599637996
1,0.0017243773508200996,0.0,-0.0009866572120422,0.0019875927950787995,0.0003448816326461993,-6.384010914370006e-05
2,0.0027110345628622995,0.0009866572120422,0.0,0.0029742500071209994,0.0013315388446883993,0.0009228171028984999
3,-0.00026321544425869994,-0.0019875927950787995,-0.0029742500071209994,0.0,-0.0016427111624326002,-0.0020514329042224996
4,0.0013794957181739002,-0.0003448816326461993,-0.0013315388446883993,0.0016427111624326002,0.0,-0.0004087217417898994
5,0.0017882174599637996,6.384010914370006e-05,-0.0009228171028984999,0.0020514329042224996,0.0004087217417898994,0.0
