,zero_shot_baseline,in_context_learning_3-shot,style_information_style_example,chain_of_thought_zero_shot,chain_of_thought_one_shot,self-refine
0,0.0,0.0008443001487992,0.0011331255966061998,-3.961748434900018e-05,0.0019071590783793998,-1.8819235994800305e-05
1,-0.0008443001487992,0.0,0.00028882544780699975,-0.0008839176331482002,0.0010628589295801998,-0.0008631193847940003
2,-0.0011331255966061998,-0.00028882544780699975,0.0,-0.0011727430809552,0.0007740334817732,-0.001151944832601
3,3.961748434900018e-05,0.0008839176331482002,0.0011727430809552,0.0,0.0019467765627284,2.0798248354199876e-05
4,-0.0019071590783793998,-0.0010628589295801998,-0.0007740334817732,-0.0019467765627284,0.0,-0.0019259783143742001
5,1.8819235994800305e-05,0.0008631193847940003,0.001151944832601,-2.0798248354199876e-05,0.0019259783143742001,0.0
