,zero_shot_baseline,in_context_learning_3-shot,style_information_style_example,chain_of_thought_zero_shot,chain_of_thought_one_shot,self-refine
0,0.0,0.0004332877762859002,0.0013212301943250002,0.0003317504609609001,0.0016816404873507,0.0007008601945988004
1,-0.0004332877762859002,0.0,0.0008879424180390999,-0.00010153731532500012,0.0012483527110647998,0.00026757241831290015
2,-0.0013212301943250002,-0.0008879424180390999,0.0,-0.0009894797333641,0.00036041029302569987,-0.0006203699997261998
3,-0.0003317504609609001,0.00010153731532500012,0.0009894797333641,0.0,0.0013498900263898,0.0003691097336379003
4,-0.0016816404873507,-0.0012483527110647998,-0.00036041029302569987,-0.0013498900263898,0.0,-0.0009807802927518997
5,-0.0007008601945988004,-0.00026757241831290015,0.0006203699997261998,-0.0003691097336379003,0.0009807802927518997,0.0
