,zero_shot_baseline,in_context_learning_3-shot,style_information_style_example,chain_of_thought_zero_shot,chain_of_thought_one_shot,self-refine
0,0.0,0.0004905916702959002,0.0009199605718327999,0.00026656558489340006,0.0011098770718001002,0.0006437293856916002
1,-0.0004905916702959002,0.0,0.00042936890153689967,-0.00022402608540250018,0.0006192854015041999,0.00015313771539569995
2,-0.0009199605718327999,-0.00042936890153689967,0.0,-0.0006533949869393998,0.00018991649996730024,-0.0002762311861411997
3,-0.00026656558489340006,0.00022402608540250018,0.0006533949869393998,0.0,0.0008433114869067001,0.0003771638007982001
4,-0.0011098770718001002,-0.0006192854015041999,-0.00018991649996730024,-0.0008433114869067001,0.0,-0.00046614768610849996
5,-0.0006437293856916002,-0.00015313771539569995,0.0002762311861411997,-0.0003771638007982001,0.00046614768610849996,0.0
