,zero_shot_baseline,in_context_learning_3-shot,style_information_style_example,chain_of_thought_zero_shot,chain_of_thought_one_shot,self-refine
0,0.0,0.0011329889374683006,0.0011285070674356013,0.0006861316111078999,-0.0009550932844897986,0.0005638577865565014
1,-0.0011329889374683006,0.0,-4.481870032699287e-06,-0.00044685732636040067,-0.0020880822219580993,-0.0005691311509117992
2,-0.0011285070674356013,4.481870032699287e-06,0.0,-0.0004423754563277014,-0.0020836003519254,-0.0005646492808790999
3,-0.0006861316111078999,0.00044685732636040067,0.0004423754563277014,0.0,-0.0016412248955976986,-0.0001222738245513985
4,0.0009550932844897986,0.0020880822219580993,0.0020836003519254,0.0016412248955976986,0.0,0.0015189510710463
5,-0.0005638577865565014,0.0005691311509117992,0.0005646492808790999,0.0001222738245513985,-0.0015189510710463,0.0
