,mistral,deepseek,llama3.3,qwen72b,qwen32b,qwen14b,solar
0,0.0,0.004291126783013105,0.005302954153712611,0.003963011240599501,0.015497242602202109,0.01573341419097011,0.0046836244659320125
1,-0.004291126783013105,0.0,0.0010118273706995057,-0.00032811554241360397,0.011206115819189004,0.011442287407957004,0.0003924976829189075
2,-0.005302954153712611,-0.0010118273706995057,0.0,-0.0013399429131131096,0.010194288448489498,0.010430460037257498,-0.0006193296877805982
3,-0.003963011240599501,0.00032811554241360397,0.0013399429131131096,0.0,0.011534231361602608,0.011770402950370608,0.0007206132253325115
4,-0.015497242602202109,-0.011206115819189004,-0.010194288448489498,-0.011534231361602608,0.0,0.00023617158876799993,-0.010813618136270096
5,-0.01573341419097011,-0.011442287407957004,-0.010430460037257498,-0.011770402950370608,-0.00023617158876799993,0.0,-0.011049789725038096
6,-0.0046836244659320125,-0.0003924976829189075,0.0006193296877805982,-0.0007206132253325115,0.010813618136270096,0.011049789725038096,0.0
