,zero_shot_baseline,in_context_learning_3-shot,style_information_style_example,chain_of_thought_zero_shot,chain_of_thought_one_shot,self-refine
0,0.0,-0.013909315827632003,0.007241330352851499,0.0002538736994320001,-0.0004322832131598009,0.00022502075926499748
1,0.013909315827632003,0.0,0.021150646180483502,0.014163189527064003,0.013477032614472202,0.014134336586897
2,-0.007241330352851499,-0.021150646180483502,0.0,-0.006987456653419499,-0.0076736135660113,-0.007016309593586501
3,-0.0002538736994320001,-0.014163189527064003,0.006987456653419499,0.0,-0.000686156912591801,-2.8852940167002628e-05
4,0.0004322832131598009,-0.013477032614472202,0.0076736135660113,0.000686156912591801,0.0,0.0006573039724247984
5,-0.00022502075926499748,-0.014134336586897,0.007016309593586501,2.8852940167002628e-05,-0.0006573039724247984,0.0
