,mistral,deepseek,llama3.3,qwen72b,qwen32b,qwen14b,solar
0,0.0,0.012807667517520303,0.011385243627752402,0.009858492147759204,0.014408099192812301,0.007766027015368,-0.00036705118129739395
1,-0.012807667517520303,0.0,-0.0014224238897679008,-0.0029491753697610985,0.0016004316752919988,-0.005041640502152302,-0.013174718698817697
2,-0.011385243627752402,0.0014224238897679008,0.0,-0.0015267514799931978,0.0030228555650598996,-0.0036192166123844016,-0.011752294809049796
3,-0.009858492147759204,0.0029491753697610985,0.0015267514799931978,0.0,0.004549607045053097,-0.002092465132391204,-0.010225543329056598
4,-0.014408099192812301,-0.0016004316752919988,-0.0030228555650598996,-0.004549607045053097,0.0,-0.006642072177444301,-0.014775150374109695
5,-0.007766027015368,0.005041640502152302,0.0036192166123844016,0.002092465132391204,0.006642072177444301,0.0,-0.008133078196665394
6,0.00036705118129739395,0.013174718698817697,0.011752294809049796,0.010225543329056598,0.014775150374109695,0.008133078196665394,0.0
