,zero_shot_baseline,in_context_learning_3-shot,style_information_style_example,chain_of_thought_zero_shot,chain_of_thought_one_shot,self-refine
0,0.0,-0.026305464984064303,0.027172786660489792,-0.017658776411703103,0.0004829985007248072,-0.029469098091334994
1,0.026305464984064303,0.0,0.053478251644554095,0.0086466885723612,0.02678846348478911,-0.0031636331072706914
2,-0.027172786660489792,-0.053478251644554095,0.0,-0.044831563072192895,-0.026689788159764985,-0.056641884751824786
3,0.017658776411703103,-0.0086466885723612,0.044831563072192895,0.0,0.01814177491242791,-0.011810321679631891
4,-0.0004829985007248072,-0.02678846348478911,0.026689788159764985,-0.01814177491242791,0.0,-0.0299520965920598
5,0.029469098091334994,0.0031636331072706914,0.056641884751824786,0.011810321679631891,0.0299520965920598,0.0
