,zero_shot_baseline,in_context_learning_3-shot,style_information_style_example,chain_of_thought_zero_shot,chain_of_thought_one_shot,self-refine
0,0.0,-0.008193094358449799,0.006690673145453602,-0.0008478595968080989,0.0016765715142895987,-0.0034558195945175
1,0.008193094358449799,0.0,0.0148837675039034,0.0073452347616417,0.009869665872739398,0.004737274763932299
2,-0.006690673145453602,-0.0148837675039034,0.0,-0.007538532742261701,-0.005014101631164003,-0.010146492739971102
3,0.0008478595968080989,-0.0073452347616417,0.007538532742261701,0.0,0.0025244311110976976,-0.002607959997709401
4,-0.0016765715142895987,-0.009869665872739398,0.005014101631164003,-0.0025244311110976976,0.0,-0.005132391108807099
5,0.0034558195945175,-0.004737274763932299,0.010146492739971102,0.002607959997709401,0.005132391108807099,0.0
