,zero_shot_baseline,in_context_learning_3-shot,style_information_style_example,chain_of_thought_zero_shot,chain_of_thought_one_shot,self-refine
0,0.0,0.0004668257672279033,0.014012121958451102,-0.00035594440483809747,0.0058508632337016045,0.004641672957712003
1,-0.0004668257672279033,0.0,0.013545296191223199,-0.0008227701720660008,0.005384037466473701,0.0041748471904841
2,-0.014012121958451102,-0.013545296191223199,0.0,-0.0143680663632892,-0.008161258724749498,-0.0093704490007391
3,0.00035594440483809747,0.0008227701720660008,0.0143680663632892,0.0,0.006206807638539702,0.0049976173625501
4,-0.0058508632337016045,-0.005384037466473701,0.008161258724749498,-0.006206807638539702,0.0,-0.0012091902759896016
5,-0.004641672957712003,-0.0041748471904841,0.0093704490007391,-0.0049976173625501,0.0012091902759896016,0.0
