,zero_shot_baseline,in_context_learning_3-shot,style_information_style_example,chain_of_thought_zero_shot,chain_of_thought_one_shot,self-refine
0,0.0,-0.009162276006563101,0.005753468884763201,-0.0020531734322245983,-0.0014477004441512988,0.0001275110914267033
1,0.009162276006563101,0.0,0.014915744891326303,0.007109102574338503,0.0077145755624118025,0.009289787097989805
2,-0.005753468884763201,-0.014915744891326303,0.0,-0.0078066423169878,-0.0072011693289145,-0.005625957793336498
3,0.0020531734322245983,-0.007109102574338503,0.0078066423169878,0.0,0.0006054729880732995,0.0021806845236513016
4,0.0014477004441512988,-0.0077145755624118025,0.0072011693289145,-0.0006054729880732995,0.0,0.001575211535578002
5,-0.0001275110914267033,-0.009289787097989805,0.005625957793336498,-0.0021806845236513016,-0.001575211535578002,0.0
