,zero_shot_baseline,in_context_learning_3-shot,style_information_style_example,chain_of_thought_zero_shot,chain_of_thought_one_shot,self-refine
0,0.0,0.0015897986770761,0.0010070650185293982,0.0021834132415716988,0.003314821509939298,0.018737350355466698
1,-0.0015897986770761,0.0,-0.0005827336585467018,0.0005936145644955988,0.0017250228328631982,0.017147551678390598
2,-0.0010070650185293982,0.0005827336585467018,0.0,0.0011763482230423006,0.0023077564914099,0.017730285336937303
3,-0.0021834132415716988,-0.0005936145644955988,-0.0011763482230423006,0.0,0.0011314082683675994,0.016553937113895002
4,-0.003314821509939298,-0.0017250228328631982,-0.0023077564914099,-0.0011314082683675994,0.0,0.015422528845527401
5,-0.018737350355466698,-0.017147551678390598,-0.017730285336937303,-0.016553937113895002,-0.015422528845527401,0.0
