,zero_shot_baseline,in_context_learning_3-shot,style_information_style_example,chain_of_thought_zero_shot,chain_of_thought_one_shot,self-refine
0,0.0,-0.0188817103799302,0.0009643186615940977,0.0019549601498602964,-0.0067814591875581046,-0.010779133879960497
1,0.0188817103799302,0.0,0.0198460290415243,0.020836670529790498,0.012100251192372097,0.008102576499969705
2,-0.0009643186615940977,-0.0198460290415243,0.0,0.0009906414882661987,-0.007745777849152202,-0.011743452541554594
3,-0.0019549601498602964,-0.020836670529790498,-0.0009906414882661987,0.0,-0.008736419337418401,-0.012734094029820793
4,0.0067814591875581046,-0.012100251192372097,0.007745777849152202,0.008736419337418401,0.0,-0.003997674692402392
5,0.010779133879960497,-0.008102576499969705,0.011743452541554594,0.012734094029820793,0.003997674692402392,0.0
