,zero_shot_baseline,in_context_learning_3-shot,style_information_style_example,chain_of_thought_zero_shot,chain_of_thought_one_shot,self-refine
0,0.0,-0.0549096491529622,0.016677922622782393,-0.004367939098690016,0.018648394080434394,0.016540239168704396
1,0.0549096491529622,0.0,0.0715875717757446,0.05054171005427219,0.0735580432333966,0.0714498883216666
2,-0.016677922622782393,-0.0715875717757446,0.0,-0.02104586172147241,0.001970471457652001,-0.00013768345407799698
3,0.004367939098690016,-0.05054171005427219,0.02104586172147241,0.0,0.02301633317912441,0.02090817826739441
4,-0.018648394080434394,-0.0735580432333966,-0.001970471457652001,-0.02301633317912441,0.0,-0.002108154911729998
5,-0.016540239168704396,-0.0714498883216666,0.00013768345407799698,-0.02090817826739441,0.002108154911729998,0.0
