,zero_shot_baseline,in_context_learning_3-shot,style_information_style_example,chain_of_thought_zero_shot,chain_of_thought_one_shot,self-refine
0,0.0,-0.007101021202441896,0.0095779678484793,0.000813145332822101,0.0095475251891343,0.0100766874090338
1,0.007101021202441896,0.0,0.016678989050921196,0.007914166535263997,0.016648546391576195,0.017177708611475696
2,-0.0095779678484793,-0.016678989050921196,0.0,-0.0087648225156572,-3.044265934500079e-05,0.0004987195605545003
3,-0.000813145332822101,-0.007914166535263997,0.0087648225156572,0.0,0.008734379856312199,0.0092635420762117
4,-0.0095475251891343,-0.016648546391576195,3.044265934500079e-05,-0.008734379856312199,0.0,0.0005291622198995011
5,-0.0100766874090338,-0.017177708611475696,-0.0004987195605545003,-0.0092635420762117,-0.0005291622198995011,0.0
