,abstracts,news,reviews,qa
0,0.0,0.030350455522368498,-0.0153798514534919,0.074915516191999
1,-0.030350455522368498,0.0,-0.0457303069758604,0.04456506066963051
2,0.0153798514534919,0.0457303069758604,0.0,0.09029536764549091
3,-0.074915516191999,-0.04456506066963051,-0.09029536764549091,0.0
