,zero_shot_baseline,in_context_learning_3-shot,style_information_style_example,chain_of_thought_zero_shot,chain_of_thought_one_shot,self-refine
0,0.0,-0.0451643047635287,0.010777579828031916,-0.009903488805792199,0.003569163300669906,-0.017312962714003483
1,0.0451643047635287,0.0,0.05594188459156062,0.0352608159577365,0.04873346806419861,0.02785134204952522
2,-0.010777579828031916,-0.05594188459156062,0.0,-0.020681068633824115,-0.0072084165273620104,-0.0280905425420354
3,0.009903488805792199,-0.0352608159577365,0.020681068633824115,0.0,0.013472652106462105,-0.007409473908211284
4,-0.003569163300669906,-0.04873346806419861,0.0072084165273620104,-0.013472652106462105,0.0,-0.02088212601467339
5,0.017312962714003483,-0.02785134204952522,0.0280905425420354,0.007409473908211284,0.02088212601467339,0.0
