,zero_shot_baseline,in_context_learning_3-shot,style_information_style_example,chain_of_thought_zero_shot,chain_of_thought_one_shot,self-refine
0,0.0,-0.018037866496966502,0.000844931498492997,-0.0011700303236972034,-0.004199185236013904,-0.007927282475663107
1,0.018037866496966502,0.0,0.0188827979954595,0.0168678361732693,0.013838681260952598,0.010110584021303395
2,-0.000844931498492997,-0.0188827979954595,0.0,-0.0020149618221902005,-0.005044116734506901,-0.008772213974156104
3,0.0011700303236972034,-0.0168678361732693,0.0020149618221902005,0.0,-0.0030291549123167005,-0.0067572521519659035
4,0.004199185236013904,-0.013838681260952598,0.005044116734506901,0.0030291549123167005,0.0,-0.003728097239649203
5,0.007927282475663107,-0.010110584021303395,0.008772213974156104,0.0067572521519659035,0.003728097239649203,0.0
