,mistral,deepseek,llama3.3,qwen72b,qwen32b,qwen14b,solar
0,0.0,0.0029329516175913006,-0.0053037287497664995,-0.0012394276185993015,0.0024968792935613007,-0.004201888603472502,-0.013433133662517003
1,-0.0029329516175913006,0.0,-0.0082366803673578,-0.004172379236190602,-0.0004360723240299999,-0.007134840221063803,-0.016366085280108304
2,0.0053037287497664995,0.0082366803673578,0.0,0.004064301131167198,0.0078006080433278,0.0011018401462939975,-0.008129404912750503
3,0.0012394276185993015,0.004172379236190602,-0.004064301131167198,0.0,0.0037363069121606023,-0.0029624609848732004,-0.012193706043917701
4,-0.0024968792935613007,0.0004360723240299999,-0.0078006080433278,-0.0037363069121606023,0.0,-0.006698767897033803,-0.015930012956078304
5,0.004201888603472502,0.007134840221063803,-0.0011018401462939975,0.0029624609848732004,0.006698767897033803,0.0,-0.009231245059044501
6,0.013433133662517003,0.016366085280108304,0.008129404912750503,0.012193706043917701,0.015930012956078304,0.009231245059044501,0.0
