,zero_shot_baseline,in_context_learning_3-shot,style_information_style_example,chain_of_thought_zero_shot,chain_of_thought_one_shot,self-refine
0,0.0,-0.0320794910964038,-0.0025385047905418998,-0.0012572984398799003,0.0068990519844234,-0.0035142765735611016
1,0.0320794910964038,0.0,0.0295409863058619,0.0308221926565239,0.0389785430808272,0.028565214522842698
2,0.0025385047905418998,-0.0295409863058619,0.0,0.0012812063506619994,0.0094375567749653,-0.0009757717830192018
3,0.0012572984398799003,-0.0308221926565239,-0.0012812063506619994,0.0,0.0081563504243033,-0.0022569781336812013
4,-0.0068990519844234,-0.0389785430808272,-0.0094375567749653,-0.0081563504243033,0.0,-0.010413328557984502
5,0.0035142765735611016,-0.028565214522842698,0.0009757717830192018,0.0022569781336812013,0.010413328557984502,0.0
