,zero_shot_baseline,in_context_learning_3-shot,style_information_style_example,chain_of_thought_zero_shot,chain_of_thought_one_shot,self-refine
0,0.0,-0.0178857224220538,0.0162942127757168,0.0026572247555441963,0.005307683204998692,0.020733972520248098
1,0.0178857224220538,0.0,0.0341799351977706,0.020542947177597998,0.023193405627052494,0.0386196949423019
2,-0.0162942127757168,-0.0341799351977706,0.0,-0.013636988020172602,-0.010986529570718107,0.004439759744531299
3,-0.0026572247555441963,-0.020542947177597998,0.013636988020172602,0.0,0.002650458449454496,0.0180767477647039
4,-0.005307683204998692,-0.023193405627052494,0.010986529570718107,-0.002650458449454496,0.0,0.015426289315249406
5,-0.020733972520248098,-0.0386196949423019,-0.004439759744531299,-0.0180767477647039,-0.015426289315249406,0.0
