,zero_shot_baseline,in_context_learning_3-shot,style_information_style_example,chain_of_thought_zero_shot,chain_of_thought_one_shot,self-refine
0,0.0,0.006097195601120299,0.011967203442385697,0.0026110347528505995,0.009802749387858696,0.0070109433644946
1,-0.006097195601120299,0.0,0.005870007841265398,-0.0034861608482696996,0.003705553786738397,0.0009137477633743007
2,-0.011967203442385697,-0.005870007841265398,0.0,-0.009356168689535097,-0.0021644540545270007,-0.004956260077891097
3,-0.0026110347528505995,0.0034861608482696996,0.009356168689535097,0.0,0.0071917146350080965,0.004399908611644
4,-0.009802749387858696,-0.003705553786738397,0.0021644540545270007,-0.0071917146350080965,0.0,-0.0027918060233640962
5,-0.0070109433644946,-0.0009137477633743007,0.004956260077891097,-0.004399908611644,0.0027918060233640962,0.0
