,zero_shot_baseline,in_context_learning_3-shot,style_information_style_example,chain_of_thought_zero_shot,chain_of_thought_one_shot,self-refine
0,0.0,-0.0114190239279383,0.006013000828329503,0.002214138168041002,0.0012295286266336032,0.007283772540310901
1,0.0114190239279383,0.0,0.017432024756267803,0.013633162095979302,0.012648552554571903,0.0187027964682492
2,-0.006013000828329503,-0.017432024756267803,0.0,-0.003798862660288501,-0.0047834722016959,0.0012707717119813979
3,-0.002214138168041002,-0.013633162095979302,0.003798862660288501,0.0,-0.000984609541407399,0.005069634372269899
4,-0.0012295286266336032,-0.012648552554571903,0.0047834722016959,0.000984609541407399,0.0,0.006054243913677298
5,-0.007283772540310901,-0.0187027964682492,-0.0012707717119813979,-0.005069634372269899,-0.006054243913677298,0.0
