,zero_shot_baseline,in_context_learning_3-shot,style_information_style_example,chain_of_thought_zero_shot,chain_of_thought_one_shot,self-refine
0,0.0,0.015784110346819202,0.002758921509109502,0.0031438364790854004,0.012116026671494903,0.003660392457426699
1,-0.015784110346819202,0.0,-0.0130251888377097,-0.012640273867733802,-0.003668083675324299,-0.012123717889392503
2,-0.002758921509109502,0.0130251888377097,0.0,0.0003849149699758983,0.009357105162385401,0.000901470948317197
3,-0.0031438364790854004,0.012640273867733802,-0.0003849149699758983,0.0,0.008972190192409503,0.0005165559783412987
4,-0.012116026671494903,0.003668083675324299,-0.009357105162385401,-0.008972190192409503,0.0,-0.008455634214068204
5,-0.003660392457426699,0.012123717889392503,-0.000901470948317197,-0.0005165559783412987,0.008455634214068204,0.0
