,zero_shot_baseline,in_context_learning_3-shot,style_information_style_example,chain_of_thought_zero_shot,chain_of_thought_one_shot,self-refine
0,0.0,-0.015070295296231995,0.018100025720233115,-0.07740542669903158,0.01893231196113121,0.02100295233612931
1,0.015070295296231995,0.0,0.03317032101646511,-0.06233513140279959,0.034002607257363204,0.036073247632361305
2,-0.018100025720233115,-0.03317032101646511,0.0,-0.0955054524192647,0.0008322862408980947,0.0029029266158961953
3,0.07740542669903158,0.06233513140279959,0.0955054524192647,0.0,0.09633773866016279,0.09840837903516089
4,-0.01893231196113121,-0.034002607257363204,-0.0008322862408980947,-0.09633773866016279,0.0,0.0020706403749981006
5,-0.02100295233612931,-0.036073247632361305,-0.0029029266158961953,-0.09840837903516089,-0.0020706403749981006,0.0
