,zero_shot_baseline,in_context_learning_3-shot,style_information_style_example,chain_of_thought_zero_shot,chain_of_thought_one_shot,self-refine
0,0.0,0.011084696729120602,-0.010586040808553882,-0.04469691787306679,0.030183209642590025,-0.008918448504363075
1,-0.011084696729120602,0.0,-0.021670737537674484,-0.05578161460218739,0.019098512913469423,-0.020003145233483677
2,0.010586040808553882,0.021670737537674484,0.0,-0.03411087706451291,0.04076925045114391,0.001667592304190807
3,0.04469691787306679,0.05578161460218739,0.03411087706451291,0.0,0.07488012751565681,0.035778469368703714
4,-0.030183209642590025,-0.019098512913469423,-0.04076925045114391,-0.07488012751565681,0.0,-0.0391016581469531
5,0.008918448504363075,0.020003145233483677,-0.001667592304190807,-0.035778469368703714,0.0391016581469531,0.0
