,abstracts,news,reviews,qa
0,0.0,0.0373350798389178,-0.0161931515863846,0.0666971824469089
1,-0.0373350798389178,0.0,-0.0535282314253024,0.029362102607991103
2,0.0161931515863846,0.0535282314253024,0.0,0.0828903340332935
3,-0.0666971824469089,-0.029362102607991103,-0.0828903340332935,0.0
