,zero_shot_baseline,in_context_learning_3-shot,style_information_style_example,chain_of_thought_zero_shot,chain_of_thought_one_shot,self-refine
0,0.0,-0.009154461023961391,0.009131227502484601,0.0012037622350755117,-0.009002822076511499,-0.007892787965729689
1,0.009154461023961391,0.0,0.018285688526445992,0.010358223259036903,0.00015163894744989193,0.001261673058231702
2,-0.009131227502484601,-0.018285688526445992,0.0,-0.00792746526740909,-0.0181340495789961,-0.01702401546821429
3,-0.0012037622350755117,-0.010358223259036903,0.00792746526740909,0.0,-0.01020658431158701,-0.0090965502008052
4,0.009002822076511499,-0.00015163894744989193,0.0181340495789961,0.01020658431158701,0.0,0.0011100341107818101
5,0.007892787965729689,-0.001261673058231702,0.01702401546821429,0.0090965502008052,-0.0011100341107818101,0.0
