,abstracts,news,reviews,qa
0,0.0,0.0277293956950208,-0.0141566475870626,0.007734757551882
1,-0.0277293956950208,0.0,-0.041886043282083396,-0.019994638143138798
2,0.0141566475870626,0.041886043282083396,0.0,0.0218914051389446
3,-0.007734757551882,0.019994638143138798,-0.0218914051389446,0.0
