,zero_shot_baseline,in_context_learning_3-shot,style_information_style_example,chain_of_thought_zero_shot,chain_of_thought_one_shot,self-refine
0,0.0,-0.0321856546014985,0.029117435561499316,-0.011777015698840876,0.0013400426300171075,-0.013661091476543985
1,0.0321856546014985,0.0,0.061303090162997814,0.020408638902657622,0.033525697231515605,0.018524563124954513
2,-0.029117435561499316,-0.061303090162997814,0.0,-0.04089445126034019,-0.02777739293148221,-0.0427785270380433
3,0.011777015698840876,-0.020408638902657622,0.04089445126034019,0.0,0.013117058328857983,-0.0018840757777031092
4,-0.0013400426300171075,-0.033525697231515605,0.02777739293148221,-0.013117058328857983,0.0,-0.015001134106561093
5,0.013661091476543985,-0.018524563124954513,0.0427785270380433,0.0018840757777031092,0.015001134106561093,0.0
