,zero_shot_baseline,in_context_learning_3-shot,style_information_style_example,chain_of_thought_zero_shot,chain_of_thought_one_shot,self-refine
0,0.0,-0.006492049723571397,0.008146477262659504,0.00039281823066079913,0.0007407394494402947,-0.0009292343084496002
1,0.006492049723571397,0.0,0.014638526986230901,0.006884867954232196,0.007232789173011692,0.005562815415121797
2,-0.008146477262659504,-0.014638526986230901,0.0,-0.007753659031998705,-0.00740573781321921,-0.009075711571109105
3,-0.00039281823066079913,-0.006884867954232196,0.007753659031998705,0.0,0.00034792121877949556,-0.0013220525391103993
4,-0.0007407394494402947,-0.007232789173011692,0.00740573781321921,-0.00034792121877949556,0.0,-0.0016699737578898949
5,0.0009292343084496002,-0.005562815415121797,0.009075711571109105,0.0013220525391103993,0.0016699737578898949,0.0
