,zero_shot_baseline,in_context_learning_3-shot,style_information_style_example,chain_of_thought_zero_shot,chain_of_thought_one_shot,self-refine
0,0.0,-0.028691305400773193,0.0025874946902422064,6.715093528106286e-06,-0.011722965735096194,-0.00531326260833459
1,0.028691305400773193,0.0,0.0312788000910154,0.0286980204943013,0.016968339665677,0.023378042792438603
2,-0.0025874946902422064,-0.0312788000910154,0.0,-0.0025807795967141,-0.0143104604253384,-0.007900757298576797
3,-6.715093528106286e-06,-0.0286980204943013,0.0025807795967141,0.0,-0.0117296808286243,-0.0053199777018626965
4,0.011722965735096194,-0.016968339665677,0.0143104604253384,0.0117296808286243,0.0,0.006409703126761604
5,0.00531326260833459,-0.023378042792438603,0.007900757298576797,0.0053199777018626965,-0.006409703126761604,0.0
