,zero_shot_baseline,in_context_learning_3-shot,style_information_style_example,chain_of_thought_zero_shot,chain_of_thought_one_shot,self-refine
0,0.0,-0.009099117524352,-0.0028403891363786016,0.000639380542222099,-0.00034638197368400125,0.007687661770106099
1,0.009099117524352,0.0,0.006258728387973398,0.009738498066574099,0.008752735550667998,0.0167867792944581
2,0.0028403891363786016,-0.006258728387973398,0.0,0.0034797696786007005,0.0024940071626946003,0.0105280509064847
3,-0.000639380542222099,-0.009738498066574099,-0.0034797696786007005,0.0,-0.0009857625159061002,0.007048281227884
4,0.00034638197368400125,-0.008752735550667998,-0.0024940071626946003,0.0009857625159061002,0.0,0.0080340437437901
5,-0.007687661770106099,-0.0167867792944581,-0.0105280509064847,-0.007048281227884,-0.0080340437437901,0.0
