,zero_shot_baseline,in_context_learning_3-shot,style_information_style_example,chain_of_thought_zero_shot,chain_of_thought_one_shot,self-refine
0,0.0,-0.02697514096737101,-0.006969985005614604,0.0007540630923413005,-0.007366632936694012,-0.004325043322124508
1,0.02697514096737101,0.0,0.020005155961756407,0.027729204059712312,0.019608508030677,0.022650097645246503
2,0.006969985005614604,-0.020005155961756407,0.0,0.0077240480979559045,-0.000396647931079408,0.0026449416834900957
3,-0.0007540630923413005,-0.027729204059712312,-0.0077240480979559045,0.0,-0.008120696029035313,-0.005079106414465809
4,0.007366632936694012,-0.019608508030677,0.000396647931079408,0.008120696029035313,0.0,0.0030415896145695037
5,0.004325043322124508,-0.022650097645246503,-0.0026449416834900957,0.005079106414465809,-0.0030415896145695037,0.0
