,zero_shot_baseline,in_context_learning_3-shot,style_information_style_example,chain_of_thought_zero_shot,chain_of_thought_one_shot,self-refine
0,0.0,-0.017377831540500696,9.844347954850174e-05,-0.0008280405968048993,-0.0016129684076491985,0.004558700397895101
1,0.017377831540500696,0.0,0.017476275020049198,0.016549790943695797,0.015764863132851498,0.021936531938395797
2,-9.844347954850174e-05,-0.017476275020049198,0.0,-0.000926484076353401,-0.0017114118871977002,0.004460256918346599
3,0.0008280405968048993,-0.016549790943695797,0.000926484076353401,0.0,-0.0007849278108442992,0.0053867409947
4,0.0016129684076491985,-0.015764863132851498,0.0017114118871977002,0.0007849278108442992,0.0,0.0061716688055443
5,-0.004558700397895101,-0.021936531938395797,-0.004460256918346599,-0.0053867409947,-0.0061716688055443,0.0
