,zero_shot_baseline,in_context_learning_3-shot,style_information_style_example,chain_of_thought_zero_shot,chain_of_thought_one_shot,self-refine
0,0.0,-0.0009367382181847,-0.0004620334392556999,0.00015493022789470003,0.00017293126609470007,-0.0012719248638551998
1,0.0009367382181847,0.0,0.00047470477892900013,0.0010916684460794,0.0011096694842794002,-0.0003351866456704998
2,0.0004620334392556999,-0.00047470477892900013,0.0,0.0006169636671503999,0.0006349647053504,-0.0008098914245995
3,-0.00015493022789470003,-0.0010916684460794,-0.0006169636671503999,0.0,1.800103820000004e-05,-0.0014268550917498999
4,-0.00017293126609470007,-0.0011096694842794002,-0.0006349647053504,-1.800103820000004e-05,0.0,-0.0014448561299498998
5,0.0012719248638551998,0.0003351866456704998,0.0008098914245995,0.0014268550917498999,0.0014448561299498998,0.0
