,abstracts,news,reviews,qa
0,0.0,0.0028416342862291,0.0029781574582990003,0.00012871819231080004
1,-0.0028416342862291,0.0,0.00013652317206990037,-0.0027129160939183
2,-0.0029781574582990003,-0.00013652317206990037,0.0,-0.0028494392659882003
3,-0.00012871819231080004,0.0027129160939183,0.0028494392659882003,0.0
