,zero_shot_baseline,in_context_learning_3-shot,style_information_style_example,chain_of_thought_zero_shot,chain_of_thought_one_shot,self-refine
0,0.0,-0.0012658726577729,0.0004433964847176804,0.0004395351983537975,-0.00022633154101600004,0.00028906474034740004
1,0.0012658726577729,0.0,0.0017092691424905806,0.0017054078561266975,0.0010395411167568999,0.0015549373981203001
2,-0.0004433964847176804,-0.0017092691424905806,0.0,-3.861286363882933e-06,-0.0006697280257336805,-0.00015433174437028043
3,-0.0004395351983537975,-0.0017054078561266975,3.861286363882933e-06,0.0,-0.0006658667393697976,-0.0001504704580063975
4,0.00022633154101600004,-0.0010395411167568999,0.0006697280257336805,0.0006658667393697976,0.0,0.0005153962813634
5,-0.00028906474034740004,-0.0015549373981203001,0.00015433174437028043,0.0001504704580063975,-0.0005153962813634,0.0
