,zero_shot_baseline,in_context_learning_3-shot,style_information_style_example,chain_of_thought_zero_shot,chain_of_thought_one_shot,self-refine
0,0.0,-0.0014184694636350998,-6.648924849879997e-05,-6.259976113010002e-05,4.114143863969999e-05,-0.0014063888072909
1,0.0014184694636350998,0.0,0.0013519802151362999,0.001355869702505,0.0014596109022747999,1.2080656344199943e-05
2,6.648924849879997e-05,-0.0013519802151362999,0.0,3.889487368699952e-06,0.00010763068713849996,-0.0013398995587921001
3,6.259976113010002e-05,-0.001355869702505,-3.889487368699952e-06,0.0,0.00010374119976980001,-0.0013437890461608
4,-4.114143863969999e-05,-0.0014596109022747999,-0.00010763068713849996,-0.00010374119976980001,0.0,-0.0014475302459306
5,0.0014063888072909,-1.2080656344199943e-05,0.0013398995587921001,0.0013437890461608,0.0014475302459306,0.0
