,zero_shot_baseline,in_context_learning_3-shot,style_information_style_example,chain_of_thought_zero_shot,chain_of_thought_one_shot,self-refine
0,0.0,-0.0027171962749016998,0.0017895208899883,-0.0010780414985906996,-0.0009212321178493003,-0.0002524880679254998
1,0.0027171962749016998,0.0,0.00450671716489,0.0016391547763110002,0.0017959641570523995,0.0024647082069762
2,-0.0017895208899883,-0.00450671716489,0.0,-0.0028675623885789994,-0.0027107530078376,-0.0020420089579138
3,0.0010780414985906996,-0.0016391547763110002,0.0028675623885789994,0.0,0.0001568093807413993,0.0008255534306651998
4,0.0009212321178493003,-0.0017959641570523995,0.0027107530078376,-0.0001568093807413993,0.0,0.0006687440499238005
5,0.0002524880679254998,-0.0024647082069762,0.0020420089579138,-0.0008255534306651998,-0.0006687440499238005,0.0
