,zero_shot_baseline,in_context_learning_3-shot,style_information_style_example,chain_of_thought_zero_shot,chain_of_thought_one_shot,self-refine
0,0.0,-7.329614052916048e-05,9.059672497699966e-06,6.046998419821932e-06,1.3328402150235433e-05,-0.0002916223843686136
1,7.329614052916048e-05,0.0,8.235581302686044e-05,7.934313894898241e-05,8.66245426793959e-05,-0.0002183262438394531
2,-9.059672497699966e-06,-8.235581302686044e-05,0.0,-3.0126740778780334e-06,4.268729652535467e-06,-0.00030068205686631356
3,-6.046998419821932e-06,-7.934313894898241e-05,3.0126740778780334e-06,0.0,7.2814037304135e-06,-0.0002976693827884355
4,-1.3328402150235433e-05,-8.66245426793959e-05,-4.268729652535467e-06,-7.2814037304135e-06,0.0,-0.00030495078651884903
5,0.0002916223843686136,0.0002183262438394531,0.00030068205686631356,0.0002976693827884355,0.00030495078651884903,0.0
