,zero_shot_baseline,in_context_learning_3-shot,style_information_style_example,chain_of_thought_zero_shot,chain_of_thought_one_shot,self-refine
0,0.0,-0.006803048139176988,-6.569069069070006e-08,1.7361111111111e-06,1.7361111111111e-06,-0.0001563032791924889
1,0.006803048139176988,0.0,0.0068029824484862975,0.0068047842502881,0.0068047842502881,0.0066467448599845
2,6.569069069070006e-08,-0.0068029824484862975,0.0,1.8018018018018e-06,1.8018018018018e-06,-0.0001562375885017982
3,-1.7361111111111e-06,-0.0068047842502881,-1.8018018018018e-06,0.0,0.0,-0.0001580393903036
4,-1.7361111111111e-06,-0.0068047842502881,-1.8018018018018e-06,0.0,0.0,-0.0001580393903036
5,0.0001563032791924889,-0.0066467448599845,0.0001562375885017982,0.0001580393903036,0.0001580393903036,0.0
