,mistral,deepseek,llama3.3,qwen72b,qwen32b,qwen14b,solar
0,0.0,4.8871801104498e-06,4.931243844234367e-06,1.8731268560119338e-06,-0.000599364621483839,-0.0004422434519567391,-8.546731554825532e-06
1,-4.8871801104498e-06,0.0,4.406373378456678e-08,-3.0140532544378666e-06,-0.0006042518015942889,-0.0004471306320671889,-1.3433911665275332e-05
2,-4.931243844234367e-06,-4.406373378456678e-08,0.0,-3.058116988222433e-06,-0.0006042958653280734,-0.0004471746958009735,-1.3477975399059899e-05
3,-1.8731268560119338e-06,3.0140532544378666e-06,3.058116988222433e-06,0.0,-0.000601237748339851,-0.000444116578812751,-1.0419858410837466e-05
4,0.000599364621483839,0.0006042518015942889,0.0006042958653280734,0.000601237748339851,0.0,0.00015712116952709996,0.0005908178899290135
5,0.0004422434519567391,0.0004471306320671889,0.0004471746958009735,0.000444116578812751,-0.00015712116952709996,0.0,0.0004336967204019136
6,8.546731554825532e-06,1.3433911665275332e-05,1.3477975399059899e-05,1.0419858410837466e-05,-0.0005908178899290135,-0.0004336967204019136,0.0
