,zero_shot_baseline,in_context_learning_3-shot,style_information_style_example,chain_of_thought_zero_shot,chain_of_thought_one_shot,self-refine
0,0.0,-0.0038222724014585,-0.0013365282210967,0.0003218262600403997,0.0065583936375535005,-0.0058461021960610985
1,0.0038222724014585,0.0,0.0024857441803618,0.0041440986614989,0.010380666039012,-0.0020238297946025986
2,0.0013365282210967,-0.0024857441803618,0.0,0.0016583544811370997,0.0078949218586502,-0.0045095739749643985
3,-0.0003218262600403997,-0.0041440986614989,-0.0016583544811370997,0.0,0.006236567377513101,-0.006167928456101498
4,-0.0065583936375535005,-0.010380666039012,-0.0078949218586502,-0.006236567377513101,0.0,-0.012404495833614599
5,0.0058461021960610985,0.0020238297946025986,0.0045095739749643985,0.006167928456101498,0.012404495833614599,0.0
