,zero_shot_baseline,in_context_learning_3-shot,style_information_style_example,chain_of_thought_zero_shot,chain_of_thought_one_shot,self-refine
0,0.0,-0.000317447719304451,4.750164365548966e-06,2.9771147201589e-06,-0.00011524298928705103,-4.024899101599527e-05
1,0.000317447719304451,0.0,0.00032219788367,0.00032042483402460993,0.00020220473001739998,0.0002771987282884558
2,-4.750164365548966e-06,-0.00032219788367,0.0,-1.7730496453900665e-06,-0.0001199931536526,-4.499915538154424e-05
3,-2.9771147201589e-06,-0.00032042483402460993,1.7730496453900665e-06,0.0,-0.00011822010400720994,-4.3226105736154176e-05
4,0.00011524298928705103,-0.00020220473001739998,0.0001199931536526,0.00011822010400720994,0.0,7.499399827105576e-05
5,4.024899101599527e-05,-0.0002771987282884558,4.499915538154424e-05,4.3226105736154176e-05,-7.499399827105576e-05,0.0
