,abstracts,news,reviews,qa
0,0.0,0.001838289631075226,0.001733579407354026,-0.0005702712460794738
1,-0.001838289631075226,0.0,-0.00010471022372120003,-0.0024085608771547
2,-0.001733579407354026,0.00010471022372120003,0.0,-0.0023038506534334997
3,0.0005702712460794738,0.0024085608771547,0.0023038506534334997,0.0
