,zero_shot_baseline,in_context_learning_3-shot,style_information_style_example,chain_of_thought_zero_shot,chain_of_thought_one_shot,self-refine
0,0.0,-0.00046614964277579994,-2.5476167913999516e-06,9.284551941099949e-06,-0.00017726506451399995,-0.0011560974145593
1,0.00046614964277579994,0.0,0.0004636020259844,0.0004754341947168999,0.0002888845782618,-0.0006899477717835
2,2.5476167913999516e-06,-0.0004636020259844,0.0,1.18321687324999e-05,-0.0001747174477226,-0.0011535497977679
3,-9.284551941099949e-06,-0.0004754341947168999,-1.18321687324999e-05,0.0,-0.0001865496164550999,-0.0011653819665003997
4,0.00017726506451399995,-0.0002888845782618,0.0001747174477226,0.0001865496164550999,0.0,-0.0009788323500452998
5,0.0011560974145593,0.0006899477717835,0.0011535497977679,0.0011653819665003997,0.0009788323500452998,0.0
