,zero_shot_baseline,in_context_learning_3-shot,style_information_style_example,chain_of_thought_zero_shot,chain_of_thought_one_shot,self-refine
0,0.0,-0.0026587485668633,-0.0002801277784703002,0.000327396240020799,0.004054565757480999,-0.009429376767335101
1,0.0026587485668633,0.0,0.002378620788393,0.002986144806884099,0.006713314324344299,-0.006770628200471801
2,0.0002801277784703002,-0.002378620788393,0.0,0.0006075240184910992,0.0043346935359512995,-0.009149248988864801
3,-0.000327396240020799,-0.002986144806884099,-0.0006075240184910992,0.0,0.0037271695174602004,-0.0097567730073559
4,-0.004054565757480999,-0.006713314324344299,-0.0043346935359512995,-0.0037271695174602004,0.0,-0.0134839425248161
5,0.009429376767335101,0.006770628200471801,0.009149248988864801,0.0097567730073559,0.0134839425248161,0.0
