,zero_shot_baseline,in_context_learning_3-shot,style_information_style_example,chain_of_thought_zero_shot,chain_of_thought_one_shot,self-refine
0,0.0,-0.0305951278638714,0.0005570431730713005,0.0006598128892722991,0.0024886341327012996,0.0009715567995870998
1,0.0305951278638714,0.0,0.0311521710369427,0.0312549407531437,0.0330837619965727,0.0315666846634585
2,-0.0005570431730713005,-0.0311521710369427,0.0,0.00010276971620099863,0.0019315909596299991,0.00041451362651579934
3,-0.0006598128892722991,-0.0312549407531437,-0.00010276971620099863,0.0,0.0018288212434290005,0.0003117439103148007
4,-0.0024886341327012996,-0.0330837619965727,-0.0019315909596299991,-0.0018288212434290005,0.0,-0.0015170773331141998
5,-0.0009715567995870998,-0.0315666846634585,-0.00041451362651579934,-0.0003117439103148007,0.0015170773331141998,0.0
