,zero_shot_baseline,in_context_learning_3-shot,style_information_style_example,chain_of_thought_zero_shot,chain_of_thought_one_shot,self-refine
0,0.0,-0.0046624548721336005,-0.004476171409330301,0.00036125147177829995,0.0022043915771071,-0.0021375776279241995
1,0.0046624548721336005,0.0,0.00018628346280329978,0.0050237063439119,0.0068668464492407,0.002524877244209401
2,0.004476171409330301,-0.00018628346280329978,0.0,0.0048374228811086,0.006680562986437401,0.002338593781406101
3,-0.00036125147177829995,-0.0050237063439119,-0.0048374228811086,0.0,0.0018431401053288002,-0.0024988290997024994
4,-0.0022043915771071,-0.0068668464492407,-0.006680562986437401,-0.0018431401053288002,0.0,-0.0043419692050312994
5,0.0021375776279241995,-0.002524877244209401,-0.002338593781406101,0.0024988290997024994,0.0043419692050312994,0.0
