,zero_shot_baseline,in_context_learning_3-shot,style_information_style_example,chain_of_thought_zero_shot,chain_of_thought_one_shot,self-refine
0,0.0,-0.0011059325912395,0.00040763971890869994,0.00012239841679509986,-0.00011034432757300004,-0.0071831788559787
1,0.0011059325912395,0.0,0.0015135723101482,0.0012283310080346,0.0009955882636665,-0.006077246264739201
2,-0.00040763971890869994,-0.0015135723101482,0.0,-0.0002852413021136001,-0.0005179840464817,-0.007590818574887401
3,-0.00012239841679509986,-0.0012283310080346,0.0002852413021136001,0.0,-0.0002327427443680999,-0.007305577272773801
4,0.00011034432757300004,-0.0009955882636665,0.0005179840464817,0.0002327427443680999,0.0,-0.0070728345284057
5,0.0071831788559787,0.006077246264739201,0.007590818574887401,0.007305577272773801,0.0070728345284057,0.0
