,zero_shot_baseline,in_context_learning_3-shot,style_information_style_example,chain_of_thought_zero_shot,chain_of_thought_one_shot,self-refine
0,0.0,-0.0024356975017032,-0.00011845953982100003,1.6106928532599982e-05,-4.996030158570003e-05,-0.0006936987656690001
1,0.0024356975017032,0.0,0.0023172379618822,0.0024518044302358,0.0023857372001174996,0.0017419987360341998
2,0.00011845953982100003,-0.0023172379618822,0.0,0.00013456646835360002,6.84992382353e-05,-0.000575239225848
3,-1.6106928532599982e-05,-0.0024518044302358,-0.00013456646835360002,0.0,-6.606723011830001e-05,-0.0007098056942016
4,4.996030158570003e-05,-0.0023857372001174996,-6.84992382353e-05,6.606723011830001e-05,0.0,-0.0006437384640833
5,0.0006936987656690001,-0.0017419987360341998,0.000575239225848,0.0007098056942016,0.0006437384640833,0.0
