,zero_shot_baseline,in_context_learning_3-shot,style_information_style_example,chain_of_thought_zero_shot,chain_of_thought_one_shot,self-refine
0,0.0,-0.0015025871433187001,0.0009893949230741,0.00026635236492049993,0.0007946837913935,-0.0025669446076078
1,0.0015025871433187001,0.0,0.0024919820663928003,0.0017689395082392,0.0022972709347122,-0.0010643574642891
2,-0.0009893949230741,-0.0024919820663928003,0.0,-0.0007230425581536001,-0.0001947111316806,-0.0035563395306819
3,-0.00026635236492049993,-0.0017689395082392,0.0007230425581536001,0.0,0.0005283314264730001,-0.0028332969725283
4,-0.0007946837913935,-0.0022972709347122,0.0001947111316806,-0.0005283314264730001,0.0,-0.0033616283990013
5,0.0025669446076078,0.0010643574642891,0.0035563395306819,0.0028332969725283,0.0033616283990013,0.0
