,zero_shot_baseline,in_context_learning_3-shot,style_information_style_example,chain_of_thought_zero_shot,chain_of_thought_one_shot,self-refine
0,0.0,-0.0025262194227536,-0.00018268965670680004,1.5352593431899918e-05,-2.834318467290003e-05,-0.0007402647301214001
1,0.0025262194227536,0.0,0.0023435297660468002,0.0025415720161855,0.0024978762380807,0.0017859546926322
2,0.00018268965670680004,-0.0023435297660468002,0.0,0.00019804225013869995,0.0001543464720339,-0.0005575750734146001
3,-1.5352593431899918e-05,-0.0025415720161855,-0.00019804225013869995,0.0,-4.369577810479995e-05,-0.0007556173235533
4,2.834318467290003e-05,-0.0024978762380807,-0.0001543464720339,4.369577810479995e-05,0.0,-0.0007119215454485001
5,0.0007402647301214001,-0.0017859546926322,0.0005575750734146001,0.0007556173235533,0.0007119215454485001,0.0
