,zero_shot_baseline,in_context_learning_3-shot,style_information_style_example,chain_of_thought_zero_shot,chain_of_thought_one_shot,self-refine
0,0.0,-0.0061195112947302985,-0.0019701190792888994,0.00042610481817480055,0.0053683447589672,-0.0060107627306026
1,0.0061195112947302985,0.0,0.004149392215441399,0.006545616112905099,0.011487856053697499,0.0001087485641276982
2,0.0019701190792888994,-0.004149392215441399,0.0,0.0023962238974637,0.007338463838256099,-0.004040643651313701
3,-0.00042610481817480055,-0.006545616112905099,-0.0023962238974637,0.0,0.004942239940792399,-0.006436867548777401
4,-0.0053683447589672,-0.011487856053697499,-0.007338463838256099,-0.004942239940792399,0.0,-0.0113791074895698
5,0.0060107627306026,-0.0001087485641276982,0.004040643651313701,0.006436867548777401,0.0113791074895698,0.0
