,zero_shot_baseline,in_context_learning_3-shot,style_information_style_example,chain_of_thought_zero_shot,chain_of_thought_one_shot,self-refine
0,0.0,-0.00017621989010369998,0.00060320476444002,0.00059938405309326,-2.8090424708099998e-05,0.0005199515835649382
1,0.00017621989010369998,0.0,0.00077942465454372,0.00077560394319696,0.00014812946539559998,0.0006961714736686382
2,-0.00060320476444002,-0.00077942465454372,0.0,-3.820711346759966e-06,-0.00063129518914812,-8.325318087508181e-05
3,-0.00059938405309326,-0.00077560394319696,3.820711346759966e-06,0.0,-0.00062747447780136,-7.943246952832184e-05
4,2.8090424708099998e-05,-0.00014812946539559998,0.00063129518914812,0.00062747447780136,0.0,0.0005480420082730382
5,-0.0005199515835649382,-0.0006961714736686382,8.325318087508181e-05,7.943246952832184e-05,-0.0005480420082730382,0.0
