,zero_shot_baseline,in_context_learning_3-shot,style_information_style_example,chain_of_thought_zero_shot,chain_of_thought_one_shot,self-refine
0,0.0,-0.0025704979792231988,-0.004045923579193299,0.0006932223204699998,0.0004144688464010008,-0.0086550706083042
1,0.0025704979792231988,0.0,-0.0014754255999701003,0.0032637202996931985,0.0029849668256241996,-0.006084572629081001
2,0.004045923579193299,0.0014754255999701003,0.0,0.004739145899663299,0.0044603924255943,-0.0046091470291109
3,-0.0006932223204699998,-0.0032637202996931985,-0.004739145899663299,0.0,-0.000278753474068999,-0.0093482929287742
4,-0.0004144688464010008,-0.0029849668256241996,-0.0044603924255943,0.000278753474068999,0.0,-0.0090695394547052
5,0.0086550706083042,0.006084572629081001,0.0046091470291109,0.0093482929287742,0.0090695394547052,0.0
