,mistral,deepseek,llama3.3,qwen72b,qwen32b,qwen14b,solar
0,0.0,0.00029745766369369993,-6.611932996920008e-05,-7.251321815539996e-05,9.962481690639993e-05,-0.0018308148164914002,-0.0004955250789323001
1,-0.00029745766369369993,0.0,-0.0003635769936629,-0.0003699708818490999,-0.0001978328467873,-0.0021282724801851,-0.000792982742626
2,6.611932996920008e-05,0.0003635769936629,0.0,-6.393888186199872e-06,0.0001657441468756,-0.0017646954865222,-0.0004294057489631
3,7.251321815539996e-05,0.0003699708818490999,6.393888186199872e-06,0.0,0.00017213803506179988,-0.0017583015983360002,-0.0004230118607769001
4,-9.962481690639993e-05,0.0001978328467873,-0.0001657441468756,-0.00017213803506179988,0.0,-0.0019304396333978,-0.0005951498958387
5,0.0018308148164914002,0.0021282724801851,0.0017646954865222,0.0017583015983360002,0.0019304396333978,0.0,0.0013352897375591
6,0.0004955250789323001,0.000792982742626,0.0004294057489631,0.0004230118607769001,0.0005951498958387,-0.0013352897375591,0.0
