,zero_shot_baseline,in_context_learning_3-shot,style_information_style_example,chain_of_thought_zero_shot,chain_of_thought_one_shot,self-refine
0,0.0,-0.0020866546735945,0.0005769089890041,0.00015750942422009992,5.765106735449994e-05,-0.0040385149716716
1,0.0020866546735945,0.0,0.0026635636625986,0.0022441640978146,0.002144305740949,-0.0019518602980771
2,-0.0005769089890041,-0.0026635636625986,0.0,-0.00041939956478400005,-0.0005192579216496,-0.0046154239606757
3,-0.00015750942422009992,-0.0022441640978146,0.00041939956478400005,0.0,-9.985835686559998e-05,-0.0041960243958917
4,-5.765106735449994e-05,-0.002144305740949,0.0005192579216496,9.985835686559998e-05,0.0,-0.0040961660390261
5,0.0040385149716716,0.0019518602980771,0.0046154239606757,0.0041960243958917,0.0040961660390261,0.0
