,zero_shot_baseline,in_context_learning_3-shot,style_information_style_example,chain_of_thought_zero_shot,chain_of_thought_one_shot,self-refine
0,0.0,-0.0020736556632594003,0.0004914549174388,-0.0004708413741235998,-0.007631682427716,-0.0039031428233450996
1,0.0020736556632594003,0.0,0.0025651105806982002,0.0016028142891358005,-0.005558026764456599,-0.0018294871600856993
2,-0.0004914549174388,-0.0025651105806982002,0.0,-0.0009622962915623997,-0.0081231373451548,-0.0043945977407839
3,0.0004708413741235998,-0.0016028142891358005,0.0009622962915623997,0.0,-0.0071608410535924,-0.0034323014492215
4,0.007631682427716,0.005558026764456599,0.0081231373451548,0.0071608410535924,0.0,0.0037285396043709
5,0.0039031428233450996,0.0018294871600856993,0.0043945977407839,0.0034323014492215,-0.0037285396043709,0.0
