,zero_shot_baseline,in_context_learning_3-shot,style_information_style_example,chain_of_thought_zero_shot,chain_of_thought_one_shot,self-refine
0,0.0,-0.0013809666480487002,-0.0003529399373036,-0.000452486227128,0.0001835738358453,-0.0009294827756009
1,0.0013809666480487002,0.0,0.0010280267107451002,0.0009284804209207002,0.001564540483894,0.0004514838724478001
2,0.0003529399373036,-0.0010280267107451002,0.0,-9.954628982439999e-05,0.0005365137731489,-0.0005765428382973
3,0.000452486227128,-0.0009284804209207002,9.954628982439999e-05,0.0,0.0006360600629733,-0.00047699654847290006
4,-0.0001835738358453,-0.001564540483894,-0.0005365137731489,-0.0006360600629733,0.0,-0.0011130566114462
5,0.0009294827756009,-0.0004514838724478001,0.0005765428382973,0.00047699654847290006,0.0011130566114462,0.0
