,zero_shot_baseline,in_context_learning_3-shot,style_information_style_example,chain_of_thought_zero_shot,chain_of_thought_one_shot,self-refine
0,0.0,1.2472942439499947e-05,0.00036755310165849993,-1.774372345210006e-05,3.7675982534100014e-05,-0.0008483994540986
1,-1.2472942439499947e-05,0.0,0.000355080159219,-3.021666589160001e-05,2.5203040094600067e-05,-0.0008608723965380999
2,-0.00036755310165849993,-0.000355080159219,0.0,-0.0003852968251106,-0.0003298771191243999,-0.0012159525557570998
3,1.774372345210006e-05,3.021666589160001e-05,0.0003852968251106,0.0,5.5419705986200075e-05,-0.0008306557306464999
4,-3.7675982534100014e-05,-2.5203040094600067e-05,0.0003298771191243999,-5.5419705986200075e-05,0.0,-0.0008860754366327
5,0.0008483994540986,0.0008608723965380999,0.0012159525557570998,0.0008306557306464999,0.0008860754366327,0.0
