,abstracts,news,reviews,qa
0,0.0,0.0027468128478938003,0.001450353270035,-0.0019588426106140998
1,-0.0027468128478938003,0.0,-0.0012964595778588001,-0.0047056554585079
2,-0.001450353270035,0.0012964595778588001,0.0,-0.0034091958806491
3,0.0019588426106140998,0.0047056554585079,0.0034091958806491,0.0
