,zero_shot_baseline,in_context_learning_3-shot,style_information_style_example,chain_of_thought_zero_shot,chain_of_thought_one_shot,self-refine
0,0.0,-0.0010546845977068,-0.0004251570961528999,1.4244164809100023e-05,-0.0002721875657843999,-0.0016150263849666
1,0.0010546845977068,0.0,0.0006295275015539001,0.0010689287625159,0.0007824970319224001,-0.0005603417872597999
2,0.0004251570961528999,-0.0006295275015539001,0.0,0.0004394012609619999,0.00015296953036849996,-0.0011898692888137
3,-1.4244164809100023e-05,-0.0010689287625159,-0.0004394012609619999,0.0,-0.00028643173059349995,-0.0016292705497757
4,0.0002721875657843999,-0.0007824970319224001,-0.00015296953036849996,0.00028643173059349995,0.0,-0.0013428388191822
5,0.0016150263849666,0.0005603417872597999,0.0011898692888137,0.0016292705497757,0.0013428388191822,0.0
