,zero_shot_baseline,in_context_learning_3-shot,style_information_style_example,chain_of_thought_zero_shot,chain_of_thought_one_shot,self-refine
0,0.0,-0.000622746758932439,6.6232912215609e-06,1.3098831684268672e-06,4.905078163141667e-06,-0.0004567034482355391
1,0.000622746758932439,0.0,0.000629370050154,0.000624056642100866,0.0006276518370955807,0.00016604331069689995
2,-6.6232912215609e-06,-0.000629370050154,0.0,-5.313408053134033e-06,-1.7182130584192333e-06,-0.0004633267394571
3,-1.3098831684268672e-06,-0.000624056642100866,5.313408053134033e-06,0.0,3.5951949947147994e-06,-0.00045801333140396596
4,-4.905078163141667e-06,-0.0006276518370955807,1.7182130584192333e-06,-3.5951949947147994e-06,0.0,-0.0004616085263986808
5,0.0004567034482355391,-0.00016604331069689995,0.0004633267394571,0.00045801333140396596,0.0004616085263986808,0.0
