,zero_shot_baseline,in_context_learning_3-shot,style_information_style_example,chain_of_thought_zero_shot,chain_of_thought_one_shot,self-refine
0,0.0,-0.0026055786004187,0.0004862078293211998,-0.0007161405885906002,0.0006808185364212999,-0.0063982090660345
1,0.0026055786004187,0.0,0.0030917864297398995,0.0018894380118280995,0.0032863971368399993,-0.0037926304656158
2,-0.0004862078293211998,-0.0030917864297398995,0.0,-0.0012023484179118,0.00019461070710010005,-0.0068844168953557
3,0.0007161405885906002,-0.0018894380118280995,0.0012023484179118,0.0,0.0013969591250119,-0.0056820684774439
4,-0.0006808185364212999,-0.0032863971368399993,-0.00019461070710010005,-0.0013969591250119,0.0,-0.0070790276024557995
5,0.0063982090660345,0.0037926304656158,0.0068844168953557,0.0056820684774439,0.0070790276024557995,0.0
