,zero_shot_baseline,in_context_learning_3-shot,style_information_style_example,chain_of_thought_zero_shot,chain_of_thought_one_shot,self-refine
0,0.0,-0.002953214842575101,0.002923168947040199,0.000494655822295199,0.004910108524847399,-0.003608769824948701
1,0.002953214842575101,0.0,0.0058763837896153,0.0034478706648703,0.0078633233674225,-0.0006555549823736
2,-0.002923168947040199,-0.0058763837896153,0.0,-0.002428513124745,0.0019869395778071997,-0.0065319387719889
3,-0.000494655822295199,-0.0034478706648703,0.002428513124745,0.0,0.0044154527025522,-0.0041034256472439
4,-0.004910108524847399,-0.0078633233674225,-0.0019869395778071997,-0.0044154527025522,0.0,-0.008518878349796099
5,0.003608769824948701,0.0006555549823736,0.0065319387719889,0.0041034256472439,0.008518878349796099,0.0
