,zero_shot_baseline,in_context_learning_3-shot,style_information_style_example,chain_of_thought_zero_shot,chain_of_thought_one_shot,self-refine
0,0.0,-0.0011170831668312,-0.00042856714262939997,-8.285458560250013e-05,6.446715178789987e-05,-0.0010976024396031
1,0.0011170831668312,0.0,0.0006885160242018,0.0010342285812286998,0.0011815503186190998,1.9480727228099893e-05
2,0.00042856714262939997,-0.0006885160242018,0.0,0.00034571255702689984,0.0004930342944172998,-0.0006690352969737001
3,8.285458560250013e-05,-0.0010342285812286998,-0.00034571255702689984,0.0,0.0001473217373904,-0.0010147478540006
4,-6.446715178789987e-05,-0.0011815503186190998,-0.0004930342944172998,-0.0001473217373904,0.0,-0.001162069591391
5,0.0010976024396031,-1.9480727228099893e-05,0.0006690352969737001,0.0010147478540006,0.001162069591391,0.0
