,zero_shot_baseline,in_context_learning_3-shot,style_information_style_example,chain_of_thought_zero_shot,chain_of_thought_one_shot,self-refine
0,0.0,0.0003153521131969,8.387626543970004e-05,0.0002121033704513,0.0004508343244664,-4.051642061899991e-06
1,-0.0003153521131969,0.0,-0.00023147584775719997,-0.00010324874274560001,0.00013548221126949997,-0.0003194037552588
2,-8.387626543970004e-05,0.00023147584775719997,0.0,0.00012822710501159996,0.00036695805902669994,-8.792790750160003e-05
3,-0.0002121033704513,0.00010324874274560001,-0.00012822710501159996,0.0,0.00023873095401509998,-0.0002161550125132
4,-0.0004508343244664,-0.00013548221126949997,-0.00036695805902669994,-0.00023873095401509998,0.0,-0.0004548859665283
5,4.051642061899991e-06,0.0003194037552588,8.792790750160003e-05,0.0002161550125132,0.0004548859665283,0.0
