,mistral,deepseek,llama3.3,qwen72b,qwen32b,qwen14b,solar
0,0.0,0.00032484384247429996,-2.2095318815200013e-05,0.00031499703807870004,0.0002899647460997,0.00015655815334359997,6.51672784551e-05
1,-0.00032484384247429996,0.0,-0.0003469391612895,-9.84680439559992e-06,-3.4879096374599954e-05,-0.0001682856891307,-0.00025967656401919997
2,2.2095318815200013e-05,0.0003469391612895,0.0,0.00033709235689390006,0.0003120600649149,0.00017865347215879999,8.726259727030001e-05
3,-0.00031499703807870004,9.84680439559992e-06,-0.00033709235689390006,0.0,-2.5032291979000033e-05,-0.00015843888473510007,-0.00024982975962360005
4,-0.0002899647460997,3.4879096374599954e-05,-0.0003120600649149,2.5032291979000033e-05,0.0,-0.00013340659275610004,-0.00022479746764460001
5,-0.00015655815334359997,0.0001682856891307,-0.00017865347215879999,0.00015843888473510007,0.00013340659275610004,0.0,-9.139087488849998e-05
6,-6.51672784551e-05,0.00025967656401919997,-8.726259727030001e-05,0.00024982975962360005,0.00022479746764460001,9.139087488849998e-05,0.0
