,abstracts,news,reviews,qa
0,0.0,0.002319595185647014,0.001137211305098214,-0.00019958172659058606
1,-0.002319595185647014,0.0,-0.0011823838805487998,-0.0025191769122376
2,-0.001137211305098214,0.0011823838805487998,0.0,-0.0013367930316888
3,0.00019958172659058606,0.0025191769122376,0.0013367930316888,0.0
