,abstracts,news,reviews,qa
0,0.0,0.0026432863025519044,0.001051226271483404,-0.00010365570430979584
1,-0.0026432863025519044,0.0,-0.0015920600310685002,-0.0027469420068617
2,-0.001051226271483404,0.0015920600310685002,0.0,-0.0011548819757932
3,0.00010365570430979584,0.0027469420068617,0.0011548819757932,0.0
