,zero_shot_baseline,in_context_learning_3-shot,style_information_style_example,chain_of_thought_zero_shot,chain_of_thought_one_shot,self-refine
0,0.0,0.00047083902152770006,0.00011214316070990002,1.5649466561600076e-05,0.00035958039725460006,-0.0005018978329105999
1,-0.00047083902152770006,0.0,-0.00035869586081780004,-0.0004551895549661,-0.0001112586242731,-0.0009727368544382999
2,-0.00011214316070990002,0.00035869586081780004,0.0,-9.649369414829994e-05,0.00024743723654470004,-0.0006140409936205
3,-1.5649466561600076e-05,0.0004551895549661,9.649369414829994e-05,0.0,0.000343930930693,-0.0005175472994722
4,-0.00035958039725460006,0.0001112586242731,-0.00024743723654470004,-0.000343930930693,0.0,-0.0008614782301652
5,0.0005018978329105999,0.0009727368544382999,0.0006140409936205,0.0005175472994722,0.0008614782301652,0.0
