,zero_shot_baseline,in_context_learning_3-shot,style_information_style_example,chain_of_thought_zero_shot,chain_of_thought_one_shot,self-refine
0,0.0,0.00020493664658310007,0.00041307337708770006,-0.00024330038002960002,0.00014628708726600003,-0.0007866797192312001
1,-0.00020493664658310007,0.0,0.0002081367305046,-0.0004482370266127001,-5.864955931710004e-05,-0.0009916163658143001
2,-0.00041307337708770006,-0.0002081367305046,0.0,-0.0006563737571173001,-0.00026678628982170004,-0.0011997530963189001
3,0.00024330038002960002,0.0004482370266127001,0.0006563737571173001,0.0,0.00038958746729560005,-0.0005433793392016
4,-0.00014628708726600003,5.864955931710004e-05,0.00026678628982170004,-0.00038958746729560005,0.0,-0.0009329668064972001
5,0.0007866797192312001,0.0009916163658143001,0.0011997530963189001,0.0005433793392016,0.0009329668064972001,0.0
