,zero_shot_baseline,in_context_learning_3-shot,style_information_style_example,chain_of_thought_zero_shot,chain_of_thought_one_shot,self-refine
0,0.0,0.00020097644152510018,-0.0001551309125749998,-5.486439936199959e-06,-0.00012950379189379988,0.0001497613080936001
1,-0.00020097644152510018,0.0,-0.0003561073541001,-0.00020646288146130014,-0.00033048023341890006,-5.121513343150008e-05
2,0.0001551309125749998,0.0003561073541001,0.0,0.00014964447263879983,2.5627120681199914e-05,0.0003048922206685999
3,5.486439936199959e-06,0.00020646288146130014,-0.00014964447263879983,0.0,-0.00012401735195759992,0.00015524774802980006
4,0.00012950379189379988,0.00033048023341890006,-2.5627120681199914e-05,0.00012401735195759992,0.0,0.0002792650999874
5,-0.0001497613080936001,5.121513343150008e-05,-0.0003048922206685999,-0.00015524774802980006,-0.0002792650999874,0.0
