,zero_shot_baseline,in_context_learning_3-shot,style_information_style_example,chain_of_thought_zero_shot,chain_of_thought_one_shot,self-refine
0,0.0,3.069343878468935e-06,7.026611567765337e-07,-8.227975115392669e-07,-5.319674193849949e-08,6.984989273603424e-08
1,-3.069343878468935e-06,0.0,-2.366682721692401e-06,-3.892141390008202e-06,-3.1225406204074344e-06,-2.9994939857329007e-06
2,-7.026611567765337e-07,2.366682721692401e-06,0.0,-1.5254586683158006e-06,-7.558578987150332e-07,-6.328112640404995e-07
3,8.227975115392669e-07,3.892141390008202e-06,1.5254586683158006e-06,0.0,7.696007696007674e-07,8.926474042753011e-07
4,5.319674193849949e-08,3.1225406204074344e-06,7.558578987150332e-07,-7.696007696007674e-07,0.0,1.2304663467453373e-07
5,-6.984989273603424e-08,2.9994939857329007e-06,6.328112640404995e-07,-8.926474042753011e-07,-1.2304663467453373e-07,0.0
