,zero_shot_baseline,in_context_learning_3-shot,style_information_style_example,chain_of_thought_zero_shot,chain_of_thought_one_shot,self-refine
0,0.0,0.000229080906111,-0.00027563556222280004,-9.513139555829996e-05,8.345382756620002e-05,-0.0003868004171441
1,-0.000229080906111,0.0,-0.0005047164683338,-0.00032421230166929994,-0.00014562707854479998,-0.0006158813232551
2,0.00027563556222280004,0.0005047164683338,0.0,0.00018050416666450008,0.00035908938978900006,-0.00011116485492129995
3,9.513139555829996e-05,0.00032421230166929994,-0.00018050416666450008,0.0,0.00017858522312449998,-0.00029166902158580003
4,-8.345382756620002e-05,0.00014562707854479998,-0.00035908938978900006,-0.00017858522312449998,0.0,-0.0004702542447103
5,0.0003868004171441,0.0006158813232551,0.00011116485492129995,0.00029166902158580003,0.0004702542447103,0.0
