,zero_shot_baseline,in_context_learning_3-shot,style_information_style_example,chain_of_thought_zero_shot,chain_of_thought_one_shot,self-refine
0,0.0,-7.308214628463245e-06,1.4367816091954e-06,1.4367816091954e-06,-3.383629461215633e-06,1.4367816091954e-06
1,7.308214628463245e-06,0.0,8.744996237658645e-06,8.744996237658645e-06,3.924585167247612e-06,8.744996237658645e-06
2,-1.4367816091954e-06,-8.744996237658645e-06,0.0,0.0,-4.820411070411033e-06,0.0
3,-1.4367816091954e-06,-8.744996237658645e-06,0.0,0.0,-4.820411070411033e-06,0.0
4,3.383629461215633e-06,-3.924585167247612e-06,4.820411070411033e-06,4.820411070411033e-06,0.0,4.820411070411033e-06
5,-1.4367816091954e-06,-8.744996237658645e-06,0.0,0.0,-4.820411070411033e-06,0.0
