,zero_shot_baseline,in_context_learning_3-shot,style_information_style_example,chain_of_thought_zero_shot,chain_of_thought_one_shot,self-refine
0,0.0,-6.852517175599999e-05,0.0001518463783585,0.000125519936094,0.0007035877917583686,-0.00029588499709079996
1,6.852517175599999e-05,0.0,0.00022037155011449998,0.00019404510784999998,0.0007721129635143685,-0.00022735982533479996
2,-0.0001518463783585,-0.00022037155011449998,0.0,-2.6326442264499998e-05,0.0005517414133998685,-0.00044773137544929995
3,-0.000125519936094,-0.00019404510784999998,2.6326442264499998e-05,0.0,0.0005780678556643686,-0.00042140493318479995
4,-0.0007035877917583686,-0.0007721129635143685,-0.0005517414133998685,-0.0005780678556643686,0.0,-0.0009994727888491684
5,0.00029588499709079996,0.00022735982533479996,0.00044773137544929995,0.00042140493318479995,0.0009994727888491684,0.0
