,zero_shot_baseline,in_context_learning_3-shot,style_information_style_example,chain_of_thought_zero_shot,chain_of_thought_one_shot,self-refine
0,0.0,0.00027552157512289997,0.00029781196962170003,-4.5238888199599986e-05,-5.283991527460009e-05,-0.0005228574683047002
1,-0.00027552157512289997,0.0,2.229039449880006e-05,-0.00032076046332249995,-0.00032836149039750006,-0.0007983790434276002
2,-0.00029781196962170003,-2.229039449880006e-05,0.0,-0.0003430508578213,-0.0003506518848963001,-0.0008206694379264002
3,4.5238888199599986e-05,0.00032076046332249995,0.0003430508578213,0.0,-7.601027075000103e-06,-0.0004776185801051002
4,5.283991527460009e-05,0.00032836149039750006,0.0003506518848963001,7.601027075000103e-06,0.0,-0.0004700175530301001
5,0.0005228574683047002,0.0007983790434276002,0.0008206694379264002,0.0004776185801051002,0.0004700175530301001,0.0
