,abstracts,news,reviews,qa
0,0.0,0.002372135177725646,0.001007741195844946,6.170514338675904e-05
1,-0.002372135177725646,0.0,-0.0013643939818807,-0.0023104300343388872
2,-0.001007741195844946,0.0013643939818807,0.0,-0.000946036052458187
3,-6.170514338675904e-05,0.0023104300343388872,0.000946036052458187,0.0
