,zero_shot_baseline,in_context_learning_3-shot,style_information_style_example,chain_of_thought_zero_shot,chain_of_thought_one_shot,self-refine
0,0.0,-0.00011981030410759992,-0.00015526570106279996,-0.00015896534192119996,-0.00025938268949190005,-0.0009608655408328002
1,0.00011981030410759992,0.0,-3.545539695520004e-05,-3.9155037813600043e-05,-0.00013957238538430013,-0.0008410552367252003
2,0.00015526570106279996,3.545539695520004e-05,0.0,-3.6996408584000044e-06,-0.00010411698842910009,-0.0008055998397700002
3,0.00015896534192119996,3.9155037813600043e-05,3.6996408584000044e-06,0.0,-0.00010041734757070008,-0.0008019001989116002
4,0.00025938268949190005,0.00013957238538430013,0.00010411698842910009,0.00010041734757070008,0.0,-0.0007014828513409001
5,0.0009608655408328002,0.0008410552367252003,0.0008055998397700002,0.0008019001989116002,0.0007014828513409001,0.0
