,zero_shot_baseline,in_context_learning_3-shot,style_information_style_example,chain_of_thought_zero_shot,chain_of_thought_one_shot,self-refine
0,0.0,-0.0012051300481963,-0.00023459893240590003,-6.121050090290001e-05,-0.0003073734344921999,-0.0005489650226080999
1,0.0012051300481963,0.0,0.0009705311157904,0.0011439195472934,0.0008977566137041001,0.0006561650255882002
2,0.00023459893240590003,-0.0009705311157904,0.0,0.000173388431503,-7.27745020862999e-05,-0.00031436609020219983
3,6.121050090290001e-05,-0.0011439195472934,-0.000173388431503,0.0,-0.0002461629335892999,-0.00048775452170519984
4,0.0003073734344921999,-0.0008977566137041001,7.27745020862999e-05,0.0002461629335892999,0.0,-0.00024159158811589993
5,0.0005489650226080999,-0.0006561650255882002,0.00031436609020219983,0.00048775452170519984,0.00024159158811589993,0.0
