,zero_shot_baseline,in_context_learning_3-shot,style_information_style_example,chain_of_thought_zero_shot,chain_of_thought_one_shot,self-refine
0,0.0,-1.817192978691405e-06,1.1925594659407335e-06,4.7961630695443335e-06,-1.5834222574094004e-06,4.7961630695443335e-06
1,1.817192978691405e-06,0.0,3.0097524446321384e-06,6.6133560482357385e-06,2.3377072128200456e-07,6.6133560482357385e-06
2,-1.1925594659407335e-06,-3.0097524446321384e-06,0.0,3.6036036036036e-06,-2.775981723350134e-06,3.6036036036036e-06
3,-4.7961630695443335e-06,-6.6133560482357385e-06,-3.6036036036036e-06,0.0,-6.379585326953734e-06,0.0
4,1.5834222574094004e-06,-2.3377072128200456e-07,2.775981723350134e-06,6.379585326953734e-06,0.0,6.379585326953734e-06
5,-4.7961630695443335e-06,-6.6133560482357385e-06,-3.6036036036036e-06,0.0,-6.379585326953734e-06,0.0
