,zero_shot_baseline,in_context_learning_3-shot,style_information_style_example,chain_of_thought_zero_shot,chain_of_thought_one_shot,self-refine
0,0.0,-0.00037103587166770007,0.00010911375255049998,-0.00042674726100349995,0.0001228801755239,-0.0006970086087117
1,0.00037103587166770007,0.0,0.00048014962421820005,-5.571138933579988e-05,0.0004939160471916001,-0.00032597273704399994
2,-0.00010911375255049998,-0.00048014962421820005,0.0,-0.0005358610135539999,1.3766422973400028e-05,-0.0008061223612622
3,0.00042674726100349995,5.571138933579988e-05,0.0005358610135539999,0.0,0.0005496274365274,-0.00027026134770820006
4,-0.0001228801755239,-0.0004939160471916001,-1.3766422973400028e-05,-0.0005496274365274,0.0,-0.0008198887842356
5,0.0006970086087117,0.00032597273704399994,0.0008061223612622,0.00027026134770820006,0.0008198887842356,0.0
