,zero_shot_baseline,in_context_learning_3-shot,style_information_style_example,chain_of_thought_zero_shot,chain_of_thought_one_shot,self-refine
0,0.0,-3.337489638969996e-05,-1.138604947049991e-05,-1.3671030823699968e-05,-0.0003306019939930999,-0.0007451158381468
1,3.337489638969996e-05,0.0,2.1988846919200047e-05,1.970386556599999e-05,-0.0002972270976033999,-0.0007117409417571
2,1.138604947049991e-05,-2.1988846919200047e-05,0.0,-2.284981353200058e-06,-0.00031921594452259997,-0.0007337297886763001
3,1.3671030823699968e-05,-1.970386556599999e-05,2.284981353200058e-06,0.0,-0.0003169309631693999,-0.0007314448073231
4,0.0003306019939930999,0.0002972270976033999,0.00031921594452259997,0.0003169309631693999,0.0,-0.0004145138441537001
5,0.0007451158381468,0.0007117409417571,0.0007337297886763001,0.0007314448073231,0.0004145138441537001,0.0
