,zero_shot_baseline,in_context_learning_3-shot,style_information_style_example,chain_of_thought_zero_shot,chain_of_thought_one_shot,self-refine
0,0.0,-0.0007550952739181,0.00039338407666360004,-0.0002277501116298,0.0001234078943315,-0.0005074062219694999
1,0.0007550952739181,0.0,0.0011484793505817,0.0005273451622883,0.0008785031682496,0.0002476890519486001
2,-0.00039338407666360004,-0.0011484793505817,0.0,-0.0006211341882934,-0.00026997618233210005,-0.0009007902986331
3,0.0002277501116298,-0.0005273451622883,0.0006211341882934,0.0,0.0003511580059613,-0.0002796561103396999
4,-0.0001234078943315,-0.0008785031682496,0.00026997618233210005,-0.0003511580059613,0.0,-0.0006308141163009999
5,0.0005074062219694999,-0.0002476890519486001,0.0009007902986331,0.0002796561103396999,0.0006308141163009999,0.0
