,zero_shot_baseline,in_context_learning_3-shot,style_information_style_example,chain_of_thought_zero_shot,chain_of_thought_one_shot,self-refine
0,0.0,-0.0001024119373271,0.0003650416390239,-0.00019774459302819992,-8.0897691526e-05,-0.00074446797441
1,0.0001024119373271,0.0,0.000467453576351,-9.533265570109992e-05,2.15142458011e-05,-0.0006420560370829
2,-0.0003650416390239,-0.000467453576351,0.0,-0.0005627862320521,-0.0004459393305499,-0.0011095096134339
3,0.00019774459302819992,9.533265570109992e-05,0.0005627862320521,0.0,0.00011684690150219992,-0.0005467233813818001
4,8.0897691526e-05,-2.15142458011e-05,0.0004459393305499,-0.00011684690150219992,0.0,-0.000663570282884
5,0.00074446797441,0.0006420560370829,0.0011095096134339,0.0005467233813818001,0.000663570282884,0.0
