,zero_shot_baseline,in_context_learning_3-shot,style_information_style_example,chain_of_thought_zero_shot,chain_of_thought_one_shot,self-refine
0,0.0,-1.2013789119191691e-06,7.686690495407333e-07,-3.106265337186732e-08,1.1337868480725668e-06,2.2203325774754333e-06
1,1.2013789119191691e-06,0.0,1.9700479614599025e-06,1.1703162585473018e-06,2.335165759991736e-06,3.4217114893946024e-06
2,-7.686690495407333e-07,-1.9700479614599025e-06,0.0,-7.997317029126007e-07,3.6511779853183344e-07,1.4516635279347e-06
3,3.106265337186732e-08,-1.1703162585473018e-06,7.997317029126007e-07,0.0,1.164849501444434e-06,2.2513952308473006e-06
4,-1.1337868480725668e-06,-2.335165759991736e-06,-3.6511779853183344e-07,-1.164849501444434e-06,0.0,1.0865457294028665e-06
5,-2.2203325774754333e-06,-3.4217114893946024e-06,-1.4516635279347e-06,-2.2513952308473006e-06,-1.0865457294028665e-06,0.0
