,zero_shot_baseline,in_context_learning_3-shot,style_information_style_example,chain_of_thought_zero_shot,chain_of_thought_one_shot,self-refine
0,0.0,-0.0010720568382802998,0.00012072455944370003,7.122978209500087e-06,0.00014591869135300006,-0.0003646845583134999
1,0.0010720568382802998,0.0,0.001192781397724,0.0010791798164898,0.0012179755296333,0.0007073722799668
2,-0.00012072455944370003,-0.001192781397724,0.0,-0.00011360158123419994,2.5194131909300028e-05,-0.00048540911775719995
3,-7.122978209500087e-06,-0.0010791798164898,0.00011360158123419994,0.0,0.00013879571314349997,-0.000371807536523
4,-0.00014591869135300006,-0.0012179755296333,-2.5194131909300028e-05,-0.00013879571314349997,0.0,-0.0005106032496665
5,0.0003646845583134999,-0.0007073722799668,0.00048540911775719995,0.000371807536523,0.0005106032496665,0.0
