,mistral,deepseek,llama3.3,qwen72b,qwen32b,qwen14b,solar
0,0.0,0.00011316279303169997,-1.1298604354299975e-05,0.0003142700804148,0.00041606554964,0.00015372302723599995,0.00024424320824309995
1,-0.00011316279303169997,0.0,-0.00012446139738599995,0.00020110728738310002,0.0003029027566083,4.0560234204299974e-05,0.00013108041521139998
2,1.1298604354299975e-05,0.00012446139738599995,0.0,0.00032556868476909997,0.00042736415399429996,0.00016502163159029992,0.00025554181259739993
3,-0.0003142700804148,-0.00020110728738310002,-0.00032556868476909997,0.0,0.00010179546922519999,-0.00016054705317880005,-7.002687217170004e-05
4,-0.00041606554964,-0.0003029027566083,-0.00042736415399429996,-0.00010179546922519999,0.0,-0.00026234252240400004,-0.00017182234139690003
5,-0.00015372302723599995,-4.0560234204299974e-05,-0.00016502163159029992,0.00016054705317880005,0.00026234252240400004,0.0,9.052018100710001e-05
6,-0.00024424320824309995,-0.00013108041521139998,-0.00025554181259739993,7.002687217170004e-05,0.00017182234139690003,-9.052018100710001e-05,0.0
