,zero_shot_baseline,in_context_learning_3-shot,style_information_style_example,chain_of_thought_zero_shot,chain_of_thought_one_shot,self-refine
0,0.0,-9.668018888339994e-05,8.92169402520001e-05,0.00018721088214310004,-8.804219836029996e-05,-2.840362157329997e-05
1,9.668018888339994e-05,0.0,0.00018589712913540004,0.0002838910710265,8.63799052309999e-06,6.827656731009997e-05
2,-8.92169402520001e-05,-0.00018589712913540004,0.0,9.799394189109994e-05,-0.00017725913861230006,-0.00011762056182530007
3,-0.00018721088214310004,-0.0002838910710265,-9.799394189109994e-05,0.0,-0.0002752530805034,-0.0002156145037164
4,8.804219836029996e-05,-8.63799052309999e-06,0.00017725913861230006,0.0002752530805034,0.0,5.9638576786999985e-05
5,2.840362157329997e-05,-6.827656731009997e-05,0.00011762056182530007,0.0002156145037164,-5.9638576786999985e-05,0.0
