,zero_shot_baseline,in_context_learning_3-shot,style_information_style_example,chain_of_thought_zero_shot,chain_of_thought_one_shot,self-refine
0,0.0,-6.162646376342299e-06,0.0,-3.0721966205837e-06,-8.250825082508233e-06,0.0
1,6.162646376342299e-06,0.0,6.162646376342299e-06,3.090449755758599e-06,-2.088178706165934e-06,6.162646376342299e-06
2,0.0,-6.162646376342299e-06,0.0,-3.0721966205837e-06,-8.250825082508233e-06,0.0
3,3.0721966205837e-06,-3.090449755758599e-06,3.0721966205837e-06,0.0,-5.1786284619245336e-06,3.0721966205837e-06
4,8.250825082508233e-06,2.088178706165934e-06,8.250825082508233e-06,5.1786284619245336e-06,0.0,8.250825082508233e-06
5,0.0,-6.162646376342299e-06,0.0,-3.0721966205837e-06,-8.250825082508233e-06,0.0
