,abstracts,news,reviews,qa
0,0.0,0.0022370074284540583,0.0008977642599246583,-0.00025995284197614173
1,-0.0022370074284540583,0.0,-0.0013392431685294,-0.0024969602704302003
2,-0.0008977642599246583,0.0013392431685294,0.0,-0.0011577171019008
3,0.00025995284197614173,0.0024969602704302003,0.0011577171019008,0.0
