,mistral,deepseek,llama3.3,qwen72b,qwen32b,qwen14b,solar
0,0.0,1.5303816294700602e-05,-0.0009683427287931999,0.0009471093670090002,0.002329126850649,0.0010225824806098004,-0.0010193780831495
1,-1.5303816294700602e-05,0.0,-0.0009836465450879005,0.0009318055507142996,0.0023138230343542994,0.0010072786643150998,-0.0010346818994442005
2,0.0009683427287931999,0.0009836465450879005,0.0,0.0019154520958022002,0.0032974695794422,0.0019909252094030003,-5.10353543563e-05
3,-0.0009471093670090002,-0.0009318055507142996,-0.0019154520958022002,0.0,0.0013820174836399997,7.547311360080015e-05,-0.0019664874501585
4,-0.002329126850649,-0.0023138230343542994,-0.0032974695794422,-0.0013820174836399997,0.0,-0.0013065443700391996,-0.0033485049337985
5,-0.0010225824806098004,-0.0010072786643150998,-0.0019909252094030003,-7.547311360080015e-05,0.0013065443700391996,0.0,-0.0020419605637593003
6,0.0010193780831495,0.0010346818994442005,5.10353543563e-05,0.0019664874501585,0.0033485049337985,0.0020419605637593003,0.0
