,zero_shot_baseline,in_context_learning_3-shot,style_information_style_example,chain_of_thought_zero_shot,chain_of_thought_one_shot,self-refine
0,0.0,-1.932870574122807e-05,-3.6716752565836355e-05,3.7453183520599e-06,-1.7974524345206337e-06,-6.316124877458161e-05
1,1.932870574122807e-05,0.0,-1.7388046824608288e-05,2.307402409328797e-05,1.7531253306707436e-05,-4.383254303335354e-05
2,3.6716752565836355e-05,1.7388046824608288e-05,0.0,4.046207091789626e-05,3.4919300131315724e-05,-2.644449620874525e-05
3,-3.7453183520599e-06,-2.307402409328797e-05,-4.046207091789626e-05,0.0,-5.542770786580534e-06,-6.69065671266415e-05
4,1.7974524345206337e-06,-1.7531253306707436e-05,-3.4919300131315724e-05,5.542770786580534e-06,0.0,-6.136379634006097e-05
5,6.316124877458161e-05,4.383254303335354e-05,2.644449620874525e-05,6.69065671266415e-05,6.136379634006097e-05,0.0
