,zero_shot_baseline,in_context_learning_3-shot,style_information_style_example,chain_of_thought_zero_shot,chain_of_thought_one_shot,self-refine
0,0.0,1.3192902506999993e-05,0.00016992050925960004,-1.4760880948499967e-05,0.0003258058301656,-0.0003133296887439
1,-1.3192902506999993e-05,0.0,0.00015672760675260005,-2.795378345549996e-05,0.0003126129276586,-0.0003265225912509
2,-0.00016992050925960004,-0.00015672760675260005,0.0,-0.0001846813902081,0.00015588532090599994,-0.00048325019800350005
3,1.4760880948499967e-05,2.795378345549996e-05,0.0001846813902081,0.0,0.00034056671111409994,-0.00029856880779540005
4,-0.0003258058301656,-0.0003126129276586,-0.00015588532090599994,-0.00034056671111409994,0.0,-0.0006391355189095
5,0.0003133296887439,0.0003265225912509,0.00048325019800350005,0.00029856880779540005,0.0006391355189095,0.0
