,zero_shot_baseline,in_context_learning_3-shot,style_information_style_example,chain_of_thought_zero_shot,chain_of_thought_one_shot,self-refine
0,0.0,0.0035316938946697,0.0008702052159506989,0.0004008411004532992,-0.0014563019685895004,-0.0007151237332237003
1,-0.0035316938946697,0.0,-0.002661488678719001,-0.003130852794216401,-0.0049879958632592005,-0.0042468176278934
2,-0.0008702052159506989,0.002661488678719001,0.0,-0.00046936411549739973,-0.0023265071845401993,-0.0015853289491743992
3,-0.0004008411004532992,0.003130852794216401,0.00046936411549739973,0.0,-0.0018571430690427996,-0.0011159648336769995
4,0.0014563019685895004,0.0049879958632592005,0.0023265071845401993,0.0018571430690427996,0.0,0.0007411782353658001
5,0.0007151237332237003,0.0042468176278934,0.0015853289491743992,0.0011159648336769995,-0.0007411782353658001,0.0
