,zero_shot_baseline,in_context_learning_3-shot,style_information_style_example,chain_of_thought_zero_shot,chain_of_thought_one_shot,self-refine
0,0.0,0.0004423305000845999,0.0007184125803511997,-7.226599011599805e-06,0.0016063899710501996,-0.0003078769545742004
1,-0.0004423305000845999,0.0,0.00027608208026659977,-0.00044955709909619973,0.0011640594709655997,-0.0007502074546588003
2,-0.0007184125803511997,-0.00027608208026659977,0.0,-0.0007256391793627995,0.0008879773906989999,-0.0010262895349254
3,7.226599011599805e-06,0.00044955709909619973,0.0007256391793627995,0.0,0.0016136165700617994,-0.0003006503555626006
4,-0.0016063899710501996,-0.0011640594709655997,-0.0008879773906989999,-0.0016136165700617994,0.0,-0.0019142669256244
5,0.0003078769545742004,0.0007502074546588003,0.0010262895349254,0.0003006503555626006,0.0019142669256244,0.0
