,abstracts,news,reviews,qa
0,0.0,0.0078473106962681,0.0043157285265728,-0.0100430600916104
1,-0.0078473106962681,0.0,-0.0035315821696952996,-0.0178903707878785
2,-0.0043157285265728,0.0035315821696952996,0.0,-0.0143587886181832
3,0.0100430600916104,0.0178903707878785,0.0143587886181832,0.0
