,zero_shot_baseline,in_context_learning_3-shot,style_information_style_example,chain_of_thought_zero_shot,chain_of_thought_one_shot,self-refine
0,0.0,-0.0005126806896801001,6.239246265849998e-05,5.85545735173e-05,-0.0002179270945483,-0.00036166479300799996
1,0.0005126806896801001,0.0,0.0005750731523386,0.0005712352631974001,0.00029475359513180004,0.00015101589667210007
2,-6.239246265849998e-05,-0.0005750731523386,0.0,-3.8378891411999815e-06,-0.00028031955720679997,-0.00042405725566649994
3,-5.85545735173e-05,-0.0005712352631974001,3.8378891411999815e-06,0.0,-0.0002764816680656,-0.00042021936652529996
4,0.0002179270945483,-0.00029475359513180004,0.00028031955720679997,0.0002764816680656,0.0,-0.00014373769845969997
5,0.00036166479300799996,-0.00015101589667210007,0.00042405725566649994,0.00042021936652529996,0.00014373769845969997,0.0
