,zero_shot_baseline,in_context_learning_3-shot,style_information_style_example,chain_of_thought_zero_shot,chain_of_thought_one_shot,self-refine
0,0.0,0.00017561134521870003,-7.750428486709996e-05,-1.6731806260799958e-05,0.00017536248506570001,0.0001476438280063
1,-0.00017561134521870003,0.0,-0.0002531156300858,-0.0001923431514795,-2.4886015300001614e-07,-2.7967517212400023e-05
2,7.750428486709996e-05,0.0002531156300858,0.0,6.07724786063e-05,0.00025286676993279994,0.00022514811287339996
3,1.6731806260799958e-05,0.0001923431514795,-6.07724786063e-05,0.0,0.00019209429132649997,0.00016437563426709997
4,-0.00017536248506570001,2.4886015300001614e-07,-0.00025286676993279994,-0.00019209429132649997,0.0,-2.7718657059400007e-05
5,-0.0001476438280063,2.7967517212400023e-05,-0.00022514811287339996,-0.00016437563426709997,2.7718657059400007e-05,0.0
