,zero_shot_baseline,in_context_learning_3-shot,style_information_style_example,chain_of_thought_zero_shot,chain_of_thought_one_shot,self-refine
0,0.0,0.0005636918401328002,0.00017431180049620005,-7.779865515869988e-05,0.0006108477202153,-0.0021876053690580003
1,-0.0005636918401328002,0.0,-0.00038938003963660014,-0.0006414904952915001,4.715588008249983e-05,-0.0027512972091908007
2,-0.00017431180049620005,0.00038938003963660014,0.0,-0.00025211045565489993,0.00043653591971909997,-0.0023619171695542004
3,7.779865515869988e-05,0.0006414904952915001,0.00025211045565489993,0.0,0.0006886463753739999,-0.0021098067138993004
4,-0.0006108477202153,-4.715588008249983e-05,-0.00043653591971909997,-0.0006886463753739999,0.0,-0.0027984530892733003
5,0.0021876053690580003,0.0027512972091908007,0.0023619171695542004,0.0021098067138993004,0.0027984530892733003,0.0
