,mistral,deepseek,llama3.3,qwen72b,qwen32b,qwen14b,solar
0,0.0,0.0008034314815140997,0.0012977712921378,0.0008402129611078,0.0009945711066545997,0.0010577465988579997,0.0011159060854189998
1,-0.0008034314815140997,0.0,0.0004943398106237002,3.678147959370031e-05,0.00019113962514050002,0.00025431511734389997,0.00031247460390490013
2,-0.0012977712921378,-0.0004943398106237002,0.0,-0.0004575583310299999,-0.0003032001854832002,-0.00024002469327980024,-0.00018186520671880009
3,-0.0008402129611078,-3.678147959370031e-05,0.0004575583310299999,0.0,0.0001543581455467997,0.00021753363775019966,0.0002756931243111998
4,-0.0009945711066545997,-0.00019113962514050002,0.0003032001854832002,-0.0001543581455467997,0.0,6.317549220339995e-05,0.00012133497876440011
5,-0.0010577465988579997,-0.00025431511734389997,0.00024002469327980024,-0.00021753363775019966,-6.317549220339995e-05,0.0,5.815948656100016e-05
6,-0.0011159060854189998,-0.00031247460390490013,0.00018186520671880009,-0.0002756931243111998,-0.00012133497876440011,-5.815948656100016e-05,0.0
