,zero_shot_baseline,in_context_learning_3-shot,style_information_style_example,chain_of_thought_zero_shot,chain_of_thought_one_shot,self-refine
0,0.0,-2.1779748849314992e-05,3.2057552632789016e-06,8.173369303356102e-06,5.989469978161501e-06,-5.066686215956998e-06
1,2.1779748849314992e-05,0.0,2.498550411259389e-05,2.9953118152671094e-05,2.7769218827476492e-05,1.6713062633357994e-05
2,-3.2057552632789016e-06,-2.498550411259389e-05,0.0,4.9676140400772e-06,2.7837147148826e-06,-8.2724414792359e-06
3,-8.173369303356102e-06,-2.9953118152671094e-05,-4.9676140400772e-06,0.0,-2.1838993251946003e-06,-1.32400555193131e-05
4,-5.989469978161501e-06,-2.7769218827476492e-05,-2.7837147148826e-06,2.1838993251946003e-06,0.0,-1.1056156194118498e-05
5,5.066686215956998e-06,-1.6713062633357994e-05,8.2724414792359e-06,1.32400555193131e-05,1.1056156194118498e-05,0.0
