,mistral,deepseek,llama3.3,qwen72b,qwen32b,qwen14b,solar
0,0.0,0.0007047267856247,0.0014309740567659,-6.239433591829959e-05,2.9802857359800122e-05,0.0004288978825650004,-0.0004045429594695003
1,-0.0007047267856247,0.0,0.0007262472711412,-0.0007671211215429996,-0.0006749239282648999,-0.0002758289030596996,-0.0011092697450942003
2,-0.0014309740567659,-0.0007262472711412,0.0,-0.0014933683926841995,-0.0014011711994060998,-0.0010020761742008995,-0.0018355170162354002
3,6.239433591829959e-05,0.0007671211215429996,0.0014933683926841995,0.0,9.219719327809971e-05,0.0004912922184833,-0.0003421486235512007
4,-2.9802857359800122e-05,0.0006749239282648999,0.0014011711994060998,-9.219719327809971e-05,0.0,0.00039909502520520026,-0.0004343458168293004
5,-0.0004288978825650004,0.0002758289030596996,0.0010020761742008995,-0.0004912922184833,-0.00039909502520520026,0.0,-0.0008334408420345007
6,0.0004045429594695003,0.0011092697450942003,0.0018355170162354002,0.0003421486235512007,0.0004343458168293004,0.0008334408420345007,0.0
