,zero_shot_baseline,in_context_learning_3-shot,style_information_style_example,chain_of_thought_zero_shot,chain_of_thought_one_shot,self-refine
0,0.0,0.00033582996920270003,0.0002030686948600001,0.00025621286230990015,0.00039763153602420014,0.0017468853813932
1,-0.00033582996920270003,0.0,-0.00013276127434269994,-7.961710689279988e-05,6.180156682150011e-05,0.0014110554121904999
2,-0.0002030686948600001,0.00013276127434269994,0.0,5.314416744990006e-05,0.00019456284116420005,0.0015438166865331998
3,-0.00025621286230990015,7.961710689279988e-05,-5.314416744990006e-05,0.0,0.00014141867371429999,0.0014906725190832997
4,-0.00039763153602420014,-6.180156682150011e-05,-0.00019456284116420005,-0.00014141867371429999,0.0,0.0013492538453689998
5,-0.0017468853813932,-0.0014110554121904999,-0.0015438166865331998,-0.0014906725190832997,-0.0013492538453689998,0.0
