,mistral,deepseek,llama3.3,qwen72b,qwen32b,qwen14b,solar
0,0.0,0.0025390149462852004,0.0037016058948281996,7.60662251858002e-05,-0.0005187362729362002,4.7556695652399214e-05,0.0019363215672244995
1,-0.0025390149462852004,0.0,0.0011625909485429992,-0.0024629487210994,-0.0030577512192214006,-0.002491458250632801,-0.0006026933790607009
2,-0.0037016058948281996,-0.0011625909485429992,0.0,-0.0036255396696423994,-0.0042203421677644,-0.0036540491991758003,-0.0017652843276037
3,-7.60662251858002e-05,0.0024629487210994,0.0036255396696423994,0.0,-0.0005948024981220004,-2.8509529533400982e-05,0.0018602553420386993
4,0.0005187362729362002,0.0030577512192214006,0.0042203421677644,0.0005948024981220004,0.0,0.0005662929685885994,0.0024550578401606998
5,-4.7556695652399214e-05,0.002491458250632801,0.0036540491991758003,2.8509529533400982e-05,-0.0005662929685885994,0.0,0.0018887648715721003
6,-0.0019363215672244995,0.0006026933790607009,0.0017652843276037,-0.0018602553420386993,-0.0024550578401606998,-0.0018887648715721003,0.0
