,abstracts,news,reviews,qa
0,0.0,0.0022972982263258,-0.0020136862508995,-0.0025754147470834
1,-0.0022972982263258,0.0,-0.0043109844772252996,-0.0048727129734092
2,0.0020136862508995,0.0043109844772252996,0.0,-0.0005617284961839
3,0.0025754147470834,0.0048727129734092,0.0005617284961839,0.0
