,zero_shot_baseline,in_context_learning_3-shot,style_information_style_example,chain_of_thought_zero_shot,chain_of_thought_one_shot,self-refine
0,0.0,0.0015071242463716005,0.0005714489094812,-9.333740401090002e-05,0.00040051789112110006,-0.0010357353274573003
1,-0.0015071242463716005,0.0,-0.0009356753368904005,-0.0016004616503825005,-0.0011066063552505005,-0.002542859573828901
2,-0.0005714489094812,0.0009356753368904005,0.0,-0.0006647863134921,-0.00017093101836009993,-0.0016071842369385003
3,9.333740401090002e-05,0.0016004616503825005,0.0006647863134921,0.0,0.0004938552951320001,-0.0009423979234464003
4,-0.00040051789112110006,0.0011066063552505005,0.00017093101836009993,-0.0004938552951320001,0.0,-0.0014362532185784004
5,0.0010357353274573003,0.002542859573828901,0.0016071842369385003,0.0009423979234464003,0.0014362532185784004,0.0
