,zero_shot_baseline,in_context_learning_3-shot,style_information_style_example,chain_of_thought_zero_shot,chain_of_thought_one_shot,self-refine
0,0.0,-9.262600867099993e-06,-0.00016591729943890002,-8.781266158e-06,2.4210327984963882e-05,1.021622142200001e-05
1,9.262600867099993e-06,0.0,-0.0001566546985718,4.813347090999926e-07,3.3472928852063875e-05,1.9478822289100003e-05
2,0.00016591729943890002,0.0001566546985718,0.0,0.0001571360332809,0.0001901276274238639,0.0001761335208609
3,8.781266158e-06,-4.813347090999926e-07,-0.0001571360332809,0.0,3.299159414296388e-05,1.899748758000001e-05
4,-2.4210327984963882e-05,-3.3472928852063875e-05,-0.0001901276274238639,-3.299159414296388e-05,0.0,-1.3994106562963872e-05
5,-1.021622142200001e-05,-1.9478822289100003e-05,-0.0001761335208609,-1.899748758000001e-05,1.3994106562963872e-05,0.0
