,abstracts,news,reviews,qa
0,0.0,-0.0017187041603065,0.0017862765838347003,-0.0021210855336019
1,0.0017187041603065,0.0,0.0035049807441412005,-0.00040238137329539985
2,-0.0017862765838347003,-0.0035049807441412005,0.0,-0.0039073621174366
3,0.0021210855336019,0.00040238137329539985,0.0039073621174366,0.0
