,zero_shot_baseline,in_context_learning_3-shot,style_information_style_example,chain_of_thought_zero_shot,chain_of_thought_one_shot,self-refine
0,0.0,-0.0008291001770137003,0.00013410943356019977,0.0001482037661927997,-0.00045501583969590007,-0.0014113150263632998
1,0.0008291001770137003,0.0,0.0009632096105739001,0.0009773039432065,0.0003740843373178002,-0.0005822148493495995
2,-0.00013410943356019977,-0.0009632096105739001,0.0,1.4094332632599935e-05,-0.0005891252732560998,-0.0015454244599234996
3,-0.0001482037661927997,-0.0009773039432065,-1.4094332632599935e-05,0.0,-0.0006032196058886998,-0.0015595187925560995
4,0.00045501583969590007,-0.0003740843373178002,0.0005891252732560998,0.0006032196058886998,0.0,-0.0009562991866673997
5,0.0014113150263632998,0.0005822148493495995,0.0015454244599234996,0.0015595187925560995,0.0009562991866673997,0.0
