,zero_shot_baseline,in_context_learning_3-shot,style_information_style_example,chain_of_thought_zero_shot,chain_of_thought_one_shot,self-refine
0,0.0,-0.000679718035642,-0.0001763325060097,-2.8652534983399997e-05,9.516858218200006e-06,-0.0014807765101316
1,0.000679718035642,0.0,0.0005033855296323,0.0006510655006586,0.0006892348938602,-0.0008010584744896001
2,0.0001763325060097,-0.0005033855296323,0.0,0.0001476799710263,0.0001858493642279,-0.0013044440041219
3,2.8652534983399997e-05,-0.0006510655006586,-0.0001476799710263,0.0,3.81693932016e-05,-0.0014521239751482
4,-9.516858218200006e-06,-0.0006892348938602,-0.0001858493642279,-3.81693932016e-05,0.0,-0.0014902933683498
5,0.0014807765101316,0.0008010584744896001,0.0013044440041219,0.0014521239751482,0.0014902933683498,0.0
