,mistral,deepseek,llama3.3,qwen72b,qwen32b,qwen14b,solar
0,0.0,-8.884342284899986e-06,7.668987098272294e-05,-0.00017887137619129997,-0.0001519891608797,-7.70937739708e-05,-8.18254596222e-05
1,8.884342284899986e-06,0.0,8.557421326762293e-05,-0.00016998703390639998,-0.0001431048185948,-6.820943168590001e-05,-7.294111733730001e-05
2,-7.668987098272294e-05,-8.557421326762293e-05,0.0,-0.0002555612471740229,-0.00022867903186242293,-0.00015378364495352294,-0.00015851533060492294
3,0.00017887137619129997,0.00016998703390639998,0.0002555612471740229,0.0,2.6882215311599975e-05,0.00010177760222049997,9.704591656909997e-05
4,0.0001519891608797,0.0001431048185948,0.00022867903186242293,-2.6882215311599975e-05,0.0,7.48953869089e-05,7.01637012575e-05
5,7.70937739708e-05,6.820943168590001e-05,0.00015378364495352294,-0.00010177760222049997,-7.48953869089e-05,0.0,-4.731685651400002e-06
6,8.18254596222e-05,7.294111733730001e-05,0.00015851533060492294,-9.704591656909997e-05,-7.01637012575e-05,4.731685651400002e-06,0.0
