,zero_shot_baseline,in_context_learning_3-shot,style_information_style_example,chain_of_thought_zero_shot,chain_of_thought_one_shot,self-refine
0,0.0,-0.0006180789972661997,-0.0005341829246530998,0.00016026856051650005,4.914429623920015e-05,-0.00015359043934319995
1,0.0006180789972661997,0.0,8.389607261309997e-05,0.0007783475577826998,0.0006672232935053999,0.0004644885579229998
2,0.0005341829246530998,-8.389607261309997e-05,0.0,0.0006944514851695998,0.0005833272208922999,0.0003805924853098998
3,-0.00016026856051650005,-0.0007783475577826998,-0.0006944514851695998,0.0,-0.0001111242642772999,-0.0003138589998597
4,-4.914429623920015e-05,-0.0006672232935053999,-0.0005833272208922999,0.0001111242642772999,0.0,-0.0002027347355824001
5,0.00015359043934319995,-0.0004644885579229998,-0.0003805924853098998,0.0003138589998597,0.0002027347355824001,0.0
