,abstracts,news,reviews,qa
0,0.0,-0.0008646167520401,0.00019093912267180001,-0.0003223153656694
1,0.0008646167520401,0.0,0.0010555558747119,0.0005423013863707
2,-0.00019093912267180001,-0.0010555558747119,0.0,-0.0005132544883412
3,0.0003223153656694,-0.0005423013863707,0.0005132544883412,0.0
