,zero_shot_baseline,in_context_learning_3-shot,style_information_style_example,chain_of_thought_zero_shot,chain_of_thought_one_shot,self-refine
0,0.0,-3.6190046579169616e-05,-7.171370108967396e-05,1.352200274444635e-07,-1.974047759352043e-05,-0.00011909532179198056
1,3.6190046579169616e-05,0.0,-3.552365451050434e-05,3.632526660661408e-05,1.6449568985649183e-05,-8.290527521281095e-05
2,7.171370108967396e-05,3.552365451050434e-05,0.0,7.184892111711842e-05,5.197322349615352e-05,-4.738162070230661e-05
3,-1.352200274444635e-07,-3.632526660661408e-05,-7.184892111711842e-05,0.0,-1.9875697620964894e-05,-0.00011923054181942503
4,1.974047759352043e-05,-1.6449568985649183e-05,-5.197322349615352e-05,1.9875697620964894e-05,0.0,-9.935484419846013e-05
5,0.00011909532179198056,8.290527521281095e-05,4.738162070230661e-05,0.00011923054181942503,9.935484419846013e-05,0.0
