,zero_shot_baseline,in_context_learning_3-shot,style_information_style_example,chain_of_thought_zero_shot,chain_of_thought_one_shot,self-refine
0,0.0,0.0026753871481703974,0.0024190897988680994,-0.0005359723276389013,-0.0005578429444775997,-0.0070414246157454
1,-0.0026753871481703974,0.0,-0.00025629734930229797,-0.0032113594758092986,-0.003233230092647997,-0.009716811763915797
2,-0.0024190897988680994,0.00025629734930229797,0.0,-0.0029550621265070007,-0.002976932743345699,-0.0094605144146135
3,0.0005359723276389013,0.0032113594758092986,0.0029550621265070007,0.0,-2.1870616838698398e-05,-0.006505452288106499
4,0.0005578429444775997,0.003233230092647997,0.002976932743345699,2.1870616838698398e-05,0.0,-0.0064835816712678004
5,0.0070414246157454,0.009716811763915797,0.0094605144146135,0.006505452288106499,0.0064835816712678004,0.0
