,zero_shot_baseline,in_context_learning_3-shot,style_information_style_example,chain_of_thought_zero_shot,chain_of_thought_one_shot,self-refine
0,0.0,0.0008229071764518023,-0.0016233474316838976,8.27219150793014e-05,0.00022450602770780065,-0.0004005158613938978
1,-0.0008229071764518023,0.0,-0.0024462546081357,-0.0007401852613725009,-0.0005984011487440016,-0.0012234230378457
2,0.0016233474316838976,0.0024462546081357,0.0,0.001706069346763199,0.0018478534593916983,0.0012228315702899999
3,-8.27219150793014e-05,0.0007401852613725009,-0.001706069346763199,0.0,0.00014178411262849924,-0.0004832377764731992
4,-0.00022450602770780065,0.0005984011487440016,-0.0018478534593916983,-0.00014178411262849924,0.0,-0.0006250218891016984
5,0.0004005158613938978,0.0012234230378457,-0.0012228315702899999,0.0004832377764731992,0.0006250218891016984,0.0
