,zero_shot_baseline,in_context_learning_3-shot,style_information_style_example,chain_of_thought_zero_shot,chain_of_thought_one_shot,self-refine
0,0.0,-0.0018795055462927993,0.0007778414231527989,-0.00022303967358040105,0.0020542368113118,-0.0040975559679392
1,0.0018795055462927993,0.0,0.002657346969445598,0.0016564658727123982,0.003933742357604599,-0.002218050421646401
2,-0.0007778414231527989,-0.002657346969445598,0.0,-0.0010008810967332,0.001276395388159001,-0.004875397391091999
3,0.00022303967358040105,-0.0016564658727123982,0.0010008810967332,0.0,0.002277276484892201,-0.003874516294358799
4,-0.0020542368113118,-0.003933742357604599,-0.001276395388159001,-0.002277276484892201,0.0,-0.006151792779251
5,0.0040975559679392,0.002218050421646401,0.004875397391091999,0.003874516294358799,0.006151792779251,0.0
