,zero_shot_baseline,in_context_learning_3-shot,style_information_style_example,chain_of_thought_zero_shot,chain_of_thought_one_shot,self-refine
0,0.0,0.0036546054206140002,0.0012158594478308,-0.0008264029963382987,-0.0016941336460430997,-0.002250238929131799
1,-0.0036546054206140002,0.0,-0.0024387459727832003,-0.004481008416952299,-0.0053487390666571,-0.005904844349745799
2,-0.0012158594478308,0.0024387459727832003,0.0,-0.0020422624441690986,-0.0029099930938738996,-0.003466098376962599
3,0.0008264029963382987,0.004481008416952299,0.0020422624441690986,0.0,-0.000867730649704801,-0.0014238359327935005
4,0.0016941336460430997,0.0053487390666571,0.0029099930938738996,0.000867730649704801,0.0,-0.0005561052830886995
5,0.002250238929131799,0.005904844349745799,0.003466098376962599,0.0014238359327935005,0.0005561052830886995,0.0
