,zero_shot_baseline,in_context_learning_3-shot,style_information_style_example,chain_of_thought_zero_shot,chain_of_thought_one_shot,self-refine
0,0.0,-0.000977503078315423,-0.00038868584809702294,-9.110911130622826e-06,-0.00028238076250262294,-0.001115877404378523
1,0.000977503078315423,0.0,0.0005888172302184001,0.0009683921671848001,0.0006951223158128,-0.00013837432606310005
2,0.00038868584809702294,-0.0005888172302184001,0.0,0.0003795749369664001,0.00010630508559440001,-0.0007271915562815001
3,9.110911130622826e-06,-0.0009683921671848001,-0.0003795749369664001,0.0,-0.0002732698513720001,-0.0011067664932479001
4,0.00028238076250262294,-0.0006951223158128,-0.00010630508559440001,0.0002732698513720001,0.0,-0.0008334966418759001
5,0.001115877404378523,0.00013837432606310005,0.0007271915562815001,0.0011067664932479001,0.0008334966418759001,0.0
