,zero_shot_baseline,in_context_learning_3-shot,style_information_style_example,chain_of_thought_zero_shot,chain_of_thought_one_shot,self-refine
0,0.0,0.0030643239434135997,0.0014112598629772,-0.00047259447342969975,0.0021568329406239997,-0.0028073871747705
1,-0.0030643239434135997,0.0,-0.0016530640804363998,-0.0035369184168432995,-0.0009074910027896,-0.0058717111181841
2,-0.0014112598629772,0.0016530640804363998,0.0,-0.0018838543364068996,0.0007455730776467998,-0.0042186470377477
3,0.00047259447342969975,0.0035369184168432995,0.0018838543364068996,0.0,0.0026294274140536995,-0.0023347927013408
4,-0.0021568329406239997,0.0009074910027896,-0.0007455730776467998,-0.0026294274140536995,0.0,-0.0049642201153945
5,0.0028073871747705,0.0058717111181841,0.0042186470377477,0.0023347927013408,0.0049642201153945,0.0
