,zero_shot_baseline,in_context_learning_3-shot,style_information_style_example,chain_of_thought_zero_shot,chain_of_thought_one_shot,self-refine
0,0.0,1.2272484025099996e-05,-6.403569243530001e-05,5.1474892535197594e-05,3.8444422358767535e-05,3.678166775799999e-06
1,-1.2272484025099996e-05,0.0,-7.63081764604e-05,3.92024085100976e-05,2.617193833366754e-05,-8.594317249299997e-06
2,6.403569243530001e-05,7.63081764604e-05,0.0,0.0001155105849704976,0.00010248011479406754,6.771385921110001e-05
3,-5.1474892535197594e-05,-3.92024085100976e-05,-0.0001155105849704976,0.0,-1.303047017643006e-05,-4.7796725759397595e-05
4,-3.8444422358767535e-05,-2.617193833366754e-05,-0.00010248011479406754,1.303047017643006e-05,0.0,-3.4766255582967536e-05
5,-3.678166775799999e-06,8.594317249299997e-06,-6.771385921110001e-05,4.7796725759397595e-05,3.4766255582967536e-05,0.0
