,zero_shot_baseline,in_context_learning_3-shot,style_information_style_example,chain_of_thought_zero_shot,chain_of_thought_one_shot,self-refine
0,0.0,6.602544312039998e-05,-5.75450537221e-05,1.4833197025099969e-05,-2.4587952036000124e-06,-1.8962698479000034e-05
1,-6.602544312039998e-05,0.0,-0.0001235704968425,-5.1192246095300016e-05,-6.8484238324e-05,-8.498814159940002e-05
2,5.75450537221e-05,0.0001235704968425,0.0,7.237825074719997e-05,5.508625851849999e-05,3.858235524309997e-05
3,-1.4833197025099969e-05,5.1192246095300016e-05,-7.237825074719997e-05,0.0,-1.729199222869998e-05,-3.37958955041e-05
4,2.4587952036000124e-06,6.8484238324e-05,-5.508625851849999e-05,1.729199222869998e-05,0.0,-1.650390327540002e-05
5,1.8962698479000034e-05,8.498814159940002e-05,-3.858235524309997e-05,3.37958955041e-05,1.650390327540002e-05,0.0
