,zero_shot_baseline,in_context_learning_3-shot,style_information_style_example,chain_of_thought_zero_shot,chain_of_thought_one_shot,self-refine
0,0.0,-0.0005368487217006002,0.0004193520959161999,-0.00016897019718240002,-2.2846830734500048e-05,-0.0021084175061088
1,0.0005368487217006002,0.0,0.0009562008176168002,0.0003678785245182002,0.0005140018909661002,-0.0015715687844081996
2,-0.0004193520959161999,-0.0009562008176168002,0.0,-0.0005883222930985999,-0.00044219892665069995,-0.0025277696020249998
3,0.00016897019718240002,-0.0003678785245182002,0.0005883222930985999,0.0,0.00014612336644789998,-0.0019394473089263998
4,2.2846830734500048e-05,-0.0005140018909661002,0.00044219892665069995,-0.00014612336644789998,0.0,-0.0020855706753743
5,0.0021084175061088,0.0015715687844081996,0.0025277696020249998,0.0019394473089263998,0.0020855706753743,0.0
