,zero_shot_baseline,in_context_learning_3-shot,style_information_style_example,chain_of_thought_zero_shot,chain_of_thought_one_shot,self-refine
0,0.0,0.0002861271929133,0.00016127142483639994,-5.782310215100004e-05,0.0004788314598324,-0.00015589131683339992
1,-0.0002861271929133,0.0,-0.00012485576807690004,-0.0003439502950643,0.00019270426691910003,-0.0004420185097466999
2,-0.00016127142483639994,0.00012485576807690004,0.0,-0.00021909452698739998,0.00031756003499600006,-0.00031716274166979986
3,5.782310215100004e-05,0.0003439502950643,0.00021909452698739998,0.0,0.0005366545619834,-9.806821468239988e-05
4,-0.0004788314598324,-0.00019270426691910003,-0.00031756003499600006,-0.0005366545619834,0.0,-0.0006347227766657999
5,0.00015589131683339992,0.0004420185097466999,0.00031716274166979986,9.806821468239988e-05,0.0006347227766657999,0.0
