,zero_shot_baseline,in_context_learning_3-shot,style_information_style_example,chain_of_thought_zero_shot,chain_of_thought_one_shot,self-refine
0,0.0,0.0003128929320435998,0.0008645100523148998,-2.2133525642900002e-05,0.00036635734246189986,-0.0033713631413336003
1,-0.0003128929320435998,0.0,0.0005516171202713,-0.0003350264576864998,5.346441041830007e-05,-0.0036842560733772
2,-0.0008645100523148998,-0.0005516171202713,0.0,-0.0008866435779577998,-0.0004981527098529999,-0.0042358731936485
3,2.2133525642900002e-05,0.0003350264576864998,0.0008866435779577998,0.0,0.00038849086810479987,-0.0033492296156907003
4,-0.00036635734246189986,-5.346441041830007e-05,0.0004981527098529999,-0.00038849086810479987,0.0,-0.0037377204837955
5,0.0033713631413336003,0.0036842560733772,0.0042358731936485,0.0033492296156907003,0.0037377204837955,0.0
