,zero_shot_baseline,in_context_learning_3-shot,style_information_style_example,chain_of_thought_zero_shot,chain_of_thought_one_shot,self-refine
0,0.0,0.0014212255531191997,0.0005278523631320007,0.00013090754689500106,0.0019424699199952003,-0.0015356313235747997
1,-0.0014212255531191997,0.0,-0.000893373189987199,-0.0012903180062241986,0.0005212443668760006,-0.0029568568766939994
2,-0.0005278523631320007,0.000893373189987199,0.0,-0.00039694481623699963,0.0014146175568631996,-0.0020634836867068004
3,-0.00013090754689500106,0.0012903180062241986,0.00039694481623699963,0.0,0.0018115623731001992,-0.0016665388704698008
4,-0.0019424699199952003,-0.0005212443668760006,-0.0014146175568631996,-0.0018115623731001992,0.0,-0.00347810124357
5,0.0015356313235747997,0.0029568568766939994,0.0020634836867068004,0.0016665388704698008,0.00347810124357,0.0
