,abstracts,news,reviews,qa
0,0.0,0.0001438561434427,-0.00012335804225109946,-0.0003448411980927
1,-0.0001438561434427,0.0,-0.00026721418569379947,-0.0004886973415354
2,0.00012335804225109946,0.00026721418569379947,0.0,-0.00022148315584160052
3,0.0003448411980927,0.0004886973415354,0.00022148315584160052,0.0
