,zero_shot_baseline,in_context_learning_3-shot,style_information_style_example,chain_of_thought_zero_shot,chain_of_thought_one_shot,self-refine
0,0.0,0.00048256535783610006,6.740491147800079e-05,-0.000265609580388999,0.0005124747251824009,-0.004737908914254499
1,-0.00048256535783610006,0.0,-0.0004151604463580993,-0.0007481749382250991,2.9909367346300786e-05,-0.005220474272090599
2,-6.740491147800079e-05,0.0004151604463580993,0.0,-0.0003330144918669998,0.00044506981370440006,-0.0048053138257325
3,0.000265609580388999,0.0007481749382250991,0.0003330144918669998,0.0,0.0007780843055713998,-0.0044722993338655
4,-0.0005124747251824009,-2.9909367346300786e-05,-0.00044506981370440006,-0.0007780843055713998,0.0,-0.0052503836394369
5,0.004737908914254499,0.005220474272090599,0.0048053138257325,0.0044722993338655,0.0052503836394369,0.0
