,zero_shot_baseline,in_context_learning_3-shot,style_information_style_example,chain_of_thought_zero_shot,chain_of_thought_one_shot,self-refine
0,0.0,9.767956782410006e-05,0.0003409932700846,9.343879755990001e-05,0.0007740504445863999,-0.0009529602703585
1,-9.767956782410006e-05,0.0,0.00024331370226049996,-4.240770264200052e-06,0.0006763708767622998,-0.0010506398381826
2,-0.0003409932700846,-0.00024331370226049996,0.0,-0.0002475544725247,0.0004330571745017999,-0.0012939535404431
3,-9.343879755990001e-05,4.240770264200052e-06,0.0002475544725247,0.0,0.0006806116470264999,-0.0010463990679184
4,-0.0007740504445863999,-0.0006763708767622998,-0.0004330571745017999,-0.0006806116470264999,0.0,-0.0017270107149449
5,0.0009529602703585,0.0010506398381826,0.0012939535404431,0.0010463990679184,0.0017270107149449,0.0
