,abstracts,news,reviews,qa
0,0.0,0.0001234690803125,0.0007903376332787,-0.0004760924960676
1,-0.0001234690803125,0.0,0.0006668685529662001,-0.0005995615763801
2,-0.0007903376332787,-0.0006668685529662001,0.0,-0.0012664301293463
3,0.0004760924960676,0.0005995615763801,0.0012664301293463,0.0
