,abstracts,news,reviews,qa
0,0.0,-0.00012980381228105216,-0.0001090009962365004,-2.2635794212705363e-05
1,0.00012980381228105216,0.0,2.0802816044551738e-05,0.00010716801806834679
2,0.0001090009962365004,-2.0802816044551738e-05,0.0,8.636520202379505e-05
3,2.2635794212705363e-05,-0.00010716801806834679,-8.636520202379505e-05,0.0
