,zero_shot_baseline,in_context_learning_3-shot,style_information_style_example,chain_of_thought_zero_shot,chain_of_thought_one_shot,self-refine
0,0.0,-0.0005849977027378999,-0.00031199569237189964,0.00017154815291029997,-0.0001352640185661,-0.0026802724894136
1,0.0005849977027378999,0.0,0.0002730020103660002,0.0007565458556481998,0.00044973368417179985,-0.0020952747866757
2,0.00031199569237189964,-0.0002730020103660002,0.0,0.0004835438452821996,0.00017673167380579963,-0.0023682767970417003
3,-0.00017154815291029997,-0.0007565458556481998,-0.0004835438452821996,0.0,-0.0003068121714764,-0.0028518206423239
4,0.0001352640185661,-0.00044973368417179985,-0.00017673167380579963,0.0003068121714764,0.0,-0.0025450084708475
5,0.0026802724894136,0.0020952747866757,0.0023682767970417003,0.0028518206423239,0.0025450084708475,0.0
