,zero_shot_baseline,in_context_learning_3-shot,style_information_style_example,chain_of_thought_zero_shot,chain_of_thought_one_shot,self-refine
0,0.0,0.0012439737183910994,-0.0009887290914780003,0.0003873782471580994,0.0015095888894760996,0.0001395243853492996
1,-0.0012439737183910994,0.0,-0.0022327028098690998,-0.000856595471233,0.0002656151710850002,-0.0011044493330417998
2,0.0009887290914780003,0.0022327028098690998,0.0,0.0013761073386360997,0.0024983179809541,0.0011282534768273
3,-0.0003873782471580994,0.000856595471233,-0.0013761073386360997,0.0,0.0011222106423180002,-0.0002478538618087998
4,-0.0015095888894760996,-0.0002656151710850002,-0.0024983179809541,-0.0011222106423180002,0.0,-0.0013700645041268
5,-0.0001395243853492996,0.0011044493330417998,-0.0011282534768273,0.0002478538618087998,0.0013700645041268,0.0
