,zero_shot_baseline,in_context_learning_3-shot,style_information_style_example,chain_of_thought_zero_shot,chain_of_thought_one_shot,self-refine
0,0.0,-2.1805327349994075e-07,0.00037465205299289995,0.0004749886043362,-1.4136571568500091e-05,-0.0008781055404161
1,2.1805327349994075e-07,0.0,0.0003748701062663999,0.0004752066576096999,-1.391851829500015e-05,-0.0008778874871426001
2,-0.00037465205299289995,-0.0003748701062663999,0.0,0.00010033655134330003,-0.00038878862456140004,-0.001252757593409
3,-0.0004749886043362,-0.0004752066576096999,-0.00010033655134330003,0.0,-0.0004891251759047001,-0.0013530941447523
4,1.4136571568500091e-05,1.391851829500015e-05,0.00038878862456140004,0.0004891251759047001,0.0,-0.0008639689688475999
5,0.0008781055404161,0.0008778874871426001,0.001252757593409,0.0013530941447523,0.0008639689688475999,0.0
