,zero_shot_baseline,in_context_learning_3-shot,style_information_style_example,chain_of_thought_zero_shot,chain_of_thought_one_shot,self-refine
0,0.0,-0.00015354580781289722,-0.00011894115970599722,-2.0275900624100042e-05,-7.453976439069721e-05,-6.34916039345972e-05
1,0.00015354580781289722,0.0,3.46046481069e-05,0.00013326990718879716,7.900604342220001e-05,9.005420387830001e-05
2,0.00011894115970599722,-3.46046481069e-05,0.0,9.866525908189718e-05,4.440139531530001e-05,5.5449555771400015e-05
3,2.0275900624100042e-05,-0.00013326990718879716,-9.866525908189718e-05,0.0,-5.4263863766597167e-05,-4.321570331049716e-05
4,7.453976439069721e-05,-7.900604342220001e-05,-4.440139531530001e-05,5.4263863766597167e-05,0.0,1.1048160456100006e-05
5,6.34916039345972e-05,-9.005420387830001e-05,-5.5449555771400015e-05,4.321570331049716e-05,-1.1048160456100006e-05,0.0
