,abstracts,news,reviews,qa
0,0.0,0.0136886796531583,0.0032822164861602003,-0.0123221276119077
1,-0.0136886796531583,0.0,-0.0104064631669981,-0.026010807265066
2,-0.0032822164861602003,0.0104064631669981,0.0,-0.0156043440980679
3,0.0123221276119077,0.026010807265066,0.0156043440980679,0.0
