,zero_shot_baseline,in_context_learning_3-shot,style_information_style_example,chain_of_thought_zero_shot,chain_of_thought_one_shot,self-refine
0,0.0,-1.2946197262299927e-05,8.477376690870007e-05,0.00017835012968790004,6.48140716708e-05,-0.0002337668643906999
1,1.2946197262299927e-05,0.0,9.7719964171e-05,0.00019129632695019997,7.776026893309993e-05,-0.00022082066712839998
2,-8.477376690870007e-05,-9.7719964171e-05,0.0,9.357636277919996e-05,-1.9959695237900077e-05,-0.0003185406312994
3,-0.00017835012968790004,-0.00019129632695019997,-9.357636277919996e-05,0.0,-0.00011353605801710004,-0.00041211699407859995
4,-6.48140716708e-05,-7.776026893309993e-05,1.9959695237900077e-05,0.00011353605801710004,0.0,-0.0002985809360614999
5,0.0002337668643906999,0.00022082066712839998,0.0003185406312994,0.00041211699407859995,0.0002985809360614999,0.0
