,zero_shot_baseline,in_context_learning_3-shot,style_information_style_example,chain_of_thought_zero_shot,chain_of_thought_one_shot,self-refine
0,0.0,-0.0010895422858839,0.00022449754286390025,0.00034924702526799994,-0.0006209344904024999,-0.0021980049823548
1,0.0010895422858839,0.0,0.0013140398287478003,0.0014387893111519,0.00046860779548140016,-0.0011084626964708998
2,-0.00022449754286390025,-0.0013140398287478003,0.0,0.0001247494824040997,-0.0008454320332664002,-0.0024225025252187
3,-0.00034924702526799994,-0.0014387893111519,-0.0001247494824040997,0.0,-0.0009701815156704999,-0.0025472520076228
4,0.0006209344904024999,-0.00046860779548140016,0.0008454320332664002,0.0009701815156704999,0.0,-0.0015770704919523
5,0.0021980049823548,0.0011084626964708998,0.0024225025252187,0.0025472520076228,0.0015770704919523,0.0
