,zero_shot_baseline,in_context_learning_3-shot,style_information_style_example,chain_of_thought_zero_shot,chain_of_thought_one_shot,self-refine
0,0.0,-0.00018180867736599998,-0.0005187714822519002,-0.00012284146181230004,0.0007328501470555999,-0.0006460834833807
1,0.00018180867736599998,0.0,-0.00033696280488590023,5.8967215553699937e-05,0.0009146588244215998,-0.00046427480601470006
2,0.0005187714822519002,0.00033696280488590023,0.0,0.00039593002043960017,0.0012516216293075,-0.00012731200112879983
3,0.00012284146181230004,-5.8967215553699937e-05,-0.00039593002043960017,0.0,0.0008556916088678999,-0.0005232420215684
4,-0.0007328501470555999,-0.0009146588244215998,-0.0012516216293075,-0.0008556916088678999,0.0,-0.0013789336304362999
5,0.0006460834833807,0.00046427480601470006,0.00012731200112879983,0.0005232420215684,0.0013789336304362999,0.0
