,zero_shot_baseline,in_context_learning_3-shot,style_information_style_example,chain_of_thought_zero_shot,chain_of_thought_one_shot,self-refine
0,0.0,0.0004770298955712,-6.48099229502994e-05,0.00046083185190750036,0.0017535482623949007,-0.003784461601249199
1,-0.0004770298955712,0.0,-0.0005418398185214994,-1.6198043663699646e-05,0.0012765183668237007,-0.004261491496820399
2,6.48099229502994e-05,0.0005418398185214994,0.0,0.0005256417748577998,0.0018183581853452,-0.0037196516782988997
3,-0.00046083185190750036,1.6198043663699646e-05,-0.0005256417748577998,0.0,0.0012927164104874003,-0.0042452934531566995
4,-0.0017535482623949007,-0.0012765183668237007,-0.0018183581853452,-0.0012927164104874003,0.0,-0.0055380098636441
5,0.003784461601249199,0.004261491496820399,0.0037196516782988997,0.0042452934531566995,0.0055380098636441,0.0
