,zero_shot_baseline,in_context_learning_3-shot,style_information_style_example,chain_of_thought_zero_shot,chain_of_thought_one_shot,self-refine
0,0.0,-0.0004250381745406,7.475975030709999e-05,1.725402779169998e-05,-2.2677544025000043e-05,-0.00011298533317050005
1,0.0004250381745406,0.0,0.0004997979248477,0.00044229220233229995,0.00040236063051559995,0.00031205284137009995
2,-7.475975030709999e-05,-0.0004997979248477,0.0,-5.7505722515400007e-05,-9.743729433210003e-05,-0.00018774508347760003
3,-1.725402779169998e-05,-0.00044229220233229995,5.7505722515400007e-05,0.0,-3.993157181670002e-05,-0.00013023936096220003
4,2.2677544025000043e-05,-0.00040236063051559995,9.743729433210003e-05,3.993157181670002e-05,0.0,-9.03077891455e-05
5,0.00011298533317050005,-0.00031205284137009995,0.00018774508347760003,0.00013023936096220003,9.03077891455e-05,0.0
