,zero_shot_baseline,in_context_learning_3-shot,style_information_style_example,chain_of_thought_zero_shot,chain_of_thought_one_shot,self-refine
0,0.0,0.0029191400297763,0.0021229254264466986,0.0003390066886985975,-7.067215098910049e-05,-0.008496404437079299
1,-0.0029191400297763,0.0,-0.0007962146033296015,-0.0025801333410777026,-0.0029898121807654006,-0.011415544466855599
2,-0.0021229254264466986,0.0007962146033296015,0.0,-0.0017839187377481011,-0.002193597577435799,-0.010619329863525998
3,-0.0003390066886985975,0.0025801333410777026,0.0017839187377481011,0.0,-0.00040967883968769797,-0.008835411125777896
4,7.067215098910049e-05,0.0029898121807654006,0.002193597577435799,0.00040967883968769797,0.0,-0.008425732286090198
5,0.008496404437079299,0.011415544466855599,0.010619329863525998,0.008835411125777896,0.008425732286090198,0.0
