,zero_shot_baseline,in_context_learning_3-shot,style_information_style_example,chain_of_thought_zero_shot,chain_of_thought_one_shot,self-refine
0,0.0,-0.0016720819298205,-0.0008321912421121,-0.00013445616125920003,-0.00037115374402999987,-0.0011102261415537001
1,0.0016720819298205,0.0,0.0008398906877084,0.0015376257685613,0.0013009281857905002,0.0005618557882667999
2,0.0008321912421121,-0.0008398906877084,0.0,0.0006977350808529,0.00046103749808210017,-0.0002780348994416001
3,0.00013445616125920003,-0.0015376257685613,-0.0006977350808529,0.0,-0.00023669758277079984,-0.0009757699802945001
4,0.00037115374402999987,-0.0013009281857905002,-0.00046103749808210017,0.00023669758277079984,0.0,-0.0007390723975237003
5,0.0011102261415537001,-0.0005618557882667999,0.0002780348994416001,0.0009757699802945001,0.0007390723975237003,0.0
