,zero_shot_baseline,in_context_learning_3-shot,style_information_style_example,chain_of_thought_zero_shot,chain_of_thought_one_shot,self-refine
0,0.0,-0.0008344050560969,-0.00011855964327640032,-9.15665928951999e-05,-0.0006418194194403003,-0.004460888968063599
1,0.0008344050560969,0.0,0.0007158454128204997,0.0007428384632017001,0.00019258563665659973,-0.0036264839119667
2,0.00011855964327640032,-0.0007158454128204997,0.0,2.699305038120041e-05,-0.0005232597761639,-0.0043423293247871995
3,9.15665928951999e-05,-0.0007428384632017001,-2.699305038120041e-05,0.0,-0.0005502528265451004,-0.0043693223751684
4,0.0006418194194403003,-0.00019258563665659973,0.0005232597761639,0.0005502528265451004,0.0,-0.0038190695486232996
5,0.004460888968063599,0.0036264839119667,0.0043423293247871995,0.0043693223751684,0.0038190695486232996,0.0
