,zero_shot_baseline,in_context_learning_3-shot,style_information_style_example,chain_of_thought_zero_shot,chain_of_thought_one_shot,self-refine
0,0.0,-0.00011459896212263875,-1.3172204279541967e-05,1.1787787954239018e-06,-2.0650153856415673e-06,-9.338257509293876e-05
1,0.00011459896212263875,0.0,0.00010142675784309679,0.00011577774091806266,0.00011253394673699719,2.121638702969999e-05
2,1.3172204279541967e-05,-0.00010142675784309679,0.0,1.4350983074965869e-05,1.11071888939004e-05,-8.02103708133968e-05
3,-1.1787787954239018e-06,-0.00011577774091806266,-1.4350983074965869e-05,0.0,-3.243794181065469e-06,-9.456135388836267e-05
4,2.0650153856415673e-06,-0.00011253394673699719,-1.11071888939004e-05,3.243794181065469e-06,0.0,-9.13175597072972e-05
5,9.338257509293876e-05,-2.121638702969999e-05,8.02103708133968e-05,9.456135388836267e-05,9.13175597072972e-05,0.0
