,zero_shot_baseline,in_context_learning_3-shot,style_information_style_example,chain_of_thought_zero_shot,chain_of_thought_one_shot,self-refine
0,0.0,-0.0001439324176036004,6.800163908519952e-05,-0.00020865247161949967,0.00044232461305940014,-0.00024593537785649964
1,0.0001439324176036004,0.0,0.00021193405668879992,-6.472005401589927e-05,0.0005862570306630005,-0.00010200296025289924
2,-6.800163908519952e-05,-0.00021193405668879992,0.0,-0.0002766541107046992,0.0003743229739742006,-0.00031393701694169916
3,0.00020865247161949967,6.472005401589927e-05,0.0002766541107046992,0.0,0.0006509770846788998,-3.7282906236999966e-05
4,-0.00044232461305940014,-0.0005862570306630005,-0.0003743229739742006,-0.0006509770846788998,0.0,-0.0006882599909158998
5,0.00024593537785649964,0.00010200296025289924,0.00031393701694169916,3.7282906236999966e-05,0.0006882599909158998,0.0
