,zero_shot_baseline,in_context_learning_3-shot,style_information_style_example,chain_of_thought_zero_shot,chain_of_thought_one_shot,self-refine
0,0.0,7.553687057389874e-05,0.0018797914293216013,-0.0012420786585992,-0.0015320005368959985,-0.003917777672432302
1,-7.553687057389874e-05,0.0,0.0018042545587477025,-0.0013176155291730988,-0.0016075374074698973,-0.0039933145430062
2,-0.0018797914293216013,-0.0018042545587477025,0.0,-0.0031218700879208014,-0.0034117919662176,-0.005797569101753903
3,0.0012420786585992,0.0013176155291730988,0.0031218700879208014,0.0,-0.0002899218782967984,-0.0026756990138331015
4,0.0015320005368959985,0.0016075374074698973,0.0034117919662176,0.0002899218782967984,0.0,-0.002385777135536303
5,0.003917777672432302,0.0039933145430062,0.005797569101753903,0.0026756990138331015,0.002385777135536303,0.0
