,zero_shot_baseline,in_context_learning_3-shot,style_information_style_example,chain_of_thought_zero_shot,chain_of_thought_one_shot,self-refine
0,0.0,-1.3848512518378007e-06,-4.748065845498667e-06,-3.257784000412434e-06,-3.558361467508001e-06,-4.029840424148501e-06
1,1.3848512518378007e-06,0.0,-3.3632145936608663e-06,-1.8729327485746332e-06,-2.1735102156702003e-06,-2.6449891723107004e-06
2,4.748065845498667e-06,3.3632145936608663e-06,0.0,1.490281845086233e-06,1.189704377990666e-06,7.182254213501659e-07
3,3.257784000412434e-06,1.8729327485746332e-06,-1.490281845086233e-06,0.0,-3.0057746709556716e-07,-7.720564237360672e-07
4,3.558361467508001e-06,2.1735102156702003e-06,-1.189704377990666e-06,3.0057746709556716e-07,0.0,-4.714789566405e-07
5,4.029840424148501e-06,2.6449891723107004e-06,-7.182254213501659e-07,7.720564237360672e-07,4.714789566405e-07,0.0
