,zero_shot_baseline,in_context_learning_3-shot,style_information_style_example,chain_of_thought_zero_shot,chain_of_thought_one_shot,self-refine
0,0.0,0.0008664963474391005,-0.0005020415032179993,0.00036440426788989996,0.0015490201523474002,-0.0021104807182092
1,-0.0008664963474391005,0.0,-0.0013685378506570998,-0.0005020920795492005,0.0006825238049082997,-0.0029769770656483006
2,0.0005020415032179993,0.0013685378506570998,0.0,0.0008664457711078993,0.0020510616555653996,-0.0016084392149912008
3,-0.00036440426788989996,0.0005020920795492005,-0.0008664457711078993,0.0,0.0011846158844575003,-0.0024748849860991
4,-0.0015490201523474002,-0.0006825238049082997,-0.0020510616555653996,-0.0011846158844575003,0.0,-0.0036595008705566003
5,0.0021104807182092,0.0029769770656483006,0.0016084392149912008,0.0024748849860991,0.0036595008705566003,0.0
