,zero_shot_baseline,in_context_learning_3-shot,style_information_style_example,chain_of_thought_zero_shot,chain_of_thought_one_shot,self-refine
0,0.0,-0.0007570666475816999,-0.00040496372623800023,-0.00014901152157160025,0.0001606951956845998,-0.003156714842403
1,0.0007570666475816999,0.0,0.00035210292134369965,0.0006080551260100996,0.0009177618432662997,-0.0023996481948213
2,0.00040496372623800023,-0.00035210292134369965,0.0,0.0002559522046664,0.0005656589219226,-0.0027517511161649997
3,0.00014901152157160025,-0.0006080551260100996,-0.0002559522046664,0.0,0.00030970671725620005,-0.0030077033208313997
4,-0.0001606951956845998,-0.0009177618432662997,-0.0005656589219226,-0.00030970671725620005,0.0,-0.0033174100380875997
5,0.003156714842403,0.0023996481948213,0.0027517511161649997,0.0030077033208313997,0.0033174100380875997,0.0
