,abstracts,news,reviews,qa
0,0.0,0.009248700041989,-0.0026679831330195,-0.0141881095677274
1,-0.009248700041989,0.0,-0.0119166831750085,-0.0234368096097164
2,0.0026679831330195,0.0119166831750085,0.0,-0.0115201264347079
3,0.0141881095677274,0.0234368096097164,0.0115201264347079,0.0
