,abstracts,news,reviews,qa
0,0.0,-5.644335883269987e-05,-0.0016032887057468997,-0.0012130686447194001
1,5.644335883269987e-05,0.0,-0.0015468453469141999,-0.0011566252858867003
2,0.0016032887057468997,0.0015468453469141999,0.0,0.0003902200610274996
3,0.0012130686447194001,0.0011566252858867003,-0.0003902200610274996,0.0
