,abstracts,news,reviews,qa
0,0.0,0.0014059744071190999,0.0005959659506996999,-0.0003893308146668
1,-0.0014059744071190999,0.0,-0.0008100084564194,-0.0017953052217858998
2,-0.0005959659506996999,0.0008100084564194,0.0,-0.0009852967653664999
3,0.0003893308146668,0.0017953052217858998,0.0009852967653664999,0.0
