,zero_shot_baseline,in_context_learning_3-shot,style_information_style_example,chain_of_thought_zero_shot,chain_of_thought_one_shot,self-refine
0,0.0,-1.5555962405774197e-05,-9.068847792058289e-05,1.2432375927102699e-05,1.470072632030596e-06,-1.6057369179406106e-05
1,1.5555962405774197e-05,0.0,-7.51325155148087e-05,2.7988338332876896e-05,1.7026035037804793e-05,-5.014067736319093e-07
2,9.068847792058289e-05,7.51325155148087e-05,0.0,0.00010312085384768559,9.215855055261349e-05,7.463110874117679e-05
3,-1.2432375927102699e-05,-2.7988338332876896e-05,-0.00010312085384768559,0.0,-1.0962303295072103e-05,-2.8489745106508805e-05
4,-1.470072632030596e-06,-1.7026035037804793e-05,-9.215855055261349e-05,1.0962303295072103e-05,0.0,-1.7527441811436702e-05
5,1.6057369179406106e-05,5.014067736319093e-07,-7.463110874117679e-05,2.8489745106508805e-05,1.7527441811436702e-05,0.0
