,abstracts,news,reviews,qa
0,0.0,0.0008344780724828999,-0.0011449874853844,-0.0023776957638980997
1,-0.0008344780724828999,0.0,-0.0019794655578673,-0.0032121738363809996
2,0.0011449874853844,0.0019794655578673,0.0,-0.0012327082785136998
3,0.0023776957638980997,0.0032121738363809996,0.0012327082785136998,0.0
