,zero_shot_baseline,in_context_learning_3-shot,style_information_style_example,chain_of_thought_zero_shot,chain_of_thought_one_shot,self-refine
0,0.0,-2.9517509988333304e-05,-1.1212023512310563e-05,-1.9517641849022656e-06,3.7120141832186807e-07,-8.633809071032941e-05
1,2.9517509988333304e-05,0.0,1.8305486476022743e-05,2.756574580343104e-05,2.9888711406655172e-05,-5.6820580721996107e-05
2,1.1212023512310563e-05,-1.8305486476022743e-05,0.0,9.260259327408298e-06,1.1583224930632431e-05,-7.512606719801885e-05
3,1.9517641849022656e-06,-2.756574580343104e-05,-9.260259327408298e-06,0.0,2.3229656032241337e-06,-8.438632652542714e-05
4,-3.7120141832186807e-07,-2.9888711406655172e-05,-1.1583224930632431e-05,-2.3229656032241337e-06,0.0,-8.670929212865128e-05
5,8.633809071032941e-05,5.6820580721996107e-05,7.512606719801885e-05,8.438632652542714e-05,8.670929212865128e-05,0.0
