,zero_shot_baseline,in_context_learning_3-shot,style_information_style_example,chain_of_thought_zero_shot,chain_of_thought_one_shot,self-refine
0,0.0,2.008032128514033e-06,6.13331989044033e-07,-5.897832920208133e-06,-1.3253012048193002e-06,-1.529496084026637e-05
1,-2.008032128514033e-06,0.0,-1.39470013947e-06,-7.905865048722166e-06,-3.3333333333333333e-06,-1.7302992968780403e-05
2,-6.13331989044033e-07,1.39470013947e-06,0.0,-6.511164909252166e-06,-1.9386331938633332e-06,-1.5908292829310402e-05
3,5.897832920208133e-06,7.905865048722166e-06,6.511164909252166e-06,0.0,4.572531715388833e-06,-9.397127920058237e-06
4,1.3253012048193002e-06,3.3333333333333333e-06,1.9386331938633332e-06,-4.572531715388833e-06,0.0,-1.3969659635447069e-05
5,1.529496084026637e-05,1.7302992968780403e-05,1.5908292829310402e-05,9.397127920058237e-06,1.3969659635447069e-05,0.0
