,abstracts,news,reviews,qa
0,0.0,0.0004951228550713882,-0.0016270515014467116,-0.002605197127817312
1,-0.0004951228550713882,0.0,-0.0021221743565181,-0.0031003199828887004
2,0.0016270515014467116,0.0021221743565181,0.0,-0.0009781456263706003
3,0.002605197127817312,0.0031003199828887004,0.0009781456263706003,0.0
