,zero_shot_baseline,in_context_learning_3-shot,style_information_style_example,chain_of_thought_zero_shot,chain_of_thought_one_shot,self-refine
0,0.0,4.4961778281399876e-05,-0.0006788042579159003,-0.0003155666841363003,0.0017453382832866996,-0.003458505460506801
1,-4.4961778281399876e-05,0.0,-0.0007237660361973002,-0.0003605284624177002,0.0017003765050052997,-0.0035034672387882007
2,0.0006788042579159003,0.0007237660361973002,0.0,0.0003632375737796,0.0024241425412026,-0.0027797012025909005
3,0.0003155666841363003,0.0003605284624177002,-0.0003632375737796,0.0,0.002060904967423,-0.0031429387763705005
4,-0.0017453382832866996,-0.0017003765050052997,-0.0024241425412026,-0.002060904967423,0.0,-0.0052038437437935
5,0.003458505460506801,0.0035034672387882007,0.0027797012025909005,0.0031429387763705005,0.0052038437437935,0.0
