,zero_shot_baseline,in_context_learning_3-shot,style_information_style_example,chain_of_thought_zero_shot,chain_of_thought_one_shot,self-refine
0,0.0,-0.0008323779980601001,-0.0007729235361098,-6.724406671130005e-05,-0.0008773020650347,-0.0015720007879263
1,0.0008323779980601001,0.0,5.945446195030008e-05,0.0007651339313488,-4.492406697459992e-05,-0.0007396227898661999
2,0.0007729235361098,-5.945446195030008e-05,0.0,0.0007056794693985,-0.0001043785289249,-0.0007990772518165
3,6.724406671130005e-05,-0.0007651339313488,-0.0007056794693985,0.0,-0.0008100579983234,-0.001504756721215
4,0.0008773020650347,4.492406697459992e-05,0.0001043785289249,0.0008100579983234,0.0,-0.0006946987228916
5,0.0015720007879263,0.0007396227898661999,0.0007990772518165,0.001504756721215,0.0006946987228916,0.0
