,abstracts,news,reviews,qa
0,0.0,0.0001230725603529,0.0006190989632748,-0.0005206660229661001
1,-0.0001230725603529,0.0,0.0004960264029218999,-0.000643738583319
2,-0.0006190989632748,-0.0004960264029218999,0.0,-0.0011397649862409
3,0.0005206660229661001,0.000643738583319,0.0011397649862409,0.0
