,abstracts,news,reviews,qa
0,0.0,-0.00029139692172440207,-7.573454146183639e-05,-5.9736618891005e-05
1,0.00029139692172440207,0.0,0.0002156623802625657,0.0002316603028333971
2,7.573454146183639e-05,-0.0002156623802625657,0.0,1.5997922570831392e-05
3,5.9736618891005e-05,-0.0002316603028333971,-1.5997922570831392e-05,0.0
