,zero_shot_baseline,in_context_learning_3-shot,style_information_style_example,chain_of_thought_zero_shot,chain_of_thought_one_shot,self-refine
0,0.0,0.0032658711479185,0.0005477702788227005,7.587150501690062e-05,-0.0019409966535606999,-0.0030457961632892995
1,-0.0032658711479185,0.0,-0.0027181008690957994,-0.0031899996429015994,-0.005206867801479199,-0.006311667311207799
2,-0.0005477702788227005,0.0027181008690957994,0.0,-0.00047189877380579993,-0.0024887669323834004,-0.003593566442112
3,-7.587150501690062e-05,0.0031899996429015994,0.00047189877380579993,0.0,-0.0020168681585776005,-0.0031216676683062
4,0.0019409966535606999,0.005206867801479199,0.0024887669323834004,0.0020168681585776005,0.0,-0.0011047995097285997
5,0.0030457961632892995,0.006311667311207799,0.003593566442112,0.0031216676683062,0.0011047995097285997,0.0
