,zero_shot_baseline,in_context_learning_3-shot,style_information_style_example,chain_of_thought_zero_shot,chain_of_thought_one_shot,self-refine
0,0.0,-0.0006580598831693002,7.159925894989998e-05,-1.224551616310003e-05,0.0001293249631446,-0.0008409448196831
1,0.0006580598831693002,0.0,0.0007296591421192001,0.0006458143670062002,0.0007873848463139002,-0.0001828849365137998
2,-7.159925894989998e-05,-0.0007296591421192001,0.0,-8.384477511300001e-05,5.772570419470001e-05,-0.0009125440786329999
3,1.224551616310003e-05,-0.0006458143670062002,8.384477511300001e-05,0.0,0.00014157047930770002,-0.00082869930352
4,-0.0001293249631446,-0.0007873848463139002,-5.772570419470001e-05,-0.00014157047930770002,0.0,-0.0009702697828277
5,0.0008409448196831,0.0001828849365137998,0.0009125440786329999,0.00082869930352,0.0009702697828277,0.0
