,zero_shot_baseline,in_context_learning_3-shot,style_information_style_example,chain_of_thought_zero_shot,chain_of_thought_one_shot,self-refine
0,0.0,-0.001256478663573,-0.00018326243633830014,-1.096857230669995e-05,-0.0008424283908984001,-6.190295685749988e-05
1,0.001256478663573,0.0,0.0010732162272347,0.0012455100912663,0.0004140502726745999,0.0011945757067155002
2,0.00018326243633830014,-0.0010732162272347,0.0,0.00017229386403160019,-0.0006591659545601,0.00012135947948080025
3,1.096857230669995e-05,-0.0012455100912663,-0.00017229386403160019,0.0,-0.0008314598185917002,-5.093438455079993e-05
4,0.0008424283908984001,-0.0004140502726745999,0.0006591659545601,0.0008314598185917002,0.0,0.0007805254340409002
5,6.190295685749988e-05,-0.0011945757067155002,-0.00012135947948080025,5.093438455079993e-05,-0.0007805254340409002,0.0
