,zero_shot_baseline,in_context_learning_3-shot,style_information_style_example,chain_of_thought_zero_shot,chain_of_thought_one_shot,self-refine
0,0.0,0.0025139162002906015,0.0027115459227286982,0.0008921647146467003,-0.001990751594427801,-0.004156343684540299
1,-0.0025139162002906015,0.0,0.0001976297224380967,-0.0016217514856439012,-0.004504667794718403,-0.006670259884830901
2,-0.0027115459227286982,-0.0001976297224380967,0.0,-0.001819381208081998,-0.004702297517156499,-0.0068678896072689975
3,-0.0008921647146467003,0.0016217514856439012,0.001819381208081998,0.0,-0.0028829163090745014,-0.005048508399187
4,0.001990751594427801,0.004504667794718403,0.004702297517156499,0.0028829163090745014,0.0,-0.0021655920901124982
5,0.004156343684540299,0.006670259884830901,0.0068678896072689975,0.005048508399187,0.0021655920901124982,0.0
