,zero_shot_baseline,in_context_learning_3-shot,style_information_style_example,chain_of_thought_zero_shot,chain_of_thought_one_shot,self-refine
0,0.0,0.0009151487506462001,0.0008246644072571001,-0.0002926090701683001,0.0005554347870292001,-0.0026025490305391003
1,-0.0009151487506462001,0.0,-9.048434338909997e-05,-0.0012077578208145002,-0.000359713963617,-0.0035176977811853007
2,-0.0008246644072571001,9.048434338909997e-05,0.0,-0.0011172734774254002,-0.0002692296202279,-0.0034272134377962005
3,0.0002926090701683001,0.0012077578208145002,0.0011172734774254002,0.0,0.0008480438571975002,-0.0023099399603708002
4,-0.0005554347870292001,0.000359713963617,0.0002692296202279,-0.0008480438571975002,0.0,-0.0031579838175683004
5,0.0026025490305391003,0.0035176977811853007,0.0034272134377962005,0.0023099399603708002,0.0031579838175683004,0.0
