,zero_shot_baseline,in_context_learning_3-shot,style_information_style_example,chain_of_thought_zero_shot,chain_of_thought_one_shot,self-refine
0,0.0,0.0009836702426124,0.0005221138507581001,0.00021259564451139986,-0.0003819180885239002,-0.000469873172622
1,-0.0009836702426124,0.0,-0.0004615563918543,-0.0007710745981010002,-0.0013655883311363003,-0.0014535434152344
2,-0.0005221138507581001,0.0004615563918543,0.0,-0.0003095182062467002,-0.0009040319392820003,-0.0009919870233801
3,-0.00021259564451139986,0.0007710745981010002,0.0003095182062467002,0.0,-0.0005945137330353001,-0.0006824688171333999
4,0.0003819180885239002,0.0013655883311363003,0.0009040319392820003,0.0005945137330353001,0.0,-8.795508409809982e-05
5,0.000469873172622,0.0014535434152344,0.0009919870233801,0.0006824688171333999,8.795508409809982e-05,0.0
