,zero_shot_baseline,in_context_learning_3-shot,style_information_style_example,chain_of_thought_zero_shot,chain_of_thought_one_shot,self-refine
0,0.0,0.0006666708101440997,0.00024532655084909955,0.0004990583971345997,0.0009547796620379993,-0.0017543446755492005
1,-0.0006666708101440997,0.0,-0.0004213442592950001,-0.0001676124130095,0.00028810885189389963,-0.0024210154856933
2,-0.00024532655084909955,0.0004213442592950001,0.0,0.0002537318462855001,0.0007094531111888997,-0.0019996712263983
3,-0.0004990583971345997,0.0001676124130095,-0.0002537318462855001,0.0,0.00045572126490339964,-0.0022534030726838
4,-0.0009547796620379993,-0.00028810885189389963,-0.0007094531111888997,-0.00045572126490339964,0.0,-0.0027091243375871998
5,0.0017543446755492005,0.0024210154856933,0.0019996712263983,0.0022534030726838,0.0027091243375871998,0.0
