,zero_shot_baseline,in_context_learning_3-shot,style_information_style_example,chain_of_thought_zero_shot,chain_of_thought_one_shot,self-refine
0,0.0,0.0042517384833793,0.0005747355260455993,0.0003914876049337986,-0.0019658520460981,-0.0023117059915361005
1,-0.0042517384833793,0.0,-0.0036770029573337006,-0.003860250878445501,-0.0062175905294774,-0.0065634444749154
2,-0.0005747355260455993,0.0036770029573337006,0.0,-0.00018324792111180065,-0.002540587572143699,-0.0028864415175816997
3,-0.0003914876049337986,0.003860250878445501,0.00018324792111180065,0.0,-0.0023573396510318985,-0.002703193596469899
4,0.0019658520460981,0.0062175905294774,0.002540587572143699,0.0023573396510318985,0.0,-0.0003458539454380006
5,0.0023117059915361005,0.0065634444749154,0.0028864415175816997,0.002703193596469899,0.0003458539454380006,0.0
