,abstracts,news,reviews,qa
0,0.0,7.671192791349998e-05,0.0010884359966847,-0.00032121032591520536
1,-7.671192791349998e-05,0.0,0.0010117240687712,-0.00039792225382870533
2,-0.0010884359966847,-0.0010117240687712,0.0,-0.0014096463225999054
3,0.00032121032591520536,0.00039792225382870533,0.0014096463225999054,0.0
