,abstracts,news,reviews,qa
0,0.0,-0.0024212969644061,0.00025332219525020007,-0.00016910176180629996
1,0.0024212969644061,0.0,0.0026746191596563,0.0022521952025998
2,-0.00025332219525020007,-0.0026746191596563,0.0,-0.0004224239570565
3,0.00016910176180629996,-0.0022521952025998,0.0004224239570565,0.0
