,zero_shot_baseline,in_context_learning_3-shot,style_information_style_example,chain_of_thought_zero_shot,chain_of_thought_one_shot,self-refine
0,0.0,0.0022390938279471,0.0006130671851800997,-0.00015463891239759966,0.0012656541242485999,0.00011079781349320004
1,-0.0022390938279471,0.0,-0.0016260266427670002,-0.0023937327403446996,-0.0009734397036985001,-0.0021282960144539
2,-0.0006130671851800997,0.0016260266427670002,0.0,-0.0007677060975776993,0.0006525869390685002,-0.0005022693716868996
3,0.00015463891239759966,0.0023937327403446996,0.0007677060975776993,0.0,0.0014202930366461995,0.0002654367258907997
4,-0.0012656541242485999,0.0009734397036985001,-0.0006525869390685002,-0.0014202930366461995,0.0,-0.0011548563107553998
5,-0.00011079781349320004,0.0021282960144539,0.0005022693716868996,-0.0002654367258907997,0.0011548563107553998,0.0
