,zero_shot_baseline,in_context_learning_3-shot,style_information_style_example,chain_of_thought_zero_shot,chain_of_thought_one_shot,self-refine
0,0.0,0.0004935473632762992,0.00034292035402039983,-3.0924834102200385e-05,0.0007944072644196993,-0.00014668141099240077
1,-0.0004935473632762992,0.0,-0.0001506270092558994,-0.0005244721973784996,0.0003008599011434,-0.0006402287742687
2,-0.00034292035402039983,0.0001506270092558994,0.0,-0.0003738451881226002,0.0004514869103992994,-0.0004896017650128006
3,3.0924834102200385e-05,0.0005244721973784996,0.0003738451881226002,0.0,0.0008253320985218996,-0.00011575657689020039
4,-0.0007944072644196993,-0.0003008599011434,-0.0004514869103992994,-0.0008253320985218996,0.0,-0.0009410886754121
5,0.00014668141099240077,0.0006402287742687,0.0004896017650128006,0.00011575657689020039,0.0009410886754121,0.0
