,zero_shot_baseline,in_context_learning_3-shot,style_information_style_example,chain_of_thought_zero_shot,chain_of_thought_one_shot,self-refine
0,0.0,0.0023690041657479996,0.004382168157942699,0.005794846727216901,-0.0006333777541185012,0.0028125237091743
1,-0.0023690041657479996,0.0,0.0020131639921946998,0.003425842561468901,-0.003002381919866501,0.00044351954342630034
2,-0.004382168157942699,-0.0020131639921946998,0.0,0.0014126785692742012,-0.005015545912061201,-0.0015696444487683994
3,-0.005794846727216901,-0.003425842561468901,-0.0014126785692742012,0.0,-0.006428224481335402,-0.0029823230180426007
4,0.0006333777541185012,0.003002381919866501,0.005015545912061201,0.006428224481335402,0.0,0.003445901463292801
5,-0.0028125237091743,-0.00044351954342630034,0.0015696444487683994,0.0029823230180426007,-0.003445901463292801,0.0
