,zero_shot_baseline,in_context_learning_3-shot,style_information_style_example,chain_of_thought_zero_shot,chain_of_thought_one_shot,self-refine
0,0.0,-0.0027617243155993,0.00039960745371509995,7.881811892789968e-05,-0.0003789110958175002,-0.0012753072548057002
1,0.0027617243155993,0.0,0.0031613317693144,0.0028405424345271995,0.0023828132197817996,0.0014864170607935996
2,-0.00039960745371509995,-0.0031613317693144,0.0,-0.0003207893347872003,-0.0007785185495326002,-0.0016749147085208002
3,-7.881811892789968e-05,-0.0028405424345271995,0.0003207893347872003,0.0,-0.0004577292147453999,-0.0013541253737336
4,0.0003789110958175002,-0.0023828132197817996,0.0007785185495326002,0.0004577292147453999,0.0,-0.0008963961589882
5,0.0012753072548057002,-0.0014864170607935996,0.0016749147085208002,0.0013541253737336,0.0008963961589882,0.0
