,zero_shot_baseline,in_context_learning_3-shot,style_information_style_example,chain_of_thought_zero_shot,chain_of_thought_one_shot,self-refine
0,0.0,0.002854698116047099,-0.0009384313347811004,-0.000358674935314501,-0.00038488284861350024,-5.876230920100027e-05
1,-0.002854698116047099,0.0,-0.0037931294508281995,-0.0032133730513616,-0.0032395809646605994,-0.0029134604252480994
2,0.0009384313347811004,0.0037931294508281995,0.0,0.0005797563994665994,0.0005535484861676002,0.0008796690255801001
3,0.000358674935314501,0.0032133730513616,-0.0005797563994665994,0.0,-2.620791329899924e-05,0.0002999126261135007
4,0.00038488284861350024,0.0032395809646605994,-0.0005535484861676002,2.620791329899924e-05,0.0,0.00032612053941249997
5,5.876230920100027e-05,0.0029134604252480994,-0.0008796690255801001,-0.0002999126261135007,-0.00032612053941249997,0.0
