,zero_shot_baseline,in_context_learning_3-shot,style_information_style_example,chain_of_thought_zero_shot,chain_of_thought_one_shot,self-refine
0,0.0,0.0006784786321322,3.7651037538000143e-06,-0.0002281699550807999,0.0009475687020172,-0.00042556459515590006
1,-0.0006784786321322,0.0,-0.0006747135283784,-0.0009066485872129999,0.00026909006988499995,-0.0011040432272881
2,-3.7651037538000143e-06,0.0006747135283784,0.0,-0.0002319350588345999,0.0009438035982634,-0.0004293296989097001
3,0.0002281699550807999,0.0009066485872129999,0.0002319350588345999,0.0,0.0011757386570979999,-0.00019739464007510017
4,-0.0009475687020172,-0.00026909006988499995,-0.0009438035982634,-0.0011757386570979999,0.0,-0.0013731332971731
5,0.00042556459515590006,0.0011040432272881,0.0004293296989097001,0.00019739464007510017,0.0013731332971731,0.0
