,zero_shot_baseline,in_context_learning_3-shot,style_information_style_example,chain_of_thought_zero_shot,chain_of_thought_one_shot,self-refine
0,0.0,4.6441425751769986e-07,-1.4595876664842e-06,3.8314176245210666e-06,1.2272509578544e-06,-6.120456289869038e-06
1,-4.6441425751769986e-07,0.0,-1.9240019240019e-06,3.3670033670033667e-06,7.628367003367001e-07,-6.584870547386738e-06
2,1.4595876664842e-06,1.9240019240019e-06,0.0,5.2910052910052665e-06,2.6868386243386e-06,-4.660868623384838e-06
3,-3.8314176245210666e-06,-3.3670033670033667e-06,-5.2910052910052665e-06,0.0,-2.6041666666666666e-06,-9.951873914390105e-06
4,-1.2272509578544e-06,-7.628367003367001e-07,-2.6868386243386e-06,2.6041666666666666e-06,0.0,-7.347707247723439e-06
5,6.120456289869038e-06,6.584870547386738e-06,4.660868623384838e-06,9.951873914390105e-06,7.347707247723439e-06,0.0
