,zero_shot_baseline,in_context_learning_3-shot,style_information_style_example,chain_of_thought_zero_shot,chain_of_thought_one_shot,self-refine
0,0.0,-1.3972434726799814e-05,5.0011850393700315e-05,-0.00019014709203469963,-0.0005849800065982,-0.0006137608578831999
1,1.3972434726799814e-05,0.0,6.398428512050013e-05,-0.0001761746573078998,-0.0005710075718714002,-0.0005997884231564001
2,-5.0011850393700315e-05,-6.398428512050013e-05,0.0,-0.00024015894242839994,-0.0006349918569919003,-0.0006637727082769002
3,0.00019014709203469963,0.0001761746573078998,0.00024015894242839994,0.0,-0.00039483291456350036,-0.00042361376584850027
4,0.0005849800065982,0.0005710075718714002,0.0006349918569919003,0.00039483291456350036,0.0,-2.878085128499991e-05
5,0.0006137608578831999,0.0005997884231564001,0.0006637727082769002,0.00042361376584850027,2.878085128499991e-05,0.0
