,zero_shot_baseline,in_context_learning_3-shot,style_information_style_example,chain_of_thought_zero_shot,chain_of_thought_one_shot,self-refine
0,0.0,-0.0003871325804827001,0.00013383385793349994,1.5732538099899997e-05,-1.939355482780006e-05,-0.00038042072965679995
1,0.0003871325804827001,0.0,0.0005209664384162,0.0004028651185826001,0.00036773902565490004,6.711850825900142e-06
2,-0.00013383385793349994,-0.0005209664384162,0.0,-0.00011810131983359994,-0.0001532274127613,-0.0005142545875902999
3,-1.5732538099899997e-05,-0.0004028651185826001,0.00011810131983359994,0.0,-3.5126092927700056e-05,-0.00039615326775669995
4,1.939355482780006e-05,-0.00036773902565490004,0.0001532274127613,3.5126092927700056e-05,0.0,-0.0003610271748289999
5,0.00038042072965679995,-6.711850825900142e-06,0.0005142545875902999,0.00039615326775669995,0.0003610271748289999,0.0
