,zero_shot_baseline,in_context_learning_3-shot,style_information_style_example,chain_of_thought_zero_shot,chain_of_thought_one_shot,self-refine
0,0.0,0.0008236584065179002,0.0007535433924449001,-4.423370505489974e-05,0.0007841910601360002,-0.0013834383335312997
1,-0.0008236584065179002,0.0,-7.011501407300008e-05,-0.0008678921115727999,-3.94673463819e-05,-0.0022070967400492
2,-0.0007535433924449001,7.011501407300008e-05,0.0,-0.0007977770974997998,3.0647667691100075e-05,-0.0021369817259761998
3,4.423370505489974e-05,0.0008678921115727999,0.0007977770974997998,0.0,0.0008284247651908999,-0.0013392046284764
4,-0.0007841910601360002,3.94673463819e-05,-3.0647667691100075e-05,-0.0008284247651908999,0.0,-0.0021676293936673
5,0.0013834383335312997,0.0022070967400492,0.0021369817259761998,0.0013392046284764,0.0021676293936673,0.0
