,zero_shot_baseline,in_context_learning_3-shot,style_information_style_example,chain_of_thought_zero_shot,chain_of_thought_one_shot,self-refine
0,0.0,0.0007539528004686003,0.00019711788382550076,-0.0003592549856142992,-0.0010931287794042994,-0.0015114030068969992
1,-0.0007539528004686003,0.0,-0.0005568349166430995,-0.0011132077860828995,-0.0018470815798728997,-0.0022653558073655994
2,-0.00019711788382550076,0.0005568349166430995,0.0,-0.0005563728694398,-0.0012902466632298002,-0.0017085208907225
3,0.0003592549856142992,0.0011132077860828995,0.0005563728694398,0.0,-0.0007338737937900002,-0.0011521480212827
4,0.0010931287794042994,0.0018470815798728997,0.0012902466632298002,0.0007338737937900002,0.0,-0.00041827422749269975
5,0.0015114030068969992,0.0022653558073655994,0.0017085208907225,0.0011521480212827,0.00041827422749269975,0.0
