,zero_shot_baseline,in_context_learning_3-shot,style_information_style_example,chain_of_thought_zero_shot,chain_of_thought_one_shot,self-refine
0,0.0,6.421136288300007e-06,-0.0001431093969237,9.494301549700006e-06,6.690974196382728e-05,6.438614324223054e-05
1,-6.421136288300007e-06,0.0,-0.000149530533212,3.073165261399999e-06,6.048860567552728e-05,5.796500695393053e-05
2,0.0001431093969237,0.000149530533212,0.0,0.0001526036984734,0.00021001913888752728,0.00020749554016593054
3,-9.494301549700006e-06,-3.073165261399999e-06,-0.0001526036984734,0.0,5.741544041412728e-05,5.489184169253053e-05
4,-6.690974196382728e-05,-6.048860567552728e-05,-0.00021001913888752728,-5.741544041412728e-05,0.0,-2.5235987215967446e-06
5,-6.438614324223054e-05,-5.796500695393053e-05,-0.00020749554016593054,-5.489184169253053e-05,2.5235987215967446e-06,0.0
