,zero_shot_baseline,in_context_learning_3-shot,style_information_style_example,chain_of_thought_zero_shot,chain_of_thought_one_shot,self-refine
0,0.0,-0.00041751876630689985,0.0002014183388352,-4.15385607880998e-05,-0.0006705127491185999,-0.0009901452772968
1,0.00041751876630689985,0.0,0.0006189371051420998,0.00037598020551880005,-0.00025299398281170005,-0.0005726265109899003
2,-0.0002014183388352,-0.0006189371051420998,0.0,-0.0002429568996232998,-0.0008719310879537999,-0.001191563616132
3,4.15385607880998e-05,-0.00037598020551880005,0.0002429568996232998,0.0,-0.0006289741883305001,-0.0009486067165087003
4,0.0006705127491185999,0.00025299398281170005,0.0008719310879537999,0.0006289741883305001,0.0,-0.0003196325281782002
5,0.0009901452772968,0.0005726265109899003,0.001191563616132,0.0009486067165087003,0.0003196325281782002,0.0
