,zero_shot_baseline,in_context_learning_3-shot,style_information_style_example,chain_of_thought_zero_shot,chain_of_thought_one_shot,self-refine
0,0.0,-0.0014486223371690003,-0.0003924331024570001,-0.0002780170660518998,-0.0009443405085946001,-0.0022543120316016003
1,0.0014486223371690003,0.0,0.0010561892347120002,0.0011706052711171005,0.0005042818285744002,-0.0008056896944326
2,0.0003924331024570001,-0.0010561892347120002,0.0,0.00011441603640510029,-0.0005519074061376,-0.0018618789291446002
3,0.0002780170660518998,-0.0011706052711171005,-0.00011441603640510029,0.0,-0.0006663234425427003,-0.0019762949655497005
4,0.0009443405085946001,-0.0005042818285744002,0.0005519074061376,0.0006663234425427003,0.0,-0.0013099715230070002
5,0.0022543120316016003,0.0008056896944326,0.0018618789291446002,0.0019762949655497005,0.0013099715230070002,0.0
