,mistral,deepseek,llama3.3,qwen72b,qwen32b,qwen14b,solar
0,0.0,0.004441281662428399,0.0034587704705353987,0.0018190747392812998,0.0016233125141887003,0.0018200333483830988,0.0002516559023689989
1,-0.004441281662428399,0.0,-0.000982511191893,-0.002622206923147099,-0.0028179691482396983,-0.0026212483140453,-0.0041896257600594
2,-0.0034587704705353987,0.000982511191893,0.0,-0.001639695731254099,-0.0018354579563466984,-0.0016387371221523,-0.0032071145681664
3,-0.0018190747392812998,0.002622206923147099,0.001639695731254099,0.0,-0.00019576222509259944,9.586091017990683e-07,-0.0015674188369123009
4,-0.0016233125141887003,0.0028179691482396983,0.0018354579563466984,0.00019576222509259944,0.0,0.0001967208341943985,-0.0013716566118197014
5,-0.0018200333483830988,0.0026212483140453,0.0016387371221523,-9.586091017990683e-07,-0.0001967208341943985,0.0,-0.0015683774460141
6,-0.0002516559023689989,0.0041896257600594,0.0032071145681664,0.0015674188369123009,0.0013716566118197014,0.0015683774460141,0.0
