,zero_shot_baseline,in_context_learning_3-shot,style_information_style_example,chain_of_thought_zero_shot,chain_of_thought_one_shot,self-refine
0,0.0,0.0010088323860540003,-0.00022160633637519946,0.00030305184820580023,0.0023406475035892002,-0.0008664534532619996
1,-0.0010088323860540003,0.0,-0.0012304387224291997,-0.0007057805378482,0.0013318151175352,-0.001875285839316
2,0.00022160633637519946,0.0012304387224291997,0.0,0.0005246581845809997,0.0025622538399643997,-0.0006448471168868002
3,-0.00030305184820580023,0.0007057805378482,-0.0005246581845809997,0.0,0.0020375956553834,-0.0011695053014677999
4,-0.0023406475035892002,-0.0013318151175352,-0.0025622538399643997,-0.0020375956553834,0.0,-0.0032071009568512
5,0.0008664534532619996,0.001875285839316,0.0006448471168868002,0.0011695053014677999,0.0032071009568512,0.0
