,zero_shot_baseline,in_context_learning_3-shot,style_information_style_example,chain_of_thought_zero_shot,chain_of_thought_one_shot,self-refine
0,0.0,-0.0005598580050796,0.0005149499235698001,-2.410628994149993e-05,-5.92732970571999e-05,-0.004369918963421799
1,0.0005598580050796,0.0,0.0010748079286494,0.0005357517151381001,0.0005005847080224001,-0.0038100609583421995
2,-0.0005149499235698001,-0.0010748079286494,0.0,-0.0005390562135113,-0.000574223220627,-0.0048848688869916
3,2.410628994149993e-05,-0.0005357517151381001,0.0005390562135113,0.0,-3.516700711569997e-05,-0.004345812673480299
4,5.92732970571999e-05,-0.0005005847080224001,0.000574223220627,3.516700711569997e-05,0.0,-0.0043106456663646
5,0.004369918963421799,0.0038100609583421995,0.0048848688869916,0.004345812673480299,0.0043106456663646,0.0
