,zero_shot_baseline,in_context_learning_3-shot,style_information_style_example,chain_of_thought_zero_shot,chain_of_thought_one_shot,self-refine
0,0.0,-1.6673456882200022e-05,5.167203206619996e-05,6.78687250007e-05,-7.163910837020004e-05,-0.00012634659701180008
1,1.6673456882200022e-05,0.0,6.834548894839998e-05,8.454218188290002e-05,-5.496565148800002e-05,-0.00010967314012960005
2,-5.167203206619996e-05,-6.834548894839998e-05,0.0,1.619669293450004e-05,-0.0001233111404364,-0.00017801862907800003
3,-6.78687250007e-05,-8.454218188290002e-05,-1.619669293450004e-05,0.0,-0.00013950783337090004,-0.00019421532201250008
4,7.163910837020004e-05,5.496565148800002e-05,0.0001233111404364,0.00013950783337090004,0.0,-5.470748864160003e-05
5,0.00012634659701180008,0.00010967314012960005,0.00017801862907800003,0.00019421532201250008,5.470748864160003e-05,0.0
