,abstracts,news,reviews,qa
0,0.0,0.0008993552943578,-4.297705490690002e-05,-0.0006197387021372
1,-0.0008993552943578,0.0,-0.0009423323492647,-0.001519093996495
2,4.297705490690002e-05,0.0009423323492647,0.0,-0.0005767616472303
3,0.0006197387021372,0.001519093996495,0.0005767616472303,0.0
