,zero_shot_baseline,in_context_learning_3-shot,style_information_style_example,chain_of_thought_zero_shot,chain_of_thought_one_shot,self-refine
0,0.0,0.0016232392940748004,0.0016427954242849005,-9.367885481939911e-05,0.003080722004350101,-0.0017318462350035986
1,-0.0016232392940748004,0.0,1.955613021010008e-05,-0.0017169181488941995,0.0014574827102753008,-0.003355085529078399
2,-0.0016427954242849005,-1.955613021010008e-05,0.0,-0.0017364742791042996,0.0014379265800652007,-0.003374641659288499
3,9.367885481939911e-05,0.0017169181488941995,0.0017364742791042996,0.0,0.0031744008591695003,-0.0016381673801841995
4,-0.003080722004350101,-0.0014574827102753008,-0.0014379265800652007,-0.0031744008591695003,0.0,-0.0048125682393537
5,0.0017318462350035986,0.003355085529078399,0.003374641659288499,0.0016381673801841995,0.0048125682393537,0.0
