,zero_shot_baseline,in_context_learning_3-shot,style_information_style_example,chain_of_thought_zero_shot,chain_of_thought_one_shot,self-refine
0,0.0,0.0017359910746902983,0.0016495090164417997,-0.00031448079059310033,0.0013309308431608997,-0.0051995674344990014
1,-0.0017359910746902983,0.0,-8.648205824849861e-05,-0.0020504718652833986,-0.0004050602315293986,-0.0069355585091893
2,-0.0016495090164417997,8.648205824849861e-05,0.0,-0.0019639898070349,-0.00031857817328089996,-0.006849076450940801
3,0.00031448079059310033,0.0020504718652833986,0.0019639898070349,0.0,0.001645411633754,-0.004885086643905901
4,-0.0013309308431608997,0.0004050602315293986,0.00031857817328089996,-0.001645411633754,0.0,-0.006530498277659901
5,0.0051995674344990014,0.0069355585091893,0.006849076450940801,0.004885086643905901,0.006530498277659901,0.0
