,zero_shot_baseline,in_context_learning_3-shot,style_information_style_example,chain_of_thought_zero_shot,chain_of_thought_one_shot,self-refine
0,0.0,-0.0002845354983925,-3.051514960500032e-06,5.229585055649999e-05,-0.00010489826674960003,-0.0005355760158974
1,0.0002845354983925,0.0,0.00028148398343199997,0.000336831348949,0.00017963723164289997,-0.00025104051750490005
2,3.051514960500032e-06,-0.00028148398343199997,0.0,5.534736551700002e-05,-0.0001018467517891,-0.0005325245009369
3,-5.229585055649999e-05,-0.000336831348949,-5.534736551700002e-05,0.0,-0.00015719411730610001,-0.0005878718664539001
4,0.00010489826674960003,-0.00017963723164289997,0.0001018467517891,0.00015719411730610001,0.0,-0.0004306777491478
5,0.0005355760158974,0.00025104051750490005,0.0005325245009369,0.0005878718664539001,0.0004306777491478,0.0
