,zero_shot_baseline,in_context_learning_3-shot,style_information_style_example,chain_of_thought_zero_shot,chain_of_thought_one_shot,self-refine
0,0.0,0.0005175693241789999,0.00021346555741399986,-5.9881247263999984e-05,-0.0005671475030249,-0.00048101987425079986
1,-0.0005175693241789999,0.0,-0.00030410376676500003,-0.0005774505714429999,-0.0010847168272038999,-0.0009985891984297997
2,-0.00021346555741399986,0.00030410376676500003,0.0,-0.00027334680467799985,-0.0007806130604388999,-0.0006944854316647997
3,5.9881247263999984e-05,0.0005774505714429999,0.00027334680467799985,0.0,-0.0005072662557609,-0.0004211386269867999
4,0.0005671475030249,0.0010847168272038999,0.0007806130604388999,0.0005072662557609,0.0,8.612762877410014e-05
5,0.00048101987425079986,0.0009985891984297997,0.0006944854316647997,0.0004211386269867999,-8.612762877410014e-05,0.0
