,zero_shot_baseline,in_context_learning_3-shot,style_information_style_example,chain_of_thought_zero_shot,chain_of_thought_one_shot,self-refine
0,0.0,0.0045065384542937,0.0009624893360324002,-0.00013841664704049988,-0.0015179005906048003,-0.0017973598664755008
1,-0.0045065384542937,0.0,-0.0035440491182612997,-0.0046449551013342,-0.0060244390448985,-0.006303898320769201
2,-0.0009624893360324002,0.0035440491182612997,0.0,-0.0011009059830729,-0.0024803899266372005,-0.002759849202507901
3,0.00013841664704049988,0.0046449551013342,0.0011009059830729,0.0,-0.0013794839435643004,-0.001658943219435001
4,0.0015179005906048003,0.0060244390448985,0.0024803899266372005,0.0013794839435643004,0.0,-0.00027945927587070055
5,0.0017973598664755008,0.006303898320769201,0.002759849202507901,0.001658943219435001,0.00027945927587070055,0.0
