,zero_shot_baseline,in_context_learning_3-shot,style_information_style_example,chain_of_thought_zero_shot,chain_of_thought_one_shot,self-refine
0,0.0,0.0006953929901794996,0.0007045223181919996,-0.0001686677778907006,0.0013589044119082993,-0.0013276024133353007
1,-0.0006953929901794996,0.0,9.129328012500056e-06,-0.0008640607680702002,0.0006635114217287998,-0.0020229954035148002
2,-0.0007045223181919996,-9.129328012500056e-06,0.0,-0.0008731900960827002,0.0006543820937162997,-0.0020321247315273003
3,0.0001686677778907006,0.0008640607680702002,0.0008731900960827002,0.0,0.001527572189799,-0.0011589346354446
4,-0.0013589044119082993,-0.0006635114217287998,-0.0006543820937162997,-0.001527572189799,0.0,-0.0026865068252436
5,0.0013276024133353007,0.0020229954035148002,0.0020321247315273003,0.0011589346354446,0.0026865068252436,0.0
