,abstracts,news,reviews,qa
0,0.0,-0.0001685153617246916,-3.386995541709503e-05,-1.403759183200124e-06
1,0.0001685153617246916,0.0,0.00013464540630759653,0.00016711160254149145
2,3.386995541709503e-05,-0.00013464540630759653,0.0,3.246619623389491e-05
3,1.403759183200124e-06,-0.00016711160254149145,-3.246619623389491e-05,0.0
