,zero_shot_baseline,in_context_learning_3-shot,style_information_style_example,chain_of_thought_zero_shot,chain_of_thought_one_shot,self-refine
0,0.0,0.00010663230256470133,0.0009726066771829009,-0.00024202758747370046,0.0013629513883788996,-0.0036833393516828017
1,-0.00010663230256470133,0.0,0.0008659743746181996,-0.0003486598900384018,0.0012563190858141983,-0.003789971654247503
2,-0.0009726066771829009,-0.0008659743746181996,0.0,-0.0012146342646566013,0.00039034471119599873,-0.004655946028865703
3,0.00024202758747370046,0.0003486598900384018,0.0012146342646566013,0.0,0.0016049789758526,-0.0034413117642091012
4,-0.0013629513883788996,-0.0012563190858141983,-0.00039034471119599873,-0.0016049789758526,0.0,-0.005046290740061701
5,0.0036833393516828017,0.003789971654247503,0.004655946028865703,0.0034413117642091012,0.005046290740061701,0.0
