,zero_shot_baseline,in_context_learning_3-shot,style_information_style_example,chain_of_thought_zero_shot,chain_of_thought_one_shot,self-refine
0,0.0,-0.0009232023943198,-1.1514274730899988e-05,-9.686983288599972e-06,-0.0005089675625927,-0.0003517709782011
1,0.0009232023943198,0.0,0.0009116881195889,0.0009135154110312,0.00041423483172710004,0.0005714314161187
2,1.1514274730899988e-05,-0.0009116881195889,0.0,1.827291442300016e-06,-0.0004974532878618,-0.0003402567034702
3,9.686983288599972e-06,-0.0009135154110312,-1.827291442300016e-06,0.0,-0.0004992805793041,-0.0003420839949125
4,0.0005089675625927,-0.00041423483172710004,0.0004974532878618,0.0004992805793041,0.0,0.00015719658439159996
5,0.0003517709782011,-0.0005714314161187,0.0003402567034702,0.0003420839949125,-0.00015719658439159996,0.0
