,zero_shot_baseline,in_context_learning_3-shot,style_information_style_example,chain_of_thought_zero_shot,chain_of_thought_one_shot,self-refine
0,0.0,0.00016001173452210004,-5.318608748810003e-05,-4.401667447279995e-05,0.00016337706788,0.00022821418114600002
1,-0.00016001173452210004,0.0,-0.00021319782201020007,-0.0002040284089949,3.3653333578999517e-06,6.820244662389998e-05
2,5.318608748810003e-05,0.00021319782201020007,0.0,9.169413015300081e-06,0.00021656315536810002,0.00028140026863410005
3,4.401667447279995e-05,0.0002040284089949,-9.169413015300081e-06,0.0,0.00020739374235279994,0.0002722308556188
4,-0.00016337706788,-3.3653333578999517e-06,-0.00021656315536810002,-0.00020739374235279994,0.0,6.483711326600003e-05
5,-0.00022821418114600002,-6.820244662389998e-05,-0.00028140026863410005,-0.0002722308556188,-6.483711326600003e-05,0.0
