,zero_shot_baseline,in_context_learning_3-shot,style_information_style_example,chain_of_thought_zero_shot,chain_of_thought_one_shot,self-refine
0,0.0,-6.613756613756333e-07,0.0,-7.541478129713334e-07,0.0,-4.956248290948833e-06
1,6.613756613756333e-07,0.0,6.613756613756333e-07,-9.277215159570003e-08,6.613756613756333e-07,-4.2948726295732e-06
2,0.0,-6.613756613756333e-07,0.0,-7.541478129713334e-07,0.0,-4.956248290948833e-06
3,7.541478129713334e-07,9.277215159570003e-08,7.541478129713334e-07,0.0,7.541478129713334e-07,-4.2021004779775e-06
4,0.0,-6.613756613756333e-07,0.0,-7.541478129713334e-07,0.0,-4.956248290948833e-06
5,4.956248290948833e-06,4.2948726295732e-06,4.956248290948833e-06,4.2021004779775e-06,4.956248290948833e-06,0.0
