,zero_shot_baseline,in_context_learning_3-shot,style_information_style_example,chain_of_thought_zero_shot,chain_of_thought_one_shot,self-refine
0,0.0,-0.0010572497285894,-2.9675812089399988e-05,5.2992901613299994e-05,0.00014229469485058034,-0.0012762133583408
1,0.0010572497285894,0.0,0.0010275739165,0.0011102426302027001,0.0011995444234399804,-0.00021896362975139987
2,2.9675812089399988e-05,-0.0010275739165,0.0,8.266871370269998e-05,0.0001719705069399803,-0.0012465375462513998
3,-5.2992901613299994e-05,-0.0011102426302027001,-8.266871370269998e-05,0.0,8.930179323728034e-05,-0.0013292062599541
4,-0.00014229469485058034,-0.0011995444234399804,-0.0001719705069399803,-8.930179323728034e-05,0.0,-0.0014185080531913803
5,0.0012762133583408,0.00021896362975139987,0.0012465375462513998,0.0013292062599541,0.0014185080531913803,0.0
