,abstracts,news,reviews,qa
0,0.0,0.0001850011271538,0.0010285769728958,-0.0004646834001713
1,-0.0001850011271538,0.0,0.0008435758457419999,-0.0006496845273251
2,-0.0010285769728958,-0.0008435758457419999,0.0,-0.0014932603730671
3,0.0004646834001713,0.0006496845273251,0.0014932603730671,0.0
