,zero_shot_baseline,in_context_learning_3-shot,style_information_style_example,chain_of_thought_zero_shot,chain_of_thought_one_shot,self-refine
0,0.0,-0.001025334589025,7.124485437270001e-05,1.5873593326600106e-05,-0.0007673790450192998,-0.0033826498972253996
1,0.001025334589025,0.0,0.0010965794433977,0.0010412081823516,0.0002579555440057001,-0.0023573153082003997
2,-7.124485437270001e-05,-0.0010965794433977,0.0,-5.537126104609991e-05,-0.0008386238993919998,-0.0034538947515980996
3,-1.5873593326600106e-05,-0.0010412081823516,5.537126104609991e-05,0.0,-0.0007832526383458999,-0.0033985234905519997
4,0.0007673790450192998,-0.0002579555440057001,0.0008386238993919998,0.0007832526383458999,0.0,-0.0026152708522061
5,0.0033826498972253996,0.0023573153082003997,0.0034538947515980996,0.0033985234905519997,0.0026152708522061,0.0
