,zero_shot_baseline,in_context_learning_3-shot,style_information_style_example,chain_of_thought_zero_shot,chain_of_thought_one_shot,self-refine
0,0.0,6.257970712989999e-05,-8.014260984320003e-05,2.5887021747699986e-05,6.550848569359999e-05,2.9932868241099985e-05
1,-6.257970712989999e-05,0.0,-0.00014272231697310002,-3.66926853822e-05,2.9287785636999974e-06,-3.2646838888800004e-05
2,8.014260984320003e-05,0.00014272231697310002,0.0,0.00010602963159090002,0.00014565109553680002,0.00011007547808430002
3,-2.5887021747699986e-05,3.66926853822e-05,-0.00010602963159090002,0.0,3.96214639459e-05,4.045846493399999e-06
4,-6.550848569359999e-05,-2.9287785636999974e-06,-0.00014565109553680002,-3.96214639459e-05,0.0,-3.55756174525e-05
5,-2.9932868241099985e-05,3.2646838888800004e-05,-0.00011007547808430002,-4.045846493399999e-06,3.55756174525e-05,0.0
