,abstracts,news,reviews,qa
0,0.0,0.0003240725289283,0.0006518690877140999,-0.00024555394632190053
1,-0.0003240725289283,0.0,0.00032779655878579996,-0.0005696264752502005
2,-0.0006518690877140999,-0.00032779655878579996,0.0,-0.0008974230340360004
3,0.00024555394632190053,0.0005696264752502005,0.0008974230340360004,0.0
