,abstracts,news,reviews,qa
0,0.0,0.0099450824501819,0.006625925322179399,-0.0138334519663407
1,-0.0099450824501819,0.0,-0.0033191571280025006,-0.023778534416522598
2,-0.006625925322179399,0.0033191571280025006,0.0,-0.020459377288520098
3,0.0138334519663407,0.023778534416522598,0.020459377288520098,0.0
