,zero_shot_baseline,in_context_learning_3-shot,style_information_style_example,chain_of_thought_zero_shot,chain_of_thought_one_shot,self-refine
0,0.0,0.0032541230935184996,0.0013256264699316976,-0.0007253499231065011,-0.003693186689679301,-0.0022229200344149012
1,-0.0032541230935184996,0.0,-0.001928496623586802,-0.003979473016625001,-0.0069473097831978005,-0.005477043127933401
2,-0.0013256264699316976,0.001928496623586802,0.0,-0.0020509763930381987,-0.0050188131596109985,-0.003548546504346599
3,0.0007253499231065011,0.003979473016625001,0.0020509763930381987,0.0,-0.0029678367665727998,-0.0014975701113084001
4,0.003693186689679301,0.0069473097831978005,0.0050188131596109985,0.0029678367665727998,0.0,0.0014702666552643996
5,0.0022229200344149012,0.005477043127933401,0.003548546504346599,0.0014975701113084001,-0.0014702666552643996,0.0
