,zero_shot_baseline,in_context_learning_3-shot,style_information_style_example,chain_of_thought_zero_shot,chain_of_thought_one_shot,self-refine
0,0.0,0.00021183514142049994,3.224806861660016e-05,0.0007647431348445002,-0.0003983772489703002,0.0005853811775552
1,-0.00021183514142049994,0.0,-0.00017958707280389978,0.0005529079934240002,-0.0006102123903908001,0.00037354603613470004
2,-3.224806861660016e-05,0.00017958707280389978,0.0,0.0007324950662279,-0.00043062531758690037,0.0005531331089385998
3,-0.0007647431348445002,-0.0005529079934240002,-0.0007324950662279,0.0,-0.0011631203838148004,-0.0001793619572893002
4,0.0003983772489703002,0.0006102123903908001,0.00043062531758690037,0.0011631203838148004,0.0,0.0009837584265255002
5,-0.0005853811775552,-0.00037354603613470004,-0.0005531331089385998,0.0001793619572893002,-0.0009837584265255002,0.0
