,zero_shot_baseline,in_context_learning_3-shot,style_information_style_example,chain_of_thought_zero_shot,chain_of_thought_one_shot,self-refine
0,0.0,-0.00039788504669169993,0.00044114114802439996,-0.00019190332348910009,-0.000129663644367,-0.0025317589894982
1,0.00039788504669169993,0.0,0.0008390261947160999,0.00020598172320259985,0.00026822140232469994,-0.0021338739428064996
2,-0.00044114114802439996,-0.0008390261947160999,0.0,-0.0006330444715135,-0.0005708047923914,-0.0029729001375225998
3,0.00019190332348910009,-0.00020598172320259985,0.0006330444715135,0.0,6.223967912210009e-05,-0.0023398556660090995
4,0.000129663644367,-0.00026822140232469994,0.0005708047923914,-6.223967912210009e-05,0.0,-0.0024020953451311996
5,0.0025317589894982,0.0021338739428064996,0.0029729001375225998,0.0023398556660090995,0.0024020953451311996,0.0
