,zero_shot_baseline,in_context_learning_3-shot,style_information_style_example,chain_of_thought_zero_shot,chain_of_thought_one_shot,self-refine
0,0.0,-0.0049170022348641994,-0.0010891119733320992,-0.00039801164327669947,-0.0037545360025804993,-0.0008918749817826994
1,0.0049170022348641994,0.0,0.0038278902615321003,0.0045189905915875,0.0011624662322837,0.0040251272530815
2,0.0010891119733320992,-0.0038278902615321003,0.0,0.0006911003300553997,-0.0026654240292484,0.00019723699154939982
3,0.00039801164327669947,-0.0045189905915875,-0.0006911003300553997,0.0,-0.0033565243593038,-0.0004938633385059999
4,0.0037545360025804993,-0.0011624662322837,0.0026654240292484,0.0033565243593038,0.0,0.0028626610207978
5,0.0008918749817826994,-0.0040251272530815,-0.00019723699154939982,0.0004938633385059999,-0.0028626610207978,0.0
