,zero_shot_baseline,in_context_learning_3-shot,style_information_style_example,chain_of_thought_zero_shot,chain_of_thought_one_shot,self-refine
0,0.0,7.595756577835299e-05,-0.00014794482407900003,1.1461507017499997e-05,5.442545828739617e-05,9.950206528025522e-05
1,-7.595756577835299e-05,0.0,-0.00022390238985735302,-6.4496058760853e-05,-2.153210749095682e-05,2.3544499501902233e-05
2,0.00014794482407900003,0.00022390238985735302,0.0,0.00015940633109650003,0.00020237028236639622,0.00024744688935925526
3,-1.1461507017499997e-05,6.4496058760853e-05,-0.00015940633109650003,0.0,4.2963951269896176e-05,8.804055826275523e-05
4,-5.442545828739617e-05,2.153210749095682e-05,-0.00020237028236639622,-4.2963951269896176e-05,0.0,4.507660699285905e-05
5,-9.950206528025522e-05,-2.3544499501902233e-05,-0.00024744688935925526,-8.804055826275523e-05,-4.507660699285905e-05,0.0
