,zero_shot_baseline,in_context_learning_3-shot,style_information_style_example,chain_of_thought_zero_shot,chain_of_thought_one_shot,self-refine
0,0.0,5.582099284968717e-06,-4.3970362425086254e-05,3.384499220240666e-05,9.504031920509255e-06,-1.9725895151786237e-05
1,-5.582099284968717e-06,0.0,-4.955246171005497e-05,2.826289291743794e-05,3.921932635540538e-06,-2.5307994436754954e-05
2,4.3970362425086254e-05,4.955246171005497e-05,0.0,7.781535462749291e-05,5.347439434559551e-05,2.4244467273300016e-05
3,-3.384499220240666e-05,-2.826289291743794e-05,-7.781535462749291e-05,0.0,-2.4340960281897403e-05,-5.3570887354192895e-05
4,-9.504031920509255e-06,-3.921932635540538e-06,-5.347439434559551e-05,2.4340960281897403e-05,0.0,-2.9229927072295492e-05
5,1.9725895151786237e-05,2.5307994436754954e-05,-2.4244467273300016e-05,5.3570887354192895e-05,2.9229927072295492e-05,0.0
