,zero_shot_baseline,in_context_learning_3-shot,style_information_style_example,chain_of_thought_zero_shot,chain_of_thought_one_shot,self-refine
0,0.0,-2.509446144900035e-06,0.0012591097814267998,0.0003950278825499997,0.0011393314841505998,-0.0003204625786458002
1,2.509446144900035e-06,0.0,0.0012616192275716998,0.00039753732869489975,0.0011418409302954998,-0.00031795313250090017
2,-0.0012591097814267998,-0.0012616192275716998,0.0,-0.0008640818988768001,-0.00011977829727620004,-0.0015795723600726
3,-0.0003950278825499997,-0.00039753732869489975,0.0008640818988768001,0.0,0.0007443036016006,-0.0007154904611957999
4,-0.0011393314841505998,-0.0011418409302954998,0.00011977829727620004,-0.0007443036016006,0.0,-0.0014597940627964
5,0.0003204625786458002,0.00031795313250090017,0.0015795723600726,0.0007154904611957999,0.0014597940627964,0.0
