,zero_shot_baseline,in_context_learning_3-shot,style_information_style_example,chain_of_thought_zero_shot,chain_of_thought_one_shot,self-refine
0,0.0,0.000178829780972,0.00024576279133719993,-2.499701870280007e-05,0.0005180885255817,-0.00018691215053420003
1,-0.000178829780972,0.0,6.693301036519994e-05,-0.00020382679967480006,0.00033925874460969996,-0.0003657419315062
2,-0.00024576279133719993,-6.693301036519994e-05,0.0,-0.00027075981004,0.0002723257342445,-0.00043267494187139996
3,2.499701870280007e-05,0.00020382679967480006,0.00027075981004,0.0,0.0005430855442845001,-0.00016191513183139996
4,-0.0005180885255817,-0.00033925874460969996,-0.0002723257342445,-0.0005430855442845001,0.0,-0.0007050006761158999
5,0.00018691215053420003,0.0003657419315062,0.00043267494187139996,0.00016191513183139996,0.0007050006761158999,0.0
