,zero_shot_baseline,in_context_learning_3-shot,style_information_style_example,chain_of_thought_zero_shot,chain_of_thought_one_shot,self-refine
0,0.0,3.7907011736598e-06,1.0249484079070334e-06,3.466950849909467e-06,-4.749280919694663e-07,-5.437941785911901e-06
1,-3.7907011736598e-06,0.0,-2.7657527657527666e-06,-3.237503237503332e-07,-4.265629265629266e-06,-9.228642959571701e-06
2,-1.0249484079070334e-06,2.7657527657527666e-06,0.0,2.4420024420024334e-06,-1.4998764998764998e-06,-6.462890193818934e-06
3,-3.466950849909467e-06,3.237503237503332e-07,-2.4420024420024334e-06,0.0,-3.941878941878933e-06,-8.904892635821367e-06
4,4.749280919694663e-07,4.265629265629266e-06,1.4998764998764998e-06,3.941878941878933e-06,0.0,-4.9630136939424345e-06
5,5.437941785911901e-06,9.228642959571701e-06,6.462890193818934e-06,8.904892635821367e-06,4.9630136939424345e-06,0.0
