,zero_shot_baseline,in_context_learning_3-shot,style_information_style_example,chain_of_thought_zero_shot,chain_of_thought_one_shot,self-refine
0,0.0,1.2122283321368465e-05,-2.9812248846394342e-05,-8.762599255280986e-07,-9.819389456116826e-06,7.290325466996398e-06
1,-1.2122283321368465e-05,0.0,-4.193453216776281e-05,-1.2998543246896564e-05,-2.194167277748529e-05,-4.831957854372067e-06
2,2.9812248846394342e-05,4.193453216776281e-05,0.0,2.8935988920866244e-05,1.9992859390277516e-05,3.710257431339074e-05
3,8.762599255280986e-07,1.2998543246896564e-05,-2.8935988920866244e-05,0.0,-8.943129530588728e-06,8.166585392524497e-06
4,9.819389456116826e-06,2.194167277748529e-05,-1.9992859390277516e-05,8.943129530588728e-06,0.0,1.7109714923113224e-05
5,-7.290325466996398e-06,4.831957854372067e-06,-3.710257431339074e-05,-8.166585392524497e-06,-1.7109714923113224e-05,0.0
