,zero_shot_baseline,in_context_learning_3-shot,style_information_style_example,chain_of_thought_zero_shot,chain_of_thought_one_shot,self-refine
0,0.0,-0.0007847003903774996,0.0007396825097016994,0.00013600876264549967,0.002199598740404,-0.0040840910523322
1,0.0007847003903774996,0.0,0.001524382900079199,0.0009207091530229992,0.0029842991307814995,-0.0032993906619547004
2,-0.0007396825097016994,-0.001524382900079199,0.0,-0.0006036737470561998,0.0014599162307023005,-0.004823773562033899
3,-0.00013600876264549967,-0.0009207091530229992,0.0006036737470561998,0.0,0.0020635899777585003,-0.0042200998149777
4,-0.002199598740404,-0.0029842991307814995,-0.0014599162307023005,-0.0020635899777585003,0.0,-0.0062836897927362
5,0.0040840910523322,0.0032993906619547004,0.004823773562033899,0.0042200998149777,0.0062836897927362,0.0
