,zero_shot_baseline,in_context_learning_3-shot,style_information_style_example,chain_of_thought_zero_shot,chain_of_thought_one_shot,self-refine
0,0.0,0.0006928958559375004,-0.0004468092451983996,-0.0002108002883679,0.0005639229642003,-6.908769997369989e-05
1,-0.0006928958559375004,0.0,-0.0011397051011359,-0.0009036961443054004,-0.00012897289173720034,-0.0007619835559112003
2,0.0004468092451983996,0.0011397051011359,0.0,0.0002360089568304996,0.0010107322093986996,0.0003777215452246997
3,0.0002108002883679,0.0009036961443054004,-0.0002360089568304996,0.0,0.0007747232525682,0.00014171258839420012
4,-0.0005639229642003,0.00012897289173720034,-0.0010107322093986996,-0.0007747232525682,0.0,-0.0006330106641739999
5,6.908769997369989e-05,0.0007619835559112003,-0.0003777215452246997,-0.00014171258839420012,0.0006330106641739999,0.0
