,abstracts,news,reviews,qa
0,0.0,-0.00014769088019710343,-4.390219015539259e-05,3.406218717682875e-06
1,0.00014769088019710343,0.0,0.00010378869004171084,0.0001510970989147863
2,4.390219015539259e-05,-0.00010378869004171084,0.0,4.730840887307547e-05
3,-3.406218717682875e-06,-0.0001510970989147863,-4.730840887307547e-05,0.0
