,zero_shot_baseline,in_context_learning_3-shot,style_information_style_example,chain_of_thought_zero_shot,chain_of_thought_one_shot,self-refine
0,0.0,0.0005717966954568998,-3.088797438450001e-05,4.5658625566700074e-05,-0.0004791954918718002,-0.0011046790477217002
1,-0.0005717966954568998,0.0,-0.0006026846698413998,-0.0005261380698901997,-0.0010509921873287,-0.0016764757431786
2,3.088797438450001e-05,0.0006026846698413998,0.0,7.654659995120008e-05,-0.0004483075174873002,-0.0010737910733372002
3,-4.5658625566700074e-05,0.0005261380698901997,-7.654659995120008e-05,0.0,-0.0005248541174385003,-0.0011503376732884003
4,0.0004791954918718002,0.0010509921873287,0.0004483075174873002,0.0005248541174385003,0.0,-0.0006254835558499
5,0.0011046790477217002,0.0016764757431786,0.0010737910733372002,0.0011503376732884003,0.0006254835558499,0.0
