,zero_shot_baseline,in_context_learning_3-shot,style_information_style_example,chain_of_thought_zero_shot,chain_of_thought_one_shot,self-refine
0,0.0,0.0011881616621496,-0.0007940620697376999,0.0010638991357025001,0.0013668394439897,-0.0006791766327665996
1,-0.0011881616621496,0.0,-0.0019822237318873,-0.00012426252644709987,0.00017867778184009996,-0.0018673382949161996
2,0.0007940620697376999,0.0019822237318873,0.0,0.0018579612054402,0.0021609015137274,0.00011488543697110026
3,-0.0010638991357025001,0.00012426252644709987,-0.0018579612054402,0.0,0.00030294030828719983,-0.0017430757684690997
4,-0.0013668394439897,-0.00017867778184009996,-0.0021609015137274,-0.00030294030828719983,0.0,-0.0020460160767562996
5,0.0006791766327665996,0.0018673382949161996,-0.00011488543697110026,0.0017430757684690997,0.0020460160767562996,0.0
