,zero_shot_baseline,in_context_learning_3-shot,style_information_style_example,chain_of_thought_zero_shot,chain_of_thought_one_shot,self-refine
0,0.0,3.08834294802001e-05,-8.636796742399937e-06,8.968683666230005e-05,1.7282459407200082e-05,-0.0005513869777194
1,-3.08834294802001e-05,0.0,-3.9520226222600034e-05,5.8803407182099953e-05,-1.3600970073000015e-05,-0.0005822704071996001
2,8.636796742399937e-06,3.9520226222600034e-05,0.0,9.832363340469999e-05,2.591925614960002e-05,-0.000542750180977
3,-8.968683666230005e-05,-5.8803407182099953e-05,-9.832363340469999e-05,0.0,-7.240437725509997e-05,-0.0006410738143817
4,-1.7282459407200082e-05,1.3600970073000015e-05,-2.591925614960002e-05,7.240437725509997e-05,0.0,-0.0005686694371266
5,0.0005513869777194,0.0005822704071996001,0.000542750180977,0.0006410738143817,0.0005686694371266,0.0
