,zero_shot_baseline,in_context_learning_3-shot,style_information_style_example,chain_of_thought_zero_shot,chain_of_thought_one_shot,self-refine
0,0.0,-0.0014497753780221998,0.0002787471919270001,-0.00013678966030250019,0.0013239426139199,-0.0027711875675153997
1,0.0014497753780221998,0.0,0.0017285225699492,0.0013129857177196997,0.0027737179919421,-0.0013214121894931999
2,-0.0002787471919270001,-0.0017285225699492,0.0,-0.0004155368522295003,0.0010451954219928999,-0.0030499347594424
3,0.00013678966030250019,-0.0013129857177196997,0.0004155368522295003,0.0,0.0014607322742224002,-0.0026343979072128995
4,-0.0013239426139199,-0.0027737179919421,-0.0010451954219928999,-0.0014607322742224002,0.0,-0.0040951301814353
5,0.0027711875675153997,0.0013214121894931999,0.0030499347594424,0.0026343979072128995,0.0040951301814353,0.0
