,zero_shot_baseline,in_context_learning_3-shot,style_information_style_example,chain_of_thought_zero_shot,chain_of_thought_one_shot,self-refine
0,0.0,-0.0014187886289972998,-0.0004898009754925,-0.00017014706824169988,0.0001904631449652001,-0.0017434064989891
1,0.0014187886289972998,0.0,0.0009289876535047998,0.0012486415607556,0.0016092517739625,-0.0003246178699918001
2,0.0004898009754925,-0.0009289876535047998,0.0,0.00031965390725080013,0.0006802641204577001,-0.0012536055234965999
3,0.00017014706824169988,-0.0012486415607556,-0.00031965390725080013,0.0,0.0003606102132069,-0.0015732594307474
4,-0.0001904631449652001,-0.0016092517739625,-0.0006802641204577001,-0.0003606102132069,0.0,-0.0019338696439543
5,0.0017434064989891,0.0003246178699918001,0.0012536055234965999,0.0015732594307474,0.0019338696439543,0.0
