,zero_shot_baseline,in_context_learning_3-shot,style_information_style_example,chain_of_thought_zero_shot,chain_of_thought_one_shot,self-refine
0,0.0,1.1975237939099989e-05,-9.011699341539999e-05,-9.885601322699998e-06,8.064985128769999e-05,7.964725861929998e-05
1,-1.1975237939099989e-05,0.0,-0.00010209223135449998,-2.1860839261799987e-05,6.86746133486e-05,6.76720206802e-05
2,9.011699341539999e-05,0.00010209223135449998,0.0,8.02313920927e-05,0.00017076684470309999,0.00016976425203469998
3,9.885601322699998e-06,2.1860839261799987e-05,-8.02313920927e-05,0.0,9.053545261039999e-05,8.953285994199998e-05
4,-8.064985128769999e-05,-6.86746133486e-05,-0.00017076684470309999,-9.053545261039999e-05,0.0,-1.0025926684000084e-06
5,-7.964725861929998e-05,-6.76720206802e-05,-0.00016976425203469998,-8.953285994199998e-05,1.0025926684000084e-06,0.0
