,zero_shot_baseline,in_context_learning_3-shot,style_information_style_example,chain_of_thought_zero_shot,chain_of_thought_one_shot,self-refine
0,0.0,0.0009597686541050008,0.0003681110651993008,-1.610762037869938e-05,0.0006355859816064005,0.00015091105270250045
1,-0.0009597686541050008,0.0,-0.0005916575889057,-0.0009758762744837002,-0.0003241826724986003,-0.0008088576014025003
2,-0.0003681110651993008,0.0005916575889057,0.0,-0.00038421868557800016,0.0002674749164070997,-0.00021720001249680033
3,1.610762037869938e-05,0.0009758762744837002,0.00038421868557800016,0.0,0.0006516936019850999,0.00016701867308119983
4,-0.0006355859816064005,0.0003241826724986003,-0.0002674749164070997,-0.0006516936019850999,0.0,-0.0004846749289039
5,-0.00015091105270250045,0.0008088576014025003,0.00021720001249680033,-0.00016701867308119983,0.0004846749289039,0.0
