,zero_shot_baseline,in_context_learning_3-shot,style_information_style_example,chain_of_thought_zero_shot,chain_of_thought_one_shot,self-refine
0,0.0,-0.0009997406058548,3.196054335899998e-05,9.58058031607e-05,0.0001578345897841,-0.0009779228140734
1,0.0009997406058548,0.0,0.0010317011492138,0.0010955464090155,0.0011575751956389,2.1817791781399924e-05
2,-3.196054335899998e-05,-0.0010317011492138,0.0,6.384525980170002e-05,0.00012587404642510003,-0.0010098833574324001
3,-9.58058031607e-05,-0.0010955464090155,-6.384525980170002e-05,0.0,6.202878662340001e-05,-0.0010737286172341001
4,-0.0001578345897841,-0.0011575751956389,-0.00012587404642510003,-6.202878662340001e-05,0.0,-0.0011357574038575
5,0.0009779228140734,-2.1817791781399924e-05,0.0010098833574324001,0.0010737286172341001,0.0011357574038575,0.0
