,abstracts,news,reviews,qa
0,0.0,0.008966512295954599,0.00014853320614689985,-0.0096814900658922
1,-0.008966512295954599,0.0,-0.0088179790898077,-0.0186480023618468
2,-0.00014853320614689985,0.0088179790898077,0.0,-0.0098300232720391
3,0.0096814900658922,0.0186480023618468,0.0098300232720391,0.0
