,zero_shot_baseline,in_context_learning_3-shot,style_information_style_example,chain_of_thought_zero_shot,chain_of_thought_one_shot,self-refine
0,0.0,0.00015911992198019997,0.00011222349960850002,1.1910757351399977e-05,0.0002248458229809,-0.00011981741113709999
1,-0.00015911992198019997,0.0,-4.6896422371699945e-05,-0.0001472091646288,6.572590100070003e-05,-0.00027893733311729996
2,-0.00011222349960850002,4.6896422371699945e-05,0.0,-0.00010031274225710005,0.00011262232337239998,-0.0002320409107456
3,-1.1910757351399977e-05,0.0001472091646288,0.00010031274225710005,0.0,0.00021293506562950002,-0.00013172816848849996
4,-0.0002248458229809,-6.572590100070003e-05,-0.00011262232337239998,-0.00021293506562950002,0.0,-0.000344663234118
5,0.00011981741113709999,0.00027893733311729996,0.0002320409107456,0.00013172816848849996,0.000344663234118,0.0
