,zero_shot_baseline,in_context_learning_3-shot,style_information_style_example,chain_of_thought_zero_shot,chain_of_thought_one_shot,self-refine
0,0.0,-0.0001038606013573,-0.00019612782311559997,-1.1334673585700018e-05,1.0064026148899998e-05,-9.784625399999027e-08
1,0.0001038606013573,0.0,-9.226722175829997e-05,9.252592777159998e-05,0.0001139246275062,0.00010376275510330001
2,0.00019612782311559997,9.226722175829997e-05,0.0,0.00018479314952989995,0.00020619184926449997,0.00019602997686159998
3,1.1334673585700018e-05,-9.252592777159998e-05,-0.00018479314952989995,0.0,2.1398699734600016e-05,1.1236827331700028e-05
4,-1.0064026148899998e-05,-0.0001139246275062,-0.00020619184926449997,-2.1398699734600016e-05,0.0,-1.0161872402899988e-05
5,9.784625399999027e-08,-0.00010376275510330001,-0.00019602997686159998,-1.1236827331700028e-05,1.0161872402899988e-05,0.0
