,zero_shot_baseline,in_context_learning_3-shot,style_information_style_example,chain_of_thought_zero_shot,chain_of_thought_one_shot,self-refine
0,0.0,5.89755359018744e-05,-4.4024598172999994e-05,-2.1716804659100005e-05,4.543727918878527e-05,3.860784246666837e-05
1,-5.89755359018744e-05,0.0,-0.0001030001340748744,-8.06923405609744e-05,-1.3538256713089132e-05,-2.036769343520603e-05
2,4.4024598172999994e-05,0.0001030001340748744,0.0,2.230779351389999e-05,8.946187736178526e-05,8.263244063966837e-05
3,2.1716804659100005e-05,8.06923405609744e-05,-2.230779351389999e-05,0.0,6.715408384788527e-05,6.032464712576838e-05
4,-4.543727918878527e-05,1.3538256713089132e-05,-8.946187736178526e-05,-6.715408384788527e-05,0.0,-6.829436722116897e-06
5,-3.860784246666837e-05,2.036769343520603e-05,-8.263244063966837e-05,-6.032464712576838e-05,6.829436722116897e-06,0.0
