,zero_shot_baseline,in_context_learning_3-shot,style_information_style_example,chain_of_thought_zero_shot,chain_of_thought_one_shot,self-refine
0,0.0,-4.1993926614594275e-05,-7.240155119465453e-05,-2.4181428183665798e-05,-4.21138508857975e-05,-2.5396905673863696e-05
1,4.1993926614594275e-05,0.0,-3.040762458006026e-05,1.7812498430928477e-05,-1.199242712032235e-07,1.659702094073058e-05
2,7.240155119465453e-05,3.040762458006026e-05,0.0,4.8220123010988734e-05,3.0287700308857037e-05,4.700464552079084e-05
3,2.4181428183665798e-05,-1.7812498430928477e-05,-4.8220123010988734e-05,0.0,-1.79324227021317e-05,-1.2154774901978982e-06
4,4.21138508857975e-05,1.199242712032235e-07,-3.0287700308857037e-05,1.79324227021317e-05,0.0,1.6716945211933802e-05
5,2.5396905673863696e-05,-1.659702094073058e-05,-4.700464552079084e-05,1.2154774901978982e-06,-1.6716945211933802e-05,0.0
