,zero_shot_baseline,in_context_learning_3-shot,style_information_style_example,chain_of_thought_zero_shot,chain_of_thought_one_shot,self-refine
0,0.0,-0.0019040529352249997,-0.0015325644698128,-0.0005760227808755004,-0.002416124352859799,-0.004261914366533099
1,0.0019040529352249997,0.0,0.0003714884654121998,0.0013280301543494993,-0.0005120714176347994,-0.0023578614313080996
2,0.0015325644698128,-0.0003714884654121998,0.0,0.0009565416889372996,-0.0008835598830469991,-0.0027293498967202994
3,0.0005760227808755004,-0.0013280301543494993,-0.0009565416889372996,0.0,-0.0018401015719842987,-0.003685891585657599
4,0.002416124352859799,0.0005120714176347994,0.0008835598830469991,0.0018401015719842987,0.0,-0.0018457900136733003
5,0.004261914366533099,0.0023578614313080996,0.0027293498967202994,0.003685891585657599,0.0018457900136733003,0.0
