,mistral,deepseek,llama3.3,qwen72b,qwen32b,qwen14b,solar
0,0.0,-5.012981962469981e-05,0.0005852869202318,-0.0017207254905364999,-0.0027086150638440994,-0.0020207041721373997,-0.0022269670334563
1,5.012981962469981e-05,0.0,0.0006354167398564998,-0.0016705956709118,-0.0026584852442194,-0.0019705743525127,-0.0021768372138316005
2,-0.0005852869202318,-0.0006354167398564998,0.0,-0.0023060124107683,-0.0032939019840759,-0.0026059910923692,-0.0028122539536881005
3,0.0017207254905364999,0.0016705956709118,0.0023060124107683,0.0,-0.0009878895733075998,-0.0002999786816009001,-0.0005062415429198004
4,0.0027086150638440994,0.0026584852442194,0.0032939019840759,0.0009878895733075998,0.0,0.0006879108917066997,0.00048164803038779937
5,0.0020207041721373997,0.0019705743525127,0.0026059910923692,0.0002999786816009001,-0.0006879108917066997,0.0,-0.00020626286131890034
6,0.0022269670334563,0.0021768372138316005,0.0028122539536881005,0.0005062415429198004,-0.00048164803038779937,0.00020626286131890034,0.0
