,zero_shot_baseline,in_context_learning_3-shot,style_information_style_example,chain_of_thought_zero_shot,chain_of_thought_one_shot,self-refine
0,0.0,0.0006696049365945999,0.0006148455004468998,4.081880912039978e-05,0.0006125408331336998,-0.0010419134333831
1,-0.0006696049365945999,0.0,-5.475943614770013e-05,-0.0006287861274742001,-5.706410346090012e-05,-0.0017115183699777
2,-0.0006148455004468998,5.475943614770013e-05,0.0,-0.0005740266913265,-2.3046673131999883e-06,-0.0016567589338299998
3,-4.081880912039978e-05,0.0006287861274742001,0.0005740266913265,0.0,0.0005717220240133,-0.0010827322425034998
4,-0.0006125408331336998,5.706410346090012e-05,2.3046673131999883e-06,-0.0005717220240133,0.0,-0.0016544542665167998
5,0.0010419134333831,0.0017115183699777,0.0016567589338299998,0.0010827322425034998,0.0016544542665167998,0.0
