,zero_shot_baseline,in_context_learning_3-shot,style_information_style_example,chain_of_thought_zero_shot,chain_of_thought_one_shot,self-refine
0,0.0,0.00013847103295399997,9.220338796989998e-05,0.00014790696059829996,6.979863248709995e-05,-0.00012577624947770008
1,-0.00013847103295399997,0.0,-4.626764498409999e-05,9.435927644299992e-06,-6.867240046690002e-05,-0.00026424728243170005
2,-9.220338796989998e-05,4.626764498409999e-05,0.0,5.5703572628399984e-05,-2.2404755482800028e-05,-0.00021797963744760006
3,-0.00014790696059829996,-9.435927644299992e-06,-5.5703572628399984e-05,0.0,-7.810832811120001e-05,-0.00027368321007600004
4,-6.979863248709995e-05,6.867240046690002e-05,2.2404755482800028e-05,7.810832811120001e-05,0.0,-0.00019557488196480003
5,0.00012577624947770008,0.00026424728243170005,0.00021797963744760006,0.00027368321007600004,0.00019557488196480003,0.0
