,zero_shot_baseline,in_context_learning_3-shot,style_information_style_example,chain_of_thought_zero_shot,chain_of_thought_one_shot,self-refine
0,0.0,-6.139795137077259e-05,-0.0001288380383585726,-8.478277814353495e-06,-1.0939203261368103e-05,-0.0001295910538789726
1,6.139795137077259e-05,0.0,-6.744008698780001e-05,5.2919673556419094e-05,5.0458748109404486e-05,-6.819310250820001e-05
2,0.0001288380383585726,6.744008698780001e-05,0.0,0.0001203597605442191,0.0001178988350972045,-7.530155203999992e-07
3,8.478277814353495e-06,-5.2919673556419094e-05,-0.0001203597605442191,0.0,-2.460925447014608e-06,-0.0001211127760646191
4,1.0939203261368103e-05,-5.0458748109404486e-05,-0.0001178988350972045,2.460925447014608e-06,0.0,-0.0001186518506176045
5,0.0001295910538789726,6.819310250820001e-05,7.530155203999992e-07,0.0001211127760646191,0.0001186518506176045,0.0
