,zero_shot_baseline,in_context_learning_3-shot,style_information_style_example,chain_of_thought_zero_shot,chain_of_thought_one_shot,self-refine
0,0.0,-0.0004342876282124999,1.2686972136600013e-05,-1.93842174269e-05,-0.0002219369094934,-0.0003865890345060999
1,0.0004342876282124999,0.0,0.00044697460034909996,0.0004149034107856,0.00021235071871909995,4.7698593706400005e-05
2,-1.2686972136600013e-05,-0.00044697460034909996,0.0,-3.2071189563500014e-05,-0.00023462388163,-0.00039927600664269996
3,1.93842174269e-05,-0.0004149034107856,3.2071189563500014e-05,0.0,-0.0002025526920665,-0.00036720481707919997
4,0.0002219369094934,-0.00021235071871909995,0.00023462388163,0.0002025526920665,0.0,-0.00016465212501269995
5,0.0003865890345060999,-4.7698593706400005e-05,0.00039927600664269996,0.00036720481707919997,0.00016465212501269995,0.0
