,zero_shot_baseline,in_context_learning_3-shot,style_information_style_example,chain_of_thought_zero_shot,chain_of_thought_one_shot,self-refine
0,0.0,0.0015405538619061004,-9.375529482200107e-06,0.0012370434390224002,0.0017317481006579004,-0.0047815337049619995
1,-0.0015405538619061004,0.0,-0.0015499293913883005,-0.00030351042288370017,0.00019119423875180001,-0.0063220875668681
2,9.375529482200107e-06,0.0015499293913883005,0.0,0.0012464189685046003,0.0017411236301401005,-0.004772158175479799
3,-0.0012370434390224002,0.00030351042288370017,-0.0012464189685046003,0.0,0.0004947046616355002,-0.0060185771439844
4,-0.0017317481006579004,-0.00019119423875180001,-0.0017411236301401005,-0.0004947046616355002,0.0,-0.0065132818056199
5,0.0047815337049619995,0.0063220875668681,0.004772158175479799,0.0060185771439844,0.0065132818056199,0.0
