,zero_shot_baseline,in_context_learning_3-shot,style_information_style_example,chain_of_thought_zero_shot,chain_of_thought_one_shot,self-refine
0,0.0,-0.003416956601367,-0.0022620095237223976,-0.00036117156964539723,0.0010158764133791007,-0.0035213664825724
1,0.003416956601367,0.0,0.0011549470776446025,0.003055785031721603,0.004432833014746101,-0.00010440988120540007
2,0.0022620095237223976,-0.0011549470776446025,0.0,0.0019008379540770004,0.0032778859371014983,-0.0012593569588500025
3,0.00036117156964539723,-0.003055785031721603,-0.0019008379540770004,0.0,0.001377047983024498,-0.003160194912927003
4,-0.0010158764133791007,-0.004432833014746101,-0.0032778859371014983,-0.001377047983024498,0.0,-0.004537242895951501
5,0.0035213664825724,0.00010440988120540007,0.0012593569588500025,0.003160194912927003,0.004537242895951501,0.0
