,zero_shot_baseline,in_context_learning_3-shot,style_information_style_example,chain_of_thought_zero_shot,chain_of_thought_one_shot,self-refine
0,0.0,-0.00048827016709610004,-9.00127241493e-05,-7.084710619200015e-06,-8.6677172047e-05,-0.0003910733836596
1,0.00048827016709610004,0.0,0.0003982574429468,0.0004811854564769,0.0004015929950491,9.719678343650005e-05
2,9.00127241493e-05,-0.0003982574429468,0.0,8.292801353009999e-05,3.335552102300002e-06,-0.00030106065951029996
3,7.084710619200015e-06,-0.0004811854564769,-8.292801353009999e-05,0.0,-7.959246142779999e-05,-0.0003839886730403999
4,8.6677172047e-05,-0.0004015929950491,-3.335552102300002e-06,7.959246142779999e-05,0.0,-0.00030439621161259996
5,0.0003910733836596,-9.719678343650005e-05,0.00030106065951029996,0.0003839886730403999,0.00030439621161259996,0.0
