,abstracts,news,reviews,qa
0,0.0,-0.0013395987389988998,-0.00021860922836749997,-0.0014867203219582
1,0.0013395987389988998,0.0,0.0011209895106314,-0.00014712158295930025
2,0.00021860922836749997,-0.0011209895106314,0.0,-0.0012681110935907002
3,0.0014867203219582,0.00014712158295930025,0.0012681110935907002,0.0
