,zero_shot_baseline,in_context_learning_3-shot,style_information_style_example,chain_of_thought_zero_shot,chain_of_thought_one_shot,self-refine
0,0.0,-2.7641670450481576e-05,-0.00010397627190307545,5.7598204618292324e-06,-5.154880505155534e-05,-3.508842287842894e-05
1,2.7641670450481576e-05,0.0,-7.633460145259387e-05,3.340149091231081e-05,-2.3907134601073763e-05,-7.446752427947371e-06
2,0.00010397627190307545,7.633460145259387e-05,0.0,0.00010973609236490467,5.242746685152011e-05,6.888784902464649e-05
3,-5.7598204618292324e-06,-3.340149091231081e-05,-0.00010973609236490467,0.0,-5.730862551338457e-05,-4.084824334025818e-05
4,5.154880505155534e-05,2.3907134601073763e-05,-5.242746685152011e-05,5.730862551338457e-05,0.0,1.6460382173126392e-05
5,3.508842287842894e-05,7.446752427947371e-06,-6.888784902464649e-05,4.084824334025818e-05,-1.6460382173126392e-05,0.0
