,zero_shot_baseline,in_context_learning_3-shot,style_information_style_example,chain_of_thought_zero_shot,chain_of_thought_one_shot,self-refine
0,0.0,0.0007061915187737992,4.3768822320199366e-05,0.0005321075828459993,0.0018166548785709998,-0.0057624634298713
1,-0.0007061915187737992,0.0,-0.0006624226964535998,-0.0001740839359277999,0.0011104633597972006,-0.006468654948645099
2,-4.3768822320199366e-05,0.0006624226964535998,0.0,0.0004883387605257999,0.0017728860562508005,-0.005806232252191499
3,-0.0005321075828459993,0.0001740839359277999,-0.0004883387605257999,0.0,0.0012845472957250005,-0.006294571012717299
4,-0.0018166548785709998,-0.0011104633597972006,-0.0017728860562508005,-0.0012845472957250005,0.0,-0.0075791183084423
5,0.0057624634298713,0.006468654948645099,0.005806232252191499,0.006294571012717299,0.0075791183084423,0.0
