,zero_shot_baseline,in_context_learning_3-shot,style_information_style_example,chain_of_thought_zero_shot,chain_of_thought_one_shot,self-refine
0,0.0,-7.107655349729996e-05,0.00012783920582280003,-9.589481490599946e-06,0.00023744251182079997,-0.00022078130212520005
1,7.107655349729996e-05,0.0,0.0001989157593201,6.148707200670002e-05,0.00030851906531809993,-0.00014970474862790008
2,-0.00012783920582280003,-0.0001989157593201,0.0,-0.00013742868731339997,0.00010960330599799994,-0.0003486205079480001
3,9.589481490599946e-06,-6.148707200670002e-05,0.00013742868731339997,0.0,0.0002470319933113999,-0.0002111918206346001
4,-0.00023744251182079997,-0.00030851906531809993,-0.00010960330599799994,-0.0002470319933113999,0.0,-0.000458223813946
5,0.00022078130212520005,0.00014970474862790008,0.0003486205079480001,0.0002111918206346001,0.000458223813946,0.0
