,zero_shot_baseline,in_context_learning_3-shot,style_information_style_example,chain_of_thought_zero_shot,chain_of_thought_one_shot,self-refine
0,0.0,0.00033009279621239954,0.0006536103306194994,8.818363329819983e-05,2.760910571799474e-06,0.0018983955190296996
1,-0.00033009279621239954,0.0,0.0003235175344070999,-0.0002419091629141997,-0.00032733188564060007,0.0015683027228173
2,-0.0006536103306194994,-0.0003235175344070999,0.0,-0.0005654266973212996,-0.0006508494200477,0.0012447851884102002
3,-8.818363329819983e-05,0.0002419091629141997,0.0005654266973212996,0.0,-8.542272272640036e-05,0.0018102118857314998
4,-2.760910571799474e-06,0.00032733188564060007,0.0006508494200477,8.542272272640036e-05,0.0,0.0018956346084579002
5,-0.0018983955190296996,-0.0015683027228173,-0.0012447851884102002,-0.0018102118857314998,-0.0018956346084579002,0.0
