,zero_shot_baseline,in_context_learning_3-shot,style_information_style_example,chain_of_thought_zero_shot,chain_of_thought_one_shot,self-refine
0,0.0,0.0065838640945288,0.0024783977629924993,0.0041533757338705,0.000846808114384999,-0.009979064230360202
1,-0.0065838640945288,0.0,-0.0041054663315363005,-0.0024304883606583,-0.005737055980143801,-0.016562928324889002
2,-0.0024783977629924993,0.0041054663315363005,0.0,0.0016749779708780006,-0.0016315896486075003,-0.012457461993352702
3,-0.0041533757338705,0.0024304883606583,-0.0016749779708780006,0.0,-0.003306567619485501,-0.014132439964230702
4,-0.000846808114384999,0.005737055980143801,0.0016315896486075003,0.003306567619485501,0.0,-0.010825872344745201
5,0.009979064230360202,0.016562928324889002,0.012457461993352702,0.014132439964230702,0.010825872344745201,0.0
