,zero_shot_baseline,in_context_learning_3-shot,style_information_style_example,chain_of_thought_zero_shot,chain_of_thought_one_shot,self-refine
0,0.0,0.012026589813804299,0.0021105341715480994,0.0001378399835329988,0.0008193799742994973,-0.0032299084337649997
1,-0.012026589813804299,0.0,-0.0099160556422562,-0.0118887498302713,-0.011207209839504802,-0.015256498247569299
2,-0.0021105341715480994,0.0099160556422562,0.0,-0.0019726941880151005,-0.001291154197248602,-0.005340442605313099
3,-0.0001378399835329988,0.0118887498302713,0.0019726941880151005,0.0,0.0006815399907664985,-0.0033677484172979985
4,-0.0008193799742994973,0.011207209839504802,0.001291154197248602,-0.0006815399907664985,0.0,-0.004049288408064497
5,0.0032299084337649997,0.015256498247569299,0.005340442605313099,0.0033677484172979985,0.004049288408064497,0.0
