,zero_shot_baseline,in_context_learning_3-shot,style_information_style_example,chain_of_thought_zero_shot,chain_of_thought_one_shot,self-refine
0,0.0,-0.0012912459540018,-0.0001252166548825,2.812334666879999e-05,0.00012252434235250002,-0.0017541291933136003
1,0.0012912459540018,0.0,0.0011660292991193,0.0013193693006705999,0.0014137702963543,-0.0004628832393118003
2,0.0001252166548825,-0.0011660292991193,0.0,0.0001533400015513,0.000247740997235,-0.0016289125384311002
3,-2.812334666879999e-05,-0.0013193693006705999,-0.0001533400015513,0.0,9.440099568370002e-05,-0.0017822525399824002
4,-0.00012252434235250002,-0.0014137702963543,-0.000247740997235,-9.440099568370002e-05,0.0,-0.0018766535356661003
5,0.0017541291933136003,0.0004628832393118003,0.0016289125384311002,0.0017822525399824002,0.0018766535356661003,0.0
