,zero_shot_baseline,in_context_learning_3-shot,style_information_style_example,chain_of_thought_zero_shot,chain_of_thought_one_shot,self-refine
0,0.0,-1.06577321849907e-05,-4.260251376884667e-06,-3.373524333728534e-06,-4.195768112389301e-06,-9.607222411267832e-06
1,1.06577321849907e-05,0.0,6.397480808106034e-06,7.284207851262167e-06,6.4619640726014e-06,1.0505097737228682e-06
2,4.260251376884667e-06,-6.397480808106034e-06,0.0,8.86727043156133e-07,6.44832644953663e-08,-5.346971034383166e-06
3,3.373524333728534e-06,-7.284207851262167e-06,-8.86727043156133e-07,0.0,-8.222437786607667e-07,-6.233698077539299e-06
4,4.195768112389301e-06,-6.4619640726014e-06,-6.44832644953663e-08,8.222437786607667e-07,0.0,-5.411454298878532e-06
5,9.607222411267832e-06,-1.0505097737228682e-06,5.346971034383166e-06,6.233698077539299e-06,5.411454298878532e-06,0.0
