,zero_shot_baseline,in_context_learning_3-shot,style_information_style_example,chain_of_thought_zero_shot,chain_of_thought_one_shot,self-refine
0,0.0,0.0003000486989156001,2.4049211259600037e-05,9.013664493700072e-06,-0.0001157851179085,0.00011374872774020002
1,-0.0003000486989156001,0.0,-0.0002759994876560001,-0.00029103503442190004,-0.0004158338168241001,-0.0001862999711754001
2,-2.4049211259600037e-05,0.0002759994876560001,0.0,-1.5035546765899965e-05,-0.00013983432916810003,8.969951648059998e-05
3,-9.013664493700072e-06,0.00029103503442190004,1.5035546765899965e-05,0.0,-0.00012479878240220007,0.00010473506324649995
4,0.0001157851179085,0.0004158338168241001,0.00013983432916810003,0.00012479878240220007,0.0,0.00022953384564870002
5,-0.00011374872774020002,0.0001862999711754001,-8.969951648059998e-05,-0.00010473506324649995,-0.00022953384564870002,0.0
