,zero_shot_baseline,in_context_learning_3-shot,style_information_style_example,chain_of_thought_zero_shot,chain_of_thought_one_shot,self-refine
0,0.0,0.0032225696141528,0.0011522071231538002,-0.00034584810533610025,-0.0007677419511518003,-0.0020194413625633
1,-0.0032225696141528,0.0,-0.0020703624909989998,-0.0035684177194889003,-0.0039903115653046,-0.0052420109767161
2,-0.0011522071231538002,0.0020703624909989998,0.0,-0.0014980552284899005,-0.0019199490743056005,-0.0031716484857171002
3,0.00034584810533610025,0.0035684177194889003,0.0014980552284899005,0.0,-0.00042189384581570004,-0.0016735932572271997
4,0.0007677419511518003,0.0039903115653046,0.0019199490743056005,0.00042189384581570004,0.0,-0.0012516994114114997
5,0.0020194413625633,0.0052420109767161,0.0031716484857171002,0.0016735932572271997,0.0012516994114114997,0.0
