,zero_shot_baseline,in_context_learning_3-shot,style_information_style_example,chain_of_thought_zero_shot,chain_of_thought_one_shot,self-refine
0,0.0,0.0007386880355087003,-5.355273386159964e-05,-0.0001647360483361996,-0.0007204331550429996,-0.0011415592795669996
1,-0.0007386880355087003,0.0,-0.0007922407693702999,-0.0009034240838448999,-0.0014591211905517,-0.0018802473150757
2,5.355273386159964e-05,0.0007922407693702999,0.0,-0.00011118331447459995,-0.0006668804211814,-0.0010880065457054
3,0.0001647360483361996,0.0009034240838448999,0.00011118331447459995,0.0,-0.0005556971067068,-0.0009768232312308
4,0.0007204331550429996,0.0014591211905517,0.0006668804211814,0.0005556971067068,0.0,-0.000421126124524
5,0.0011415592795669996,0.0018802473150757,0.0010880065457054,0.0009768232312308,0.000421126124524,0.0
