,zero_shot_baseline,in_context_learning_3-shot,style_information_style_example,chain_of_thought_zero_shot,chain_of_thought_one_shot,self-refine
0,0.0,-0.0029525577748490003,-0.0001373916265636002,-0.0003475559742028003,-0.0023185987387039004,-0.0009861469730368002
1,0.0029525577748490003,0.0,0.0028151661482854,0.0026050018006462,0.0006339590361450998,0.0019664108018122
2,0.0001373916265636002,-0.0028151661482854,0.0,-0.00021016434763920008,-0.0021812071121403,-0.0008487553464732
3,0.0003475559742028003,-0.0026050018006462,0.00021016434763920008,0.0,-0.0019710427645011,-0.000638590998834
4,0.0023185987387039004,-0.0006339590361450998,0.0021812071121403,0.0019710427645011,0.0,0.0013324517656671002
5,0.0009861469730368002,-0.0019664108018122,0.0008487553464732,0.000638590998834,-0.0013324517656671002,0.0
