,abstracts,news,reviews,qa
0,0.0,0.0014896342258488,0.0001762121422438,-0.0006151378289456
1,-0.0014896342258488,0.0,-0.001313422083605,-0.0021047720547944
2,-0.0001762121422438,0.001313422083605,0.0,-0.0007913499711894
3,0.0006151378289456,0.0021047720547944,0.0007913499711894,0.0
