,zero_shot_baseline,in_context_learning_3-shot,style_information_style_example,chain_of_thought_zero_shot,chain_of_thought_one_shot,self-refine
0,0.0,-0.0007357800250162995,-0.0002727760006584999,-0.00045428392948279996,-0.0011326009944652,-0.0027061070365447
1,0.0007357800250162995,0.0,0.00046300402435779956,0.0002814960955334995,-0.0003968209694489005,-0.0019703270115284006
2,0.0002727760006584999,-0.00046300402435779956,0.0,-0.00018150792882430005,-0.0008598249938067,-0.0024333310358862
3,0.00045428392948279996,-0.0002814960955334995,0.00018150792882430005,0.0,-0.0006783170649824,-0.0022518231070619
4,0.0011326009944652,0.0003968209694489005,0.0008598249938067,0.0006783170649824,0.0,-0.0015735060420795002
5,0.0027061070365447,0.0019703270115284006,0.0024333310358862,0.0022518231070619,0.0015735060420795002,0.0
