,zero_shot_baseline,in_context_learning_3-shot,style_information_style_example,chain_of_thought_zero_shot,chain_of_thought_one_shot,self-refine
0,0.0,0.0142407583177342,0.004225306754341799,-0.0019790883975289997,-0.0030972099534704,-0.0055774297175692
1,-0.0142407583177342,0.0,-0.0100154515633924,-0.0162198467152632,-0.0173379682712046,-0.0198181880353034
2,-0.004225306754341799,0.0100154515633924,0.0,-0.006204395151870799,-0.007322516707812199,-0.009802736471911
3,0.0019790883975289997,0.0162198467152632,0.006204395151870799,0.0,-0.0011181215559414003,-0.0035983413200402006
4,0.0030972099534704,0.0173379682712046,0.007322516707812199,0.0011181215559414003,0.0,-0.0024802197640988004
5,0.0055774297175692,0.0198181880353034,0.009802736471911,0.0035983413200402006,0.0024802197640988004,0.0
