,zero_shot_baseline,in_context_learning_3-shot,style_information_style_example,chain_of_thought_zero_shot,chain_of_thought_one_shot,self-refine
0,0.0,7.490636704119667e-07,-1.5819386605903334e-06,7.490636704119667e-07,-1.2582696825816666e-07,-2.208422726762e-06
1,-7.490636704119667e-07,0.0,-2.3310023310023e-06,0.0,-8.748906386701334e-07,-2.9574863971739668e-06
2,1.5819386605903334e-06,2.3310023310023e-06,0.0,2.3310023310023e-06,1.4561116923321665e-06,-6.264840661716668e-07
3,-7.490636704119667e-07,0.0,-2.3310023310023e-06,0.0,-8.748906386701334e-07,-2.9574863971739668e-06
4,1.2582696825816666e-07,8.748906386701334e-07,-1.4561116923321665e-06,8.748906386701334e-07,0.0,-2.0825957585038332e-06
5,2.208422726762e-06,2.9574863971739668e-06,6.264840661716668e-07,2.9574863971739668e-06,2.0825957585038332e-06,0.0
