,zero_shot_baseline,in_context_learning_3-shot,style_information_style_example,chain_of_thought_zero_shot,chain_of_thought_one_shot,self-refine
0,0.0,2.7322404371584662e-06,2.7322404371584662e-06,2.7322404371584662e-06,2.7322404371584662e-06,2.7322404371584662e-06
1,-2.7322404371584662e-06,0.0,0.0,0.0,0.0,0.0
2,-2.7322404371584662e-06,0.0,0.0,0.0,0.0,0.0
3,-2.7322404371584662e-06,0.0,0.0,0.0,0.0,0.0
4,-2.7322404371584662e-06,0.0,0.0,0.0,0.0,0.0
5,-2.7322404371584662e-06,0.0,0.0,0.0,0.0,0.0
