,zero_shot_baseline,in_context_learning_3-shot,style_information_style_example,chain_of_thought_zero_shot,chain_of_thought_one_shot,self-refine
0,0.0,-8.467019920009995e-05,-4.038212255199952e-06,-5.698436980989998e-05,-9.553486921549996e-05,-0.00022500648436930002
1,8.467019920009995e-05,0.0,8.06319869449e-05,2.768582939019997e-05,-1.086467001540001e-05,-0.00014033628516920007
2,4.038212255199952e-06,-8.06319869449e-05,0.0,-5.294615755470003e-05,-9.149665696030001e-05,-0.00022096827211410007
3,5.698436980989998e-05,-2.768582939019997e-05,5.294615755470003e-05,0.0,-3.855049940559998e-05,-0.00016802211455940004
4,9.553486921549996e-05,1.086467001540001e-05,9.149665696030001e-05,3.855049940559998e-05,0.0,-0.00012947161515380006
5,0.00022500648436930002,0.00014033628516920007,0.00022096827211410007,0.00016802211455940004,0.00012947161515380006,0.0
