,abstracts,news,reviews,qa
0,0.0,0.0179275998454391,0.0038274718132897,-0.0118289422327305
1,-0.0179275998454391,0.0,-0.0141001280321494,-0.0297565420781696
2,-0.0038274718132897,0.0141001280321494,0.0,-0.015656414046020202
3,0.0118289422327305,0.0297565420781696,0.015656414046020202,0.0
