,abstracts,news,reviews,qa
0,0.0,-0.0017638518479766998,-0.0018504512876522,-0.001296138307256
1,0.0017638518479766998,0.0,-8.659943967550014e-05,0.0004677135407206998
2,0.0018504512876522,8.659943967550014e-05,0.0,0.0005543129803961999
3,0.001296138307256,-0.0004677135407206998,-0.0005543129803961999,0.0
