,zero_shot_baseline,in_context_learning_3-shot,style_information_style_example,chain_of_thought_zero_shot,chain_of_thought_one_shot,self-refine
0,0.0,4.279384843056999e-07,-9.581634614213334e-06,-1.3708983808758002e-06,2.1640495954168e-06,-7.335317232032964e-06
1,-4.279384843056999e-07,0.0,-1.0009573098519033e-05,-1.7988368651815001e-06,1.7361111111111e-06,-7.763255716338663e-06
2,9.581634614213334e-06,1.0009573098519033e-05,0.0,8.210736233337534e-06,1.1745684209630134e-05,2.2463173821803703e-06
3,1.3708983808758002e-06,1.7988368651815001e-06,-8.210736233337534e-06,0.0,3.5349479762926e-06,-5.9644188511571635e-06
4,-2.1640495954168e-06,-1.7361111111111e-06,-1.1745684209630134e-05,-3.5349479762926e-06,0.0,-9.499366827449764e-06
5,7.335317232032964e-06,7.763255716338663e-06,-2.2463173821803703e-06,5.9644188511571635e-06,9.499366827449764e-06,0.0
