,abstracts,news,reviews,qa
0,0.0,0.0010279140748914,-0.0028888383289702,-0.001418531501357
1,-0.0010279140748914,0.0,-0.0039167524038616,-0.0024464455762484
2,0.0028888383289702,0.0039167524038616,0.0,0.0014703068276132
3,0.001418531501357,0.0024464455762484,-0.0014703068276132,0.0
