,zero_shot_baseline,in_context_learning_3-shot,style_information_style_example,chain_of_thought_zero_shot,chain_of_thought_one_shot,self-refine
0,0.0,0.0035089704486841004,-0.0018830426258388995,-0.0025475982214291995,-0.0154537059640039,-0.010164196532502699
1,-0.0035089704486841004,0.0,-0.005392013074523,-0.0060565686701133,-0.018962676412688,-0.013673166981186799
2,0.0018830426258388995,0.005392013074523,0.0,-0.0006645555955903,-0.013570663338165,-0.008281153906663799
3,0.0025475982214291995,0.0060565686701133,0.0006645555955903,0.0,-0.0129061077425747,-0.007616598311073499
4,0.0154537059640039,0.018962676412688,0.013570663338165,0.0129061077425747,0.0,0.005289509431501201
5,0.010164196532502699,0.013673166981186799,0.008281153906663799,0.007616598311073499,-0.005289509431501201,0.0
