,mistral,deepseek,llama3.3,qwen72b,qwen32b,qwen14b,solar
0,0.0,0.0016843603361648002,0.0012207512657221005,0.00026986543500269987,0.0003460427192105006,0.0004959185576122998,-0.0006220690999832997
1,-0.0016843603361648002,0.0,-0.00046360907044269966,-0.0014144949011621003,-0.0013383176169542996,-0.0011884417785525004,-0.0023064294361481
2,-0.0012207512657221005,0.00046360907044269966,0.0,-0.0009508858307194007,-0.0008747085465116,-0.0007248327081098007,-0.0018428203657054002
3,-0.00026986543500269987,0.0014144949011621003,0.0009508858307194007,0.0,7.617728420780071e-05,0.00022605312260959992,-0.0008919345349859996
4,-0.0003460427192105006,0.0013383176169542996,0.0008747085465116,-7.617728420780071e-05,0.0,0.0001498758384017992,-0.0009681118191938003
5,-0.0004959185576122998,0.0011884417785525004,0.0007248327081098007,-0.00022605312260959992,-0.0001498758384017992,0.0,-0.0011179876575955995
6,0.0006220690999832997,0.0023064294361481,0.0018428203657054002,0.0008919345349859996,0.0009681118191938003,0.0011179876575955995,0.0
