,zero_shot_baseline,in_context_learning_3-shot,style_information_style_example,chain_of_thought_zero_shot,chain_of_thought_one_shot,self-refine
0,0.0,-0.0002864645172351997,0.00034154394007559997,-0.00010463753203339985,0.0006891693129187,-0.0013808523293911998
1,0.0002864645172351997,0.0,0.0006280084573107997,0.00018182698520179987,0.0009756338301538997,-0.001094387812156
2,-0.00034154394007559997,-0.0006280084573107997,0.0,-0.0004461814721089998,0.0003476253728431,-0.0017223962694667997
3,0.00010463753203339985,-0.00018182698520179987,0.0004461814721089998,0.0,0.0007938068449520998,-0.0012762147973578
4,-0.0006891693129187,-0.0009756338301538997,-0.0003476253728431,-0.0007938068449520998,0.0,-0.0020700216423098997
5,0.0013808523293911998,0.001094387812156,0.0017223962694667997,0.0012762147973578,0.0020700216423098997,0.0
