,zero_shot_baseline,in_context_learning_3-shot,style_information_style_example,chain_of_thought_zero_shot,chain_of_thought_one_shot,self-refine
0,0.0,-0.0004378181183854,-1.70423521877e-05,-8.25043812386e-05,-7.51822870592e-05,-0.00046151252056519996
1,0.0004378181183854,0.0,0.0004207757661977,0.0003553137371468,0.0003626358313262,-2.3694402179799982e-05
2,1.70423521877e-05,-0.0004207757661977,0.0,-6.54620290509e-05,-5.8139934871500004e-05,-0.00044447016837749996
3,8.25043812386e-05,-0.0003553137371468,6.54620290509e-05,0.0,7.322094179399992e-06,-0.00037900813932659997
4,7.51822870592e-05,-0.0003626358313262,5.8139934871500004e-05,-7.322094179399992e-06,0.0,-0.00038633023350599996
5,0.00046151252056519996,2.3694402179799982e-05,0.00044447016837749996,0.00037900813932659997,0.00038633023350599996,0.0
