,zero_shot_baseline,in_context_learning_3-shot,style_information_style_example,chain_of_thought_zero_shot,chain_of_thought_one_shot,self-refine
0,0.0,0.0012198727321152,-0.0004082347273002005,0.00040612448608570023,0.0018176581661071,-0.0008386278907792002
1,-0.0012198727321152,0.0,-0.0016281074594154004,-0.0008137482460294997,0.0005977854339919001,-0.0020585006228944
2,0.0004082347273002005,0.0016281074594154004,0.0,0.0008143592133859007,0.0022258928934073005,-0.0004303931634789997
3,-0.00040612448608570023,0.0008137482460294997,-0.0008143592133859007,0.0,0.0014115336800213998,-0.0012447523768649004
4,-0.0018176581661071,-0.0005977854339919001,-0.0022258928934073005,-0.0014115336800213998,0.0,-0.0026562860568863002
5,0.0008386278907792002,0.0020585006228944,0.0004303931634789997,0.0012447523768649004,0.0026562860568863002,0.0
