,zero_shot_baseline,in_context_learning_3-shot,style_information_style_example,chain_of_thought_zero_shot,chain_of_thought_one_shot,self-refine
0,0.0,-9.24892009042288e-05,6.904182031293705e-06,1.0162385797391004e-05,2.7525249402008504e-05,-2.0062829365179566e-05
1,9.24892009042288e-05,0.0,9.939338293552251e-05,0.00010265158670161981,0.0001200144503062373,7.242637153904923e-05
2,-6.904182031293705e-06,-9.939338293552251e-05,0.0,3.2582037660972994e-06,2.06210673707148e-05,-2.696701139647327e-05
3,-1.0162385797391004e-05,-0.00010265158670161981,-3.2582037660972994e-06,0.0,1.73628636046175e-05,-3.022521516257057e-05
4,-2.7525249402008504e-05,-0.0001200144503062373,-2.06210673707148e-05,-1.73628636046175e-05,0.0,-4.758807876718807e-05
5,2.0062829365179566e-05,-7.242637153904923e-05,2.696701139647327e-05,3.022521516257057e-05,4.758807876718807e-05,0.0
