,zero_shot_baseline,in_context_learning_3-shot,style_information_style_example,chain_of_thought_zero_shot,chain_of_thought_one_shot,self-refine
0,0.0,-2.174780925185033e-06,-1.0067340855356901e-05,-4.324998341083e-06,-2.0927214128421664e-06,-6.487741720977866e-06
1,2.174780925185033e-06,0.0,-7.892559930171868e-06,-2.150217415897967e-06,8.205951234286677e-08,-4.312960795792832e-06
2,1.0067340855356901e-05,7.892559930171868e-06,0.0,5.742342514273901e-06,7.974619442514735e-06,3.5795991343790354e-06
3,4.324998341083e-06,2.150217415897967e-06,-5.742342514273901e-06,0.0,2.232276928240834e-06,-2.1627433798948653e-06
4,2.0927214128421664e-06,-8.205951234286677e-08,-7.974619442514735e-06,-2.232276928240834e-06,0.0,-4.3950203081357e-06
5,6.487741720977866e-06,4.312960795792832e-06,-3.5795991343790354e-06,2.1627433798948653e-06,4.3950203081357e-06,0.0
