,zero_shot_baseline,in_context_learning_3-shot,style_information_style_example,chain_of_thought_zero_shot,chain_of_thought_one_shot,self-refine
0,0.0,1.0489518210875998e-06,3.282627093105668e-07,9.872716821985331e-07,1.0687669621135999e-06,-2.7187672294696338e-06
1,-1.0489518210875998e-06,0.0,-7.20689111777033e-07,-6.168013888906667e-08,1.9815141026000078e-08,-3.7677190505572336e-06
2,-3.282627093105668e-07,7.20689111777033e-07,0.0,6.590089728879663e-07,7.405042528030331e-07,-3.0470299387802005e-06
3,-9.872716821985331e-07,6.168013888906667e-08,-6.590089728879663e-07,0.0,8.149527991506675e-08,-3.7060389116681667e-06
4,-1.0687669621135999e-06,-1.9815141026000078e-08,-7.405042528030331e-07,-8.149527991506675e-08,0.0,-3.7875341915832336e-06
5,2.7187672294696338e-06,3.7677190505572336e-06,3.0470299387802005e-06,3.7060389116681667e-06,3.7875341915832336e-06,0.0
