,zero_shot_baseline,in_context_learning_3-shot,style_information_style_example,chain_of_thought_zero_shot,chain_of_thought_one_shot,self-refine
0,0.0,0.0004461538021506002,-0.00039607779405579973,-0.0001591210808246997,-0.00029246525324319985,0.0003477489350759001
1,-0.0004461538021506002,0.0,-0.0008422315962063999,-0.0006052748829752999,-0.0007386190553938,-9.840486707470009e-05
2,0.00039607779405579973,0.0008422315962063999,0.0,0.00023695671323110002,0.00010361254081259989,0.0007438267291316998
3,0.0001591210808246997,0.0006052748829752999,-0.00023695671323110002,0.0,-0.00013334417241850013,0.0005068700159005998
4,0.00029246525324319985,0.0007386190553938,-0.00010361254081259989,0.00013334417241850013,0.0,0.0006402141883191
5,-0.0003477489350759001,9.840486707470009e-05,-0.0007438267291316998,-0.0005068700159005998,-0.0006402141883191,0.0
