,zero_shot_baseline,in_context_learning_3-shot,style_information_style_example,chain_of_thought_zero_shot,chain_of_thought_one_shot,self-refine
0,0.0,0.00010520419823420001,1.855276386710002e-05,-1.9120694375100028e-05,-6.528832604819998e-05,8.281471142009998e-05
1,-0.00010520419823420001,0.0,-8.66514343671e-05,-0.00012432489260930004,-0.0001704925242824,-2.2389486814100037e-05
2,-1.855276386710002e-05,8.66514343671e-05,0.0,-3.767345824220005e-05,-8.38410899153e-05,6.426194755299996e-05
3,1.9120694375100028e-05,0.00012432489260930004,3.767345824220005e-05,0.0,-4.6167631673099956e-05,0.0001019354057952
4,6.528832604819998e-05,0.0001704925242824,8.38410899153e-05,4.6167631673099956e-05,0.0,0.00014810303746829996
5,-8.281471142009998e-05,2.2389486814100037e-05,-6.426194755299996e-05,-0.0001019354057952,-0.00014810303746829996,0.0
