,zero_shot_baseline,in_context_learning_3-shot,style_information_style_example,chain_of_thought_zero_shot,chain_of_thought_one_shot,self-refine
0,0.0,0.0033666453373559,0.0006829379666904003,-0.0001908014517887002,-0.0009779558984313996,-0.0028289340560422992
1,-0.0033666453373559,0.0,-0.0026837073706654996,-0.0035574467891446,-0.004344601235787299,-0.006195579393398199
2,-0.0006829379666904003,0.0026837073706654996,0.0,-0.0008737394184791004,-0.0016608938651217998,-0.0035118720227326995
3,0.0001908014517887002,0.0035574467891446,0.0008737394184791004,0.0,-0.0007871544466426994,-0.002638132604253599
4,0.0009779558984313996,0.004344601235787299,0.0016608938651217998,0.0007871544466426994,0.0,-0.0018509781576108997
5,0.0028289340560422992,0.006195579393398199,0.0035118720227326995,0.002638132604253599,0.0018509781576108997,0.0
