,zero_shot_baseline,in_context_learning_3-shot,style_information_style_example,chain_of_thought_zero_shot,chain_of_thought_one_shot,self-refine
0,0.0,-0.0009647573850574001,-0.0009562798921773996,-0.00013300455673499962,0.0004939318285877002,-0.0013390753229688994
1,0.0009647573850574001,0.0,8.477492880000492e-06,0.0008317528283224005,0.0014586892136451003,-0.0003743179379114992
2,0.0009562798921773996,-8.477492880000492e-06,0.0,0.0008232753354424,0.0014502117207650998,-0.0003827954307914997
3,0.00013300455673499962,-0.0008317528283224005,-0.0008232753354424,0.0,0.0006269363853226998,-0.0012060707662338997
4,-0.0004939318285877002,-0.0014586892136451003,-0.0014502117207650998,-0.0006269363853226998,0.0,-0.0018330071515565995
5,0.0013390753229688994,0.0003743179379114992,0.0003827954307914997,0.0012060707662338997,0.0018330071515565995,0.0
