,zero_shot_baseline,in_context_learning_3-shot,style_information_style_example,chain_of_thought_zero_shot,chain_of_thought_one_shot,self-refine
0,0.0,1.3347368199384726e-06,-1.2842610090154865e-05,4.184689653219066e-06,4.184689653219066e-06,1.7304812192784658e-06
1,-1.3347368199384726e-06,0.0,-1.4177346910093339e-05,2.8499528332805934e-06,2.8499528332805934e-06,3.957443993399932e-07
2,1.2842610090154865e-05,1.4177346910093339e-05,0.0,1.7027299743373932e-05,1.7027299743373932e-05,1.4573091309433333e-05
3,-4.184689653219066e-06,-2.8499528332805934e-06,-1.7027299743373932e-05,0.0,0.0,-2.4542084339406e-06
4,-4.184689653219066e-06,-2.8499528332805934e-06,-1.7027299743373932e-05,0.0,0.0,-2.4542084339406e-06
5,-1.7304812192784658e-06,-3.957443993399932e-07,-1.4573091309433333e-05,2.4542084339406e-06,2.4542084339406e-06,0.0
