,abstracts,news,reviews,qa
0,0.0,-0.0009536914410903999,0.0010113032548799,-0.0029735949006583
1,0.0009536914410903999,0.0,0.0019649946959703,-0.0020199034595679
2,-0.0010113032548799,-0.0019649946959703,0.0,-0.0039848981555382
3,0.0029735949006583,0.0020199034595679,0.0039848981555382,0.0
