,mistral,deepseek,llama3.3,qwen72b,qwen32b,qwen14b,solar
0,0.0,0.000884596434553,0.0003399985708316001,0.00020799028788530015,0.0008251514346878999,0.0004478615065006998,0.00019589234829469997
1,-0.000884596434553,0.0,-0.0005445978637213999,-0.0006766061466676999,-5.944499986510008e-05,-0.0004367349280523002,-0.0006887040862583
2,-0.0003399985708316001,0.0005445978637213999,0.0,-0.00013200828294629994,0.00048515286385629984,0.00010786293566909973,-0.00014410622253690011
3,-0.00020799028788530015,0.0006766061466676999,0.00013200828294629994,0.0,0.0006171611468025998,0.00023987121861539966,-1.2097939590600178e-05
4,-0.0008251514346878999,5.944499986510008e-05,-0.00048515286385629984,-0.0006171611468025998,0.0,-0.0003772899281872001,-0.0006292590863932
5,-0.0004478615065006998,0.0004367349280523002,-0.00010786293566909973,-0.00023987121861539966,0.0003772899281872001,0.0,-0.00025196915820599984
6,-0.00019589234829469997,0.0006887040862583,0.00014410622253690011,1.2097939590600178e-05,0.0006292590863932,0.00025196915820599984,0.0
