,zero_shot_baseline,in_context_learning_3-shot,style_information_style_example,chain_of_thought_zero_shot,chain_of_thought_one_shot,self-refine
0,0.0,-1.9762747532152432e-05,2.7765896777873006e-06,5.686776702712967e-06,-4.587956304090698e-06,1.1214630779848003e-06
1,1.9762747532152432e-05,0.0,2.2539337209939732e-05,2.54495242348654e-05,1.5174791228061735e-05,2.0884210610137232e-05
2,-2.7765896777873006e-06,-2.2539337209939732e-05,0.0,2.910187024925667e-06,-7.364545981877998e-06,-1.6551265998025003e-06
3,-5.686776702712967e-06,-2.54495242348654e-05,-2.910187024925667e-06,0.0,-1.0274733006803665e-05,-4.565313624728167e-06
4,4.587956304090698e-06,-1.5174791228061735e-05,7.364545981877998e-06,1.0274733006803665e-05,0.0,5.709419382075498e-06
5,-1.1214630779848003e-06,-2.0884210610137232e-05,1.6551265998025003e-06,4.565313624728167e-06,-5.709419382075498e-06,0.0
