,zero_shot_baseline,in_context_learning_3-shot,style_information_style_example,chain_of_thought_zero_shot,chain_of_thought_one_shot,self-refine
0,0.0,0.0,-9.899919983757833e-06,0.0,0.0,-4.7928262213976e-06
1,0.0,0.0,-9.899919983757833e-06,0.0,0.0,-4.7928262213976e-06
2,9.899919983757833e-06,9.899919983757833e-06,0.0,9.899919983757833e-06,9.899919983757833e-06,5.107093762360233e-06
3,0.0,0.0,-9.899919983757833e-06,0.0,0.0,-4.7928262213976e-06
4,0.0,0.0,-9.899919983757833e-06,0.0,0.0,-4.7928262213976e-06
5,4.7928262213976e-06,4.7928262213976e-06,-5.107093762360233e-06,4.7928262213976e-06,4.7928262213976e-06,0.0
