,zero_shot_baseline,in_context_learning_3-shot,style_information_style_example,chain_of_thought_zero_shot,chain_of_thought_one_shot,self-refine
0,0.0,-0.0003321485644764001,-4.084262982509998e-05,-3.5598341676899956e-05,-4.5790710705499965e-05,-0.0005215557820726999
1,0.0003321485644764001,0.0,0.0002913059346513001,0.0002965502227995001,0.0002863578537709001,-0.00018940721759629986
2,4.084262982509998e-05,-0.0002913059346513001,0.0,5.244288148200022e-06,-4.948080880399987e-06,-0.00048071315224759996
3,3.5598341676899956e-05,-0.0002965502227995001,-5.244288148200022e-06,0.0,-1.019236902860001e-05,-0.0004859574403958
4,4.5790710705499965e-05,-0.0002863578537709001,4.948080880399987e-06,1.019236902860001e-05,0.0,-0.0004757650713672
5,0.0005215557820726999,0.00018940721759629986,0.00048071315224759996,0.0004859574403958,0.0004757650713672,0.0
