,mistral,deepseek,llama3.3,qwen72b,qwen32b,qwen14b,solar
0,0.0,-0.0003475255854412003,-0.0020876683513024984,0.0010428583202529013,0.007943044982641902,0.004394031003732701,0.0005933807091752022
1,0.0003475255854412003,0.0,-0.001740142765861298,0.0013903839056941016,0.008290570568083102,0.004741556589173902,0.0009409062946164025
2,0.0020876683513024984,0.001740142765861298,0.0,0.0031305266715553996,0.0100307133339444,0.0064816993550352,0.0026810490604777006
3,-0.0010428583202529013,-0.0013903839056941016,-0.0031305266715553996,0.0,0.006900186662389,0.0033511726834798,-0.00044947761107769907
4,-0.007943044982641902,-0.008290570568083102,-0.0100307133339444,-0.006900186662389,0.0,-0.0035490139789092004,-0.0073496642734666995
5,-0.004394031003732701,-0.004741556589173902,-0.0064816993550352,-0.0033511726834798,0.0035490139789092004,0.0,-0.003800650294557499
6,-0.0005933807091752022,-0.0009409062946164025,-0.0026810490604777006,0.00044947761107769907,0.0073496642734666995,0.003800650294557499,0.0
