,zero_shot_baseline,in_context_learning_3-shot,style_information_style_example,chain_of_thought_zero_shot,chain_of_thought_one_shot,self-refine
0,0.0,0.0026137203972270984,0.004344608584904201,0.0030175009168055995,-8.030693168430136e-05,-0.001362819553731999
1,-0.0026137203972270984,0.0,0.001730888187677103,0.00040378051957850117,-0.0026940273289113997,-0.003976539950959097
2,-0.004344608584904201,-0.001730888187677103,0.0,-0.0013271076680986017,-0.004424915516588503,-0.0057074281386362
3,-0.0030175009168055995,-0.00040378051957850117,0.0013271076680986017,0.0,-0.003097807848489901,-0.0043803204705375985
4,8.030693168430136e-05,0.0026940273289113997,0.004424915516588503,0.003097807848489901,0.0,-0.0012825126220476976
5,0.001362819553731999,0.003976539950959097,0.0057074281386362,0.0043803204705375985,0.0012825126220476976,0.0
