,zero_shot_baseline,in_context_learning_3-shot,style_information_style_example,chain_of_thought_zero_shot,chain_of_thought_one_shot,self-refine
0,0.0,-0.00023944802667360003,-9.423136598239998e-05,-4.789916151000005e-07,5.212651657100003e-06,-2.74723921898e-05
1,0.00023944802667360003,0.0,0.00014521666069120003,0.0002389690350585,0.00024466067833070005,0.00021197563448380002
2,9.423136598239998e-05,-0.00014521666069120003,0.0,9.375237436729998e-05,9.944401763949999e-05,6.675897379259998e-05
3,4.789916151000005e-07,-0.0002389690350585,-9.375237436729998e-05,0.0,5.691643272200003e-06,-2.69934005747e-05
4,-5.212651657100003e-06,-0.00024466067833070005,-9.944401763949999e-05,-5.691643272200003e-06,0.0,-3.2685043846900004e-05
5,2.74723921898e-05,-0.00021197563448380002,-6.675897379259998e-05,2.69934005747e-05,3.2685043846900004e-05,0.0
