,zero_shot_baseline,in_context_learning_3-shot,style_information_style_example,chain_of_thought_zero_shot,chain_of_thought_one_shot,self-refine
0,0.0,-4.696600927309993e-05,0.0010416143745458,0.0010368451052171,-0.00024577650980109984,-0.0012207935844226994
1,4.696600927309993e-05,0.0,0.0010885803838188999,0.0010838111144902,-0.0001988105005279999,-0.0011738275751495995
2,-0.0010416143745458,-0.0010885803838188999,0.0,-4.769269328699921e-06,-0.0012873908843468998,-0.0022624079589684994
3,-0.0010368451052171,-0.0010838111144902,4.769269328699921e-06,0.0,-0.0012826216150181998,-0.0022576386896397994
4,0.00024577650980109984,0.0001988105005279999,0.0012873908843468998,0.0012826216150181998,0.0,-0.0009750170746215996
5,0.0012207935844226994,0.0011738275751495995,0.0022624079589684994,0.0022576386896397994,0.0009750170746215996,0.0
