,zero_shot_baseline,in_context_learning_3-shot,style_information_style_example,chain_of_thought_zero_shot,chain_of_thought_one_shot,self-refine
0,0.0,7.568931429209998e-05,-8.109810969600026e-06,0.00019514260893539997,1.829179179969995e-05,-0.0006118986090698001
1,-7.568931429209998e-05,0.0,-8.379912526170001e-05,0.00011945329464329999,-5.739752249240003e-05,-0.0006875879233619001
2,8.109810969600026e-06,8.379912526170001e-05,0.0,0.000203252419905,2.6401602769299975e-05,-0.0006037887981002
3,-0.00019514260893539997,-0.00011945329464329999,-0.000203252419905,0.0,-0.00017685081713570002,-0.0008070412180052
4,-1.829179179969995e-05,5.739752249240003e-05,-2.6401602769299975e-05,0.00017685081713570002,0.0,-0.0006301904008695
5,0.0006118986090698001,0.0006875879233619001,0.0006037887981002,0.0008070412180052,0.0006301904008695,0.0
