,zero_shot_baseline,in_context_learning_3-shot,style_information_style_example,chain_of_thought_zero_shot,chain_of_thought_one_shot,self-refine
0,0.0,7.162612586390001e-05,-1.515282730909999e-05,2.69198424435e-05,2.644792925590001e-05,0.00010559386688490001
1,-7.162612586390001e-05,0.0,-8.6778953173e-05,-4.470628342040001e-05,-4.5178196608e-05,3.3967741020999995e-05
2,1.515282730909999e-05,8.6778953173e-05,0.0,4.207266975259999e-05,4.1600756565e-05,0.000120746694194
3,-2.69198424435e-05,4.470628342040001e-05,-4.207266975259999e-05,0.0,-4.7191318759999003e-07,7.867402444140001e-05
4,-2.644792925590001e-05,4.5178196608e-05,-4.1600756565e-05,4.7191318759999003e-07,0.0,7.9145937629e-05
5,-0.00010559386688490001,-3.3967741020999995e-05,-0.000120746694194,-7.867402444140001e-05,-7.9145937629e-05,0.0
