,zero_shot_baseline,in_context_learning_3-shot,style_information_style_example,chain_of_thought_zero_shot,chain_of_thought_one_shot,self-refine
0,0.0,6.089613367340002e-05,-0.0001486037246885,6.384667693900002e-05,-0.00021116363127609997,-0.0010242618263581
1,-6.089613367340002e-05,0.0,-0.0002094998583619,2.950543265600004e-06,-0.00027205976494949996,-0.0010851579600315
2,0.0001486037246885,0.0002094998583619,0.0,0.00021245040162750002,-6.255990658759998e-05,-0.0008756581016696
3,-6.384667693900002e-05,-2.950543265600004e-06,-0.00021245040162750002,0.0,-0.0002750103082151,-0.0010881085032971001
4,0.00021116363127609997,0.00027205976494949996,6.255990658759998e-05,0.0002750103082151,0.0,-0.000813098195082
5,0.0010242618263581,0.0010851579600315,0.0008756581016696,0.0010881085032971001,0.000813098195082,0.0
