,abstracts,news,reviews,qa
0,0.0,5.75379833835388e-05,0.00015312683212068048,0.0006463807617930967
1,-5.75379833835388e-05,0.0,9.558884873714168e-05,0.000588842778409558
2,-0.00015312683212068048,-9.558884873714168e-05,0.0,0.0004932539296724162
3,-0.0006463807617930967,-0.000588842778409558,-0.0004932539296724162,0.0
