,zero_shot_baseline,in_context_learning_3-shot,style_information_style_example,chain_of_thought_zero_shot,chain_of_thought_one_shot,self-refine
0,0.0,-0.0005593612278908999,1.3143855815799974e-05,3.844511017050002e-05,-6.637003874360002e-05,-0.0013253512473522
1,0.0005593612278908999,0.0,0.0005725050837066999,0.0005978063380614,0.0004929911891473,-0.0007659900194613
2,-1.3143855815799974e-05,-0.0005725050837066999,0.0,2.5301254354700043e-05,-7.95138945594e-05,-0.001338495103168
3,-3.844511017050002e-05,-0.0005978063380614,-2.5301254354700043e-05,0.0,-0.00010481514891410004,-0.0013637963575227
4,6.637003874360002e-05,-0.0004929911891473,7.95138945594e-05,0.00010481514891410004,0.0,-0.0012589812086086
5,0.0013253512473522,0.0007659900194613,0.001338495103168,0.0013637963575227,0.0012589812086086,0.0
