,zero_shot_baseline,in_context_learning_3-shot,style_information_style_example,chain_of_thought_zero_shot,chain_of_thought_one_shot,self-refine
0,0.0,0.0007257280955654,0.0008285894994475,0.0002842428986998,0.000460634613709,0.0002582725506409
1,-0.0007257280955654,0.0,0.00010286140388209995,-0.0004414851968656,-0.00026509348185640004,-0.00046745554492450003
2,-0.0008285894994475,-0.00010286140388209995,0.0,-0.0005443466007477,-0.0003679548857385,-0.0005703169488066
3,-0.0002842428986998,0.0004414851968656,0.0005443466007477,0.0,0.00017639171500919999,-2.5970348058900004e-05
4,-0.000460634613709,0.00026509348185640004,0.0003679548857385,-0.00017639171500919999,0.0,-0.0002023620630681
5,-0.0002582725506409,0.00046745554492450003,0.0005703169488066,2.5970348058900004e-05,0.0002023620630681,0.0
