,zero_shot_baseline,in_context_learning_3-shot,style_information_style_example,chain_of_thought_zero_shot,chain_of_thought_one_shot,self-refine
0,0.0,0.00016602252378980002,-0.00010401791589329998,-2.7388531464000022e-06,-0.00012972963302649996,-0.0002240392398842
1,-0.00016602252378980002,0.0,-0.00027004043968309997,-0.00016876137693620002,-0.0002957521568163,-0.00039006176367400005
2,0.00010401791589329998,0.00027004043968309997,0.0,0.00010127906274689998,-2.5711717133199976e-05,-0.00012002132399090002
3,2.7388531464000022e-06,0.00016876137693620002,-0.00010127906274689998,0.0,-0.00012699077988009995,-0.0002213003867378
4,0.00012972963302649996,0.0002957521568163,2.5711717133199976e-05,0.00012699077988009995,0.0,-9.430960685770005e-05
5,0.0002240392398842,0.00039006176367400005,0.00012002132399090002,0.0002213003867378,9.430960685770005e-05,0.0
