,mistral,deepseek,llama3.3,qwen72b,qwen32b,qwen14b,solar
0,0.0,-5.9818855378409395e-05,-0.0011566138020222094,-1.9559652024302057e-05,-8.492692008352028e-06,-3.8424386061609395e-05,-0.0002619600957677094
1,5.9818855378409395e-05,0.0,-0.0010967949466438,4.025920335410734e-05,5.132616337005737e-05,2.13944693168e-05,-0.00020214124038930002
2,0.0011566138020222094,0.0010967949466438,0.0,0.0011370541499979073,0.0011481211100138574,0.0011181894159606,0.0008946537062545
3,1.9559652024302057e-05,-4.025920335410734e-05,-0.0011370541499979073,0.0,1.1066960015950028e-05,-1.8864734037307338e-05,-0.00024240044374340734
4,8.492692008352028e-06,-5.132616337005737e-05,-0.0011481211100138574,-1.1066960015950028e-05,0.0,-2.9931694053257366e-05,-0.0002534674037593574
5,3.8424386061609395e-05,-2.13944693168e-05,-0.0011181894159606,1.8864734037307338e-05,2.9931694053257366e-05,0.0,-0.0002235357097061
6,0.0002619600957677094,0.00020214124038930002,-0.0008946537062545,0.00024240044374340734,0.0002534674037593574,0.0002235357097061,0.0
