,abstracts,news,reviews,qa
0,0.0,0.00023301545755095412,-1.756775513680049e-05,0.0003901462254504541
1,-0.00023301545755095412,0.0,-0.00025058321268775464,0.0001571307678995
2,1.756775513680049e-05,0.00025058321268775464,0.0,0.0004077139805872546
3,-0.0003901462254504541,-0.0001571307678995,-0.0004077139805872546,0.0
