,zero_shot_baseline,in_context_learning_3-shot,style_information_style_example,chain_of_thought_zero_shot,chain_of_thought_one_shot,self-refine
0,0.0,1.281191410350808e-05,-7.430648540065736e-05,-4.1385707193457356e-05,2.1717926756269154e-05,-0.0005094410647666573
1,-1.281191410350808e-05,0.0,-8.711839950416544e-05,-5.4197621296965437e-05,8.906012652761074e-06,-0.0005222529788701654
2,7.430648540065736e-05,8.711839950416544e-05,0.0,3.2920778207200005e-05,9.602441215692651e-05,-0.00043513457936600005
3,4.1385707193457356e-05,5.4197621296965437e-05,-3.2920778207200005e-05,0.0,6.310363394972652e-05,-0.00046805535757320004
4,-2.1717926756269154e-05,-8.906012652761074e-06,-9.602441215692651e-05,-6.310363394972652e-05,0.0,-0.0005311589915229266
5,0.0005094410647666573,0.0005222529788701654,0.00043513457936600005,0.00046805535757320004,0.0005311589915229266,0.0
