,zero_shot_baseline,in_context_learning_3-shot,style_information_style_example,chain_of_thought_zero_shot,chain_of_thought_one_shot,self-refine
0,0.0,0.00017794370466080758,-0.0003499578625719,-2.2313953118000012e-05,-8.64555724172e-05,-0.0003136032235788
1,-0.00017794370466080758,0.0,-0.0005279015672327076,-0.00020025765777880762,-0.0002643992770780076,-0.0004915469282396076
2,0.0003499578625719,0.0005279015672327076,0.0,0.00032764390945389996,0.0002635022901547,3.635463899310002e-05
3,2.2313953118000012e-05,0.00020025765777880762,-0.00032764390945389996,0.0,-6.414161929919998e-05,-0.00029128927046079994
4,8.64555724172e-05,0.0002643992770780076,-0.0002635022901547,6.414161929919998e-05,0.0,-0.00022714765116159998
5,0.0003136032235788,0.0004915469282396076,-3.635463899310002e-05,0.00029128927046079994,0.00022714765116159998,0.0
