,zero_shot_baseline,in_context_learning_3-shot,style_information_style_example,chain_of_thought_zero_shot,chain_of_thought_one_shot,self-refine
0,0.0,0.0001187176854969,-0.000100023539526,6.37238784389e-05,0.0001219910786429,-0.00027434869551840003
1,-0.0001187176854969,0.0,-0.0002187412250229,-5.4993807058e-05,3.273393146000002e-06,-0.0003930663810153
2,0.000100023539526,0.0002187412250229,0.0,0.0001637474179649,0.0002220146181689,-0.0001743251559924
3,-6.37238784389e-05,5.4993807058e-05,-0.0001637474179649,0.0,5.8267200204e-05,-0.0003380725739573
4,-0.0001219910786429,-3.273393146000002e-06,-0.0002220146181689,-5.8267200204e-05,0.0,-0.0003963397741613
5,0.00027434869551840003,0.0003930663810153,0.0001743251559924,0.0003380725739573,0.0003963397741613,0.0
