,zero_shot_baseline,in_context_learning_3-shot,style_information_style_example,chain_of_thought_zero_shot,chain_of_thought_one_shot,self-refine
0,0.0,0.0002025223707031257,-0.00010527555775139997,4.9953064576200006e-05,8.974545723750002e-05,-0.00014928954708289996
1,-0.0002025223707031257,0.0,-0.00030779792845452567,-0.0001525693061269257,-0.00011277691346562568,-0.00035181191778602567
2,0.00010527555775139997,0.00030779792845452567,0.0,0.00015522862232759997,0.0001950210149889,-4.40139893315e-05
3,-4.9953064576200006e-05,0.0001525693061269257,-0.00015522862232759997,0.0,3.9792392661300015e-05,-0.00019924261165909997
4,-8.974545723750002e-05,0.00011277691346562568,-0.0001950210149889,-3.9792392661300015e-05,0.0,-0.00023903500432039999
5,0.00014928954708289996,0.00035181191778602567,4.40139893315e-05,0.00019924261165909997,0.00023903500432039999,0.0
