,mistral,deepseek,llama3.3,qwen72b,qwen32b,qwen14b,solar
0,0.0,3.237553779119999e-05,-5.832903923670002e-05,-0.00016281158099150004,-2.9292666308699936e-05,0.0001789578592781,2.6499985775100036e-05
1,-3.237553779119999e-05,0.0,-9.070457702790001e-05,-0.00019518711878270003,-6.166820409989992e-05,0.0001465823214869,-5.875552016099952e-06
2,5.832903923670002e-05,9.070457702790001e-05,0.0,-0.00010448254175480002,2.9036372928000083e-05,0.00023728689851480002,8.482902501180006e-05
3,0.00016281158099150004,0.00019518711878270003,0.00010448254175480002,0.0,0.0001335189146828001,0.00034176944026960003,0.00018931156676660007
4,2.9292666308699936e-05,6.166820409989992e-05,-2.9036372928000083e-05,-0.0001335189146828001,0.0,0.00020825052558679993,5.579265208379997e-05
5,-0.0001789578592781,-0.0001465823214869,-0.00023728689851480002,-0.00034176944026960003,-0.00020825052558679993,0.0,-0.00015245787350299996
6,-2.6499985775100036e-05,5.875552016099952e-06,-8.482902501180006e-05,-0.00018931156676660007,-5.579265208379997e-05,0.00015245787350299996,0.0
