,zero_shot_baseline,in_context_learning_3-shot,style_information_style_example,chain_of_thought_zero_shot,chain_of_thought_one_shot,self-refine
0,0.0,-4.339170808489999e-05,-0.00011918256099039999,-0.0001180832718952,-1.2253999810000002e-05,-0.0001770640055932
1,4.339170808489999e-05,0.0,-7.57908529055e-05,-7.469156381030001e-05,3.113770827489999e-05,-0.00013367229750830002
2,0.00011918256099039999,7.57908529055e-05,0.0,1.0992890951999927e-06,0.00010692856118039999,-5.788144460280002e-05
3,0.0001180832718952,7.469156381030001e-05,-1.0992890951999927e-06,0.0,0.0001058292720852,-5.8980733698000014e-05
4,1.2253999810000002e-05,-3.113770827489999e-05,-0.00010692856118039999,-0.0001058292720852,0.0,-0.00016481000578320003
5,0.0001770640055932,0.00013367229750830002,5.788144460280002e-05,5.8980733698000014e-05,0.00016481000578320003,0.0
