,zero_shot_baseline,in_context_learning_3-shot,style_information_style_example,chain_of_thought_zero_shot,chain_of_thought_one_shot,self-refine
0,0.0,-0.00011673220864119995,-1.4597359082399973e-05,0.00012734834189900005,-0.000261342608129,-0.00036132576145239995
1,0.00011673220864119995,0.0,0.00010213484955879997,0.0002440805505402,-0.00014461039948780003,-0.0002445935528112
2,1.4597359082399973e-05,-0.00010213484955879997,0.0,0.00014194570098140003,-0.0002467452490466,-0.00034672840237
3,-0.00012734834189900005,-0.0002440805505402,-0.00014194570098140003,0.0,-0.00038869095002800003,-0.0004886741033514001
4,0.000261342608129,0.00014461039948780003,0.0002467452490466,0.00038869095002800003,0.0,-9.998315332339998e-05
5,0.00036132576145239995,0.0002445935528112,0.00034672840237,0.0004886741033514001,9.998315332339998e-05,0.0
