,zero_shot_baseline,in_context_learning_3-shot,style_information_style_example,chain_of_thought_zero_shot,chain_of_thought_one_shot,self-refine
0,0.0,-0.00015071610753631867,-0.00024057613794121866,1.4332640130479396e-06,7.535938160323585e-06,-0.00030235124961531867
1,0.00015071610753631867,0.0,-8.986003040489999e-05,0.00015214937154936663,0.00015825204569664227,-0.000151635142079
2,0.00024057613794121866,8.986003040489999e-05,0.0,0.00024200940195426662,0.00024811207610154226,-6.17751116741e-05
3,-1.4332640130479396e-06,-0.00015214937154936663,-0.00024200940195426662,0.0,6.102674147275645e-06,-0.0003037845136283666
4,-7.535938160323585e-06,-0.00015825204569664227,-0.00024811207610154226,-6.102674147275645e-06,0.0,-0.00030988718777564227
5,0.00030235124961531867,0.000151635142079,6.17751116741e-05,0.0003037845136283666,0.00030988718777564227,0.0
