,zero_shot_baseline,in_context_learning_3-shot,style_information_style_example,chain_of_thought_zero_shot,chain_of_thought_one_shot,self-refine
0,0.0,0.0002645316816515,-0.00013770134373380005,3.603223513499998e-06,0.0002424289321679,-0.00016128647231979998
1,-0.0002645316816515,0.0,-0.00040223302538530003,-0.000260928458138,-2.2102749483599992e-05,-0.00042581815397129996
2,0.00013770134373380005,0.00040223302538530003,0.0,0.00014130456724730005,0.00038013027590170004,-2.3585128585999933e-05
3,-3.603223513499998e-06,0.000260928458138,-0.00014130456724730005,0.0,0.0002388257086544,-0.00016488969583329998
4,-0.0002424289321679,2.2102749483599992e-05,-0.00038013027590170004,-0.0002388257086544,0.0,-0.0004037154044877
5,0.00016128647231979998,0.00042581815397129996,2.3585128585999933e-05,0.00016488969583329998,0.0004037154044877,0.0
