,zero_shot_baseline,in_context_learning_3-shot,style_information_style_example,chain_of_thought_zero_shot,chain_of_thought_one_shot,self-refine
0,0.0,0.00012766018649071852,-0.0003828835273456,-1.5822985096500004e-05,7.737244017705685e-05,-0.00024703541542419997
1,-0.00012766018649071852,0.0,-0.0005105437138363185,-0.00014348317158721852,-5.028774631366167e-05,-0.0003746956019149185
2,0.0003828835273456,0.0005105437138363185,0.0,0.0003670605422491,0.0004602559675226569,0.00013584811192140004
3,1.5822985096500004e-05,0.00014348317158721852,-0.0003670605422491,0.0,9.319542527355685e-05,-0.0002312124303277
4,-7.737244017705685e-05,5.028774631366167e-05,-0.0004602559675226569,-9.319542527355685e-05,0.0,-0.00032440785560125686
5,0.00024703541542419997,0.0003746956019149185,-0.00013584811192140004,0.0002312124303277,0.00032440785560125686,0.0
