,zero_shot_baseline,in_context_learning_3-shot,style_information_style_example,chain_of_thought_zero_shot,chain_of_thought_one_shot,self-refine
0,0.0,-1.1854637153535362e-05,-2.9095893596267313e-05,1.575472710194457e-05,4.889396282057774e-06,-0.0009863500614610094
1,1.1854637153535362e-05,0.0,-1.724125644273195e-05,2.760936425547993e-05,1.6744033435593135e-05,-0.0009744954243074741
2,2.9095893596267313e-05,1.724125644273195e-05,0.0,4.485062069821188e-05,3.398528987832509e-05,-0.0009572541678647421
3,-1.575472710194457e-05,-2.760936425547993e-05,-4.485062069821188e-05,0.0,-1.0865330819886796e-05,-0.001002104788562954
4,-4.889396282057774e-06,-1.6744033435593135e-05,-3.398528987832509e-05,1.0865330819886796e-05,0.0,-0.000991239457743067
5,0.0009863500614610094,0.0009744954243074741,0.0009572541678647421,0.001002104788562954,0.000991239457743067,0.0
