,zero_shot_baseline,in_context_learning_3-shot,style_information_style_example,chain_of_thought_zero_shot,chain_of_thought_one_shot,self-refine
0,0.0,-3.9101016570499954e-05,-3.271008902449999e-05,-3.782073093599997e-05,5.776906434410003e-05,-0.0008363232675794999
1,3.9101016570499954e-05,0.0,6.390927545999966e-06,1.2802856344999811e-06,9.687008091459998e-05,-0.0007972222510089999
2,3.271008902449999e-05,-6.390927545999966e-06,0.0,-5.110641911499985e-06,9.047915336860002e-05,-0.0008036131785549999
3,3.782073093599997e-05,-1.2802856344999811e-06,5.110641911499985e-06,0.0,9.55897952801e-05,-0.0007985025366434999
4,-5.776906434410003e-05,-9.687008091459998e-05,-9.047915336860002e-05,-9.55897952801e-05,0.0,-0.0008940923319235999
5,0.0008363232675794999,0.0007972222510089999,0.0008036131785549999,0.0007985025366434999,0.0008940923319235999,0.0
