,abstracts,news,reviews,qa
0,0.0,0.00028359967865286437,0.00010114114555236439,0.0005118082827555644
1,-0.00028359967865286437,0.0,-0.00018245853310049998,0.00022820860410270003
2,-0.00010114114555236439,0.00018245853310049998,0.0,0.0004106671372032
3,-0.0005118082827555644,-0.00022820860410270003,-0.0004106671372032,0.0
