,abstracts,news,reviews,qa
0,0.0,9.496605779111338e-05,-0.00017809669866706917,0.00044836251406401336
1,-9.496605779111338e-05,0.0,-0.0002730627564581826,0.00035339645627289996
2,0.00017809669866706917,0.0002730627564581826,0.0,0.0006264592127310825
3,-0.00044836251406401336,-0.00035339645627289996,-0.0006264592127310825,0.0
