,zero_shot_baseline,in_context_learning_3-shot,style_information_style_example,chain_of_thought_zero_shot,chain_of_thought_one_shot,self-refine
0,0.0,-0.0005943665571946001,-0.00022253056014579994,1.0015830005599994e-05,0.0001268354163263,-0.00041391776322460003
1,0.0005943665571946001,0.0,0.0003718359970488001,0.0006043823872002001,0.0007212019735209,0.00018044879397000003
2,0.00022253056014579994,-0.0003718359970488001,0.0,0.00023254639015139994,0.00034936597647209993,-0.0001913872030788001
3,-1.0015830005599994e-05,-0.0006043823872002001,-0.00023254639015139994,0.0,0.00011681958632069999,-0.0004239335932302
4,-0.0001268354163263,-0.0007212019735209,-0.00034936597647209993,-0.00011681958632069999,0.0,-0.0005407531795509
5,0.00041391776322460003,-0.00018044879397000003,0.0001913872030788001,0.0004239335932302,0.0005407531795509,0.0
