,zero_shot_baseline,in_context_learning_3-shot,style_information_style_example,chain_of_thought_zero_shot,chain_of_thought_one_shot,self-refine
0,0.0,0.00017933178326396662,-8.012911280379998e-05,3.780561718780002e-05,-0.000151812293291,-0.000170664159039
1,-0.00017933178326396662,0.0,-0.00025946089606776663,-0.0001415261660761666,-0.00033114407655496664,-0.00034999594230296664
2,8.012911280379998e-05,0.00025946089606776663,0.0,0.0001179347299916,-7.168318048720001e-05,-9.053504623520001e-05
3,-3.780561718780002e-05,0.0001415261660761666,-0.0001179347299916,0.0,-0.00018961791047880002,-0.0002084697762268
4,0.000151812293291,0.00033114407655496664,7.168318048720001e-05,0.00018961791047880002,0.0,-1.8851865747999995e-05
5,0.000170664159039,0.00034999594230296664,9.053504623520001e-05,0.0002084697762268,1.8851865747999995e-05,0.0
