,zero_shot_baseline,in_context_learning_3-shot,style_information_style_example,chain_of_thought_zero_shot,chain_of_thought_one_shot,self-refine
0,0.0,0.0001582577066243,-2.1632306006700013e-05,6.07054222715e-05,-0.00033016275928359997,-0.0008137039754138999
1,-0.0001582577066243,0.0,-0.00017989001263100002,-9.75522843528e-05,-0.0004884204659079,-0.0009719616820381999
2,2.1632306006700013e-05,0.00017989001263100002,0.0,8.233772827820002e-05,-0.00030853045327689996,-0.0007920716694071999
3,-6.07054222715e-05,9.75522843528e-05,-8.233772827820002e-05,0.0,-0.0003908681815551,-0.0008744093976854
4,0.00033016275928359997,0.0004884204659079,0.00030853045327689996,0.0003908681815551,0.0,-0.00048354121613029995
5,0.0008137039754138999,0.0009719616820381999,0.0007920716694071999,0.0008744093976854,0.00048354121613029995,0.0
