,zero_shot_baseline,in_context_learning_3-shot,style_information_style_example,chain_of_thought_zero_shot,chain_of_thought_one_shot,self-refine
0,0.0,-2.9209015433200058e-05,9.337160903949996e-05,-1.063673354810004e-05,-8.77608927663e-05,-0.0008202539203435
1,2.9209015433200058e-05,0.0,0.0001225806244727,1.8572281885100017e-05,-5.855187733309994e-05,-0.0007910449049103
2,-9.337160903949996e-05,-0.0001225806244727,0.0,-0.0001040083425876,-0.00018113250180579996,-0.000913625529383
3,1.063673354810004e-05,-1.8572281885100017e-05,0.0001040083425876,0.0,-7.712415921819996e-05,-0.0008096171867954
4,8.77608927663e-05,5.855187733309994e-05,0.00018113250180579996,7.712415921819996e-05,0.0,-0.0007324930275772
5,0.0008202539203435,0.0007910449049103,0.000913625529383,0.0008096171867954,0.0007324930275772,0.0
