,zero_shot_baseline,in_context_learning_3-shot,style_information_style_example,chain_of_thought_zero_shot,chain_of_thought_one_shot,self-refine
0,0.0,-8.321741217499993e-06,-0.00013991647324589998,1.94727581862e-05,-6.29093541676e-05,-0.001725750277295
1,8.321741217499993e-06,0.0,-0.0001315947320284,2.7794499403699992e-05,-5.45876129501e-05,-0.0017174285360775
2,0.00013991647324589998,0.0001315947320284,0.0,0.00015938923143209998,7.700711907829999e-05,-0.0015858338040491
3,-1.94727581862e-05,-2.7794499403699992e-05,-0.00015938923143209998,0.0,-8.23821123538e-05,-0.0017452230354812
4,6.29093541676e-05,5.45876129501e-05,-7.700711907829999e-05,8.23821123538e-05,0.0,-0.0016628409231273999
5,0.001725750277295,0.0017174285360775,0.0015858338040491,0.0017452230354812,0.0016628409231273999,0.0
