,zero_shot_baseline,in_context_learning_3-shot,style_information_style_example,chain_of_thought_zero_shot,chain_of_thought_one_shot,self-refine
0,0.0,3.651887430699993e-06,-1.4867380273699986e-05,1.2648229276000127e-06,1.8928152079000007e-05,-0.0001070349787587
1,-3.651887430699993e-06,0.0,-1.851926770439998e-05,-2.3870645030999805e-06,1.5276264648300013e-05,-0.0001106868661894
2,1.4867380273699986e-05,1.851926770439998e-05,0.0,1.6132203201299998e-05,3.379553235269999e-05,-9.216759848500002e-05
3,-1.2648229276000127e-06,2.3870645030999805e-06,-1.6132203201299998e-05,0.0,1.7663329151399994e-05,-0.00010829980168630001
4,-1.8928152079000007e-05,-1.5276264648300013e-05,-3.379553235269999e-05,-1.7663329151399994e-05,0.0,-0.0001259631308377
5,0.0001070349787587,0.0001106868661894,9.216759848500002e-05,0.00010829980168630001,0.0001259631308377,0.0
