,zero_shot_baseline,in_context_learning_3-shot,style_information_style_example,chain_of_thought_zero_shot,chain_of_thought_one_shot,self-refine
0,0.0,0.0003256267200271803,1.62823214704e-05,6.980549175069999e-05,-0.00015638675844879997,-0.000971884967115
1,-0.0003256267200271803,0.0,-0.0003093443985567803,-0.00025582122827648034,-0.0004820134784759803,-0.0012975116871421803
2,-1.62823214704e-05,0.0003093443985567803,0.0,5.352317028029999e-05,-0.00017266907991919997,-0.0009881672885854
3,-6.980549175069999e-05,0.00025582122827648034,-5.352317028029999e-05,0.0,-0.00022619225019949996,-0.0010416904588656998
4,0.00015638675844879997,0.0004820134784759803,0.00017266907991919997,0.00022619225019949996,0.0,-0.0008154982086662
5,0.000971884967115,0.0012975116871421803,0.0009881672885854,0.0010416904588656998,0.0008154982086662,0.0
