,zero_shot_baseline,in_context_learning_3-shot,style_information_style_example,chain_of_thought_zero_shot,chain_of_thought_one_shot,self-refine
0,0.0,0.0005511060641518001,0.00014774606532510007,1.870462733810001e-05,-0.00019756993150089994,-0.00040706699690999984
1,-0.0005511060641518001,0.0,-0.0004033599988267,-0.0005324014368137001,-0.0007486759956527,-0.0009581730610617999
2,-0.00014774606532510007,0.0004033599988267,0.0,-0.00012904143798700006,-0.000345315996826,-0.0005548130622350999
3,-1.870462733810001e-05,0.0005324014368137001,0.00012904143798700006,0.0,-0.00021627455883899995,-0.00042577162424809985
4,0.00019756993150089994,0.0007486759956527,0.000345315996826,0.00021627455883899995,0.0,-0.0002094970654090999
5,0.00040706699690999984,0.0009581730610617999,0.0005548130622350999,0.00042577162424809985,0.0002094970654090999,0.0
