,abstracts,news,reviews,qa
0,0.0,0.0029084409714107,0.0037782719934421,0.0017268822994590998
1,-0.0029084409714107,0.0,0.0008698310220313999,-0.0011815586719516
2,-0.0037782719934421,-0.0008698310220313999,0.0,-0.002051389693983
3,-0.0017268822994590998,0.0011815586719516,0.002051389693983,0.0
