,zero_shot_baseline,in_context_learning_3-shot,style_information_style_example,chain_of_thought_zero_shot,chain_of_thought_one_shot,self-refine
0,0.0,0.0006739465983068782,-0.000838534541343,-2.2615269657200025e-05,-5.136989276909997e-05,-0.0006043332329868999
1,-0.0006739465983068782,0.0,-0.0015124811396498782,-0.0006965618679640783,-0.0007253164910759782,-0.0012782798312937782
2,0.000838534541343,0.0015124811396498782,0.0,0.0008159192716858,0.0007871646485739,0.00023420130835610006
3,2.2615269657200025e-05,0.0006965618679640783,-0.0008159192716858,0.0,-2.8754623111899944e-05,-0.0005817179633296999
4,5.136989276909997e-05,0.0007253164910759782,-0.0007871646485739,2.8754623111899944e-05,0.0,-0.0005529633402178
5,0.0006043332329868999,0.0012782798312937782,-0.00023420130835610006,0.0005817179633296999,0.0005529633402178,0.0
