,zero_shot_baseline,in_context_learning_3-shot,style_information_style_example,chain_of_thought_zero_shot,chain_of_thought_one_shot,self-refine
0,0.0,0.0012123218274376001,0.0002959930155370001,-0.0001981991659451999,-0.00015672945114740002,-0.0008154105792742001
1,-0.0012123218274376001,0.0,-0.0009163288119006,-0.0014105209933828,-0.0013690512785850002,-0.0020277324067118
2,-0.0002959930155370001,0.0009163288119006,0.0,-0.0004941921814822,-0.00045272246668440013,-0.0011114035948112003
3,0.0001981991659451999,0.0014105209933828,0.0004941921814822,0.0,4.146971479779987e-05,-0.0006172114133290003
4,0.00015672945114740002,0.0013690512785850002,0.00045272246668440013,-4.146971479779987e-05,0.0,-0.0006586811281268001
5,0.0008154105792742001,0.0020277324067118,0.0011114035948112003,0.0006172114133290003,0.0006586811281268001,0.0
