,zero_shot_baseline,in_context_learning_3-shot,style_information_style_example,chain_of_thought_zero_shot,chain_of_thought_one_shot,self-refine
0,0.0,0.010325600142396002,0.0027281024237619,0.0005792619367886009,0.004583881375092901,-0.0044469205224727006
1,-0.010325600142396002,0.0,-0.007597497718634101,-0.0097463382056074,-0.0057417187673031,-0.014772520664868703
2,-0.0027281024237619,0.007597497718634101,0.0,-0.0021488404869732993,0.0018557789513310007,-0.007175022946234601
3,-0.0005792619367886009,0.0097463382056074,0.0021488404869732993,0.0,0.0040046194383043,-0.005026182459261301
4,-0.004583881375092901,0.0057417187673031,-0.0018557789513310007,-0.0040046194383043,0.0,-0.009030801897565601
5,0.0044469205224727006,0.014772520664868703,0.007175022946234601,0.005026182459261301,0.009030801897565601,0.0
