,zero_shot_baseline,in_context_learning_3-shot,style_information_style_example,chain_of_thought_zero_shot,chain_of_thought_one_shot,self-refine
0,0.0,0.003058477473459,0.0010141212145055997,-2.7533904523600276e-05,-0.0014310168270413003,-0.0009090811555482999
1,-0.003058477473459,0.0,-0.0020443562589534,-0.0030860113779826,-0.0044894943005003,-0.0039675586290073
2,-0.0010141212145055997,0.0020443562589534,0.0,-0.0010416551190292,-0.0024451380415469,-0.0019232023700538996
3,2.7533904523600276e-05,0.0030860113779826,0.0010416551190292,0.0,-0.0014034829225177,-0.0008815472510246996
4,0.0014310168270413003,0.0044894943005003,0.0024451380415469,0.0014034829225177,0.0,0.0005219356714930004
5,0.0009090811555482999,0.0039675586290073,0.0019232023700538996,0.0008815472510246996,-0.0005219356714930004,0.0
