,zero_shot_baseline,in_context_learning_3-shot,style_information_style_example,chain_of_thought_zero_shot,chain_of_thought_one_shot,self-refine
0,0.0,-0.0001299271470344,-8.55930849419e-05,-8.393548178779999e-05,-5.25285469351e-05,-0.000560160377618
1,0.0001299271470344,0.0,4.433406209249999e-05,4.5991665246599995e-05,7.739860009929998e-05,-0.00043023323058360004
2,8.55930849419e-05,-4.433406209249999e-05,0.0,1.6576031541000035e-06,3.306453800679999e-05,-0.0004745672926761
3,8.393548178779999e-05,-4.5991665246599995e-05,-1.6576031541000035e-06,0.0,3.140693485269999e-05,-0.00047622489583020003
4,5.25285469351e-05,-7.739860009929998e-05,-3.306453800679999e-05,-3.140693485269999e-05,0.0,-0.0005076318306829
5,0.000560160377618,0.00043023323058360004,0.0004745672926761,0.00047622489583020003,0.0005076318306829,0.0
