,zero_shot_baseline,in_context_learning_3-shot,style_information_style_example,chain_of_thought_zero_shot,chain_of_thought_one_shot,self-refine
0,0.0,1.4348593735600011e-05,-6.278819651459999e-05,-0.00044743890441760004,5.06511677965e-05,-0.0019457706508221998
1,-1.4348593735600011e-05,0.0,-7.71367902502e-05,-0.0004617874981532001,3.630257406089999e-05,-0.0019601192445578
2,6.278819651459999e-05,7.71367902502e-05,0.0,-0.00038465070790300005,0.00011343936431109999,-0.0018829824543075998
3,0.00044743890441760004,0.0004617874981532001,0.00038465070790300005,0.0,0.0004980900722141,-0.0014983317464046
4,-5.06511677965e-05,-3.630257406089999e-05,-0.00011343936431109999,-0.0004980900722141,0.0,-0.0019964218186187
5,0.0019457706508221998,0.0019601192445578,0.0018829824543075998,0.0014983317464046,0.0019964218186187,0.0
