,abstracts,news,reviews,qa
0,0.0,-0.0009927198576528,-0.0010785239928165,-0.0035063659161985
1,0.0009927198576528,0.0,-8.580413516369998e-05,-0.0025136460585457
2,0.0010785239928165,8.580413516369998e-05,0.0,-0.0024278419233820002
3,0.0035063659161985,0.0025136460585457,0.0024278419233820002,0.0
