,mistral,deepseek,llama3.3,qwen72b,qwen32b,qwen14b,solar
0,0.0,0.0013108779773298,0.0018732328000688001,-0.0010702683901072998,0.0011066161612101,0.0013741877137802,0.00022399283465450014
1,-0.0013108779773298,0.0,0.000562354822739,-0.0023811463674370996,-0.0002042618161197001,6.33097364503999e-05,-0.0010868851426752999
2,-0.0018732328000688001,-0.000562354822739,0.0,-0.0029435011901761,-0.0007666166388587001,-0.0004990450862886001,-0.0016492399654143
3,0.0010702683901072998,0.0023811463674370996,0.0029435011901761,0.0,0.0021768845513173997,0.0024444561038874995,0.0012942612247618
4,-0.0011066161612101,0.0002042618161197001,0.0007666166388587001,-0.0021768845513173997,0.0,0.0002675715525701,-0.0008826233265555997
5,-0.0013741877137802,-6.33097364503999e-05,0.0004990450862886001,-0.0024444561038874995,-0.0002675715525701,0.0,-0.0011501948791256998
6,-0.00022399283465450014,0.0010868851426752999,0.0016492399654143,-0.0012942612247618,0.0008826233265555997,0.0011501948791256998,0.0
