,zero_shot_baseline,in_context_learning_3-shot,style_information_style_example,chain_of_thought_zero_shot,chain_of_thought_one_shot,self-refine
0,0.0,0.0010944248132007,-0.0012547440544241,9.856564991269994e-05,0.0004886523379611,-9.763221520399986e-06
1,-0.0010944248132007,0.0,-0.0023491688676247997,-0.000995859163288,-0.0006057724752395999,-0.0011041880347211
2,0.0012547440544241,0.0023491688676247997,0.0,0.0013533097043367998,0.0017433963923851998,0.0012449808329037
3,-9.856564991269994e-05,0.000995859163288,-0.0013533097043367998,0.0,0.00039008668804840004,-0.00010832887143309993
4,-0.0004886523379611,0.0006057724752395999,-0.0017433963923851998,-0.00039008668804840004,0.0,-0.0004984155594815
5,9.763221520399986e-06,0.0011041880347211,-0.0012449808329037,0.00010832887143309993,0.0004984155594815,0.0
