,zero_shot_baseline,in_context_learning_3-shot,style_information_style_example,chain_of_thought_zero_shot,chain_of_thought_one_shot,self-refine
0,0.0,-0.00017441536371960001,-6.600812151359999e-05,-5.883180829699999e-05,-0.00010726552935879998,-0.0012393136325720001
1,0.00017441536371960001,0.0,0.00010840724220600003,0.00011558355542260002,6.714983436080003e-05,-0.0010648982688524
2,6.600812151359999e-05,-0.00010840724220600003,0.0,7.176313216599996e-06,-4.12574078452e-05,-0.0011733055110584002
3,5.883180829699999e-05,-0.00011558355542260002,-7.176313216599996e-06,0.0,-4.843372106179999e-05,-0.0011804818242750002
4,0.00010726552935879998,-6.714983436080003e-05,4.12574078452e-05,4.843372106179999e-05,0.0,-0.0011320481032132002
5,0.0012393136325720001,0.0010648982688524,0.0011733055110584002,0.0011804818242750002,0.0011320481032132002,0.0
