,zero_shot_baseline,in_context_learning_3-shot,style_information_style_example,chain_of_thought_zero_shot,chain_of_thought_one_shot,self-refine
0,0.0,0.0060480722817576,-0.0008517699152104999,-0.0007509135923033997,0.0031799281187380995,-0.006464387371799499
1,-0.0060480722817576,0.0,-0.0068998421969681,-0.006798985874060999,-0.0028681441630195002,-0.0125124596535571
2,0.0008517699152104999,0.0068998421969681,0.0,0.00010085632290710023,0.004031698033948599,-0.0056126174565889995
3,0.0007509135923033997,0.006798985874060999,-0.00010085632290710023,0.0,0.003930841711041499,-0.0057134737794961
4,-0.0031799281187380995,0.0028681441630195002,-0.004031698033948599,-0.003930841711041499,0.0,-0.009644315490537599
5,0.006464387371799499,0.0125124596535571,0.0056126174565889995,0.0057134737794961,0.009644315490537599,0.0
