,zero_shot_baseline,in_context_learning_3-shot,style_information_style_example,chain_of_thought_zero_shot,chain_of_thought_one_shot,self-refine
0,0.0,0.0007851731649560999,-0.0002433473786999001,0.0001091327317373999,-0.0010612587529628,-0.0006061541465342
1,-0.0007851731649560999,0.0,-0.001028520543656,-0.0006760404332187,-0.0018464319179189,-0.0013913273114902998
2,0.0002433473786999001,0.001028520543656,0.0,0.0003524801104373,-0.0008179113742628999,-0.00036280676783429985
3,-0.0001091327317373999,0.0006760404332187,-0.0003524801104373,0.0,-0.0011703914847002,-0.0007152868782715999
4,0.0010612587529628,0.0018464319179189,0.0008179113742628999,0.0011703914847002,0.0,0.00045510460642860006
5,0.0006061541465342,0.0013913273114902998,0.00036280676783429985,0.0007152868782715999,-0.00045510460642860006,0.0
