,zero_shot_baseline,in_context_learning_3-shot,style_information_style_example,chain_of_thought_zero_shot,chain_of_thought_one_shot,self-refine
0,0.0,-0.00022419092505640006,-0.00023235604066210007,-0.00024477216543630006,-0.0010284088163461,-0.0018455595154371002
1,0.00022419092505640006,0.0,-8.165115605700008e-06,-2.0581240379899998e-05,-0.0008042178912897,-0.0016213685903807003
2,0.00023235604066210007,8.165115605700008e-06,0.0,-1.241612477419999e-05,-0.000796052775684,-0.0016132034747750002
3,0.00024477216543630006,2.0581240379899998e-05,1.241612477419999e-05,0.0,-0.0007836366509098,-0.0016007873500008003
4,0.0010284088163461,0.0008042178912897,0.000796052775684,0.0007836366509098,0.0,-0.0008171506990910001
5,0.0018455595154371002,0.0016213685903807003,0.0016132034747750002,0.0016007873500008003,0.0008171506990910001,0.0
