,zero_shot_baseline,in_context_learning_3-shot,style_information_style_example,chain_of_thought_zero_shot,chain_of_thought_one_shot,self-refine
0,0.0,0.0009118762042117001,-0.00020797629374539987,3.061978924590015e-05,-0.0008471196822000999,4.705868698600063e-06
1,-0.0009118762042117001,0.0,-0.0011198524979571,-0.0008812564149658,-0.0017589958864118,-0.0009071703355131
2,0.00020797629374539987,0.0011198524979571,0.0,0.00023859608299130002,-0.0006391433884547,0.00021268216244399994
3,-3.061978924590015e-05,0.0008812564149658,-0.00023859608299130002,0.0,-0.0008777394714460001,-2.5913920547300084e-05
4,0.0008471196822000999,0.0017589958864118,0.0006391433884547,0.0008777394714460001,0.0,0.0008518255508987
5,-4.705868698600063e-06,0.0009071703355131,-0.00021268216244399994,2.5913920547300084e-05,-0.0008518255508987,0.0
