,zero_shot_baseline,in_context_learning_3-shot,style_information_style_example,chain_of_thought_zero_shot,chain_of_thought_one_shot,self-refine
0,0.0,-0.002404078587811,-0.0020980252287577,5.4786696078999914e-05,-0.0007620388719354001,-0.0017760163342437
1,0.002404078587811,0.0,0.0003060533590532998,0.00245886528389,0.0016420397158755998,0.0006280622535673
2,0.0020980252287577,-0.0003060533590532998,0.0,0.0021528119248367,0.0013359863568223,0.00032200889451400013
3,-5.4786696078999914e-05,-0.00245886528389,-0.0021528119248367,0.0,-0.0008168255680144,-0.0018308030303226999
4,0.0007620388719354001,-0.0016420397158755998,-0.0013359863568223,0.0008168255680144,0.0,-0.0010139774623082998
5,0.0017760163342437,-0.0006280622535673,-0.00032200889451400013,0.0018308030303226999,0.0010139774623082998,0.0
