,mistral,deepseek,llama3.3,qwen72b,qwen32b,qwen14b,solar
0,0.0,0.005660761122352902,0.002887533515427001,0.0031275872483219024,0.008715557878589303,0.006319559819894502,0.0012682041117052026
1,-0.005660761122352902,0.0,-0.0027732276069259015,-0.002533173874031,0.0030547967562364,0.0006587986975415995,-0.0043925570106477
2,-0.002887533515427001,0.0027732276069259015,0.0,0.0002400537328949015,0.005828024363162302,0.003432026304467501,-0.0016193294037217983
3,-0.0031275872483219024,0.002533173874031,-0.0002400537328949015,0.0,0.0055879706302674,0.0031919725715725995,-0.0018593831366166998
4,-0.008715557878589303,-0.0030547967562364,-0.005828024363162302,-0.0055879706302674,0.0,-0.0023959980586948006,-0.0074473537668841
5,-0.006319559819894502,-0.0006587986975415995,-0.003432026304467501,-0.0031919725715725995,0.0023959980586948006,0.0,-0.005051355708189299
6,-0.0012682041117052026,0.0043925570106477,0.0016193294037217983,0.0018593831366166998,0.0074473537668841,0.005051355708189299,0.0
