,zero_shot_baseline,in_context_learning_3-shot,style_information_style_example,chain_of_thought_zero_shot,chain_of_thought_one_shot,self-refine
0,0.0,0.0017986493952594,0.0012274793376077,0.00010422887793989965,-0.00045265342501570006,-0.0010538959159615002
1,-0.0017986493952594,0.0,-0.0005711700576517,-0.0016944205173195003,-0.0022513028202750997,-0.0028525453112209
2,-0.0012274793376077,0.0005711700576517,0.0,-0.0011232504596678003,-0.0016801327626234,-0.0022813752535692
3,-0.00010422887793989965,0.0016944205173195003,0.0011232504596678003,0.0,-0.0005568823029555997,-0.0011581247939013999
4,0.00045265342501570006,0.0022513028202750997,0.0016801327626234,0.0005568823029555997,0.0,-0.0006012424909458002
5,0.0010538959159615002,0.0028525453112209,0.0022813752535692,0.0011581247939013999,0.0006012424909458002,0.0
