,zero_shot_baseline,in_context_learning_3-shot,style_information_style_example,chain_of_thought_zero_shot,chain_of_thought_one_shot,self-refine
0,0.0,0.010784884757641,0.0031343136177921,-0.0006315111995087996,0.0021209574504365003,-0.0034436618481949004
1,-0.010784884757641,0.0,-0.0076505711398489,-0.0114163959571498,-0.0086639273072045,-0.0142285466058359
2,-0.0031343136177921,0.0076505711398489,0.0,-0.0037658248173008998,-0.0010133561673555998,-0.0065779754659870005
3,0.0006315111995087996,0.0114163959571498,0.0037658248173008998,0.0,0.0027524686499453,-0.0028121506486861007
4,-0.0021209574504365003,0.0086639273072045,0.0010133561673555998,-0.0027524686499453,0.0,-0.005564619298631401
5,0.0034436618481949004,0.0142285466058359,0.0065779754659870005,0.0028121506486861007,0.005564619298631401,0.0
