,zero_shot_baseline,in_context_learning_3-shot,style_information_style_example,chain_of_thought_zero_shot,chain_of_thought_one_shot,self-refine
0,0.0,0.0006447038613688,-0.0011427825301798,0.0001739662576422,0.00023282865056279995,-0.0006678833535762001
1,-0.0006447038613688,0.0,-0.0017874863915485998,-0.00047073760372659995,-0.000411875210806,-0.001312587214945
2,0.0011427825301798,0.0017874863915485998,0.0,0.0013167487878219999,0.0013756111807425998,0.0004748991766035998
3,-0.0001739662576422,0.00047073760372659995,-0.0013167487878219999,0.0,5.886239292059994e-05,-0.0008418496112184001
4,-0.00023282865056279995,0.000411875210806,-0.0013756111807425998,-5.886239292059994e-05,0.0,-0.000900712004139
5,0.0006678833535762001,0.001312587214945,-0.0004748991766035998,0.0008418496112184001,0.000900712004139,0.0
