,zero_shot_baseline,in_context_learning_3-shot,style_information_style_example,chain_of_thought_zero_shot,chain_of_thought_one_shot,self-refine
0,0.0,-0.00014692820963609998,-0.00014004391049870005,-0.0002861767213111,-2.8218347760999895e-06,-0.0015751844336287
1,0.00014692820963609998,0.0,6.884299137399933e-06,-0.00013924851167500002,0.00014410637486,-0.0014282562239926
2,0.00014004391049870005,-6.884299137399933e-06,0.0,-0.00014613281081239996,0.00013722207572260006,-0.00143514052313
3,0.0002861767213111,0.00013924851167500002,0.00014613281081239996,0.0,0.000283354886535,-0.0012890077123175999
4,2.8218347760999895e-06,-0.00014410637486,-0.00013722207572260006,-0.000283354886535,0.0,-0.0015723625988526
5,0.0015751844336287,0.0014282562239926,0.00143514052313,0.0012890077123175999,0.0015723625988526,0.0
