,zero_shot_baseline,in_context_learning_3-shot,style_information_style_example,chain_of_thought_zero_shot,chain_of_thought_one_shot,self-refine
0,0.0,-0.00015157987410239994,-0.0004941464490383,-0.0008653286058745999,3.013182402230002e-05,-0.0002579356222934
1,0.00015157987410239994,0.0,-0.0003425665749359001,-0.0007137487317722,0.00018171169812469996,-0.00010635574819100008
2,0.0004941464490383,0.0003425665749359001,0.0,-0.00037118215683629987,0.0005242782730606,0.00023621082674490001
3,0.0008653286058745999,0.0007137487317722,0.00037118215683629987,0.0,0.0008954604298968999,0.0006073929835811999
4,-3.013182402230002e-05,-0.00018171169812469996,-0.0005242782730606,-0.0008954604298968999,0.0,-0.00028806744631570003
5,0.0002579356222934,0.00010635574819100008,-0.00023621082674490001,-0.0006073929835811999,0.00028806744631570003,0.0
