,zero_shot_baseline,in_context_learning_3-shot,style_information_style_example,chain_of_thought_zero_shot,chain_of_thought_one_shot,self-refine
0,0.0,-0.0034353553564376,-0.0017435598761156,-0.00012618348041589997,-0.0006326276758752999,-0.001020260424357
1,0.0034353553564376,0.0,0.0016917954803220003,0.0033091718760217,0.0028027276805623006,0.0024150949320806
2,0.0017435598761156,-0.0016917954803220003,0.0,0.0016173763956997,0.0011109322002403,0.0007232994517585999
3,0.00012618348041589997,-0.0033091718760217,-0.0016173763956997,0.0,-0.0005064441954594,-0.0008940769439411001
4,0.0006326276758752999,-0.0028027276805623006,-0.0011109322002403,0.0005064441954594,0.0,-0.0003876327484817002
5,0.001020260424357,-0.0024150949320806,-0.0007232994517585999,0.0008940769439411001,0.0003876327484817002,0.0
