,zero_shot_baseline,in_context_learning_3-shot,style_information_style_example,chain_of_thought_zero_shot,chain_of_thought_one_shot,self-refine
0,0.0,0.0007885691460451001,-0.0013574187306946998,3.9215059028500075e-05,-0.0005434019617243,-0.0007258585156842
1,-0.0007885691460451001,0.0,-0.0021459878767398,-0.0007493540870166,-0.0013319711077694001,-0.0015144276617293
2,0.0013574187306946998,0.0021459878767398,0.0,0.0013966337897232,0.0008140167689703998,0.0006315602150104998
3,-3.9215059028500075e-05,0.0007493540870166,-0.0013966337897232,0.0,-0.0005826170207528001,-0.0007650735747127001
4,0.0005434019617243,0.0013319711077694001,-0.0008140167689703998,0.0005826170207528001,0.0,-0.00018245655395989998
5,0.0007258585156842,0.0015144276617293,-0.0006315602150104998,0.0007650735747127001,0.00018245655395989998,0.0
