,zero_shot_baseline,in_context_learning_3-shot,style_information_style_example,chain_of_thought_zero_shot,chain_of_thought_one_shot,self-refine
0,0.0,0.014374116355658002,0.0038317177195033025,-0.00028288651406639664,0.006222560831759101,-0.005802418138535399
1,-0.014374116355658002,0.0,-0.0105423986361547,-0.014657002869724399,-0.008151555523898901,-0.0201765344941934
2,-0.0038317177195033025,0.0105423986361547,0.0,-0.004114604233569699,0.0023908431122557985,-0.009634135858038701
3,0.00028288651406639664,0.014657002869724399,0.004114604233569699,0.0,0.006505447345825498,-0.005519531624469002
4,-0.006222560831759101,0.008151555523898901,-0.0023908431122557985,-0.006505447345825498,0.0,-0.0120249789702945
5,0.005802418138535399,0.0201765344941934,0.009634135858038701,0.005519531624469002,0.0120249789702945,0.0
