,mistral,deepseek,llama3.3,qwen72b,qwen32b,qwen14b,solar
0,0.0,-0.00036236362548559993,0.0005118955395267001,0.0001702800454885,4.0309358460599944e-05,0.00012646284527460003,-6.809687665599998e-05
1,0.00036236362548559993,0.0,0.0008742591650122999,0.0005326436709740999,0.0004026729839461999,0.0004888264707602,0.00029426674882959995
2,-0.0005118955395267001,-0.0008742591650122999,0.0,-0.0003416154940382,-0.00047158618106610007,-0.0003854326942521,-0.0005799924161826999
3,-0.0001702800454885,-0.0005326436709740999,0.0003416154940382,0.0,-0.00012997068702790004,-4.381720021389996e-05,-0.00023837692214449997
4,-4.0309358460599944e-05,-0.0004026729839461999,0.00047158618106610007,0.00012997068702790004,0.0,8.615348681400008e-05,-0.00010840623511659993
5,-0.00012646284527460003,-0.0004888264707602,0.0003854326942521,4.381720021389996e-05,-8.615348681400008e-05,0.0,-0.0001945597219306
6,6.809687665599998e-05,-0.00029426674882959995,0.0005799924161826999,0.00023837692214449997,0.00010840623511659993,0.0001945597219306,0.0
