,zero_shot_baseline,in_context_learning_3-shot,style_information_style_example,chain_of_thought_zero_shot,chain_of_thought_one_shot,self-refine
0,0.0,-0.0006820301049147999,-0.0018240447190645,-6.371739001570005e-05,9.042709520519997e-05,-0.0011287719690062
1,0.0006820301049147999,0.0,-0.0011420146141497,0.0006183127148990999,0.0007724572001199998,-0.00044674186409140006
2,0.0018240447190645,0.0011420146141497,0.0,0.0017603273290487998,0.0019144718142697,0.0006952727500583
3,6.371739001570005e-05,-0.0006183127148990999,-0.0017603273290487998,0.0,0.00015414448522090002,-0.0010650545789904998
4,-9.042709520519997e-05,-0.0007724572001199998,-0.0019144718142697,-0.00015414448522090002,0.0,-0.0012191990642113999
5,0.0011287719690062,0.00044674186409140006,-0.0006952727500583,0.0010650545789904998,0.0012191990642113999,0.0
