,zero_shot_baseline,in_context_learning_3-shot,style_information_style_example,chain_of_thought_zero_shot,chain_of_thought_one_shot,self-refine
0,0.0,-0.0024053239521385,0.000993908272374,-2.8196517805200057e-05,4.4422922763999884e-05,-0.0004094929868001002
1,0.0024053239521385,0.0,0.0033992322245125,0.0023771274343333,0.0024497468749025003,0.0019958309653384
2,-0.000993908272374,-0.0033992322245125,0.0,-0.0010221047901792,-0.00094948534961,-0.0014034012591741
3,2.8196517805200057e-05,-0.0023771274343333,0.0010221047901792,0.0,7.261944056919994e-05,-0.00038129646899490014
4,-4.4422922763999884e-05,-0.0024497468749025003,0.00094948534961,-7.261944056919994e-05,0.0,-0.0004539159095641001
5,0.0004094929868001002,-0.0019958309653384,0.0014034012591741,0.00038129646899490014,0.0004539159095641001,0.0
