,zero_shot_baseline,in_context_learning_3-shot,style_information_style_example,chain_of_thought_zero_shot,chain_of_thought_one_shot,self-refine
0,0.0,-0.00023487144787089998,3.196533564980001e-05,2.01431652539e-05,-0.00012110631188989998,-0.0005517536983001
1,0.00023487144787089998,0.0,0.0002668367835207,0.0002550146131248,0.000113765135981,-0.00031688225042920005
2,-3.196533564980001e-05,-0.0002668367835207,0.0,-1.182217039590001e-05,-0.0001530716475397,-0.0005837190339499001
3,-2.01431652539e-05,-0.0002550146131248,1.182217039590001e-05,0.0,-0.00014124947714379998,-0.000571896863554
4,0.00012110631188989998,-0.000113765135981,0.0001530716475397,0.00014124947714379998,0.0,-0.00043064738641020005
5,0.0005517536983001,0.00031688225042920005,0.0005837190339499001,0.000571896863554,0.00043064738641020005,0.0
