,zero_shot_baseline,in_context_learning_3-shot,style_information_style_example,chain_of_thought_zero_shot,chain_of_thought_one_shot,self-refine
0,0.0,-0.0006133980420058001,-0.0015545111757808002,0.0006304833878731002,8.764620479329976e-05,-0.0043657644145322005
1,0.0006133980420058001,0.0,-0.0009411131337750001,0.0012438814298789003,0.0007010442467990999,-0.0037523663725264004
2,0.0015545111757808002,0.0009411131337750001,0.0,0.0021849945636539005,0.0016421573805741,-0.0028112532387514003
3,-0.0006304833878731002,-0.0012438814298789003,-0.0021849945636539005,0.0,-0.0005428371830798005,-0.004996247802405301
4,-8.764620479329976e-05,-0.0007010442467990999,-0.0016421573805741,0.0005428371830798005,0.0,-0.0044534106193255
5,0.0043657644145322005,0.0037523663725264004,0.0028112532387514003,0.004996247802405301,0.0044534106193255,0.0
