,zero_shot_baseline,in_context_learning_3-shot,style_information_style_example,chain_of_thought_zero_shot,chain_of_thought_one_shot,self-refine
0,0.0,-0.00010421535285059972,-3.593010602929972e-05,-1.1405321006887863e-05,-3.6805702704699724e-05,-0.00016544712803329972
1,0.00010421535285059972,0.0,6.82852468213e-05,9.281003184371186e-05,6.74096501459e-05,-6.123177518270001e-05
2,3.593010602929972e-05,-6.82852468213e-05,0.0,2.452478502241186e-05,-8.755966754000008e-07,-0.00012951702200400002
3,1.1405321006887863e-05,-9.281003184371186e-05,-2.452478502241186e-05,0.0,-2.540038169781186e-05,-0.00015404180702641187
4,3.6805702704699724e-05,-6.74096501459e-05,8.755966754000008e-07,2.540038169781186e-05,0.0,-0.0001286414253286
5,0.00016544712803329972,6.123177518270001e-05,0.00012951702200400002,0.00015404180702641187,0.0001286414253286,0.0
