,zero_shot_baseline,in_context_learning_3-shot,style_information_style_example,chain_of_thought_zero_shot,chain_of_thought_one_shot,self-refine
0,0.0,-0.0085390657126704,0.0002562643701580999,0.0003455718145230998,0.0012738971725358998,0.0001786720135098
1,0.0085390657126704,0.0,0.008795330082828502,0.008884637527193501,0.0098129628852063,0.0087177377261802
2,-0.0002562643701580999,-0.008795330082828502,0.0,8.930744436499993e-05,0.0010176328023778,-7.75923566482999e-05
3,-0.0003455718145230998,-0.008884637527193501,-8.930744436499993e-05,0.0,0.0009283253580128,-0.00016689980101329983
4,-0.0012738971725358998,-0.0098129628852063,-0.0010176328023778,-0.0009283253580128,0.0,-0.0010952251590260998
5,-0.0001786720135098,-0.0087177377261802,7.75923566482999e-05,0.00016689980101329983,0.0010952251590260998,0.0
