,mistral,deepseek,llama3.3,qwen72b,qwen32b,qwen14b,solar
0,0.0,0.00025354713546429995,-9.73043643658e-05,-0.00011069311785430003,6.605887435269997e-05,-0.0009908679458485,-0.00035369299054969995
1,-0.00025354713546429995,0.0,-0.00035085149983009995,-0.0003642402533186,-0.00018748826111159998,-0.0012444150813127998,-0.0006072401260139999
2,9.73043643658e-05,0.00035085149983009995,0.0,-1.338875348850003e-05,0.00016336323871849997,-0.0008935635814827,-0.00025638862618389995
3,0.00011069311785430003,0.0003642402533186,1.338875348850003e-05,0.0,0.000176751992207,-0.0008801748279942,-0.00024299987269539992
4,-6.605887435269997e-05,0.00018748826111159998,-0.00016336323871849997,-0.000176751992207,0.0,-0.0010569268202012,-0.0004197518649023999
5,0.0009908679458485,0.0012444150813127998,0.0008935635814827,0.0008801748279942,0.0010569268202012,0.0,0.0006371749552988
6,0.00035369299054969995,0.0006072401260139999,0.00025638862618389995,0.00024299987269539992,0.0004197518649023999,-0.0006371749552988,0.0
