,zero_shot_baseline,in_context_learning_3-shot,style_information_style_example,chain_of_thought_zero_shot,chain_of_thought_one_shot,self-refine
0,0.0,8.21138908682999e-05,0.0001440447765364999,0.00011596746432590002,0.0007938153297457999,-0.0011977149052388003
1,-8.21138908682999e-05,0.0,6.193088566819999e-05,3.385357345760012e-05,0.0007117014388775,-0.0012798287961071002
2,-0.0001440447765364999,-6.193088566819999e-05,0.0,-2.807731221059987e-05,0.0006497705532093,-0.0013417596817753002
3,-0.00011596746432590002,-3.385357345760012e-05,2.807731221059987e-05,0.0,0.0006778478654198999,-0.0013136823695647003
4,-0.0007938153297457999,-0.0007117014388775,-0.0006497705532093,-0.0006778478654198999,0.0,-0.0019915302349846004
5,0.0011977149052388003,0.0012798287961071002,0.0013417596817753002,0.0013136823695647003,0.0019915302349846004,0.0
