,zero_shot_baseline,in_context_learning_3-shot,style_information_style_example,chain_of_thought_zero_shot,chain_of_thought_one_shot,self-refine
0,0.0,0.0,0.0,-1.5432098765432e-06,0.0,-1.0351966873706e-06
1,0.0,0.0,0.0,-1.5432098765432e-06,0.0,-1.0351966873706e-06
2,0.0,0.0,0.0,-1.5432098765432e-06,0.0,-1.0351966873706e-06
3,1.5432098765432e-06,1.5432098765432e-06,1.5432098765432e-06,0.0,1.5432098765432e-06,5.080131891726e-07
4,0.0,0.0,0.0,-1.5432098765432e-06,0.0,-1.0351966873706e-06
5,1.0351966873706e-06,1.0351966873706e-06,1.0351966873706e-06,-5.080131891726e-07,1.0351966873706e-06,0.0
