,zero_shot_baseline,in_context_learning_3-shot,style_information_style_example,chain_of_thought_zero_shot,chain_of_thought_one_shot,self-refine
0,0.0,-3.7129861691264662e-06,0.0,0.0,0.0,-8.819712259177191e-05
1,3.7129861691264662e-06,0.0,3.7129861691264662e-06,3.7129861691264662e-06,3.7129861691264662e-06,-8.448413642264544e-05
2,0.0,-3.7129861691264662e-06,0.0,0.0,0.0,-8.819712259177191e-05
3,0.0,-3.7129861691264662e-06,0.0,0.0,0.0,-8.819712259177191e-05
4,0.0,-3.7129861691264662e-06,0.0,0.0,0.0,-8.819712259177191e-05
5,8.819712259177191e-05,8.448413642264544e-05,8.819712259177191e-05,8.819712259177191e-05,8.819712259177191e-05,0.0
