,zero_shot_baseline,in_context_learning_3-shot,style_information_style_example,chain_of_thought_zero_shot,chain_of_thought_one_shot,self-refine
0,0.0,-0.002088160076898,-0.00017362057278019993,-5.017760025699991e-06,-6.736141341389995e-05,-0.00028528800697789994
1,0.002088160076898,0.0,0.0019145395041177998,0.0020831423168722997,0.0020207986634841,0.0018028720699201
2,0.00017362057278019993,-0.0019145395041177998,0.0,0.00016860281275449994,0.00010625915936629998,-0.00011166743419770001
3,5.017760025699991e-06,-0.0020831423168722997,-0.00016860281275449994,0.0,-6.234365338819996e-05,-0.00028027024695219995
4,6.736141341389995e-05,-0.0020207986634841,-0.00010625915936629998,6.234365338819996e-05,0.0,-0.000217926593564
5,0.00028528800697789994,-0.0018028720699201,0.00011166743419770001,0.00028027024695219995,0.000217926593564,0.0
