,zero_shot_baseline,in_context_learning_3-shot,style_information_style_example,chain_of_thought_zero_shot,chain_of_thought_one_shot,self-refine
0,0.0,2.8992620531365925e-05,3.051664730397533e-05,-9.896232196000005e-06,3.9255465435999965e-06,-0.00011239469427129999
1,-2.8992620531365925e-05,0.0,1.5240267726094058e-06,-3.888885272736593e-05,-2.506707398776593e-05,-0.0001413873148026659
2,-3.051664730397533e-05,-1.5240267726094058e-06,0.0,-4.0412879499975336e-05,-2.6591100760375334e-05,-0.00014291134157527532
3,9.896232196000005e-06,3.888885272736593e-05,4.0412879499975336e-05,0.0,1.3821778739600001e-05,-0.00010249846207529999
4,-3.9255465435999965e-06,2.506707398776593e-05,2.6591100760375334e-05,-1.3821778739600001e-05,0.0,-0.00011632024081489999
5,0.00011239469427129999,0.0001413873148026659,0.00014291134157527532,0.00010249846207529999,0.00011632024081489999,0.0
