,zero_shot_baseline,in_context_learning_3-shot,style_information_style_example,chain_of_thought_zero_shot,chain_of_thought_one_shot,self-refine
0,0.0,-0.000588249440856,2.9489578720000038e-05,-0.000355392149388,-0.0061995541961503,-0.0007379550241465001
1,0.000588249440856,0.0,0.0006177390195760001,0.00023285729146799996,-0.0056113047552943,-0.00014970558329050008
2,-2.9489578720000038e-05,-0.0006177390195760001,0.0,-0.00038488172810800006,-0.0062290437748703,-0.0007674446028665001
3,0.000355392149388,-0.00023285729146799996,0.00038488172810800006,0.0,-0.0058441620467623,-0.00038256287475850004
4,0.0061995541961503,0.0056113047552943,0.0062290437748703,0.0058441620467623,0.0,0.0054615991720038
5,0.0007379550241465001,0.00014970558329050008,0.0007674446028665001,0.00038256287475850004,-0.0054615991720038,0.0
