,abstracts,news,reviews,qa
0,0.0,0.0014856278208682835,0.0015548968783953836,-0.0013825666405786164
1,-0.0014856278208682835,0.0,6.926905752710011e-05,-0.0028681944614469
2,-0.0015548968783953836,-6.926905752710011e-05,0.0,-0.002937463518974
3,0.0013825666405786164,0.0028681944614469,0.002937463518974,0.0
