,zero_shot_baseline,in_context_learning_3-shot,style_information_style_example,chain_of_thought_zero_shot,chain_of_thought_one_shot,self-refine
0,0.0,0.00029638610140610003,-1.6940148782399985e-05,8.613823546660003e-05,0.00035946331831507853,-0.00013294314066549998
1,-0.00029638610140610003,0.0,-0.0003133262501885,-0.0002102478659395,6.307721690897852e-05,-0.0004293292420716
2,1.6940148782399985e-05,0.0003133262501885,0.0,0.00010307838424900001,0.0003764034670974785,-0.00011600299188309999
3,-8.613823546660003e-05,0.0002102478659395,-0.00010307838424900001,0.0,0.0002733250828484785,-0.0002190813761321
4,-0.00035946331831507853,-6.307721690897852e-05,-0.0003764034670974785,-0.0002733250828484785,0.0,-0.0004924064589805785
5,0.00013294314066549998,0.0004293292420716,0.00011600299188309999,0.0002190813761321,0.0004924064589805785,0.0
