,zero_shot_baseline,in_context_learning_3-shot,style_information_style_example,chain_of_thought_zero_shot,chain_of_thought_one_shot,self-refine
0,0.0,0.00020143776720519998,0.0005214199230079,0.0005148160633957601,0.00014803470294070002,0.0004812023695995299
1,-0.00020143776720519998,0.0,0.0003199821558027,0.0003133782961905601,-5.340306426449996e-05,0.0002797646023943299
2,-0.0005214199230079,-0.0003199821558027,0.0,-6.603859612139932e-06,-0.0003733852200672,-4.021755340837013e-05
3,-0.0005148160633957601,-0.0003133782961905601,6.603859612139932e-06,0.0,-0.00036678136045506006,-3.36136937962302e-05
4,-0.00014803470294070002,5.340306426449996e-05,0.0003733852200672,0.00036678136045506006,0.0,0.00033316766665882986
5,-0.0004812023695995299,-0.0002797646023943299,4.021755340837013e-05,3.36136937962302e-05,-0.00033316766665882986,0.0
