,zero_shot_baseline,in_context_learning_3-shot,style_information_style_example,chain_of_thought_zero_shot,chain_of_thought_one_shot,self-refine
0,0.0,-9.190442853809002e-07,-1.6322964754376662e-06,5.7485423339066694e-08,1.1569087398471332e-06,-1.3258721516434335e-06
1,9.190442853809002e-07,0.0,-7.13252190056766e-07,9.765297087199669e-07,2.0759530252280334e-06,-4.0682786626253335e-07
2,1.6322964754376662e-06,7.13252190056766e-07,0.0,1.689781898776733e-06,2.7892052152847995e-06,3.064243237942327e-07
3,-5.7485423339066694e-08,-9.765297087199669e-07,-1.689781898776733e-06,0.0,1.0994233165080666e-06,-1.3833575749825002e-06
4,-1.1569087398471332e-06,-2.0759530252280334e-06,-2.7892052152847995e-06,-1.0994233165080666e-06,0.0,-2.4827808914905668e-06
5,1.3258721516434335e-06,4.0682786626253335e-07,-3.064243237942327e-07,1.3833575749825002e-06,2.4827808914905668e-06,0.0
