,zero_shot_baseline,in_context_learning_3-shot,style_information_style_example,chain_of_thought_zero_shot,chain_of_thought_one_shot,self-refine
0,0.0,-1.8861075160200664e-06,-9.496962985334666e-07,0.0,0.0,0.0
1,1.8861075160200664e-06,0.0,9.364112174865998e-07,1.8861075160200664e-06,1.8861075160200664e-06,1.8861075160200664e-06
2,9.496962985334666e-07,-9.364112174865998e-07,0.0,9.496962985334666e-07,9.496962985334666e-07,9.496962985334666e-07
3,0.0,-1.8861075160200664e-06,-9.496962985334666e-07,0.0,0.0,0.0
4,0.0,-1.8861075160200664e-06,-9.496962985334666e-07,0.0,0.0,0.0
5,0.0,-1.8861075160200664e-06,-9.496962985334666e-07,0.0,0.0,0.0
