,zero_shot_baseline,in_context_learning_3-shot,style_information_style_example,chain_of_thought_zero_shot,chain_of_thought_one_shot,self-refine
0,0.0,-5.8301979414952206e-05,-4.0037789495218485e-05,-8.7141514812446e-06,-1.2635312132374767e-05,-0.00014225185741695222
1,5.8301979414952206e-05,0.0,1.826418991973372e-05,4.9587827933707606e-05,4.566666728257744e-05,-8.394987800200001e-05
2,4.0037789495218485e-05,-1.826418991973372e-05,0.0,3.1323638013973885e-05,2.7402477362843718e-05,-0.00010221406792173373
3,8.7141514812446e-06,-4.9587827933707606e-05,-3.1323638013973885e-05,0.0,-3.921160651130167e-06,-0.0001335377059357076
4,1.2635312132374767e-05,-4.566666728257744e-05,-2.7402477362843718e-05,3.921160651130167e-06,0.0,-0.00012961654528457746
5,0.00014225185741695222,8.394987800200001e-05,0.00010221406792173373,0.0001335377059357076,0.00012961654528457746,0.0
