,zero_shot_baseline,in_context_learning_3-shot,style_information_style_example,chain_of_thought_zero_shot,chain_of_thought_one_shot,self-refine
0,0.0,1.79148669375197e-05,1.0761270813079599e-05,7.597117781470898e-06,1.6053106475759264e-05,-9.542245387151048e-05
1,-1.79148669375197e-05,0.0,-7.153596124440099e-06,-1.03177491560488e-05,-1.8617604617604333e-06,-0.00011333732080903017
2,-1.0761270813079599e-05,7.153596124440099e-06,0.0,-3.1641530316087004e-06,5.291835662679666e-06,-0.00010618372468459007
3,-7.597117781470898e-06,1.03177491560488e-05,3.1641530316087004e-06,0.0,8.455988694288365e-06,-0.00010301957165298136
4,-1.6053106475759264e-05,1.8617604617604333e-06,-5.291835662679666e-06,-8.455988694288365e-06,0.0,-0.00011147556034726974
5,9.542245387151048e-05,0.00011333732080903017,0.00010618372468459007,0.00010301957165298136,0.00011147556034726974,0.0
