,zero_shot_baseline,in_context_learning_3-shot,style_information_style_example,chain_of_thought_zero_shot,chain_of_thought_one_shot,self-refine
0,0.0,-0.0002330026500107,0.0002352254002286037,2.777601315100001e-05,0.0001635121811835,-0.0003212212308434
1,0.0002330026500107,0.0,0.0004682280502393037,0.0002607786631617,0.0003965148311942,-8.821858083270001e-05
2,-0.0002352254002286037,-0.0004682280502393037,0.0,-0.00020744938707760368,-7.171321904510369e-05,-0.0005564466310720037
3,-2.777601315100001e-05,-0.0002607786631617,0.00020744938707760368,0.0,0.00013573616803249999,-0.0003489972439944
4,-0.0001635121811835,-0.0003965148311942,7.171321904510369e-05,-0.00013573616803249999,0.0,-0.0004847334120269
5,0.0003212212308434,8.821858083270001e-05,0.0005564466310720037,0.0003489972439944,0.0004847334120269,0.0
