,zero_shot_baseline,in_context_learning_3-shot,style_information_style_example,chain_of_thought_zero_shot,chain_of_thought_one_shot,self-refine
0,0.0,-3.36375039574744e-05,-1.2552231646871435e-05,1.4801637012943653e-06,7.539662199832066e-06,-8.677754463357503e-06
1,3.36375039574744e-05,0.0,2.108527231060297e-05,3.511766765876877e-05,4.117716615730647e-05,2.4959749494116902e-05
2,1.2552231646871435e-05,-2.108527231060297e-05,0.0,1.40323953481658e-05,2.00918938467035e-05,3.874477183513932e-06
3,-1.4801637012943653e-06,-3.511766765876877e-05,-1.40323953481658e-05,0.0,6.0594984985377e-06,-1.0157918164651867e-05
4,-7.539662199832066e-06,-4.117716615730647e-05,-2.00918938467035e-05,-6.0594984985377e-06,0.0,-1.6217416663189568e-05
5,8.677754463357503e-06,-2.4959749494116902e-05,-3.874477183513932e-06,1.0157918164651867e-05,1.6217416663189568e-05,0.0
