,zero_shot_baseline,in_context_learning_3-shot,style_information_style_example,chain_of_thought_zero_shot,chain_of_thought_one_shot,self-refine
0,0.0,-0.0045058585700085,-0.00036778753212540023,0.00044940944400419973,0.0020675702159006,-0.0005054161733229002
1,0.0045058585700085,0.0,0.0041380710378830995,0.0049552680140126995,0.0065734287859091,0.0040004423966856
2,0.00036778753212540023,-0.0041380710378830995,0.0,0.0008171969761296,0.002435357748026,-0.00013762864119749993
3,-0.00044940944400419973,-0.0049552680140126995,-0.0008171969761296,0.0,0.0016181607718964,-0.0009548256173270999
4,-0.0020675702159006,-0.0065734287859091,-0.002435357748026,-0.0016181607718964,0.0,-0.0025729863892235
5,0.0005054161733229002,-0.0040004423966856,0.00013762864119749993,0.0009548256173270999,0.0025729863892235,0.0
