,zero_shot_baseline,in_context_learning_3-shot,style_information_style_example,chain_of_thought_zero_shot,chain_of_thought_one_shot,self-refine
0,0.0,-5.7118571351000004e-05,-4.802232591929998e-05,-5.801664784399994e-06,4.64233553135e-05,-0.0003733314287138
1,5.7118571351000004e-05,0.0,9.096245431700024e-06,5.131690656660001e-05,0.0001035419266645,-0.00031621285736279996
2,4.802232591929998e-05,-9.096245431700024e-06,0.0,4.2220661134899986e-05,9.444568123279998e-05,-0.0003253091027945
3,5.801664784399994e-06,-5.131690656660001e-05,-4.2220661134899986e-05,0.0,5.22250200979e-05,-0.0003675297639294
4,-4.64233553135e-05,-0.0001035419266645,-9.444568123279998e-05,-5.22250200979e-05,0.0,-0.00041975478402729994
5,0.0003733314287138,0.00031621285736279996,0.0003253091027945,0.0003675297639294,0.00041975478402729994,0.0
