,zero_shot_baseline,in_context_learning_3-shot,style_information_style_example,chain_of_thought_zero_shot,chain_of_thought_one_shot,self-refine
0,0.0,-0.0009766585210088,-5.73776722784e-05,-3.1944831046099996e-05,6.236556067000022e-07,-0.0006731279588184
1,0.0009766585210088,0.0,0.0009192808487304,0.0009447136899627001,0.0009772821766155,0.0003035305621904
2,5.73776722784e-05,-0.0009192808487304,0.0,2.5432841232300002e-05,5.80013278851e-05,-0.00061575028654
3,3.1944831046099996e-05,-0.0009447136899627001,-2.5432841232300002e-05,0.0,3.25684866528e-05,-0.0006411831277722999
4,-6.236556067000022e-07,-0.0009772821766155,-5.80013278851e-05,-3.25684866528e-05,0.0,-0.0006737516144251
5,0.0006731279588184,-0.0003035305621904,0.00061575028654,0.0006411831277722999,0.0006737516144251,0.0
