,zero_shot_baseline,in_context_learning_3-shot,style_information_style_example,chain_of_thought_zero_shot,chain_of_thought_one_shot,self-refine
0,0.0,-0.00020718767830359998,2.230747301499989e-06,6.1104785349e-05,9.650727218540001e-05,-0.0003710305891967
1,0.00020718767830359998,0.0,0.00020941842560509997,0.0002682924636526,0.000303694950489,-0.00016384291089310002
2,-2.230747301499989e-06,-0.00020941842560509997,0.0,5.887403804750001e-05,9.427652488390002e-05,-0.0003732613364982
3,-6.1104785349e-05,-0.0002682924636526,-5.887403804750001e-05,0.0,3.540248683640001e-05,-0.0004321353745457
4,-9.650727218540001e-05,-0.000303694950489,-9.427652488390002e-05,-3.540248683640001e-05,0.0,-0.0004675378613821
5,0.0003710305891967,0.00016384291089310002,0.0003732613364982,0.0004321353745457,0.0004675378613821,0.0
