,zero_shot_baseline,in_context_learning_3-shot,style_information_style_example,chain_of_thought_zero_shot,chain_of_thought_one_shot,self-refine
0,0.0,-1.3147238609720105e-05,-3.142322057691771e-05,-4.700104183953747e-07,4.293435054675927e-08,-7.53368482222722e-05
1,1.3147238609720105e-05,0.0,-1.8275981967197602e-05,1.267722819132473e-05,1.3190172960266864e-05,-6.21896096125521e-05
2,3.142322057691771e-05,1.8275981967197602e-05,0.0,3.095321015852233e-05,3.1466154927464466e-05,-4.39136276453545e-05
3,4.700104183953747e-07,-1.267722819132473e-05,-3.095321015852233e-05,0.0,5.12944768942134e-07,-7.486683780387682e-05
4,-4.293435054675927e-08,-1.3190172960266864e-05,-3.1466154927464466e-05,-5.12944768942134e-07,0.0,-7.537978257281896e-05
5,7.53368482222722e-05,6.21896096125521e-05,4.39136276453545e-05,7.486683780387682e-05,7.537978257281896e-05,0.0
