,zero_shot_baseline,in_context_learning_3-shot,style_information_style_example,chain_of_thought_zero_shot,chain_of_thought_one_shot,self-refine
0,0.0,3.2239488535844636e-06,-6.28365274570253e-05,5.699395975278318e-07,8.361113808323463e-06,-2.040789911485401e-05
1,-3.2239488535844636e-06,0.0,-6.606047631060977e-05,-2.654009256056632e-06,5.137164954738999e-06,-2.3631847968438473e-05
2,6.28365274570253e-05,6.606047631060977e-05,0.0,6.340646705455314e-05,7.119764126534877e-05,4.24286283421713e-05
3,-5.699395975278318e-07,2.654009256056632e-06,-6.340646705455314e-05,0.0,7.791174210795631e-06,-2.097783871238184e-05
4,-8.361113808323463e-06,-5.137164954738999e-06,-7.119764126534877e-05,-7.791174210795631e-06,0.0,-2.8769012923177473e-05
5,2.040789911485401e-05,2.3631847968438473e-05,-4.24286283421713e-05,2.097783871238184e-05,2.8769012923177473e-05,0.0
