,zero_shot_baseline,in_context_learning_3-shot,style_information_style_example,chain_of_thought_zero_shot,chain_of_thought_one_shot,self-refine
0,0.0,-0.0002277287273738,4.611201168299995e-06,4.941209430899999e-05,4.291636622939999e-05,-0.0001306379162423
1,0.0002277287273738,0.0,0.0002323399285421,0.00027714082168279997,0.0002706450936032,9.70908111315e-05
2,-4.611201168299995e-06,-0.0002323399285421,0.0,4.480089314069999e-05,3.8305165061099995e-05,-0.0001352491174106
3,-4.941209430899999e-05,-0.00027714082168279997,-4.480089314069999e-05,0.0,-6.4957280795999986e-06,-0.0001800500105513
4,-4.291636622939999e-05,-0.0002706450936032,-3.8305165061099995e-05,6.4957280795999986e-06,0.0,-0.0001735542824717
5,0.0001306379162423,-9.70908111315e-05,0.0001352491174106,0.0001800500105513,0.0001735542824717,0.0
