,abstracts,news,reviews,qa
0,0.0,0.0008558487970843,-0.0005711587924275,-0.0005699981709461
1,-0.0008558487970843,0.0,-0.0014270075895118002,-0.0014258469680304
2,0.0005711587924275,0.0014270075895118002,0.0,1.1606214814000298e-06
3,0.0005699981709461,0.0014258469680304,-1.1606214814000298e-06,0.0
