,zero_shot_baseline,in_context_learning_3-shot,style_information_style_example,chain_of_thought_zero_shot,chain_of_thought_one_shot,self-refine
0,0.0,-1.0342880275676884e-05,0.0,0.0,-2.415458937198067e-06,-2.4875621890547e-06
1,1.0342880275676884e-05,0.0,1.0342880275676884e-05,1.0342880275676884e-05,7.927421338478817e-06,7.855318086622184e-06
2,0.0,-1.0342880275676884e-05,0.0,0.0,-2.415458937198067e-06,-2.4875621890547e-06
3,0.0,-1.0342880275676884e-05,0.0,0.0,-2.415458937198067e-06,-2.4875621890547e-06
4,2.415458937198067e-06,-7.927421338478817e-06,2.415458937198067e-06,2.415458937198067e-06,0.0,-7.210325185663338e-08
5,2.4875621890547e-06,-7.855318086622184e-06,2.4875621890547e-06,2.4875621890547e-06,7.210325185663338e-08,0.0
