,zero_shot_baseline,in_context_learning_3-shot,style_information_style_example,chain_of_thought_zero_shot,chain_of_thought_one_shot,self-refine
0,0.0,-0.00027120076267659997,-9.419976003710004e-05,5.315627387699991e-06,-6.682651486340004e-05,-0.0006962082991131
1,0.00027120076267659997,0.0,0.00017700100263949993,0.00027651639006429996,0.00020437424781319992,-0.00042500753643650007
2,9.419976003710004e-05,-0.00017700100263949993,0.0,9.951538742480003e-05,2.7373245173699997e-05,-0.000602008539076
3,-5.315627387699991e-06,-0.00027651639006429996,-9.951538742480003e-05,0.0,-7.214214225110003e-05,-0.0007015239265008
4,6.682651486340004e-05,-0.00020437424781319992,-2.7373245173699997e-05,7.214214225110003e-05,0.0,-0.0006293817842496999
5,0.0006962082991131,0.00042500753643650007,0.000602008539076,0.0007015239265008,0.0006293817842496999,0.0
