,mistral,deepseek,llama3.3,qwen72b,qwen32b,qwen14b,solar
0,0.0,9.111334019089995e-05,0.00011890148389809995,-3.36744577599e-05,0.00024550746029979996,0.00026980461882979996,0.00014203447715629996
1,-9.111334019089995e-05,0.0,2.77881437072e-05,-0.00012478779795079996,0.0001543941201089,0.0001786912786389,5.092113696540001e-05
2,-0.00011890148389809995,-2.77881437072e-05,0.0,-0.00015257594165799996,0.0001266059764017,0.0001509031349317,2.3132993258200008e-05
3,3.36744577599e-05,0.00012478779795079996,0.00015257594165799996,0.0,0.00027918191805969997,0.00030347907658969997,0.00017570893491619996
4,-0.00024550746029979996,-0.0001543941201089,-0.0001266059764017,-0.00027918191805969997,0.0,2.429715853e-05,-0.0001034729831435
5,-0.00026980461882979996,-0.0001786912786389,-0.0001509031349317,-0.00030347907658969997,-2.429715853e-05,0.0,-0.0001277701416735
6,-0.00014203447715629996,-5.092113696540001e-05,-2.3132993258200008e-05,-0.00017570893491619996,0.0001034729831435,0.0001277701416735,0.0
