,zero_shot_baseline,in_context_learning_3-shot,style_information_style_example,chain_of_thought_zero_shot,chain_of_thought_one_shot,self-refine
0,0.0,2.5414766849729e-06,2.3763921942797005e-06,1.4831222650863004e-06,3.4502792744378006e-06,-1.0558656096357664e-06
1,-2.5414766849729e-06,0.0,-1.6508449069319988e-07,-1.0583544198866e-06,9.088025894649001e-07,-3.5973422946086666e-06
2,-2.3763921942797005e-06,1.6508449069319988e-07,0.0,-8.932699291934001e-07,1.0738870801581001e-06,-3.432257803915467e-06
3,-1.4831222650863004e-06,1.0583544198866e-06,8.932699291934001e-07,0.0,1.9671570093515002e-06,-2.538987874722067e-06
4,-3.4502792744378006e-06,-9.088025894649001e-07,-1.0738870801581001e-06,-1.9671570093515002e-06,0.0,-4.506144884073567e-06
5,1.0558656096357664e-06,3.5973422946086666e-06,3.432257803915467e-06,2.538987874722067e-06,4.506144884073567e-06,0.0
