,zero_shot_baseline,in_context_learning_3-shot,style_information_style_example,chain_of_thought_zero_shot,chain_of_thought_one_shot,self-refine
0,0.0,3.2841177436637665e-06,-2.67448814762263e-06,-7.455993513068631e-07,-2.771484688670131e-06,-2.0142206697153267e-05
1,-3.2841177436637665e-06,0.0,-5.9586058912863965e-06,-4.0297170949706296e-06,-6.0556024323338974e-06,-2.3426324440817035e-05
2,2.67448814762263e-06,5.9586058912863965e-06,0.0,1.928888796315767e-06,-9.69965410475009e-08,-1.7467718549530637e-05
3,7.455993513068631e-07,4.0297170949706296e-06,-1.928888796315767e-06,0.0,-2.025885337363268e-06,-1.9396607345846404e-05
4,2.771484688670131e-06,6.0556024323338974e-06,9.69965410475009e-08,2.025885337363268e-06,0.0,-1.7370722008483136e-05
5,2.0142206697153267e-05,2.3426324440817035e-05,1.7467718549530637e-05,1.9396607345846404e-05,1.7370722008483136e-05,0.0
