,zero_shot_baseline,in_context_learning_3-shot,style_information_style_example,chain_of_thought_zero_shot,chain_of_thought_one_shot,self-refine
0,0.0,-0.0004147136168535029,4.4157857027971335e-06,1.3854826724941336e-06,2.6975726443779e-06,-0.0002576105355677029
1,0.0004147136168535029,0.0,0.0004191294025563,0.000416099099525997,0.0004174111894978808,0.0001571030812858
2,-4.4157857027971335e-06,-0.0004191294025563,0.0,-3.030303030303e-06,-1.7182130584192333e-06,-0.0002620263212705
3,-1.3854826724941336e-06,-0.000416099099525997,3.030303030303e-06,0.0,1.3120899718837667e-06,-0.000258996018240197
4,-2.6975726443779e-06,-0.0004174111894978808,1.7182130584192333e-06,-1.3120899718837667e-06,0.0,-0.0002603081082120808
5,0.0002576105355677029,-0.0001571030812858,0.0002620263212705,0.000258996018240197,0.0002603081082120808,0.0
