,zero_shot_baseline,in_context_learning_3-shot,style_information_style_example,chain_of_thought_zero_shot,chain_of_thought_one_shot,self-refine
0,0.0,-0.00011521861900547603,-1.8691629066716203e-05,-1.0722083844604323e-06,-2.9010665637158987e-06,-3.6882555011838995e-05
1,0.00011521861900547603,0.0,9.652698993875983e-05,0.0001141464106210156,0.00011231755244176013,7.833606399363704e-05
2,1.8691629066716203e-05,-9.652698993875983e-05,0.0,1.761942068225577e-05,1.5790562503000304e-05,-1.8190925945122792e-05
3,1.0722083844604323e-06,-0.0001141464106210156,-1.761942068225577e-05,0.0,-1.8288581792554664e-06,-3.581034662737856e-05
4,2.9010665637158987e-06,-0.00011231755244176013,-1.5790562503000304e-05,1.8288581792554664e-06,0.0,-3.398148844812309e-05
5,3.6882555011838995e-05,-7.833606399363704e-05,1.8190925945122792e-05,3.581034662737856e-05,3.398148844812309e-05,0.0
