,zero_shot_baseline,in_context_learning_3-shot,style_information_style_example,chain_of_thought_zero_shot,chain_of_thought_one_shot,self-refine
0,0.0,-0.00021526961255010008,-0.0007284091838562,-5.3949517926300014e-05,0.00028753727904459996,-0.0010322620551954
1,0.00021526961255010008,0.0,-0.0005131395713060999,0.00016132009462380007,0.0005028068915947,-0.0008169924426453
2,0.0007284091838562,0.0005131395713060999,0.0,0.0006744596659299,0.0010159464629008,-0.0003038528713392001
3,5.3949517926300014e-05,-0.00016132009462380007,-0.0006744596659299,0.0,0.0003414867969709,-0.0009783125372691001
4,-0.00028753727904459996,-0.0005028068915947,-0.0010159464629008,-0.0003414867969709,0.0,-0.00131979933424
5,0.0010322620551954,0.0008169924426453,0.0003038528713392001,0.0009783125372691001,0.00131979933424,0.0
