,zero_shot_baseline,in_context_learning_3-shot,style_information_style_example,chain_of_thought_zero_shot,chain_of_thought_one_shot,self-refine
0,0.0,-0.0016408596780166998,-0.0007622561997553,7.695242172720018e-05,0.0008381034707205001,5.391338664580006e-05
1,0.0016408596780166998,0.0,0.0008786034782613998,0.0017178120997439,0.0024789631487372,0.0016947730646624999
2,0.0007622561997553,-0.0008786034782613998,0.0,0.0008392086214825002,0.0016003596704758,0.0008161695864011
3,-7.695242172720018e-05,-0.0017178120997439,-0.0008392086214825002,0.0,0.0007611510489932999,-2.3039035081400113e-05
4,-0.0008381034707205001,-0.0024789631487372,-0.0016003596704758,-0.0007611510489932999,0.0,-0.0007841900840747
5,-5.391338664580006e-05,-0.0016947730646624999,-0.0008161695864011,2.3039035081400113e-05,0.0007841900840747,0.0
