,abstracts,news,reviews,qa
0,0.0,0.0003649940902659041,0.0006188830383897042,5.4818521060314636e-05
1,-0.0003649940902659041,0.0,0.00025388894812380003,-0.00031017556920558945
2,-0.0006188830383897042,-0.00025388894812380003,0.0,-0.0005640645173293895
3,-5.4818521060314636e-05,0.00031017556920558945,0.0005640645173293895,0.0
