,mistral,deepseek,llama3.3,qwen72b,qwen32b,qwen14b,solar
0,0.0,-5.132368567439997e-05,9.357927402050002e-05,-3.289361796529998e-05,-0.0001916299194002,-9.645695193489999e-05,-3.7153284215399996e-05
1,5.132368567439997e-05,0.0,0.0001449029596949,1.843006770909999e-05,-0.00014030623372580003,-4.513326626050002e-05,1.4170401458999976e-05
2,-9.357927402050002e-05,-0.0001449029596949,0.0,-0.0001264728919858,-0.00028520919342070006,-0.00019003622595540001,-0.00013073255823590002
3,3.289361796529998e-05,-1.843006770909999e-05,0.0001264728919858,0.0,-0.00015873630143490002,-6.356333396960001e-05,-4.259666250100013e-06
4,0.0001916299194002,0.00014030623372580003,0.00028520919342070006,0.00015873630143490002,0.0,9.517296746530001e-05,0.0001544766351848
5,9.645695193489999e-05,4.513326626050002e-05,0.00019003622595540001,6.356333396960001e-05,-9.517296746530001e-05,0.0,5.9303667719499996e-05
6,3.7153284215399996e-05,-1.4170401458999976e-05,0.00013073255823590002,4.259666250100013e-06,-0.0001544766351848,-5.9303667719499996e-05,0.0
