,abstracts,news,reviews,qa
0,0.0,0.0003058439797558984,-0.0010214177467434014,-0.0002604263128634016
1,-0.0003058439797558984,0.0,-0.0013272617264992999,-0.0005662702926193
2,0.0010214177467434014,0.0013272617264992999,0.0,0.00076099143388
3,0.0002604263128634016,0.0005662702926193,-0.00076099143388,0.0
