,mistral,deepseek,llama3.3,qwen72b,qwen32b,qwen14b,solar
0,0.0,-3.0499905456599693e-05,0.0014117606459665,-0.0007327399989519997,-0.00040824967418989994,-0.0010076347119310999,-0.0010248749476308998
1,3.0499905456599693e-05,0.0,0.0014422605514230998,-0.0007022400934954,-0.00037774976873330025,-0.0009771348064745002,-0.0009943750421743001
2,-0.0014117606459665,-0.0014422605514230998,0.0,-0.0021445006449185,-0.0018200103201564,-0.0024193953578976,-0.0024366355935974
3,0.0007327399989519997,0.0007022400934954,0.0021445006449185,0.0,0.0003244903247620998,-0.00027489471297910016,-0.0002921349486789001
4,0.00040824967418989994,0.00037774976873330025,0.0018200103201564,-0.0003244903247620998,0.0,-0.0005993850377411999,-0.0006166252734409999
5,0.0010076347119310999,0.0009771348064745002,0.0024193953578976,0.00027489471297910016,0.0005993850377411999,0.0,-1.724023569979992e-05
6,0.0010248749476308998,0.0009943750421743001,0.0024366355935974,0.0002921349486789001,0.0006166252734409999,1.724023569979992e-05,0.0
