,abstracts,news,reviews,qa
0,0.0,0.00031190856751820876,-3.1696234903160464e-05,-7.12225089939571e-05
1,-0.00031190856751820876,0.0,-0.0003436048024213692,-0.00038313107651216584
2,3.1696234903160464e-05,0.0003436048024213692,0.0,-3.952627409079662e-05
3,7.12225089939571e-05,0.00038313107651216584,3.952627409079662e-05,0.0
