,zero_shot_baseline,in_context_learning_3-shot,style_information_style_example,chain_of_thought_zero_shot,chain_of_thought_one_shot,self-refine
0,0.0,-4.5052269818651866e-06,0.0,0.0,-6.720430107526666e-07,-1.2870012870012666e-06
1,4.5052269818651866e-06,0.0,4.5052269818651866e-06,4.5052269818651866e-06,3.83318397111252e-06,3.21822569486392e-06
2,0.0,-4.5052269818651866e-06,0.0,0.0,-6.720430107526666e-07,-1.2870012870012666e-06
3,0.0,-4.5052269818651866e-06,0.0,0.0,-6.720430107526666e-07,-1.2870012870012666e-06
4,6.720430107526666e-07,-3.83318397111252e-06,6.720430107526666e-07,6.720430107526666e-07,0.0,-6.149582762485999e-07
5,1.2870012870012666e-06,-3.21822569486392e-06,1.2870012870012666e-06,1.2870012870012666e-06,6.149582762485999e-07,0.0
