,zero_shot_baseline,in_context_learning_3-shot,style_information_style_example,chain_of_thought_zero_shot,chain_of_thought_one_shot,self-refine
0,0.0,-3.9397692517829034e-05,4.653530333989667e-06,1.5260125723255666e-06,4.653530333989667e-06,-4.151014341296384e-05
1,3.9397692517829034e-05,0.0,4.40512228518187e-05,4.09237050901546e-05,4.40512228518187e-05,-2.1124508951348036e-06
2,-4.653530333989667e-06,-4.40512228518187e-05,0.0,-3.1275177616641e-06,0.0,-4.6163673746953503e-05
3,-1.5260125723255666e-06,-4.09237050901546e-05,3.1275177616641e-06,0.0,3.1275177616641e-06,-4.30361559852894e-05
4,-4.653530333989667e-06,-4.40512228518187e-05,0.0,-3.1275177616641e-06,0.0,-4.6163673746953503e-05
5,4.151014341296384e-05,2.1124508951348036e-06,4.6163673746953503e-05,4.30361559852894e-05,4.6163673746953503e-05,0.0
