,zero_shot_baseline,in_context_learning_3-shot,style_information_style_example,chain_of_thought_zero_shot,chain_of_thought_one_shot,self-refine
0,0.0,0.00010586441431830005,-0.001295650781132,-6.588253314609993e-05,3.317171597820004e-05,-0.0020285644164452
1,-0.00010586441431830005,0.0,-0.0014015151954503,-0.00017174694746439998,-7.269269834010001e-05,-0.0021344288307635
2,0.001295650781132,0.0014015151954503,0.0,0.0012297682479859,0.0013288224971102,-0.0007329136353132
3,6.588253314609993e-05,0.00017174694746439998,-0.0012297682479859,0.0,9.905424912429997e-05,-0.0019626818832991
4,-3.317171597820004e-05,7.269269834010001e-05,-0.0013288224971102,-9.905424912429997e-05,0.0,-0.0020617361324234
5,0.0020285644164452,0.0021344288307635,0.0007329136353132,0.0019626818832991,0.0020617361324234,0.0
