,zero_shot_baseline,in_context_learning_3-shot,style_information_style_example,chain_of_thought_zero_shot,chain_of_thought_one_shot,self-refine
0,0.0,-3.383389154352802e-06,-2.4539245713108934e-05,-2.3152431191538344e-06,5.4676473253307e-06,-2.010385667192227e-05
1,3.383389154352802e-06,0.0,-2.115585655875613e-05,1.0681460351989674e-06,8.851036479683502e-06,-1.6720467517569467e-05
2,2.4539245713108934e-05,2.115585655875613e-05,0.0,2.2224002593955096e-05,3.0006893038439632e-05,4.4353890411866635e-06
3,2.3152431191538344e-06,-1.0681460351989674e-06,-2.2224002593955096e-05,0.0,7.782890444484534e-06,-1.7788613552768433e-05
4,-5.4676473253307e-06,-8.851036479683502e-06,-3.0006893038439632e-05,-7.782890444484534e-06,0.0,-2.557150399725297e-05
5,2.010385667192227e-05,1.6720467517569467e-05,-4.4353890411866635e-06,1.7788613552768433e-05,2.557150399725297e-05,0.0
