,zero_shot_baseline,in_context_learning_3-shot,style_information_style_example,chain_of_thought_zero_shot,chain_of_thought_one_shot,self-refine
0,0.0,-0.000227526167884,-1.4124293785310669e-06,0.0,0.0,-5.910034765931134e-06
1,0.000227526167884,0.0,0.00022611373850546894,0.000227526167884,0.000227526167884,0.00022161613311806887
2,1.4124293785310669e-06,-0.00022611373850546894,0.0,1.4124293785310669e-06,1.4124293785310669e-06,-4.497605387400067e-06
3,0.0,-0.000227526167884,-1.4124293785310669e-06,0.0,0.0,-5.910034765931134e-06
4,0.0,-0.000227526167884,-1.4124293785310669e-06,0.0,0.0,-5.910034765931134e-06
5,5.910034765931134e-06,-0.00022161613311806887,4.497605387400067e-06,5.910034765931134e-06,5.910034765931134e-06,0.0
