,zero_shot_baseline,in_context_learning_3-shot,style_information_style_example,chain_of_thought_zero_shot,chain_of_thought_one_shot,self-refine
0,0.0,1.229192917579999e-05,0.0001824363953896,4.246872027799972e-06,1.8652339939599985e-05,-0.0003023432799923
1,-1.229192917579999e-05,0.0,0.00017014446621380002,-8.045057148000018e-06,6.360410763799995e-06,-0.0003146352091681
2,-0.0001824363953896,-0.00017014446621380002,0.0,-0.00017818952336180004,-0.00016378405545000002,-0.0004847796753819
3,-4.246872027799972e-06,8.045057148000018e-06,0.00017818952336180004,0.0,1.4405467911800013e-05,-0.0003065901520201
4,-1.8652339939599985e-05,-6.360410763799995e-06,0.00016378405545000002,-1.4405467911800013e-05,0.0,-0.0003209956199319
5,0.0003023432799923,0.0003146352091681,0.0004847796753819,0.0003065901520201,0.0003209956199319,0.0
