,zero_shot_baseline,in_context_learning_3-shot,style_information_style_example,chain_of_thought_zero_shot,chain_of_thought_one_shot,self-refine
0,0.0,-0.0018089118317880003,0.0018262851147967,0.0002372493758626996,0.0022999146976666,-0.0015767601263294998
1,0.0018089118317880003,0.0,0.0036351969465847,0.0020461612076507,0.0041088265294546,0.00023215170545850053
2,-0.0018262851147967,-0.0036351969465847,0.0,-0.0015890357389340003,0.00047362958286990007,-0.0034030452411261997
3,-0.0002372493758626996,-0.0020461612076507,0.0015890357389340003,0.0,0.0020626653218039004,-0.0018140095021921994
4,-0.0022999146976666,-0.0041088265294546,-0.00047362958286990007,-0.0020626653218039004,0.0,-0.0038766748239960997
5,0.0015767601263294998,-0.00023215170545850053,0.0034030452411261997,0.0018140095021921994,0.0038766748239960997,0.0
