,zero_shot_baseline,in_context_learning_3-shot,style_information_style_example,chain_of_thought_zero_shot,chain_of_thought_one_shot,self-refine
0,0.0,-4.273504273504266e-06,0.0,-3.4013605442176665e-06,0.0,-3.787878787878767e-06
1,4.273504273504266e-06,0.0,4.273504273504266e-06,8.721437292865997e-07,4.273504273504266e-06,4.856254856254992e-07
2,0.0,-4.273504273504266e-06,0.0,-3.4013605442176665e-06,0.0,-3.787878787878767e-06
3,3.4013605442176665e-06,-8.721437292865997e-07,3.4013605442176665e-06,0.0,3.4013605442176665e-06,-3.8651824366110056e-07
4,0.0,-4.273504273504266e-06,0.0,-3.4013605442176665e-06,0.0,-3.787878787878767e-06
5,3.787878787878767e-06,-4.856254856254992e-07,3.787878787878767e-06,3.8651824366110056e-07,3.787878787878767e-06,0.0
