,zero_shot_baseline,in_context_learning_3-shot,style_information_style_example,chain_of_thought_zero_shot,chain_of_thought_one_shot,self-refine
0,0.0,1.5268379498788233e-05,-7.456334560943197e-06,-1.613326656987686e-05,1.4076892135798401e-05,-0.00013167549465263414
1,-1.5268379498788233e-05,0.0,-2.272471405973143e-05,-3.140164606866509e-05,-1.1914873629898317e-06,-0.00014694387415142236
2,7.456334560943197e-06,2.272471405973143e-05,0.0,-8.676932008933662e-06,2.1533226696741598e-05,-0.00012421916009169095
3,1.613326656987686e-05,3.140164606866509e-05,8.676932008933662e-06,0.0,3.021015870567526e-05,-0.00011554222808275727
4,-1.4076892135798401e-05,1.1914873629898317e-06,-2.1533226696741598e-05,-3.021015870567526e-05,0.0,-0.00014575238678843252
5,0.00013167549465263414,0.00014694387415142236,0.00012421916009169095,0.00011554222808275727,0.00014575238678843252,0.0
