,zero_shot_baseline,in_context_learning_3-shot,style_information_style_example,chain_of_thought_zero_shot,chain_of_thought_one_shot,self-refine
0,0.0,-0.0009950764497632,0.0002795952697389999,8.223800854409999e-05,0.00014706892538859993,-0.006252574460882601
1,0.0009950764497632,0.0,0.0012746717195021998,0.0010773144583072999,0.0011421453751518,-0.0052574980111194
2,-0.0002795952697389999,-0.0012746717195021998,0.0,-0.0001973572611948999,-0.00013252634435039997,-0.0065321697306216005
3,-8.223800854409999e-05,-0.0010773144583072999,0.0001973572611948999,0.0,6.483091684449994e-05,-0.0063348124694267
4,-0.00014706892538859993,-0.0011421453751518,0.00013252634435039997,-6.483091684449994e-05,0.0,-0.0063996433862712
5,0.006252574460882601,0.0052574980111194,0.0065321697306216005,0.0063348124694267,0.0063996433862712,0.0
