,zero_shot_baseline,in_context_learning_3-shot,style_information_style_example,chain_of_thought_zero_shot,chain_of_thought_one_shot,self-refine
0,0.0,-5.005706659299999e-05,0.00013511767927059997,-1.2112491300100045e-05,1.0711888521199974e-05,-0.00040943655922820004
1,5.005706659299999e-05,0.0,0.00018517474586359997,3.794457529289995e-05,6.076895511419997e-05,-0.00035937949263520005
2,-0.00013511767927059997,-0.00018517474586359997,0.0,-0.00014723017057070002,-0.0001244057907494,-0.0005445542384988
3,1.2112491300100045e-05,-3.794457529289995e-05,0.00014723017057070002,0.0,2.282437982130002e-05,-0.0003973240679281
4,-1.0711888521199974e-05,-6.076895511419997e-05,0.0001244057907494,-2.282437982130002e-05,0.0,-0.0004201484477494
5,0.00040943655922820004,0.00035937949263520005,0.0005445542384988,0.0003973240679281,0.0004201484477494,0.0
