,abstracts,news,reviews,qa
0,0.0,0.0002260034278411865,-0.0007311585506207135,-0.0001576885169746135
1,-0.0002260034278411865,0.0,-0.0009571619784618999,-0.0003836919448158
2,0.0007311585506207135,0.0009571619784618999,0.0,0.0005734700336461
3,0.0001576885169746135,0.0003836919448158,-0.0005734700336461,0.0
