,zero_shot_baseline,in_context_learning_3-shot,style_information_style_example,chain_of_thought_zero_shot,chain_of_thought_one_shot,self-refine
0,0.0,0.0,0.0,0.0,0.0,-4.532900882851333e-06
1,0.0,0.0,0.0,0.0,0.0,-4.532900882851333e-06
2,0.0,0.0,0.0,0.0,0.0,-4.532900882851333e-06
3,0.0,0.0,0.0,0.0,0.0,-4.532900882851333e-06
4,0.0,0.0,0.0,0.0,0.0,-4.532900882851333e-06
5,4.532900882851333e-06,4.532900882851333e-06,4.532900882851333e-06,4.532900882851333e-06,4.532900882851333e-06,0.0
