,zero_shot_baseline,in_context_learning_3-shot,style_information_style_example,chain_of_thought_zero_shot,chain_of_thought_one_shot,self-refine
0,0.0,5.665108808450001e-07,-1.0574012249122998e-06,4.909113767777334e-07,2.487638743562668e-07,-2.963271252465447e-05
1,-5.665108808450001e-07,0.0,-1.6239121057573e-06,-7.559950406726677e-08,-3.1774700648873334e-07,-3.019922340549947e-05
2,1.0574012249122998e-06,1.6239121057573e-06,0.0,1.5483126016900332e-06,1.3061650992685666e-06,-2.857531129974217e-05
3,-4.909113767777334e-07,7.559950406726677e-08,-1.5483126016900332e-06,0.0,-2.4214750242146657e-07,-3.0123623901432202e-05
4,-2.487638743562668e-07,3.1774700648873334e-07,-1.3061650992685666e-06,2.4214750242146657e-07,0.0,-2.9881476399010736e-05
5,2.963271252465447e-05,3.019922340549947e-05,2.857531129974217e-05,3.0123623901432202e-05,2.9881476399010736e-05,0.0
