,zero_shot_baseline,in_context_learning_3-shot,style_information_style_example,chain_of_thought_zero_shot,chain_of_thought_one_shot,self-refine
0,0.0,-0.00041995811969020003,0.0002400891440853,-4.9169003122199984e-05,4.8497576421600006e-05,-0.0005859575368486001
1,0.00041995811969020003,0.0,0.0006600472637755,0.00037078911656800005,0.00046845569611180004,-0.00016599941715840006
2,-0.0002400891440853,-0.0006600472637755,0.0,-0.0002892581472075,-0.0001915915676637,-0.0008260466809339001
3,4.9169003122199984e-05,-0.00037078911656800005,0.0002892581472075,0.0,9.766657954379999e-05,-0.0005367885337264002
4,-4.8497576421600006e-05,-0.00046845569611180004,0.0001915915676637,-9.766657954379999e-05,0.0,-0.0006344551132702001
5,0.0005859575368486001,0.00016599941715840006,0.0008260466809339001,0.0005367885337264002,0.0006344551132702001,0.0
