,zero_shot_baseline,in_context_learning_3-shot,style_information_style_example,chain_of_thought_zero_shot,chain_of_thought_one_shot,self-refine
0,0.0,-1.520039783769933e-06,1.5243478502697333e-06,1.5243478502697333e-06,1.5243478502697333e-06,-3.0666533944277338e-06
1,1.520039783769933e-06,0.0,3.0443876340396664e-06,3.0443876340396664e-06,3.0443876340396664e-06,-1.5466136106578005e-06
2,-1.5243478502697333e-06,-3.0443876340396664e-06,0.0,0.0,0.0,-4.591001244697467e-06
3,-1.5243478502697333e-06,-3.0443876340396664e-06,0.0,0.0,0.0,-4.591001244697467e-06
4,-1.5243478502697333e-06,-3.0443876340396664e-06,0.0,0.0,0.0,-4.591001244697467e-06
5,3.0666533944277338e-06,1.5466136106578005e-06,4.591001244697467e-06,4.591001244697467e-06,4.591001244697467e-06,0.0
