,zero_shot_baseline,in_context_learning_3-shot,style_information_style_example,chain_of_thought_zero_shot,chain_of_thought_one_shot,self-refine
0,0.0,8.658008658008332e-07,-1.0165025899084669e-06,-3.306061834805e-07,2.7257874238149984e-07,-2.4625274723281336e-06
1,-8.658008658008332e-07,0.0,-1.8823034557093e-06,-1.1964070492813333e-06,-5.932221234193334e-07,-3.3283283381289668e-06
2,1.0165025899084669e-06,1.8823034557093e-06,0.0,6.858964064279667e-07,1.2890813322899666e-06,-1.4460248824196668e-06
3,3.306061834805e-07,1.1964070492813333e-06,-6.858964064279667e-07,0.0,6.031849258619999e-07,-2.1319212888476335e-06
4,-2.7257874238149984e-07,5.932221234193334e-07,-1.2890813322899666e-06,-6.031849258619999e-07,0.0,-2.7351062147096334e-06
5,2.4625274723281336e-06,3.3283283381289668e-06,1.4460248824196668e-06,2.1319212888476335e-06,2.7351062147096334e-06,0.0
