,zero_shot_baseline,in_context_learning_3-shot,style_information_style_example,chain_of_thought_zero_shot,chain_of_thought_one_shot,self-refine
0,0.0,-7.490190432795773e-05,-1.3925789104958229e-05,1.4842980596965577e-05,1.537903550998293e-05,-4.3041298058957734e-05
1,7.490190432795773e-05,0.0,6.09761152229995e-05,8.97448849249233e-05,9.028093983794066e-05,3.186060626899999e-05
2,1.3925789104958229e-05,-6.09761152229995e-05,0.0,2.8768769701923806e-05,2.930482461494116e-05,-2.9115508953999505e-05
3,-1.4842980596965577e-05,-8.97448849249233e-05,-2.8768769701923806e-05,0.0,5.360549130173532e-07,-5.788427865592331e-05
4,-1.537903550998293e-05,-9.028093983794066e-05,-2.930482461494116e-05,-5.360549130173532e-07,0.0,-5.8420333568940664e-05
5,4.3041298058957734e-05,-3.186060626899999e-05,2.9115508953999505e-05,5.788427865592331e-05,5.8420333568940664e-05,0.0
