,zero_shot_baseline,in_context_learning_3-shot,style_information_style_example,chain_of_thought_zero_shot,chain_of_thought_one_shot,self-refine
0,0.0,-0.0004682846266006,9.195793927899994e-06,-9.949735717299998e-06,2.333638075529999e-05,-0.0005410900623456
1,0.0004682846266006,0.0,0.0004774804205285,0.0004583348908833,0.0004916210073559,-7.280543574499998e-05
2,-9.195793927899994e-06,-0.0004774804205285,0.0,-1.9145529645199993e-05,1.4140586827399997e-05,-0.0005502858562735
3,9.949735717299998e-06,-0.0004583348908833,1.9145529645199993e-05,0.0,3.328611647259999e-05,-0.0005311403266283
4,-2.333638075529999e-05,-0.0004916210073559,-1.4140586827399997e-05,-3.328611647259999e-05,0.0,-0.0005644264431009
5,0.0005410900623456,7.280543574499998e-05,0.0005502858562735,0.0005311403266283,0.0005644264431009,0.0
