,zero_shot_baseline,in_context_learning_3-shot,style_information_style_example,chain_of_thought_zero_shot,chain_of_thought_one_shot,self-refine
0,0.0,-1.0007411213201098e-05,-2.0496435664039636e-05,1.9067197565203666e-06,3.891124802105733e-06,4.612213722023667e-07
1,1.0007411213201098e-05,0.0,-1.0489024450838537e-05,1.1914130969721465e-05,1.3898536015306832e-05,1.0468632585403465e-05
2,2.0496435664039636e-05,1.0489024450838537e-05,0.0,2.2403155420560003e-05,2.438756046614537e-05,2.0957657036242002e-05
3,-1.9067197565203666e-06,-1.1914130969721465e-05,-2.2403155420560003e-05,0.0,1.9844050455853667e-06,-1.445498384318e-06
4,-3.891124802105733e-06,-1.3898536015306832e-05,-2.438756046614537e-05,-1.9844050455853667e-06,0.0,-3.4299034299033666e-06
5,-4.612213722023667e-07,-1.0468632585403465e-05,-2.0957657036242002e-05,1.445498384318e-06,3.4299034299033666e-06,0.0
