,zero_shot_baseline,in_context_learning_3-shot,style_information_style_example,chain_of_thought_zero_shot,chain_of_thought_one_shot,self-refine
0,0.0,1.227323134991336e-06,1.9293115170836e-06,-1.1843694540376629e-07,1.9293115170836e-06,6.935402715653001e-07
1,-1.227323134991336e-06,0.0,7.01988382092264e-07,-1.3457600803951023e-06,7.01988382092264e-07,-5.337828634260359e-07
2,-1.9293115170836e-06,-7.01988382092264e-07,0.0,-2.0477484624873664e-06,0.0,-1.2357712455183e-06
3,1.1843694540376629e-07,1.3457600803951023e-06,2.0477484624873664e-06,0.0,2.0477484624873664e-06,8.119772169690664e-07
4,-1.9293115170836e-06,-7.01988382092264e-07,0.0,-2.0477484624873664e-06,0.0,-1.2357712455183e-06
5,-6.935402715653001e-07,5.337828634260359e-07,1.2357712455183e-06,-8.119772169690664e-07,1.2357712455183e-06,0.0
