,zero_shot_baseline,in_context_learning_3-shot,style_information_style_example,chain_of_thought_zero_shot,chain_of_thought_one_shot,self-refine
0,0.0,-8.874103830543134e-06,-1.932154264810213e-05,-4.9343661962884e-06,-1.4443836282916667e-06,-1.7224974139070268e-05
1,8.874103830543134e-06,0.0,-1.0447438817558996e-05,3.939737634254734e-06,7.429720202251467e-06,-8.350870308527134e-06
2,1.932154264810213e-05,1.0447438817558996e-05,0.0,1.438717645181373e-05,1.7877159019810464e-05,2.0965685090318615e-06
3,4.9343661962884e-06,-3.939737634254734e-06,-1.438717645181373e-05,0.0,3.4899825679967333e-06,-1.2290607942781868e-05
4,1.4443836282916667e-06,-7.429720202251467e-06,-1.7877159019810464e-05,-3.4899825679967333e-06,0.0,-1.5780590510778603e-05
5,1.7224974139070268e-05,8.350870308527134e-06,-2.0965685090318615e-06,1.2290607942781868e-05,1.5780590510778603e-05,0.0
