,zero_shot_baseline,in_context_learning_3-shot,style_information_style_example,chain_of_thought_zero_shot,chain_of_thought_one_shot,self-refine
0,0.0,-2.639201228433934e-06,-1.931361049200777e-05,5.923524384528399e-06,5.923524384528399e-06,-3.030063535276413e-05
1,2.639201228433934e-06,0.0,-1.6674409263573833e-05,8.562725612962333e-06,8.562725612962333e-06,-2.76614341243302e-05
2,1.931361049200777e-05,1.6674409263573833e-05,0.0,2.5237134876536168e-05,2.5237134876536168e-05,-1.0987024860756362e-05
3,-5.923524384528399e-06,-8.562725612962333e-06,-2.5237134876536168e-05,0.0,0.0,-3.622415973729253e-05
4,-5.923524384528399e-06,-8.562725612962333e-06,-2.5237134876536168e-05,0.0,0.0,-3.622415973729253e-05
5,3.030063535276413e-05,2.76614341243302e-05,1.0987024860756362e-05,3.622415973729253e-05,3.622415973729253e-05,0.0
