,zero_shot_baseline,in_context_learning_3-shot,style_information_style_example,chain_of_thought_zero_shot,chain_of_thought_one_shot,self-refine
0,0.0,-0.020974757402831896,0.00047096633201570027,0.00037705644797570055,0.0006929969031737003,0.0010649566030561004
1,0.020974757402831896,0.0,0.0214457237348476,0.0213518138508076,0.0216677543060056,0.022039714005888
2,-0.00047096633201570027,-0.0214457237348476,0.0,-9.390988403999972e-05,0.00022203057115800003,0.0005939902710404002
3,-0.00037705644797570055,-0.0213518138508076,9.390988403999972e-05,0.0,0.00031594045519799975,0.0006879001550803999
4,-0.0006929969031737003,-0.0216677543060056,-0.00022203057115800003,-0.00031594045519799975,0.0,0.00037195969988240013
5,-0.0010649566030561004,-0.022039714005888,-0.0005939902710404002,-0.0006879001550803999,-0.00037195969988240013,0.0
