,zero_shot_baseline,in_context_learning_3-shot,style_information_style_example,chain_of_thought_zero_shot,chain_of_thought_one_shot,self-refine
0,0.0,-0.0002834714015136,-9.490457809400001e-05,1.607243995170002e-05,-5.4133682398699984e-05,-0.0005722271675059
1,0.0002834714015136,0.0,0.0001885668234196,0.00029954384146530004,0.00022933771911490004,-0.0002887557659923
2,9.490457809400001e-05,-0.0001885668234196,0.0,0.00011097701804570003,4.0770895695300025e-05,-0.0004773225894119
3,-1.607243995170002e-05,-0.00029954384146530004,-0.00011097701804570003,0.0,-7.02061223504e-05,-0.0005882996074576001
4,5.4133682398699984e-05,-0.00022933771911490004,-4.0770895695300025e-05,7.02061223504e-05,0.0,-0.0005180934851072
5,0.0005722271675059,0.0002887557659923,0.0004773225894119,0.0005882996074576001,0.0005180934851072,0.0
