,zero_shot_baseline,in_context_learning_3-shot,style_information_style_example,chain_of_thought_zero_shot,chain_of_thought_one_shot,self-refine
0,0.0,0.0,-2.164502164502133e-06,0.0,0.0,-1.0928961748633668e-06
1,0.0,0.0,-2.164502164502133e-06,0.0,0.0,-1.0928961748633668e-06
2,2.164502164502133e-06,2.164502164502133e-06,0.0,2.164502164502133e-06,2.164502164502133e-06,1.0716059896387662e-06
3,0.0,0.0,-2.164502164502133e-06,0.0,0.0,-1.0928961748633668e-06
4,0.0,0.0,-2.164502164502133e-06,0.0,0.0,-1.0928961748633668e-06
5,1.0928961748633668e-06,1.0928961748633668e-06,-1.0716059896387662e-06,1.0928961748633668e-06,1.0928961748633668e-06,0.0
