,zero_shot_baseline,in_context_learning_3-shot,style_information_style_example,chain_of_thought_zero_shot,chain_of_thought_one_shot,self-refine
0,0.0,-9.005364719797258e-05,2.777777777777767e-06,2.777777777777767e-06,-2.0969598495894868e-05,-1.374301566279733e-05
1,9.005364719797258e-05,0.0,9.283142497575034e-05,9.283142497575034e-05,6.908404870207771e-05,7.631063153517525e-05
2,-2.777777777777767e-06,-9.283142497575034e-05,0.0,0.0,-2.3747376273672635e-05,-1.6520793440575097e-05
3,-2.777777777777767e-06,-9.283142497575034e-05,0.0,0.0,-2.3747376273672635e-05,-1.6520793440575097e-05
4,2.0969598495894868e-05,-6.908404870207771e-05,2.3747376273672635e-05,2.3747376273672635e-05,0.0,7.226582833097538e-06
5,1.374301566279733e-05,-7.631063153517525e-05,1.6520793440575097e-05,1.6520793440575097e-05,-7.226582833097538e-06,0.0
