,zero_shot_baseline,in_context_learning_3-shot,style_information_style_example,chain_of_thought_zero_shot,chain_of_thought_one_shot,self-refine
0,0.0,2.8602723797522048e-05,-3.0516136493700014e-05,-2.0144146375000054e-06,0.00011418640094530252,-7.703183093690002e-05
1,-2.8602723797522048e-05,0.0,-5.911886029122206e-05,-3.0617138435022053e-05,8.558367714778047e-05,-0.00010563455473442207
2,3.0516136493700014e-05,5.911886029122206e-05,0.0,2.8501721856200008e-05,0.00014470253743900253,-4.6515694443200004e-05
3,2.0144146375000054e-06,3.0617138435022053e-05,-2.8501721856200008e-05,0.0,0.00011620081558280253,-7.501741629940001e-05
4,-0.00011418640094530252,-8.558367714778047e-05,-0.00014470253743900253,-0.00011620081558280253,0.0,-0.00019121823188220254
5,7.703183093690002e-05,0.00010563455473442207,4.6515694443200004e-05,7.501741629940001e-05,0.00019121823188220254,0.0
