,zero_shot_baseline,in_context_learning_3-shot,style_information_style_example,chain_of_thought_zero_shot,chain_of_thought_one_shot,self-refine
0,0.0,4.027423430800006e-06,-3.922859936390002e-05,-0.0001047990403582,4.3160737143e-05,-0.0001572167386353
1,-4.027423430800006e-06,0.0,-4.325602279470003e-05,-0.00010882646378900001,3.9133313712199995e-05,-0.00016124416206610002
2,3.922859936390002e-05,4.325602279470003e-05,0.0,-6.557044099429998e-05,8.238933650690002e-05,-0.00011798813927139999
3,0.0001047990403582,0.00010882646378900001,6.557044099429998e-05,0.0,0.0001479597775012,-5.241769827710001e-05
4,-4.3160737143e-05,-3.9133313712199995e-05,-8.238933650690002e-05,-0.0001479597775012,0.0,-0.00020037747577830001
5,0.0001572167386353,0.00016124416206610002,0.00011798813927139999,5.241769827710001e-05,0.00020037747577830001,0.0
