,zero_shot_baseline,in_context_learning_3-shot,style_information_style_example,chain_of_thought_zero_shot,chain_of_thought_one_shot,self-refine
0,0.0,8.586076008119999e-05,6.169998998299979e-06,-1.2248040333300036e-05,0.00021437551761085494,-1.222538013099996e-06
1,-8.586076008119999e-05,0.0,-7.969076108290001e-05,-9.810880041450002e-05,0.00012851475752965498,-8.708329809429998e-05
2,-6.169998998299979e-06,7.969076108290001e-05,0.0,-1.8418039331600015e-05,0.00020820551861255496,-7.3925370113999745e-06
3,1.2248040333300036e-05,9.810880041450002e-05,1.8418039331600015e-05,0.0,0.00022662355794415498,1.102550232020004e-05
4,-0.00021437551761085494,-0.00012851475752965498,-0.00020820551861255496,-0.00022662355794415498,0.0,-0.00021559805562395494
5,1.222538013099996e-06,8.708329809429998e-05,7.3925370113999745e-06,-1.102550232020004e-05,0.00021559805562395494,0.0
