,zero_shot_baseline,in_context_learning_3-shot,style_information_style_example,chain_of_thought_zero_shot,chain_of_thought_one_shot,self-refine
0,0.0,-0.0008458006936438,-7.024306317800016e-06,4.236118357199995e-06,-2.123170073080002e-05,-0.0002584556761827
1,0.0008458006936438,0.0,0.000838776387326,0.0008500368120009999,0.000824568992913,0.0005873450174611
2,7.024306317800016e-06,-0.000838776387326,0.0,1.126042467500001e-05,-1.4207394413000003e-05,-0.0002514313698649
3,-4.236118357199995e-06,-0.0008500368120009999,-1.126042467500001e-05,0.0,-2.5467819088000014e-05,-0.00026269179453990003
4,2.123170073080002e-05,-0.000824568992913,1.4207394413000003e-05,2.5467819088000014e-05,0.0,-0.0002372239754519
5,0.0002584556761827,-0.0005873450174611,0.0002514313698649,0.00026269179453990003,0.0002372239754519,0.0
