,zero_shot_baseline,in_context_learning_3-shot,style_information_style_example,chain_of_thought_zero_shot,chain_of_thought_one_shot,self-refine
0,0.0,-0.0012340302146443,0.0005466990681679999,-0.00013108279393650012,-0.0013829581336775,-0.0023505016254956003
1,0.0012340302146443,0.0,0.0017807292828123,0.0011029474207078,-0.0001489279190331999,-0.0011164714108513
2,-0.0005466990681679999,-0.0017807292828123,0.0,-0.0006777818621045,-0.0019296572018455,-0.0028972006936636
3,0.00013108279393650012,-0.0011029474207078,0.0006777818621045,0.0,-0.0012518753397409998,-0.0022194188315591
4,0.0013829581336775,0.0001489279190331999,0.0019296572018455,0.0012518753397409998,0.0,-0.0009675434918181001
5,0.0023505016254956003,0.0011164714108513,0.0028972006936636,0.0022194188315591,0.0009675434918181001,0.0
