,abstracts,news,reviews,qa
0,0.0,0.0015347041578074713,0.0025994852151852714,-0.0002522663249082287
1,-0.0015347041578074713,0.0,0.0010647810573778,-0.0017869704827157
2,-0.0025994852151852714,-0.0010647810573778,0.0,-0.0028517515400935
3,0.0002522663249082287,0.0017869704827157,0.0028517515400935,0.0
