,zero_shot_baseline,in_context_learning_3-shot,style_information_style_example,chain_of_thought_zero_shot,chain_of_thought_one_shot,self-refine
0,0.0,-0.00018149931546029998,-7.639699754300009e-06,1.174298492430002e-05,0.00011074136449970001,-0.00026494762458289996
1,0.00018149931546029998,0.0,0.00017385961570599997,0.0001932423003846,0.00029224067996,-8.344830912259999e-05
2,7.639699754300009e-06,-0.00017385961570599997,0.0,1.938268467860003e-05,0.00011838106425400002,-0.00025730792482859995
3,-1.174298492430002e-05,-0.0001932423003846,-1.938268467860003e-05,0.0,9.899837957539999e-05,-0.0002766906095072
4,-0.00011074136449970001,-0.00029224067996,-0.00011838106425400002,-9.899837957539999e-05,0.0,-0.0003756889890826
5,0.00026494762458289996,8.344830912259999e-05,0.00025730792482859995,0.0002766906095072,0.0003756889890826,0.0
