,zero_shot_baseline,in_context_learning_3-shot,style_information_style_example,chain_of_thought_zero_shot,chain_of_thought_one_shot,self-refine
0,0.0,-0.0005826842472454,-0.000391712952645,6.387354153330002e-05,3.661741940610004e-05,-0.0006930391230486999
1,0.0005826842472454,0.0,0.00019097129460040002,0.0006465577887787,0.0006193016666515001,-0.0001103548758032999
2,0.000391712952645,-0.00019097129460040002,0.0,0.0004555864941783,0.00042833037205110004,-0.0003013261704036999
3,-6.387354153330002e-05,-0.0006465577887787,-0.0004555864941783,0.0,-2.725612212719998e-05,-0.0007569126645819999
4,-3.661741940610004e-05,-0.0006193016666515001,-0.00042833037205110004,2.725612212719998e-05,0.0,-0.0007296565424548
5,0.0006930391230486999,0.0001103548758032999,0.0003013261704036999,0.0007569126645819999,0.0007296565424548,0.0
