,zero_shot_baseline,in_context_learning_3-shot,style_information_style_example,chain_of_thought_zero_shot,chain_of_thought_one_shot,self-refine
0,0.0,-0.0015740699012029,-6.462890842879999e-05,1.3388788289500002e-05,-2.414582769909998e-05,-0.000323397819712
1,0.0015740699012029,0.0,0.0015094409927741,0.0015874586894924002,0.0015499240735038,0.0012506720814909
2,6.462890842879999e-05,-0.0015094409927741,0.0,7.801769671829999e-05,4.048308072970001e-05,-0.0002587689112832
3,-1.3388788289500002e-05,-0.0015874586894924002,-7.801769671829999e-05,0.0,-3.753461598859998e-05,-0.0003367866080015
4,2.414582769909998e-05,-0.0015499240735038,-4.048308072970001e-05,3.753461598859998e-05,0.0,-0.00029925199201290005
5,0.000323397819712,-0.0012506720814909,0.0002587689112832,0.0003367866080015,0.00029925199201290005,0.0
