,zero_shot_baseline,in_context_learning_3-shot,style_information_style_example,chain_of_thought_zero_shot,chain_of_thought_one_shot,self-refine
0,0.0,-0.0018250472116110002,-0.00035929124953939986,0.0003519736334775996,0.0036695066611278,-0.0037696285917302
1,0.0018250472116110002,0.0,0.0014657559620716003,0.0021770208450886,0.005494553872738801,-0.0019445813801192
2,0.00035929124953939986,-0.0014657559620716003,0.0,0.0007112648830169994,0.0040287979106672,-0.0034103373421908003
3,-0.0003519736334775996,-0.0021770208450886,-0.0007112648830169994,0.0,0.0033175330276502004,-0.0041216022252078
4,-0.0036695066611278,-0.005494553872738801,-0.0040287979106672,-0.0033175330276502004,0.0,-0.007439135252858
5,0.0037696285917302,0.0019445813801192,0.0034103373421908003,0.0041216022252078,0.007439135252858,0.0
