,zero_shot_baseline,in_context_learning_3-shot,style_information_style_example,chain_of_thought_zero_shot,chain_of_thought_one_shot,self-refine
0,0.0,-7.126478523922372e-05,-1.1622604714818565e-05,-2.803392104446667e-07,-0.00017167976407417347,-4.139742195934796e-05
1,7.126478523922372e-05,0.0,5.9642180524405147e-05,7.098444602877905e-05,-0.00010041497883494976,2.9867363279875756e-05
2,1.1622604714818565e-05,-5.9642180524405147e-05,0.0,1.1342265504373899e-05,-0.0001600571593593549,-2.977481724452939e-05
3,2.803392104446667e-07,-7.098444602877905e-05,-1.1342265504373899e-05,0.0,-0.0001713994248637288,-4.111708274890329e-05
4,0.00017167976407417347,0.00010041497883494976,0.0001600571593593549,0.0001713994248637288,0.0,0.00013028234211482552
5,4.139742195934796e-05,-2.9867363279875756e-05,2.977481724452939e-05,4.111708274890329e-05,-0.00013028234211482552,0.0
