,zero_shot_baseline,in_context_learning_3-shot,style_information_style_example,chain_of_thought_zero_shot,chain_of_thought_one_shot,self-refine
0,0.0,7.107320540156333e-07,-3.906122730908367e-06,-6.459011793624668e-07,7.107320540156333e-07,-5.703152803265434e-06
1,-7.107320540156333e-07,0.0,-4.616854784924e-06,-1.3566332333781e-06,0.0,-6.413884857281067e-06
2,3.906122730908367e-06,4.616854784924e-06,0.0,3.2602215515459005e-06,4.616854784924e-06,-1.7970300723570665e-06
3,6.459011793624668e-07,1.3566332333781e-06,-3.2602215515459005e-06,0.0,1.3566332333781e-06,-5.057251623902967e-06
4,-7.107320540156333e-07,0.0,-4.616854784924e-06,-1.3566332333781e-06,0.0,-6.413884857281067e-06
5,5.703152803265434e-06,6.413884857281067e-06,1.7970300723570665e-06,5.057251623902967e-06,6.413884857281067e-06,0.0
