,zero_shot_baseline,in_context_learning_3-shot,style_information_style_example,chain_of_thought_zero_shot,chain_of_thought_one_shot,self-refine
0,0.0,-0.00016268560429360003,4.6532181762000044e-06,-9.11276672230002e-06,-5.587904980959999e-05,-0.0003983944915411001
1,0.00016268560429360003,0.0,0.00016733882246980003,0.0001535728375713,0.00010680655448400004,-0.00023570888724750003
2,-4.6532181762000044e-06,-0.00016733882246980003,0.0,-1.3765984898500024e-05,-6.0532267985799996e-05,-0.00040304770971730003
3,9.11276672230002e-06,-0.0001535728375713,1.3765984898500024e-05,0.0,-4.676628308729997e-05,-0.00038928172481880003
4,5.587904980959999e-05,-0.00010680655448400004,6.0532267985799996e-05,4.676628308729997e-05,0.0,-0.00034251544173150006
5,0.0003983944915411001,0.00023570888724750003,0.00040304770971730003,0.00038928172481880003,0.00034251544173150006,0.0
