,zero_shot_baseline,in_context_learning_3-shot,style_information_style_example,chain_of_thought_zero_shot,chain_of_thought_one_shot,self-refine
0,0.0,-1.1653661175806404e-05,4.882114490646962e-06,7.035636974144992e-06,1.6496455330126094e-05,-4.746365754821947e-05
1,1.1653661175806404e-05,0.0,1.6535775666453367e-05,1.8689298149951397e-05,2.81501165059325e-05,-3.5809996372413065e-05
2,-4.882114490646962e-06,-1.6535775666453367e-05,0.0,2.15352248349803e-06,1.1614340839479132e-05,-5.234577203886643e-05
3,-7.035636974144992e-06,-1.8689298149951397e-05,-2.15352248349803e-06,0.0,9.460818355981102e-06,-5.449929452236446e-05
4,-1.6496455330126094e-05,-2.81501165059325e-05,-1.1614340839479132e-05,-9.460818355981102e-06,0.0,-6.396011287834556e-05
5,4.746365754821947e-05,3.5809996372413065e-05,5.234577203886643e-05,5.449929452236446e-05,6.396011287834556e-05,0.0
