,abstracts,news,reviews,qa
0,0.0,0.00037709405646040413,0.0007216791249285041,-7.507873904463318e-06
1,-0.00037709405646040413,0.0,0.00034458506846809996,-0.00038460193036486743
2,-0.0007216791249285041,-0.00034458506846809996,0.0,-0.0007291869988329674
3,7.507873904463318e-06,0.00038460193036486743,0.0007291869988329674,0.0
