,zero_shot_baseline,in_context_learning_3-shot,style_information_style_example,chain_of_thought_zero_shot,chain_of_thought_one_shot,self-refine
0,0.0,-0.0011982963440546998,-0.00024223899546440002,-0.000246726824928,9.53382250254e-05,-0.0006515326119964001
1,0.0011982963440546998,0.0,0.0009560573485902999,0.0009515695191266999,0.0012936345690801,0.0005467637320582999
2,0.00024223899546440002,-0.0009560573485902999,0.0,-4.4878294635999775e-06,0.0003375772204898,-0.00040929361653200007
3,0.000246726824928,-0.0009515695191266999,4.4878294635999775e-06,0.0,0.0003420650499534,-0.0004048057870684001
4,-9.53382250254e-05,-0.0012936345690801,-0.0003375772204898,-0.0003420650499534,0.0,-0.0007468708370218001
5,0.0006515326119964001,-0.0005467637320582999,0.00040929361653200007,0.0004048057870684001,0.0007468708370218001,0.0
