,zero_shot_baseline,in_context_learning_3-shot,style_information_style_example,chain_of_thought_zero_shot,chain_of_thought_one_shot,self-refine
0,0.0,-2.7765474293796664e-07,-5.7222053496691e-06,1.2548724343733401e-08,5.05079765464666e-08,-1.3440782259176999e-05
1,2.7765474293796664e-07,0.0,-5.444550606731133e-06,2.9020346728170004e-07,3.2816271948443324e-07,-1.3163127516239032e-05
2,5.7222053496691e-06,5.444550606731133e-06,0.0,5.734754074012833e-06,5.7727133262155666e-06,-7.718576909507899e-06
3,-1.2548724343733401e-08,-2.9020346728170004e-07,-5.734754074012833e-06,0.0,3.79592522027332e-08,-1.3453330983520732e-05
4,-5.05079765464666e-08,-3.2816271948443324e-07,-5.7727133262155666e-06,-3.79592522027332e-08,0.0,-1.3491290235723465e-05
5,1.3440782259176999e-05,1.3163127516239032e-05,7.718576909507899e-06,1.3453330983520732e-05,1.3491290235723465e-05,0.0
