,zero_shot_baseline,in_context_learning_3-shot,style_information_style_example,chain_of_thought_zero_shot,chain_of_thought_one_shot,self-refine
0,0.0,-3.0185461842204762e-05,4.406142163710301e-06,4.5209858474963685e-06,8.674871816245767e-06,-0.00015738221748100322
1,3.0185461842204762e-05,0.0,3.459160400591506e-05,3.470644768970113e-05,3.886033365845053e-05,-0.00012719675563879846
2,-4.406142163710301e-06,-3.459160400591506e-05,0.0,1.1484368378606723e-07,4.268729652535467e-06,-0.00016178835964471354
3,-4.5209858474963685e-06,-3.470644768970113e-05,-1.1484368378606723e-07,0.0,4.1538859687494e-06,-0.0001619032033284996
4,-8.674871816245767e-06,-3.886033365845053e-05,-4.268729652535467e-06,-4.1538859687494e-06,0.0,-0.000166057089297249
5,0.00015738221748100322,0.00012719675563879846,0.00016178835964471354,0.0001619032033284996,0.000166057089297249,0.0
