,zero_shot_baseline,in_context_learning_3-shot,style_information_style_example,chain_of_thought_zero_shot,chain_of_thought_one_shot,self-refine
0,0.0,2.077670509576033e-06,-3.256621797655234e-06,-1.7449060002251335e-06,-1.933231700581034e-06,-2.3444586231815432e-05
1,-2.077670509576033e-06,0.0,-5.334292307231266e-06,-3.822576509801166e-06,-4.010902210157066e-06,-2.5522256741391467e-05
2,3.256621797655234e-06,5.334292307231266e-06,0.0,1.5117157974301003e-06,1.3233900970742e-06,-2.01879644341602e-05
3,1.7449060002251335e-06,3.822576509801166e-06,-1.5117157974301003e-06,0.0,-1.8832570035590039e-07,-2.1699680231590297e-05
4,1.933231700581034e-06,4.010902210157066e-06,-1.3233900970742e-06,1.8832570035590039e-07,0.0,-2.15113545312344e-05
5,2.3444586231815432e-05,2.5522256741391467e-05,2.01879644341602e-05,2.1699680231590297e-05,2.15113545312344e-05,0.0
