,zero_shot_baseline,in_context_learning_3-shot,style_information_style_example,chain_of_thought_zero_shot,chain_of_thought_one_shot,self-refine
0,0.0,-0.0029740889793483,-0.0032585383076221995,0.00021698555364090032,0.0009337069513718002,-0.0019999133577590002
1,0.0029740889793483,0.0,-0.00028444932827389937,0.0031910745329892004,0.0039077959307201,0.0009741756215892999
2,0.0032585383076221995,0.00028444932827389937,0.0,0.0034755238612631,0.004192245258994,0.0012586249498631992
3,-0.00021698555364090032,-0.0031910745329892004,-0.0034755238612631,0.0,0.0007167213977308999,-0.0022168989113999006
4,-0.0009337069513718002,-0.0039077959307201,-0.004192245258994,-0.0007167213977308999,0.0,-0.0029336203091308004
5,0.0019999133577590002,-0.0009741756215892999,-0.0012586249498631992,0.0022168989113999006,0.0029336203091308004,0.0
