,zero_shot_baseline,in_context_learning_3-shot,style_information_style_example,chain_of_thought_zero_shot,chain_of_thought_one_shot,self-refine
0,0.0,-3.206631614378501e-05,-1.2264761158235399e-05,-4.973021465146898e-06,-3.864023166394732e-06,-6.142387925132393e-05
1,3.206631614378501e-05,0.0,1.9801554985549605e-05,2.7093294678638105e-05,2.8202292977390272e-05,-2.9357563107538927e-05
2,1.2264761158235399e-05,-1.9801554985549605e-05,0.0,7.2917396930885004e-06,8.400737991840667e-06,-4.915911809308853e-05
3,4.973021465146898e-06,-2.7093294678638105e-05,-7.2917396930885004e-06,0.0,1.1089982987521664e-06,-5.645085778617703e-05
4,3.864023166394732e-06,-2.8202292977390272e-05,-8.400737991840667e-06,-1.1089982987521664e-06,0.0,-5.75598560849292e-05
5,6.142387925132393e-05,2.9357563107538927e-05,4.915911809308853e-05,5.645085778617703e-05,5.75598560849292e-05,0.0
