,abstracts,news,reviews,qa
0,0.0,0.0003394550008768041,0.0005828583279525041,-6.374297094604051e-06
1,-0.0003394550008768041,0.0,0.00024340332707570002,-0.00034582929797140815
2,-0.0005828583279525041,-0.00024340332707570002,0.0,-0.0005892326250471081
3,6.374297094604051e-06,0.00034582929797140815,0.0005892326250471081,0.0
