,zero_shot_baseline,in_context_learning_3-shot,style_information_style_example,chain_of_thought_zero_shot,chain_of_thought_one_shot,self-refine
0,0.0,-0.00019743292862840002,-2.335009153800016e-06,5.910318695999986e-06,3.273549202690001e-05,-0.0004542131589405
1,0.00019743292862840002,0.0,0.0001950979194746,0.0002033432473244,0.00023016842065530003,-0.0002567802303121
2,2.335009153800016e-06,-0.0001950979194746,0.0,8.245327849800002e-06,3.5070501180700024e-05,-0.0004518781497867
3,-5.910318695999986e-06,-0.0002033432473244,-8.245327849800002e-06,0.0,2.6825173330900022e-05,-0.0004601234776365
4,-3.273549202690001e-05,-0.00023016842065530003,-3.5070501180700024e-05,-2.6825173330900022e-05,0.0,-0.0004869486509674
5,0.0004542131589405,0.0002567802303121,0.0004518781497867,0.0004601234776365,0.0004869486509674,0.0
