,zero_shot_baseline,in_context_learning_3-shot,style_information_style_example,chain_of_thought_zero_shot,chain_of_thought_one_shot,self-refine
0,0.0,-6.481133420612483e-07,0.0,0.0,0.0,-1.618122977346267e-06
1,6.481133420612483e-07,0.0,6.481133420612483e-07,6.481133420612483e-07,6.481133420612483e-07,-9.700096352850185e-07
2,0.0,-6.481133420612483e-07,0.0,0.0,0.0,-1.618122977346267e-06
3,0.0,-6.481133420612483e-07,0.0,0.0,0.0,-1.618122977346267e-06
4,0.0,-6.481133420612483e-07,0.0,0.0,0.0,-1.618122977346267e-06
5,1.618122977346267e-06,9.700096352850185e-07,1.618122977346267e-06,1.618122977346267e-06,1.618122977346267e-06,0.0
