,zero_shot_baseline,in_context_learning_3-shot,style_information_style_example,chain_of_thought_zero_shot,chain_of_thought_one_shot,self-refine
0,0.0,-0.0019694206028151996,0.00015042967361989998,3.469401969639994e-05,0.0023147597337456003,-0.0007957663252352999
1,0.0019694206028151996,0.0,0.0021198502764350996,0.0020041146225115995,0.0042841803365607995,0.0011736542775798997
2,-0.00015042967361989998,-0.0021198502764350996,0.0,-0.00011573565392350004,0.0021643300601257003,-0.0009461959988551999
3,-3.469401969639994e-05,-0.0020041146225115995,0.00011573565392350004,0.0,0.0022800657140492004,-0.0008304603449316998
4,-0.0023147597337456003,-0.0042841803365607995,-0.0021643300601257003,-0.0022800657140492004,0.0,-0.0031105260589808998
5,0.0007957663252352999,-0.0011736542775798997,0.0009461959988551999,0.0008304603449316998,0.0031105260589808998,0.0
