,zero_shot_baseline,in_context_learning_3-shot,style_information_style_example,chain_of_thought_zero_shot,chain_of_thought_one_shot,self-refine
0,0.0,0.00012636174679279998,-0.00015566165356240003,1.7032859790899984e-05,0.0001978035102465928,-7.764902444859999e-05
1,-0.00012636174679279998,0.0,-0.0002820234003552,-0.0001093288870019,7.144176345379283e-05,-0.00020401077124139997
2,0.00015566165356240003,0.0002820234003552,0.0,0.0001726945133533,0.0003534651638089928,7.801262911380003e-05
3,-1.7032859790899984e-05,0.0001093288870019,-0.0001726945133533,0.0,0.00018077065045569283,-9.468188423949998e-05
4,-0.0001978035102465928,-7.144176345379283e-05,-0.0003534651638089928,-0.00018077065045569283,0.0,-0.0002754525346951928
5,7.764902444859999e-05,0.00020401077124139997,-7.801262911380003e-05,9.468188423949998e-05,0.0002754525346951928,0.0
