,zero_shot_baseline,in_context_learning_3-shot,style_information_style_example,chain_of_thought_zero_shot,chain_of_thought_one_shot,self-refine
0,0.0,-4.1812851993742e-06,0.0,0.0,-6.815927086229266e-06,-2.040432845708553e-05
1,4.1812851993742e-06,0.0,4.1812851993742e-06,4.1812851993742e-06,-2.634641886855066e-06,-1.622304325771133e-05
2,0.0,-4.1812851993742e-06,0.0,0.0,-6.815927086229266e-06,-2.040432845708553e-05
3,0.0,-4.1812851993742e-06,0.0,0.0,-6.815927086229266e-06,-2.040432845708553e-05
4,6.815927086229266e-06,2.634641886855066e-06,6.815927086229266e-06,6.815927086229266e-06,0.0,-1.3588401370856265e-05
5,2.040432845708553e-05,1.622304325771133e-05,2.040432845708553e-05,2.040432845708553e-05,1.3588401370856265e-05,0.0
