,zero_shot_baseline,in_context_learning_3-shot,style_information_style_example,chain_of_thought_zero_shot,chain_of_thought_one_shot,self-refine
0,0.0,-0.00020049342848883623,2.2075055187637666e-06,-7.559950406726677e-08,2.2075055187637666e-06,-0.00011892803185733622
1,0.00020049342848883623,0.0,0.0002027009340076,0.00020041782898476895,0.0002027009340076,8.156539663149999e-05
2,-2.2075055187637666e-06,-0.0002027009340076,0.0,-2.2831050228310334e-06,0.0,-0.0001211355373761
3,7.559950406726677e-08,-0.00020041782898476895,2.2831050228310334e-06,0.0,2.2831050228310334e-06,-0.00011885243235326896
4,-2.2075055187637666e-06,-0.0002027009340076,0.0,-2.2831050228310334e-06,0.0,-0.0001211355373761
5,0.00011892803185733622,-8.156539663149999e-05,0.0001211355373761,0.00011885243235326896,0.0001211355373761,0.0
