,zero_shot_baseline,in_context_learning_3-shot,style_information_style_example,chain_of_thought_zero_shot,chain_of_thought_one_shot,self-refine
0,0.0,-0.00036559967396728116,8.178484143213888e-05,8.456798969751885e-05,-0.00017370966871148118,4.1236776154481976e-05
1,0.00036559967396728116,0.0,0.00044738451539942,0.0004501676636648,0.00019189000525579998,0.00040683645012176315
2,-8.178484143213888e-05,-0.00044738451539942,0.0,2.7831482653799664e-06,-0.00025549451014362005,-4.054806527765691e-05
3,-8.456798969751885e-05,-0.0004501676636648,-2.7831482653799664e-06,0.0,-0.000258277658409,-4.333121354303687e-05
4,0.00017370966871148118,-0.00019189000525579998,0.00025549451014362005,0.000258277658409,0.0,0.00021494644486596314
5,-4.1236776154481976e-05,-0.00040683645012176315,4.054806527765691e-05,4.333121354303687e-05,-0.00021494644486596314,0.0
