,zero_shot_baseline,in_context_learning_3-shot,style_information_style_example,chain_of_thought_zero_shot,chain_of_thought_one_shot,self-refine
0,0.0,-0.0015567985801829,0.0,0.0,0.0,-4.3893759233165e-05
1,0.0015567985801829,0.0,0.0015567985801829,0.0015567985801829,0.0015567985801829,0.001512904820949735
2,0.0,-0.0015567985801829,0.0,0.0,0.0,-4.3893759233165e-05
3,0.0,-0.0015567985801829,0.0,0.0,0.0,-4.3893759233165e-05
4,0.0,-0.0015567985801829,0.0,0.0,0.0,-4.3893759233165e-05
5,4.3893759233165e-05,-0.001512904820949735,4.3893759233165e-05,4.3893759233165e-05,4.3893759233165e-05,0.0
