,zero_shot_baseline,in_context_learning_3-shot,style_information_style_example,chain_of_thought_zero_shot,chain_of_thought_one_shot,self-refine
0,0.0,-0.0022525213175625,0.0003096736235626,-0.00011144104379469996,0.0004789230962437,-0.0049309808814455
1,0.0022525213175625,0.0,0.0025621949411251,0.0021410802737678,0.0027314444138062,-0.0026784595638829995
2,-0.0003096736235626,-0.0025621949411251,0.0,-0.00042111466735729995,0.0001692494726811,-0.0052406545050080995
3,0.00011144104379469996,-0.0021410802737678,0.00042111466735729995,0.0,0.0005903641400383999,-0.0048195398376508
4,-0.0004789230962437,-0.0027314444138062,-0.0001692494726811,-0.0005903641400383999,0.0,-0.005409903977689199
5,0.0049309808814455,0.0026784595638829995,0.0052406545050080995,0.0048195398376508,0.005409903977689199,0.0
