,mistral,deepseek,llama3.3,qwen72b,qwen32b,qwen14b,solar
0,0.0,0.0004109921499671999,0.0037378310336021,-0.00027416437431580006,0.0012129494931694997,0.00024173465184880016,0.0003713440905424
1,-0.0004109921499671999,0.0,0.0033268388836349,-0.000685156524283,0.0008019573432022998,-0.00016925749811839974,-3.964805942479992e-05
2,-0.0037378310336021,-0.0033268388836349,0.0,-0.0040119954079179,-0.0025248815404326002,-0.0034960963817532997,-0.0033664869430597
3,0.00027416437431580006,0.000685156524283,0.0040119954079179,0.0,0.0014871138674852997,0.0005158990261646002,0.0006455084648582
4,-0.0012129494931694997,-0.0008019573432022998,0.0025248815404326002,-0.0014871138674852997,0.0,-0.0009712148413206995,-0.0008416054026270997
5,-0.00024173465184880016,0.00016925749811839974,0.0034960963817532997,-0.0005158990261646002,0.0009712148413206995,0.0,0.00012960943869359982
6,-0.0003713440905424,3.964805942479992e-05,0.0033664869430597,-0.0006455084648582,0.0008416054026270997,-0.00012960943869359982,0.0
