,zero_shot_baseline,in_context_learning_3-shot,style_information_style_example,chain_of_thought_zero_shot,chain_of_thought_one_shot,self-refine
0,0.0,-0.0006357320433889001,-0.0002792593547092,1.4133609213199956e-05,-0.00017838953907040007,-0.0008035598567319002
1,0.0006357320433889001,0.0,0.0003564726886797,0.0006498656526021,0.00045734250431849995,-0.0001678278133430001
2,0.0002792593547092,-0.0003564726886797,0.0,0.0002933929639224,0.00010086981563879995,-0.0005243005020227001
3,-1.4133609213199956e-05,-0.0006498656526021,-0.0002933929639224,0.0,-0.00019252314828360003,-0.0008176934659451001
4,0.00017838953907040007,-0.00045734250431849995,-0.00010086981563879995,0.00019252314828360003,0.0,-0.0006251703176615001
5,0.0008035598567319002,0.0001678278133430001,0.0005243005020227001,0.0008176934659451001,0.0006251703176615001,0.0
