,zero_shot_baseline,in_context_learning_3-shot,style_information_style_example,chain_of_thought_zero_shot,chain_of_thought_one_shot,self-refine
0,0.0,-0.0011417274561602,-0.00017786045244410004,-5.735158069469998e-05,0.0003015862434612,-0.00026988390294920006
1,0.0011417274561602,0.0,0.0009638670037161,0.0010843758754655,0.0014433136996214,0.000871843553211
2,0.00017786045244410004,-0.0009638670037161,0.0,0.00012050887174940006,0.00047944669590530004,-9.202345050510002e-05
3,5.735158069469998e-05,-0.0010843758754655,-0.00012050887174940006,0.0,0.0003589378241559,-0.00021253232225450008
4,-0.0003015862434612,-0.0014433136996214,-0.00047944669590530004,-0.0003589378241559,0.0,-0.0005714701464104
5,0.00026988390294920006,-0.000871843553211,9.202345050510002e-05,0.00021253232225450008,0.0005714701464104,0.0
