,zero_shot_baseline,in_context_learning_3-shot,style_information_style_example,chain_of_thought_zero_shot,chain_of_thought_one_shot,self-refine
0,0.0,-0.00010514196060469998,0.00010457904627910001,-5.162573934399994e-06,5.8172289371099997e-05,-7.279216330149997e-05
1,0.00010514196060469998,0.0,0.0002097210068838,9.997938667029999e-05,0.00016331424997579998,3.234979730320001e-05
2,-0.00010457904627910001,-0.0002097210068838,0.0,-0.0001097416202135,-4.640675690800001e-05,-0.00017737120958059998
3,5.162573934399994e-06,-9.997938667029999e-05,0.0001097416202135,0.0,6.333486330549999e-05,-6.762958936709998e-05
4,-5.8172289371099997e-05,-0.00016331424997579998,4.640675690800001e-05,-6.333486330549999e-05,0.0,-0.00013096445267259997
5,7.279216330149997e-05,-3.234979730320001e-05,0.00017737120958059998,6.762958936709998e-05,0.00013096445267259997,0.0
