,zero_shot_baseline,in_context_learning_3-shot,style_information_style_example,chain_of_thought_zero_shot,chain_of_thought_one_shot,self-refine
0,0.0,-0.0002222407317826288,1.9723865877712e-06,1.993369423811334e-07,-9.360134778049405e-05,-2.36008510888504e-05
1,0.0002222407317826288,0.0,0.0002242131183704,0.00022244006872500994,0.00012863938400213478,0.0001986398806937784
2,-1.9723865877712e-06,-0.0002242131183704,0.0,-1.7730496453900665e-06,-9.557373436826524e-05,-2.55732376766216e-05
3,-1.993369423811334e-07,-0.00022244006872500994,1.7730496453900665e-06,0.0,-9.380068472287518e-05,-2.380018803123153e-05
4,9.360134778049405e-05,-0.00012863938400213478,9.557373436826524e-05,9.380068472287518e-05,0.0,7.000049669164365e-05
5,2.36008510888504e-05,-0.0001986398806937784,2.55732376766216e-05,2.380018803123153e-05,-7.000049669164365e-05,0.0
