,zero_shot_baseline,in_context_learning_3-shot,style_information_style_example,chain_of_thought_zero_shot,chain_of_thought_one_shot,self-refine
0,0.0,-0.0021652553503436,-0.0009474809991874998,0.00011727152356359998,0.00019096184890560024,-0.0015919542166177
1,0.0021652553503436,0.0,0.0012177743511561003,0.0022825268739072,0.0023562171992492003,0.0005733011337259002
2,0.0009474809991874998,-0.0012177743511561003,0.0,0.0010647525227510998,0.0011384428480931,-0.0006444732174302002
3,-0.00011727152356359998,-0.0022825268739072,-0.0010647525227510998,0.0,7.369032534200026e-05,-0.0017092257401813
4,-0.00019096184890560024,-0.0023562171992492003,-0.0011384428480931,-7.369032534200026e-05,0.0,-0.0017829160655233002
5,0.0015919542166177,-0.0005733011337259002,0.0006444732174302002,0.0017092257401813,0.0017829160655233002,0.0
