,zero_shot_baseline,in_context_learning_3-shot,style_information_style_example,chain_of_thought_zero_shot,chain_of_thought_one_shot,self-refine
0,0.0,0.0,-6.8807696765283e-06,-9.157509157509e-07,0.0,-4.9400614822869e-06
1,0.0,0.0,-6.8807696765283e-06,-9.157509157509e-07,0.0,-4.9400614822869e-06
2,6.8807696765283e-06,6.8807696765283e-06,0.0,5.9650187607774e-06,6.8807696765283e-06,1.9407081942414e-06
3,9.157509157509e-07,9.157509157509e-07,-5.9650187607774e-06,0.0,9.157509157509e-07,-4.024310566536e-06
4,0.0,0.0,-6.8807696765283e-06,-9.157509157509e-07,0.0,-4.9400614822869e-06
5,4.9400614822869e-06,4.9400614822869e-06,-1.9407081942414e-06,4.024310566536e-06,4.9400614822869e-06,0.0
