,zero_shot_baseline,in_context_learning_3-shot,style_information_style_example,chain_of_thought_zero_shot,chain_of_thought_one_shot,self-refine
0,0.0,-0.0010156196637464,0.0009706340983011001,0.0001342007548751998,0.0017081605980358,-0.0005661927224622
1,0.0010156196637464,0.0,0.0019862537620475,0.0011498204186215998,0.0027237802617822,0.00044942694128420006
2,-0.0009706340983011001,-0.0019862537620475,0.0,-0.0008364333434259003,0.0007375264997346999,-0.0015368268207633
3,-0.0001342007548751998,-0.0011498204186215998,0.0008364333434259003,0.0,0.0015739598431606001,-0.0007003934773373998
4,-0.0017081605980358,-0.0027237802617822,-0.0007375264997346999,-0.0015739598431606001,0.0,-0.002274353320498
5,0.0005661927224622,-0.00044942694128420006,0.0015368268207633,0.0007003934773373998,0.002274353320498,0.0
