,zero_shot_baseline,in_context_learning_3-shot,style_information_style_example,chain_of_thought_zero_shot,chain_of_thought_one_shot,self-refine
0,0.0,-1.6824444616972009e-06,-4.1894941693407764e-05,3.3338729939678666e-06,6.004813164908033e-06,-1.4864269987777434e-05
1,1.6824444616972009e-06,0.0,-4.0212497231710566e-05,5.0163174556650674e-06,7.687257626605234e-06,-1.3181825526080234e-05
2,4.1894941693407764e-05,4.0212497231710566e-05,0.0,4.5228814687375634e-05,4.78997548583158e-05,2.703067170563033e-05
3,-3.3338729939678666e-06,-5.0163174556650674e-06,-4.5228814687375634e-05,0.0,2.6709401709401667e-06,-1.81981429817453e-05
4,-6.004813164908033e-06,-7.687257626605234e-06,-4.78997548583158e-05,-2.6709401709401667e-06,0.0,-2.0869083152685468e-05
5,1.4864269987777434e-05,1.3181825526080234e-05,-2.703067170563033e-05,1.81981429817453e-05,2.0869083152685468e-05,0.0
