,zero_shot_baseline,in_context_learning_3-shot,style_information_style_example,chain_of_thought_zero_shot,chain_of_thought_one_shot,self-refine
0,0.0,-0.0014398602816604999,0.00035871790296719997,0.00020332686716909997,2.0204783489999887e-06,-0.0031382102258267998
1,0.0014398602816604999,0.0,0.0017985781846277,0.0016431871488296,0.0014418807600095,-0.0016983499441662999
2,-0.00035871790296719997,-0.0017985781846277,0.0,-0.0001553910357981,-0.0003566974246182,-0.0034969281287939996
3,-0.00020332686716909997,-0.0016431871488296,0.0001553910357981,0.0,-0.00020130638882009998,-0.0033415370929959
4,-2.0204783489999887e-06,-0.0014418807600095,0.0003566974246182,0.00020130638882009998,0.0,-0.0031402307041758
5,0.0031382102258267998,0.0016983499441662999,0.0034969281287939996,0.0033415370929959,0.0031402307041758,0.0
