,zero_shot_baseline,in_context_learning_3-shot,style_information_style_example,chain_of_thought_zero_shot,chain_of_thought_one_shot,self-refine
0,0.0,1.3589735722467332e-06,6.688424473329998e-07,2.8662215105813306e-07,1.444912480338998e-07,-1.0609408743350336e-06
1,-1.3589735722467332e-06,0.0,-6.901311249137334e-07,-1.0723514211886e-06,-1.2144823242128334e-06,-2.419914446581767e-06
2,-6.688424473329998e-07,6.901311249137334e-07,0.0,-3.822202962748667e-07,-5.243511992991e-07,-1.7297833216680334e-06
3,-2.8662215105813306e-07,1.0723514211886e-06,3.822202962748667e-07,0.0,-1.4213090302423325e-07,-1.3475630253931667e-06
4,-1.444912480338998e-07,1.2144823242128334e-06,5.243511992991e-07,1.4213090302423325e-07,0.0,-1.2054321223689334e-06
5,1.0609408743350336e-06,2.419914446581767e-06,1.7297833216680334e-06,1.3475630253931667e-06,1.2054321223689334e-06,0.0
