,zero_shot_baseline,in_context_learning_3-shot,style_information_style_example,chain_of_thought_zero_shot,chain_of_thought_one_shot,self-refine
0,0.0,-0.00019135129562239996,-5.259759642279997e-05,-9.323398342589998e-05,5.5030852382800024e-05,-0.00011588677727339999
1,0.00019135129562239996,0.0,0.0001387536991996,9.811731219649998e-05,0.00024638214800519996,7.546451834899997e-05
2,5.259759642279997e-05,-0.0001387536991996,0.0,-4.063638700310001e-05,0.00010762844880559999,-6.328918085060002e-05
3,9.323398342589998e-05,-9.811731219649998e-05,4.063638700310001e-05,0.0,0.0001482648358087,-2.265279384750001e-05
4,-5.5030852382800024e-05,-0.00024638214800519996,-0.00010762844880559999,-0.0001482648358087,0.0,-0.0001709176296562
5,0.00011588677727339999,-7.546451834899997e-05,6.328918085060002e-05,2.265279384750001e-05,0.0001709176296562,0.0
