,abstracts,news,reviews,qa
0,0.0,3.5439407437148646e-06,-0.0001746275122987,2.9229532973609e-06
1,-3.5439407437148646e-06,0.0,-0.00017817145304241486,-6.209874463539645e-07
2,0.0001746275122987,0.00017817145304241486,0.0,0.0001775504655960609
3,-2.9229532973609e-06,6.209874463539645e-07,-0.0001775504655960609,0.0
