,zero_shot_baseline,in_context_learning_3-shot,style_information_style_example,chain_of_thought_zero_shot,chain_of_thought_one_shot,self-refine
0,0.0,-0.0011856641493370999,0.0006326384499930999,0.0002453350568772999,0.0005493881533830999,-0.0021660237355886
1,0.0011856641493370999,0.0,0.0018183025993302,0.0014309992062143998,0.0017350523027202,-0.0009803595862515001
2,-0.0006326384499930999,-0.0018183025993302,0.0,-0.00038730339311580003,-8.325029661e-05,-0.0027986621855817
3,-0.0002453350568772999,-0.0014309992062143998,0.00038730339311580003,0.0,0.0003040530965058,-0.0024113587924659
4,-0.0005493881533830999,-0.0017350523027202,8.325029661e-05,-0.0003040530965058,0.0,-0.0027154118889717
5,0.0021660237355886,0.0009803595862515001,0.0027986621855817,0.0024113587924659,0.0027154118889717,0.0
