,zero_shot_baseline,in_context_learning_3-shot,style_information_style_example,chain_of_thought_zero_shot,chain_of_thought_one_shot,self-refine
0,0.0,-7.551654765259995e-05,-0.0004097582498601,5.628050425550001e-05,0.0003155864944825,-0.00010677798369169994
1,7.551654765259995e-05,0.0,-0.00033424170220750003,0.00013179705190809996,0.00039110304213509995,-3.126143603909999e-05
2,0.0004097582498601,0.00033424170220750003,0.0,0.0004660387541156,0.0007253447443426,0.00030298026616840004
3,-5.628050425550001e-05,-0.00013179705190809996,-0.0004660387541156,0.0,0.000259305990227,-0.00016305848794719995
4,-0.0003155864944825,-0.00039110304213509995,-0.0007253447443426,-0.000259305990227,0.0,-0.00042236447817419994
5,0.00010677798369169994,3.126143603909999e-05,-0.00030298026616840004,0.00016305848794719995,0.00042236447817419994,0.0
