,zero_shot_baseline,in_context_learning_3-shot,style_information_style_example,chain_of_thought_zero_shot,chain_of_thought_one_shot,self-refine
0,0.0,-0.0001561908651086,0.0001799266161373,-0.0006076994143245,0.00016891118427629997,-0.0009877113174528
1,0.0001561908651086,0.0,0.0003361174812459,-0.00045150854921590007,0.0003251020493849,-0.0008315204523442
2,-0.0001799266161373,-0.0003361174812459,0.0,-0.0007876260304618,-1.101543186100002e-05,-0.0011676379335901
3,0.0006076994143245,0.00045150854921590007,0.0007876260304618,0.0,0.0007766105986008001,-0.0003800119031282999
4,-0.00016891118427629997,-0.0003251020493849,1.101543186100002e-05,-0.0007766105986008001,0.0,-0.0011566225017290998
5,0.0009877113174528,0.0008315204523442,0.0011676379335901,0.0003800119031282999,0.0011566225017290998,0.0
