,abstracts,news,reviews,qa
0,0.0,0.00030808048900710414,0.0005456128263001041,2.454675156836055e-05
1,-0.00030808048900710414,0.0,0.00023753233729299994,-0.00028353373743874357
2,-0.0005456128263001041,-0.00023753233729299994,0.0,-0.0005210660747317435
3,-2.454675156836055e-05,0.00028353373743874357,0.0005210660747317435,0.0
