,zero_shot_baseline,in_context_learning_3-shot,style_information_style_example,chain_of_thought_zero_shot,chain_of_thought_one_shot,self-refine
0,0.0,0.00010316062579810001,-0.0001958611945111,1.0835743940400006e-05,9.873060603900002e-05,-0.000651715474186
1,-0.00010316062579810001,0.0,-0.0002990218203092,-9.23248818577e-05,-4.430019759099992e-06,-0.0007548760999841
2,0.0001958611945111,0.0002990218203092,0.0,0.0002066969384515,0.00029459180055010003,-0.0004558542796749
3,-1.0835743940400006e-05,9.23248818577e-05,-0.0002066969384515,0.0,8.789486209860001e-05,-0.0006625512181264
4,-9.873060603900002e-05,4.430019759099992e-06,-0.00029459180055010003,-8.789486209860001e-05,0.0,-0.000750446080225
5,0.000651715474186,0.0007548760999841,0.0004558542796749,0.0006625512181264,0.000750446080225,0.0
