,zero_shot_baseline,in_context_learning_3-shot,style_information_style_example,chain_of_thought_zero_shot,chain_of_thought_one_shot,self-refine
0,0.0,-2.0747752314203636e-05,-3.1071500330089667e-06,0.0,-6.74066824430454e-05,-4.29644681956934e-05
1,2.0747752314203636e-05,0.0,1.764060228119467e-05,2.0747752314203636e-05,-4.665893012884177e-05,-2.2216715881489764e-05
2,3.1071500330089667e-06,-1.764060228119467e-05,0.0,3.1071500330089667e-06,-6.429953241003644e-05,-3.985731816268443e-05
3,0.0,-2.0747752314203636e-05,-3.1071500330089667e-06,0.0,-6.74066824430454e-05,-4.29644681956934e-05
4,6.74066824430454e-05,4.665893012884177e-05,6.429953241003644e-05,6.74066824430454e-05,0.0,2.4442214247352004e-05
5,4.29644681956934e-05,2.2216715881489764e-05,3.985731816268443e-05,4.29644681956934e-05,-2.4442214247352004e-05,0.0
