,zero_shot_baseline,in_context_learning_3-shot,style_information_style_example,chain_of_thought_zero_shot,chain_of_thought_one_shot,self-refine
0,0.0,2.5252525252525e-06,-1.4370241548083001e-05,-3.2218739115291e-06,-5.4514742014742005e-06,-1.2313355911566274e-06
1,-2.5252525252525e-06,0.0,-1.68954940733355e-05,-5.7471264367816e-06,-7.9767267267267e-06,-3.7565881164091273e-06
2,1.4370241548083001e-05,1.68954940733355e-05,0.0,1.1148367636553901e-05,8.9187673466088e-06,1.3138905956926373e-05
3,3.2218739115291e-06,5.7471264367816e-06,-1.1148367636553901e-05,0.0,-2.2296002899451e-06,1.9905383203724725e-06
4,5.4514742014742005e-06,7.9767267267267e-06,-8.9187673466088e-06,2.2296002899451e-06,0.0,4.220138610317573e-06
5,1.2313355911566274e-06,3.7565881164091273e-06,-1.3138905956926373e-05,-1.9905383203724725e-06,-4.220138610317573e-06,0.0
