,zero_shot_baseline,in_context_learning_3-shot,style_information_style_example,chain_of_thought_zero_shot,chain_of_thought_one_shot,self-refine
0,0.0,-0.0011191215648968691,7.833940409061667e-06,8.019891053727867e-06,-0.000321199632785569,-6.4666204916525e-05
1,0.0011191215648968691,0.0,0.0011269555053059308,0.0011271414559505968,0.0007979219321113001,0.001054455359980344
2,-7.833940409061667e-06,-0.0011269555053059308,0.0,1.859506446662e-07,-0.00032903357319463065,-7.250014532558666e-05
3,-8.019891053727867e-06,-0.0011271414559505968,-1.859506446662e-07,0.0,-0.00032921952383929687,-7.268609597025286e-05
4,0.000321199632785569,-0.0007979219321113001,0.00032903357319463065,0.00032921952383929687,0.0,0.000256533427869044
5,6.4666204916525e-05,-0.001054455359980344,7.250014532558666e-05,7.268609597025286e-05,-0.000256533427869044,0.0
