,mistral,deepseek,llama3.3,qwen72b,qwen32b,qwen14b,solar
0,0.0,2.3471446499900048e-05,0.0002559825029708,-3.7245501652399945e-05,3.6024710437200015e-05,0.00013882079697600006,-0.0004542673168213999
1,-2.3471446499900048e-05,0.0,0.00023251105647089997,-6.071694815229999e-05,1.2553263937299967e-05,0.00011534935047610002,-0.00047773876332129995
2,-0.0002559825029708,-0.00023251105647089997,0.0,-0.00029322800462319997,-0.0002199577925336,-0.00011716170599479996,-0.0007102498197921999
3,3.7245501652399945e-05,6.071694815229999e-05,0.00029322800462319997,0.0,7.327021208959996e-05,0.0001760662986284,-0.00041702181516899996
4,-3.6024710437200015e-05,-1.2553263937299967e-05,0.0002199577925336,-7.327021208959996e-05,0.0,0.00010279608653880005,-0.0004902920272585999
5,-0.00013882079697600006,-0.00011534935047610002,0.00011716170599479996,-0.0001760662986284,-0.00010279608653880005,0.0,-0.0005930881137974
6,0.0004542673168213999,0.00047773876332129995,0.0007102498197921999,0.00041702181516899996,0.0004902920272585999,0.0005930881137974,0.0
