,zero_shot_baseline,in_context_learning_3-shot,style_information_style_example,chain_of_thought_zero_shot,chain_of_thought_one_shot,self-refine
0,0.0,-3.970990695128634e-06,3.9655172413793e-06,3.9655172413793e-06,3.9655172413793e-06,-1.38123260882467e-05
1,3.970990695128634e-06,0.0,7.936507936507934e-06,7.936507936507934e-06,7.936507936507934e-06,-9.841335393118066e-06
2,-3.9655172413793e-06,-7.936507936507934e-06,0.0,0.0,0.0,-1.7777843329626e-05
3,-3.9655172413793e-06,-7.936507936507934e-06,0.0,0.0,0.0,-1.7777843329626e-05
4,-3.9655172413793e-06,-7.936507936507934e-06,0.0,0.0,0.0,-1.7777843329626e-05
5,1.38123260882467e-05,9.841335393118066e-06,1.7777843329626e-05,1.7777843329626e-05,1.7777843329626e-05,0.0
