,zero_shot_baseline,in_context_learning_3-shot,style_information_style_example,chain_of_thought_zero_shot,chain_of_thought_one_shot,self-refine
0,0.0,-7.526949155879994e-05,0.0008075907186569,-0.0010943227088982,-0.0010058449719324,0.000304867809256
1,7.526949155879994e-05,0.0,0.0008828602102157,-0.0010190532173394,-0.0009305754803736,0.00038013730081479995
2,-0.0008075907186569,-0.0008828602102157,0.0,-0.0019019134275551,-0.0018134356905893,-0.0005027229094009
3,0.0010943227088982,0.0010190532173394,0.0019019134275551,0.0,8.847773696580002e-05,0.0013991905181542
4,0.0010058449719324,0.0009305754803736,0.0018134356905893,-8.847773696580002e-05,0.0,0.0013107127811884
5,-0.000304867809256,-0.00038013730081479995,0.0005027229094009,-0.0013991905181542,-0.0013107127811884,0.0
