,zero_shot_baseline,in_context_learning_3-shot,style_information_style_example,chain_of_thought_zero_shot,chain_of_thought_one_shot,self-refine
0,0.0,-0.005015749873966789,-6.569069069070006e-08,1.7361111111111e-06,1.7361111111111e-06,-0.0001064994851933889
1,0.005015749873966789,0.0,0.005015684183276098,0.0050174859850779,0.0050174859850779,0.0049092503887734
2,6.569069069070006e-08,-0.005015684183276098,0.0,1.8018018018018e-06,1.8018018018018e-06,-0.0001064337945026982
3,-1.7361111111111e-06,-0.0050174859850779,-1.8018018018018e-06,0.0,0.0,-0.0001082355963045
4,-1.7361111111111e-06,-0.0050174859850779,-1.8018018018018e-06,0.0,0.0,-0.0001082355963045
5,0.0001064994851933889,-0.0049092503887734,0.0001064337945026982,0.0001082355963045,0.0001082355963045,0.0
