,zero_shot_baseline,in_context_learning_3-shot,style_information_style_example,chain_of_thought_zero_shot,chain_of_thought_one_shot,self-refine
0,0.0,-0.00036523382980259997,8.175938651599991e-06,6.272972211999989e-06,2.654671864989999e-05,-0.0003882658430102
1,0.00036523382980259997,0.0,0.0003734097684542,0.0003715068020146,0.0003917805484525,-2.303201320760003e-05
2,-8.175938651599991e-06,-0.0003734097684542,0.0,-1.9029664396000019e-06,1.83707799983e-05,-0.00039644178166180005
3,-6.272972211999989e-06,-0.0003715068020146,1.9029664396000019e-06,0.0,2.0273746437900002e-05,-0.0003945388152222
4,-2.654671864989999e-05,-0.0003917805484525,-1.83707799983e-05,-2.0273746437900002e-05,0.0,-0.0004148125616601
5,0.0003882658430102,2.303201320760003e-05,0.00039644178166180005,0.0003945388152222,0.0004148125616601,0.0
