,mistral,deepseek,llama3.3,qwen72b,qwen32b,qwen14b,solar
0,0.0,9.57305539033e-05,5.177590109000003e-05,6.486768144800038e-06,-2.5922328897099985e-05,-0.000840717356999,-9.812678030029999e-05
1,-9.57305539033e-05,0.0,-4.3954652813299965e-05,-8.924378575849996e-05,-0.00012165288280039998,-0.0009364479109023,-0.00019385733420359999
2,-5.177590109000003e-05,4.3954652813299965e-05,0.0,-4.5289132945199994e-05,-7.769822998710002e-05,-0.0008924932580890001,-0.00014990268139030002
3,-6.486768144800038e-06,8.924378575849996e-05,4.5289132945199994e-05,0.0,-3.240909704190002e-05,-0.0008472041251438001,-0.00010461354844510003
4,2.5922328897099985e-05,0.00012165288280039998,7.769822998710002e-05,3.240909704190002e-05,0.0,-0.0008147950281019,-7.22044514032e-05
5,0.000840717356999,0.0009364479109023,0.0008924932580890001,0.0008472041251438001,0.0008147950281019,0.0,0.0007425905766987001
6,9.812678030029999e-05,0.00019385733420359999,0.00014990268139030002,0.00010461354844510003,7.22044514032e-05,-0.0007425905766987001,0.0
