,zero_shot_baseline,in_context_learning_3-shot,style_information_style_example,chain_of_thought_zero_shot,chain_of_thought_one_shot,self-refine
0,0.0,-0.00010883492025780001,0.00043767224895,0.00043151530730010067,0.00010210137691009998,0.00036666733196291976
1,0.00010883492025780001,0.0,0.0005465071692078,0.0005403502275579007,0.0002109362971679,0.0004755022522207198
2,-0.00043767224895,-0.0005465071692078,0.0,-6.156941649899334e-06,-0.0003355708720399,-7.100491698708022e-05
3,-0.00043151530730010067,-0.0005403502275579007,6.156941649899334e-06,0.0,-0.0003294139303900007,-6.484797533718089e-05
4,-0.00010210137691009998,-0.0002109362971679,0.0003355708720399,0.0003294139303900007,0.0,0.0002645659550528198
5,-0.00036666733196291976,-0.0004755022522207198,7.100491698708022e-05,6.484797533718089e-05,-0.0002645659550528198,0.0
