,abstracts,news,reviews,qa
0,0.0,0.0009210925628198,0.00011197391937150001,0.0003285445312136
1,-0.0009210925628198,0.0,-0.0008091186434483,-0.0005925480316062
2,-0.00011197391937150001,0.0008091186434483,0.0,0.0002165706118421
3,-0.0003285445312136,0.0005925480316062,-0.0002165706118421,0.0
