,zero_shot_baseline,in_context_learning_3-shot,style_information_style_example,chain_of_thought_zero_shot,chain_of_thought_one_shot,self-refine
0,0.0,-1.2077294685990334e-06,0.0,0.0,-8.591065292096e-07,-2.5527165077284665e-06
1,1.2077294685990334e-06,0.0,1.2077294685990334e-06,1.2077294685990334e-06,3.486229393894334e-07,-1.3449870391294331e-06
2,0.0,-1.2077294685990334e-06,0.0,0.0,-8.591065292096e-07,-2.5527165077284665e-06
3,0.0,-1.2077294685990334e-06,0.0,0.0,-8.591065292096e-07,-2.5527165077284665e-06
4,8.591065292096e-07,-3.486229393894334e-07,8.591065292096e-07,8.591065292096e-07,0.0,-1.6936099785188665e-06
5,2.5527165077284665e-06,1.3449870391294331e-06,2.5527165077284665e-06,2.5527165077284665e-06,1.6936099785188665e-06,0.0
