,zero_shot_baseline,in_context_learning_3-shot,style_information_style_example,chain_of_thought_zero_shot,chain_of_thought_one_shot,self-refine
0,0.0,9.599834128135666e-07,9.599834128135666e-07,-5.513839325959667e-07,7.013066323303319e-08,3.1478306035499797e-08
1,-9.599834128135666e-07,0.0,0.0,-1.5113673454095333e-06,-8.898527495805334e-07,-9.285051067780668e-07
2,-9.599834128135666e-07,0.0,0.0,-1.5113673454095333e-06,-8.898527495805334e-07,-9.285051067780668e-07
3,5.513839325959667e-07,1.5113673454095333e-06,1.5113673454095333e-06,0.0,6.215145958289999e-07,5.828622386314665e-07
4,-7.013066323303319e-08,8.898527495805334e-07,8.898527495805334e-07,-6.215145958289999e-07,0.0,-3.8652357197533396e-08
5,-3.1478306035499797e-08,9.285051067780668e-07,9.285051067780668e-07,-5.828622386314665e-07,3.8652357197533396e-08,0.0
