,zero_shot_baseline,in_context_learning_3-shot,style_information_style_example,chain_of_thought_zero_shot,chain_of_thought_one_shot,self-refine
0,0.0,-0.0017274118311624998,-0.0009448040926723997,-2.251569937799982e-05,0.0028572574535184,-0.004557423471315301
1,0.0017274118311624998,0.0,0.0007826077384901001,0.0017048961317845,0.0045846692846809,-0.002830011640152801
2,0.0009448040926723997,-0.0007826077384901001,0.0,0.0009222883932943999,0.0038020615461908,-0.003612619378642901
3,2.251569937799982e-05,-0.0017048961317845,-0.0009222883932943999,0.0,0.0028797731528964,-0.004534907771937301
4,-0.0028572574535184,-0.0045846692846809,-0.0038020615461908,-0.0028797731528964,0.0,-0.007414680924833701
5,0.004557423471315301,0.002830011640152801,0.003612619378642901,0.004534907771937301,0.007414680924833701,0.0
