,zero_shot_baseline,in_context_learning_3-shot,style_information_style_example,chain_of_thought_zero_shot,chain_of_thought_one_shot,self-refine
0,0.0,1.7418740650075005e-06,-5.3891637246275e-06,-5.451968384252935e-06,2.5406188945610335e-06,-2.3926788014794166e-05
1,-1.7418740650075005e-06,0.0,-7.131037789635001e-06,-7.193842449260436e-06,7.98744829553533e-07,-2.5668662079801667e-05
2,5.3891637246275e-06,7.131037789635001e-06,0.0,-6.280465962543528e-08,7.929782619188534e-06,-1.8537624290166666e-05
3,5.451968384252935e-06,7.193842449260436e-06,6.280465962543528e-08,0.0,7.99258727881397e-06,-1.8474819630541233e-05
4,-2.5406188945610335e-06,-7.98744829553533e-07,-7.929782619188534e-06,-7.99258727881397e-06,0.0,-2.64674069093552e-05
5,2.3926788014794166e-05,2.5668662079801667e-05,1.8537624290166666e-05,1.8474819630541233e-05,2.64674069093552e-05,0.0
