,zero_shot_baseline,in_context_learning_3-shot,style_information_style_example,chain_of_thought_zero_shot,chain_of_thought_one_shot,self-refine
0,0.0,-1.914903449390002e-05,-0.0005045320045353,-2.8119936019899996e-05,0.0002420182180504,-0.000873202265396
1,1.914903449390002e-05,0.0,-0.0004853829700414,-8.970901525999974e-06,0.0002611672525443,-0.0008540532309021
2,0.0005045320045353,0.0004853829700414,0.0,0.0004764120685154,0.0007465502225857,-0.0003686702608607
3,2.8119936019899996e-05,8.970901525999974e-06,-0.0004764120685154,0.0,0.0002701381540703,-0.0008450823293761
4,-0.0002420182180504,-0.0002611672525443,-0.0007465502225857,-0.0002701381540703,0.0,-0.0011152204834464
5,0.000873202265396,0.0008540532309021,0.0003686702608607,0.0008450823293761,0.0011152204834464,0.0
