,zero_shot_baseline,in_context_learning_3-shot,style_information_style_example,chain_of_thought_zero_shot,chain_of_thought_one_shot,self-refine
0,0.0,-2.247192506871557e-06,0.0,0.0,0.0,-2.923976608187133e-06
1,2.247192506871557e-06,0.0,2.247192506871557e-06,2.247192506871557e-06,2.247192506871557e-06,-6.767841013155759e-07
2,0.0,-2.247192506871557e-06,0.0,0.0,0.0,-2.923976608187133e-06
3,0.0,-2.247192506871557e-06,0.0,0.0,0.0,-2.923976608187133e-06
4,0.0,-2.247192506871557e-06,0.0,0.0,0.0,-2.923976608187133e-06
5,2.923976608187133e-06,6.767841013155759e-07,2.923976608187133e-06,2.923976608187133e-06,2.923976608187133e-06,0.0
