,zero_shot_baseline,in_context_learning_3-shot,style_information_style_example,chain_of_thought_zero_shot,chain_of_thought_one_shot,self-refine
0,0.0,-6.197210809372785e-06,0.0,0.0,0.0,-8.016488081046516e-05
1,6.197210809372785e-06,0.0,6.197210809372785e-06,6.197210809372785e-06,6.197210809372785e-06,-7.396767000109237e-05
2,0.0,-6.197210809372785e-06,0.0,0.0,0.0,-8.016488081046516e-05
3,0.0,-6.197210809372785e-06,0.0,0.0,0.0,-8.016488081046516e-05
4,0.0,-6.197210809372785e-06,0.0,0.0,0.0,-8.016488081046516e-05
5,8.016488081046516e-05,7.396767000109237e-05,8.016488081046516e-05,8.016488081046516e-05,8.016488081046516e-05,0.0
