,zero_shot_baseline,in_context_learning_3-shot,style_information_style_example,chain_of_thought_zero_shot,chain_of_thought_one_shot,self-refine
0,0.0,0.0001757072335334,-0.0003714757770265,-1.0632926475900016e-05,0.0002810333677580507,-0.00024058402848020004
1,-0.0001757072335334,0.0,-0.0005471830105599,-0.0001863401600093,0.00010532613422465071,-0.0004162912620136
2,0.0003714757770265,0.0005471830105599,0.0,0.0003608428505506,0.0006525091447845507,0.00013089174854629998
3,1.0632926475900016e-05,0.0001863401600093,-0.0003608428505506,0.0,0.00029166629423395073,-0.00022995110200430002
4,-0.0002810333677580507,-0.00010532613422465071,-0.0006525091447845507,-0.00029166629423395073,0.0,-0.0005216173962382507
5,0.00024058402848020004,0.0004162912620136,-0.00013089174854629998,0.00022995110200430002,0.0005216173962382507,0.0
