,abstracts,news,reviews,qa
0,0.0,0.00027369688658557246,1.0111760722303118e-06,-0.0001647455573783275
1,-0.00027369688658557246,0.0,-0.00027268571051334217,-0.0004384424439639
2,-1.0111760722303118e-06,0.00027268571051334217,0.0,-0.0001657567334505578
3,0.0001647455573783275,0.0004384424439639,0.0001657567334505578,0.0
