,zero_shot_baseline,in_context_learning_3-shot,style_information_style_example,chain_of_thought_zero_shot,chain_of_thought_one_shot,self-refine
0,0.0,-3.5668980111303835e-05,-2.1097046413502e-06,0.0,-7.233285140434268e-06,-1.0012410090779968e-05
1,3.5668980111303835e-05,0.0,3.355927546995363e-05,3.5668980111303835e-05,2.8435694970869567e-05,2.5656570020523865e-05
2,2.1097046413502e-06,-3.355927546995363e-05,0.0,2.1097046413502e-06,-5.123580499084067e-06,-7.902705449429768e-06
3,0.0,-3.5668980111303835e-05,-2.1097046413502e-06,0.0,-7.233285140434268e-06,-1.0012410090779968e-05
4,7.233285140434268e-06,-2.8435694970869567e-05,5.123580499084067e-06,7.233285140434268e-06,0.0,-2.7791249503457007e-06
5,1.0012410090779968e-05,-2.5656570020523865e-05,7.902705449429768e-06,1.0012410090779968e-05,2.7791249503457007e-06,0.0
