,mistral,deepseek,llama3.3,qwen72b,qwen32b,qwen14b,solar
0,0.0,2.2075055187637666e-06,2.2075055187637666e-06,-5.702722590140003e-07,-0.0005192124174891363,-0.0004354647434312362,-2.4460248152259e-06
1,-2.2075055187637666e-06,0.0,0.0,-2.777777777777767e-06,-0.0005214199230079,-0.00043767224895,-4.653530333989667e-06
2,-2.2075055187637666e-06,0.0,0.0,-2.777777777777767e-06,-0.0005214199230079,-0.00043767224895,-4.653530333989667e-06
3,5.702722590140003e-07,2.777777777777767e-06,2.777777777777767e-06,0.0,-0.0005186421452301222,-0.00043489447117222224,-1.8757525562118999e-06
4,0.0005192124174891363,0.0005214199230079,0.0005214199230079,0.0005186421452301222,0.0,8.37476740579e-05,0.0005167663926739103
5,0.0004354647434312362,0.00043767224895,0.00043767224895,0.00043489447117222224,-8.37476740579e-05,0.0,0.0004330187186160103
6,2.4460248152259e-06,4.653530333989667e-06,4.653530333989667e-06,1.8757525562118999e-06,-0.0005167663926739103,-0.0004330187186160103,0.0
