,zero_shot_baseline,in_context_learning_3-shot,style_information_style_example,chain_of_thought_zero_shot,chain_of_thought_one_shot,self-refine
0,0.0,7.751015650326334e-07,-3.7943222849584997e-06,1.1372590365700006e-07,2.451598586203668e-07,-4.806367825061866e-06
1,-7.751015650326334e-07,0.0,-4.569423849991133e-06,-6.613756613756333e-07,-5.299417064122666e-07,-5.5814693900945e-06
2,3.7943222849584997e-06,4.569423849991133e-06,0.0,3.9080481886154995e-06,4.039482143578867e-06,-1.012045540103367e-06
3,-1.1372590365700006e-07,6.613756613756333e-07,-3.9080481886154995e-06,0.0,1.3143395496336673e-07,-4.9200937287188665e-06
4,-2.451598586203668e-07,5.299417064122666e-07,-4.039482143578867e-06,-1.3143395496336673e-07,0.0,-5.051527683682234e-06
5,4.806367825061866e-06,5.5814693900945e-06,1.012045540103367e-06,4.9200937287188665e-06,5.051527683682234e-06,0.0
