,zero_shot_baseline,in_context_learning_3-shot,style_information_style_example,chain_of_thought_zero_shot,chain_of_thought_one_shot,self-refine
0,0.0,1528.3853888437584,1521.9896666666666,158.2876666666666,304.7703333333334,601.0266666666666
1,-1528.3853888437584,0.0,-6.395722177091784,-1370.0977221770918,-1223.615055510425,-927.3587221770917
2,-1521.9896666666666,6.395722177091784,0.0,-1363.702,-1217.2193333333332,-920.963
3,-158.2876666666666,1370.0977221770918,1363.702,0.0,146.48266666666677,442.73900000000003
4,-304.7703333333334,1223.615055510425,1217.2193333333332,-146.48266666666677,0.0,296.25633333333326
5,-601.0266666666666,927.3587221770917,920.963,-442.73900000000003,-296.25633333333326,0.0
