,zero_shot_baseline,in_context_learning_3-shot,style_information_style_example,chain_of_thought_zero_shot,chain_of_thought_one_shot,self-refine
0,0.0,-722.6876666666669,-876.012,-203.68766666666647,-541.9990000000003,-580.4933333333333
1,722.6876666666669,0.0,-153.32433333333302,519.0000000000005,180.68866666666668,142.1943333333336
2,876.012,153.32433333333302,0.0,672.3243333333335,334.0129999999997,295.5186666666666
3,203.68766666666647,-519.0000000000005,-672.3243333333335,0.0,-338.3113333333338,-376.80566666666687
4,541.9990000000003,-180.68866666666668,-334.0129999999997,338.3113333333338,0.0,-38.49433333333309
5,580.4933333333333,-142.1943333333336,-295.5186666666666,376.80566666666687,38.49433333333309,0.0
