,zero_shot_baseline,in_context_learning_3-shot,style_information_style_example,chain_of_thought_zero_shot,chain_of_thought_one_shot,self-refine
0,0.0,-412.66600000000005,-761.4143333333333,185.63966666666659,276.068,224.98133333333328
1,412.66600000000005,0.0,-348.7483333333332,598.3056666666666,688.734,637.6473333333333
2,761.4143333333333,348.7483333333332,0.0,947.0539999999999,1037.4823333333334,986.3956666666666
3,-185.63966666666659,-598.3056666666666,-947.0539999999999,0.0,90.4283333333334,39.3416666666667
4,-276.068,-688.734,-1037.4823333333334,-90.4283333333334,0.0,-51.0866666666667
5,-224.98133333333328,-637.6473333333333,-986.3956666666666,-39.3416666666667,51.0866666666667,0.0
