,zero_shot_baseline,in_context_learning_3-shot,style_information_style_example,chain_of_thought_zero_shot,chain_of_thought_one_shot,self-refine
0,0.0,-326.7456666666667,51.64333333333343,89.58266666666691,835.9603333333333,387.17933333333326
1,326.7456666666667,0.0,378.3890000000001,416.3283333333336,1162.7060000000001,713.925
2,-51.64333333333343,-378.3890000000001,0.0,37.93933333333348,784.3169999999999,335.53599999999983
3,-89.58266666666691,-416.3283333333336,-37.93933333333348,0.0,746.3776666666664,297.59666666666635
4,-835.9603333333333,-1162.7060000000001,-784.3169999999999,-746.3776666666664,0.0,-448.78100000000006
5,-387.17933333333326,-713.925,-335.53599999999983,-297.59666666666635,448.78100000000006,0.0
