,zero_shot_baseline,in_context_learning_3-shot,style_information_style_example,chain_of_thought_zero_shot,chain_of_thought_one_shot,self-refine
0,0.0,-973.7443333333334,-466.85366666666675,20.171666666666624,235.67633333333333,-106.42299999999989
1,973.7443333333334,0.0,506.8906666666667,993.916,1209.4206666666669,867.3213333333335
2,466.85366666666675,-506.8906666666667,0.0,487.0253333333334,702.5300000000001,360.43066666666687
3,-20.171666666666624,-993.916,-487.0253333333334,0.0,215.5046666666667,-126.59466666666651
4,-235.67633333333333,-1209.4206666666669,-702.5300000000001,-215.5046666666667,0.0,-342.0993333333332
5,106.42299999999989,-867.3213333333335,-360.43066666666687,126.59466666666651,342.0993333333332,0.0
