,zero_shot_baseline,in_context_learning_3-shot,style_information_style_example,chain_of_thought_zero_shot,chain_of_thought_one_shot,self-refine
0,0.0,403.8733333333332,520.4969999999998,57.755666666666684,163.13266666666664,228.83399999999983
1,-403.8733333333332,0.0,116.62366666666662,-346.11766666666654,-240.74066666666658,-175.0393333333334
2,-520.4969999999998,-116.62366666666662,0.0,-462.74133333333316,-357.3643333333332,-291.663
3,-57.755666666666684,346.11766666666654,462.74133333333316,0.0,105.37699999999995,171.07833333333315
4,-163.13266666666664,240.74066666666658,357.3643333333332,-105.37699999999995,0.0,65.7013333333332
5,-228.83399999999983,175.0393333333334,291.663,-171.07833333333315,-65.7013333333332,0.0
