,zero_shot_baseline,in_context_learning_3-shot,style_information_style_example,chain_of_thought_zero_shot,chain_of_thought_one_shot,self-refine
0,0.0,-1620.3233333333333,-663.5263333333334,43.581999999999994,-996.8963333333332,-78.8080000000001
1,1620.3233333333333,0.0,956.7969999999998,1663.9053333333331,623.4269999999999,1541.515333333333
2,663.5263333333334,-956.7969999999998,0.0,707.1083333333333,-333.3699999999999,584.7183333333332
3,-43.581999999999994,-1663.9053333333331,-707.1083333333333,0.0,-1040.4783333333332,-122.3900000000001
4,996.8963333333332,-623.4269999999999,333.3699999999999,1040.4783333333332,0.0,918.0883333333331
5,78.8080000000001,-1541.515333333333,-584.7183333333332,122.3900000000001,-918.0883333333331,0.0
