,zero_shot_baseline,in_context_learning_3-shot,style_information_style_example,chain_of_thought_zero_shot,chain_of_thought_one_shot,self-refine
0,0.0,-184.66392497499157,-299.4133333333333,2.7153333333333194,203.1006666666667,-103.3083333333334
1,184.66392497499157,0.0,-114.74940835834173,187.3792583083249,387.7645916416583,81.35559164165818
2,299.4133333333333,114.74940835834173,0.0,302.1286666666666,502.514,196.1049999999999
3,-2.7153333333333194,-187.3792583083249,-302.1286666666666,0.0,200.3853333333334,-106.02366666666671
4,-203.1006666666667,-387.7645916416583,-502.514,-200.3853333333334,0.0,-306.4090000000001
5,103.3083333333334,-81.35559164165818,-196.1049999999999,106.02366666666671,306.4090000000001,0.0
