,zero_shot_baseline,in_context_learning_3-shot,style_information_style_example,chain_of_thought_zero_shot,chain_of_thought_one_shot,self-refine
0,0.0,725.0900596865622,346.30166666666696,71.00900000000001,770.3626666666668,75.65166666666664
1,-725.0900596865622,0.0,-378.78839301989524,-654.0810596865622,45.27260698010457,-649.4383930198956
2,-346.30166666666696,378.78839301989524,0.0,-275.29266666666695,424.0609999999998,-270.6500000000003
3,-71.00900000000001,654.0810596865622,275.29266666666695,0.0,699.3536666666668,4.642666666666628
4,-770.3626666666668,-45.27260698010457,-424.0609999999998,-699.3536666666668,0.0,-694.7110000000001
5,-75.65166666666664,649.4383930198956,270.6500000000003,-4.642666666666628,694.7110000000001,0.0
