,zero_shot_baseline,in_context_learning_3-shot,style_information_style_example,chain_of_thought_zero_shot,chain_of_thought_one_shot,self-refine
0,0.0,589.3849999999998,685.4339999999997,5.1373333333331175,-614.3403333333331,693.5156666666667
1,-589.3849999999998,0.0,96.04899999999998,-584.2476666666666,-1203.7253333333329,104.13066666666691
2,-685.4339999999997,-96.04899999999998,0.0,-680.2966666666666,-1299.7743333333328,8.081666666666933
3,-5.1373333333331175,584.2476666666666,680.2966666666666,0.0,-619.4776666666662,688.3783333333336
4,614.3403333333331,1203.7253333333329,1299.7743333333328,619.4776666666662,0.0,1307.8559999999998
5,-693.5156666666667,-104.13066666666691,-8.081666666666933,-688.3783333333336,-1307.8559999999998,0.0
