,zero_shot_baseline,in_context_learning_3-shot,style_information_style_example,chain_of_thought_zero_shot,chain_of_thought_one_shot,self-refine
0,0.0,-1286.6085537401357,-550.1170000000002,197.6486666666667,-479.701,320.8703333333335
1,1286.6085537401357,0.0,736.4915537401355,1484.2572204068024,806.9075537401357,1607.4788870734692
2,550.1170000000002,-736.4915537401355,0.0,747.7656666666669,70.41600000000017,870.9873333333337
3,-197.6486666666667,-1484.2572204068024,-747.7656666666669,0.0,-677.3496666666667,123.2216666666668
4,479.701,-806.9075537401357,-70.41600000000017,677.3496666666667,0.0,800.5713333333335
5,-320.8703333333335,-1607.4788870734692,-870.9873333333337,-123.2216666666668,-800.5713333333335,0.0
