,mistral,deepseek,llama3.3,qwen72b,qwen32b,qwen14b,solar
0,0.0,-338.425666666667,216.48266666666643,-632.6640000000002,-680.481,-240.16433333333362,-562.4706666666668
1,338.425666666667,0.0,554.9083333333334,-294.23833333333323,-342.055333333333,98.26133333333337,-224.04499999999985
2,-216.48266666666643,-554.9083333333334,0.0,-849.1466666666666,-896.9636666666664,-456.64700000000005,-778.9533333333333
3,632.6640000000002,294.23833333333323,849.1466666666666,0.0,-47.81699999999978,392.4996666666666,70.19333333333338
4,680.481,342.055333333333,896.9636666666664,47.81699999999978,0.0,440.3166666666664,118.01033333333316
5,240.16433333333362,-98.26133333333337,456.64700000000005,-392.4996666666666,-440.3166666666664,0.0,-322.3063333333332
6,562.4706666666668,224.04499999999985,778.9533333333333,-70.19333333333338,-118.01033333333316,322.3063333333332,0.0
