,abstracts,news,reviews,qa
0,0.0,-1866.8179999999998,52.87599999999992,218.2906666666666
1,1866.8179999999998,0.0,1919.6939999999997,2085.1086666666665
2,-52.87599999999992,-1919.6939999999997,0.0,165.41466666666668
3,-218.2906666666666,-2085.1086666666665,-165.41466666666668,0.0
