,zero_shot_baseline,in_context_learning_3-shot,style_information_style_example,chain_of_thought_zero_shot,chain_of_thought_one_shot,self-refine
0,0.0,-753.5599579859957,-118.6293333333333,101.93166666666684,-552.3756666666668,181.26133333333337
1,753.5599579859957,0.0,634.9306246526623,855.4916246526625,201.18429131932885,934.821291319329
2,118.6293333333333,-634.9306246526623,0.0,220.56100000000015,-433.7463333333335,299.8906666666667
3,-101.93166666666684,-855.4916246526625,-220.56100000000015,0.0,-654.3073333333336,79.32966666666653
4,552.3756666666668,-201.18429131932885,433.7463333333335,654.3073333333336,0.0,733.6370000000002
5,-181.26133333333337,-934.821291319329,-299.8906666666667,-79.32966666666653,-733.6370000000002,0.0
