,abstracts,news,reviews,qa
0,0.0,20.231333333332714,-176.80500000000006,82.16399999999999
1,-20.231333333332714,0.0,-197.03633333333278,61.932666666667274
2,176.80500000000006,197.03633333333278,0.0,258.96900000000005
3,-82.16399999999999,-61.932666666667274,-258.96900000000005,0.0
