,zero_shot_baseline,in_context_learning_3-shot,style_information_style_example,chain_of_thought_zero_shot,chain_of_thought_one_shot,self-refine
0,0.0,253.31000000000006,372.54033333333336,241.8023333333333,164.92700000000002,382.315
1,-253.31000000000006,0.0,119.2303333333333,-11.50766666666675,-88.38300000000004,129.00499999999994
2,-372.54033333333336,-119.2303333333333,0.0,-130.73800000000006,-207.61333333333334,9.774666666666633
3,-241.8023333333333,11.50766666666675,130.73800000000006,0.0,-76.87533333333329,140.5126666666667
4,-164.92700000000002,88.38300000000004,207.61333333333334,76.87533333333329,0.0,217.38799999999998
5,-382.315,-129.00499999999994,-9.774666666666633,-140.5126666666667,-217.38799999999998,0.0
