,zero_shot_baseline,in_context_learning_3-shot,style_information_style_example,chain_of_thought_zero_shot,chain_of_thought_one_shot,self-refine
0,0.0,-156.99433333333332,34.192999999999984,109.96600000000001,-129.52133333333336,-266.7671347375459
1,156.99433333333332,0.0,191.1873333333333,266.9603333333333,27.472999999999956,-109.7728014042126
2,-34.192999999999984,-191.1873333333333,0.0,75.77300000000002,-163.71433333333334,-300.9601347375459
3,-109.96600000000001,-266.9603333333333,-75.77300000000002,0.0,-239.48733333333337,-376.7331347375459
4,129.52133333333336,-27.472999999999956,163.71433333333334,239.48733333333337,0.0,-137.24580140421256
5,266.7671347375459,109.7728014042126,300.9601347375459,376.7331347375459,137.24580140421256,0.0
