,zero_shot_baseline,in_context_learning_3-shot,style_information_style_example,chain_of_thought_zero_shot,chain_of_thought_one_shot,self-refine
0,0.0,2681.6880872513066,1963.9220000000005,219.01666666666733,-191.71433333333243,1369.5533333333337
1,-2681.6880872513066,0.0,-717.7660872513059,-2462.6714205846392,-2873.402420584639,-1312.1347539179726
2,-1963.9220000000005,717.7660872513059,0.0,-1744.9053333333331,-2155.636333333333,-594.3686666666667
3,-219.01666666666733,2462.6714205846392,1744.9053333333331,0.0,-410.73099999999977,1150.5366666666664
4,191.71433333333243,2873.402420584639,2155.636333333333,410.73099999999977,0.0,1561.2676666666662
5,-1369.5533333333337,1312.1347539179726,594.3686666666667,-1150.5366666666664,-1561.2676666666662,0.0
