,zero_shot_baseline,in_context_learning_3-shot,style_information_style_example,chain_of_thought_zero_shot,chain_of_thought_one_shot,self-refine
0,0.0,-1341.2841022904163,192.35833333333312,450.5569999999998,-128.75466666666694,614.6596666666665
1,1341.2841022904163,0.0,1533.6424356237494,1791.841102290416,1212.5294356237494,1955.9437689570827
2,-192.35833333333312,-1533.6424356237494,0.0,258.19866666666667,-321.11300000000006,422.30133333333333
3,-450.5569999999998,-1791.841102290416,-258.19866666666667,0.0,-579.3116666666667,164.10266666666666
4,128.75466666666694,-1212.5294356237494,321.11300000000006,579.3116666666667,0.0,743.4143333333334
5,-614.6596666666665,-1955.9437689570827,-422.30133333333333,-164.10266666666666,-743.4143333333334,0.0
