,zero_shot_baseline,in_context_learning_3-shot,style_information_style_example,chain_of_thought_zero_shot,chain_of_thought_one_shot,self-refine
0,0.0,95.65266666666673,51.755666666666684,128.44600000000003,190.40300000000002,345.17333333333335
1,-95.65266666666673,0.0,-43.89700000000005,32.793333333333294,94.75033333333329,249.5206666666666
2,-51.755666666666684,43.89700000000005,0.0,76.69033333333334,138.64733333333334,293.41766666666666
3,-128.44600000000003,-32.793333333333294,-76.69033333333334,0.0,61.956999999999994,216.72733333333332
4,-190.40300000000002,-94.75033333333329,-138.64733333333334,-61.956999999999994,0.0,154.77033333333333
5,-345.17333333333335,-249.5206666666666,-293.41766666666666,-216.72733333333332,-154.77033333333333,0.0
