,zero_shot_baseline,in_context_learning_3-shot,style_information_style_example,chain_of_thought_zero_shot,chain_of_thought_one_shot,self-refine
0,0.0,125.65300000000002,-69.43933333333337,262.294,208.687,381.70666666666665
1,-125.65300000000002,0.0,-195.09233333333339,136.64099999999996,83.03399999999999,256.05366666666663
2,69.43933333333337,195.09233333333339,0.0,331.73333333333335,278.1263333333334,451.146
3,-262.294,-136.64099999999996,-331.73333333333335,0.0,-53.60699999999997,119.41266666666667
4,-208.687,-83.03399999999999,-278.1263333333334,53.60699999999997,0.0,173.01966666666664
5,-381.70666666666665,-256.05366666666663,-451.146,-119.41266666666667,-173.01966666666664,0.0
