,zero_shot_baseline,in_context_learning_3-shot,style_information_style_example,chain_of_thought_zero_shot,chain_of_thought_one_shot,self-refine
0,0.0,449.7753333333334,449.9416666666667,238.2460000000001,277.0153333333334,227.0053333333334
1,-449.7753333333334,0.0,0.16633333333334122,-211.52933333333328,-172.76,-222.76999999999998
2,-449.9416666666667,-0.16633333333334122,0.0,-211.69566666666663,-172.92633333333333,-222.93633333333332
3,-238.2460000000001,211.52933333333328,211.69566666666663,0.0,38.76933333333329,-11.240666666666698
4,-277.0153333333334,172.76,172.92633333333333,-38.76933333333329,0.0,-50.00999999999999
5,-227.0053333333334,222.76999999999998,222.93633333333332,11.240666666666698,50.00999999999999,0.0
