,mistral,deepseek,llama3.3,qwen72b,qwen32b,qwen14b,solar
0,0.0,757.384,1508.2083333333333,-1300.777333333334,-3235.6436666666664,13.813333333333048,186.2453333333333
1,-757.384,0.0,750.8243333333332,-2058.161333333334,-3993.0276666666664,-743.570666666667,-571.1386666666667
2,-1508.2083333333333,-750.8243333333332,0.0,-2808.9856666666674,-4743.852,-1494.3950000000002,-1321.963
3,1300.777333333334,2058.161333333334,2808.9856666666674,0.0,-1934.8663333333325,1314.590666666667,1487.0226666666672
4,3235.6436666666664,3993.0276666666664,4743.852,1934.8663333333325,0.0,3249.4569999999994,3421.8889999999997
5,-13.813333333333048,743.570666666667,1494.3950000000002,-1314.590666666667,-3249.4569999999994,0.0,172.43200000000024
6,-186.2453333333333,571.1386666666667,1321.963,-1487.0226666666672,-3421.8889999999997,-172.43200000000024,0.0
