,zero_shot_baseline,in_context_learning_3-shot,style_information_style_example,chain_of_thought_zero_shot,chain_of_thought_one_shot,self-refine
0,0.0,-871.9543333333336,-604.7386666666669,-13.081333333333419,-286.9416666666668,-383.52433333333346
1,871.9543333333336,0.0,267.2156666666667,858.873,585.0126666666667,488.43000000000006
2,604.7386666666669,-267.2156666666667,0.0,591.6573333333333,317.797,221.21433333333334
3,13.081333333333419,-858.873,-591.6573333333333,0.0,-273.86033333333336,-370.44300000000004
4,286.9416666666668,-585.0126666666667,-317.797,273.86033333333336,0.0,-96.58266666666668
5,383.52433333333346,-488.43000000000006,-221.21433333333334,370.44300000000004,96.58266666666668,0.0
