,zero_shot_baseline,in_context_learning_3-shot,style_information_style_example,chain_of_thought_zero_shot,chain_of_thought_one_shot,self-refine
0,0.0,-1898.4299764129953,419.76800000000003,260.0160000000001,-315.99199999999996,428.22800000000007
1,1898.4299764129953,0.0,2318.1979764129956,2158.445976412995,1582.4379764129953,2326.6579764129956
2,-419.76800000000003,-2318.1979764129956,0.0,-159.75199999999995,-735.76,8.460000000000036
3,-260.0160000000001,-2158.445976412995,159.75199999999995,0.0,-576.008,168.212
4,315.99199999999996,-1582.4379764129953,735.76,576.008,0.0,744.22
5,-428.22800000000007,-2326.6579764129956,-8.460000000000036,-168.212,-744.22,0.0
