,abstracts,news,reviews,qa
0,0.0,1980.070333333333,-42.28233333333333,-259.3836666666666
1,-1980.070333333333,0.0,-2022.3526666666662,-2239.4539999999997
2,42.28233333333333,2022.3526666666662,0.0,-217.1013333333333
3,259.3836666666666,2239.4539999999997,217.1013333333333,0.0
