,zero_shot_baseline,in_context_learning_3-shot,style_information_style_example,chain_of_thought_zero_shot,chain_of_thought_one_shot,self-refine
0,0.0,4624.1016666666665,4097.090999999999,812.4406666666664,1349.8759999999993,4083.3809999999994
1,-4624.1016666666665,0.0,-527.0106666666668,-3811.661,-3274.225666666667,-540.7206666666668
2,-4097.090999999999,527.0106666666668,0.0,-3284.650333333333,-2747.215,-13.710000000000036
3,-812.4406666666664,3811.661,3284.650333333333,0.0,537.4353333333329,3270.940333333333
4,-1349.8759999999993,3274.225666666667,2747.215,-537.4353333333329,0.0,2733.505
5,-4083.3809999999994,540.7206666666668,13.710000000000036,-3270.940333333333,-2733.505,0.0
