,zero_shot_baseline,in_context_learning_3-shot,style_information_style_example,chain_of_thought_zero_shot,chain_of_thought_one_shot,self-refine
0,0.0,728.9583333333333,-137.5876666666668,-57.86933333333354,-636.1763333333333,362.34833333333313
1,-728.9583333333333,0.0,-866.546,-786.8276666666668,-1365.1346666666666,-366.6100000000001
2,137.5876666666668,866.546,0.0,79.71833333333325,-498.58866666666654,499.9359999999999
3,57.86933333333354,786.8276666666668,-79.71833333333325,0.0,-578.3069999999998,420.2176666666667
4,636.1763333333333,1365.1346666666666,498.58866666666654,578.3069999999998,0.0,998.5246666666665
5,-362.34833333333313,366.6100000000001,-499.9359999999999,-420.2176666666667,-998.5246666666665,0.0
