,zero_shot_baseline,in_context_learning_3-shot,style_information_style_example,chain_of_thought_zero_shot,chain_of_thought_one_shot,self-refine
0,0.0,-294.92499999999995,-319.7356666666667,170.19666666666672,626.8433333333334,373.0623333333333
1,294.92499999999995,0.0,-24.810666666666748,465.12166666666667,921.7683333333333,667.9873333333333
2,319.7356666666667,24.810666666666748,0.0,489.9323333333334,946.5790000000001,692.798
3,-170.19666666666672,-465.12166666666667,-489.9323333333334,0.0,456.64666666666665,202.86566666666658
4,-626.8433333333334,-921.7683333333333,-946.5790000000001,-456.64666666666665,0.0,-253.78100000000006
5,-373.0623333333333,-667.9873333333333,-692.798,-202.86566666666658,253.78100000000006,0.0
