,zero_shot_baseline,in_context_learning_3-shot,style_information_style_example,chain_of_thought_zero_shot,chain_of_thought_one_shot,self-refine
0,0.0,-0.06504638190125822,0.016936463078453534,0.007113073172695605,0.01644330650763126,0.04876871783670267
1,0.06504638190125822,0.0,0.08198284497971176,0.07215945507395383,0.08148968840888948,0.11381509973796089
2,-0.016936463078453534,-0.08198284497971176,0.0,-0.009823389905757929,-0.0004931565708222729,0.031832254758249134
3,-0.007113073172695605,-0.07215945507395383,0.009823389905757929,0.0,0.009330233334935656,0.04165564466400706
4,-0.01644330650763126,-0.08148968840888948,0.0004931565708222729,-0.009330233334935656,0.0,0.03232541132907141
5,-0.04876871783670267,-0.11381509973796089,-0.031832254758249134,-0.04165564466400706,-0.03232541132907141,0.0
