,zero_shot_baseline,in_context_learning_3-shot,style_information_style_example,chain_of_thought_zero_shot,chain_of_thought_one_shot,self-refine
0,0.0,-0.00315049204095752,-0.011521224376051298,-0.013523655918692756,0.003498031668731305,0.027500298563722603
1,0.00315049204095752,0.0,-0.008370732335093778,-0.010373163877735236,0.006648523709688825,0.030650790604680123
2,0.011521224376051298,0.008370732335093778,0.0,-0.0020024315426414585,0.015019256044782603,0.0390215229397739
3,0.013523655918692756,0.010373163877735236,0.0020024315426414585,0.0,0.01702168758742406,0.04102395448241536
4,-0.003498031668731305,-0.006648523709688825,-0.015019256044782603,-0.01702168758742406,0.0,0.024002266894991298
5,-0.027500298563722603,-0.030650790604680123,-0.0390215229397739,-0.04102395448241536,-0.024002266894991298,0.0
