,mistral,deepseek,llama3.3,qwen72b,qwen32b,qwen14b,solar
0,0.0,-0.013185403983792643,0.005333177124404287,0.0007856679665785293,-0.013858480779110893,-0.007857331694963943,-0.014931351298467677
1,0.013185403983792643,0.0,0.01851858110819693,0.013971071950371172,-0.0006730767953182504,0.0053280722888287,-0.0017459473146750337
2,-0.005333177124404287,-0.01851858110819693,0.0,-0.004547509157825758,-0.01919165790351518,-0.01319050881936823,-0.020264528422871964
3,-0.0007856679665785293,-0.013971071950371172,0.004547509157825758,0.0,-0.014644148745689423,-0.008642999661542472,-0.015717019265046206
4,0.013858480779110893,0.0006730767953182504,0.01919165790351518,0.014644148745689423,0.0,0.006001149084146951,-0.0010728705193567833
5,0.007857331694963943,-0.0053280722888287,0.01319050881936823,0.008642999661542472,-0.006001149084146951,0.0,-0.007074019603503734
6,0.014931351298467677,0.0017459473146750337,0.020264528422871964,0.015717019265046206,0.0010728705193567833,0.007074019603503734,0.0
