,zero_shot_baseline,in_context_learning_3-shot,style_information_style_example,chain_of_thought_zero_shot,chain_of_thought_one_shot,self-refine
0,0.0,0.026153955256049355,0.05483519820479488,0.00873769317594253,0.08033483726853385,0.08577876807756862
1,-0.026153955256049355,0.0,0.028681242948745522,-0.017416262080106826,0.0541808820124845,0.05962481282151927
2,-0.05483519820479488,-0.028681242948745522,0.0,-0.04609750502885235,0.025499639063738977,0.030943569872773746
3,-0.00873769317594253,0.017416262080106826,0.04609750502885235,0.0,0.07159714409259132,0.0770410749016261
4,-0.08033483726853385,-0.0541808820124845,-0.025499639063738977,-0.07159714409259132,0.0,0.005443930809034769
5,-0.08577876807756862,-0.05962481282151927,-0.030943569872773746,-0.0770410749016261,-0.005443930809034769,0.0
