,mistral,deepseek,llama3.3,qwen72b,qwen32b,qwen14b,solar
0,0.0,0.00036455956350145424,0.03492277879406125,0.012439329923231934,-0.10691676617096602,-0.04891882949027915,0.008545877282887138
1,-0.00036455956350145424,0.0,0.034558219230559795,0.01207477035973048,-0.10728132573446747,-0.0492833890537806,0.008181317719385683
2,-0.03492277879406125,-0.034558219230559795,0.0,-0.022483448870829315,-0.14183954496502726,-0.0838416082843404,-0.02637690151117411
3,-0.012439329923231934,-0.01207477035973048,0.022483448870829315,0.0,-0.11935609609419795,-0.06135815941351108,-0.0038934526403447967
4,0.10691676617096602,0.10728132573446747,0.14183954496502726,0.11935609609419795,0.0,0.05799793668068687,0.11546264345385315
5,0.04891882949027915,0.0492833890537806,0.0838416082843404,0.06135815941351108,-0.05799793668068687,0.0,0.057464706773166285
6,-0.008545877282887138,-0.008181317719385683,0.02637690151117411,0.0038934526403447967,-0.11546264345385315,-0.057464706773166285,0.0
