,zero_shot_baseline,in_context_learning_3-shot,style_information_style_example,chain_of_thought_zero_shot,chain_of_thought_one_shot,self-refine
0,0.0,0.0703086397358147,0.07670265736339177,0.012381809503272279,0.008228360773717025,0.07107216966252672
1,-0.0703086397358147,0.0,0.0063940176275770755,-0.057926830232542414,-0.06208027896209767,0.0007635299267120255
2,-0.07670265736339177,-0.0063940176275770755,0.0,-0.06432084786011949,-0.06847429658967474,-0.00563048770086505
3,-0.012381809503272279,0.057926830232542414,0.06432084786011949,0.0,-0.004153448729555254,0.05869036015925444
4,-0.008228360773717025,0.06208027896209767,0.06847429658967474,0.004153448729555254,0.0,0.0628438088888097
5,-0.07107216966252672,-0.0007635299267120255,0.00563048770086505,-0.05869036015925444,-0.0628438088888097,0.0
