,zero_shot_baseline,in_context_learning_3-shot,style_information_style_example,chain_of_thought_zero_shot,chain_of_thought_one_shot,self-refine
0,0.0,-0.03999117008581432,-0.0072068617664705625,-0.0027214879033020667,-0.0013122787326445007,0.009046649973814103
1,0.03999117008581432,0.0,0.03278430831934376,0.037269682182512254,0.03867889135316982,0.04903782005962842
2,0.0072068617664705625,-0.03278430831934376,0.0,0.004485373863168496,0.005894583033826062,0.016253511740284665
3,0.0027214879033020667,-0.037269682182512254,-0.004485373863168496,0.0,0.001409209170657566,0.01176813787711617
4,0.0013122787326445007,-0.03867889135316982,-0.005894583033826062,-0.001409209170657566,0.0,0.010358928706458603
5,-0.009046649973814103,-0.04903782005962842,-0.016253511740284665,-0.01176813787711617,-0.010358928706458603,0.0
