,zero_shot_baseline,in_context_learning_3-shot,style_information_style_example,chain_of_thought_zero_shot,chain_of_thought_one_shot,self-refine
0,0.0,-0.04492961565922682,0.009008640703953796,0.0032084867941406525,0.024845610915918748,0.0459627891447586
1,0.04492961565922682,0.0,0.053938256363180614,0.04813810245336747,0.06977522657514557,0.09089240480398542
2,-0.009008640703953796,-0.053938256363180614,0.0,-0.005800153909813144,0.01583697021196495,0.0369541484408048
3,-0.0032084867941406525,-0.04813810245336747,0.005800153909813144,0.0,0.021637124121778095,0.042754302350617945
4,-0.024845610915918748,-0.06977522657514557,-0.01583697021196495,-0.021637124121778095,0.0,0.02111717822883985
5,-0.0459627891447586,-0.09089240480398542,-0.0369541484408048,-0.042754302350617945,-0.02111717822883985,0.0
