,zero_shot_baseline,in_context_learning_3-shot,style_information_style_example,chain_of_thought_zero_shot,chain_of_thought_one_shot,self-refine
0,0.0,-0.0016525138370607761,0.0018096310027457818,0.001492906625681245,-0.013926718357456958,-0.0049629511587654385
1,0.0016525138370607761,0.0,0.003462144839806558,0.0031454204627420213,-0.012274204520396181,-0.0033104373217046623
2,-0.0018096310027457818,-0.003462144839806558,0.0,-0.0003167243770645367,-0.01573634936020274,-0.00677258216151122
3,-0.001492906625681245,-0.0031454204627420213,0.0003167243770645367,0.0,-0.015419624983138203,-0.006455857784446684
4,0.013926718357456958,0.012274204520396181,0.01573634936020274,0.015419624983138203,0.0,0.008963767198691519
5,0.0049629511587654385,0.0033104373217046623,0.00677258216151122,0.006455857784446684,-0.008963767198691519,0.0
