,zero_shot_baseline,in_context_learning_3-shot,style_information_style_example,chain_of_thought_zero_shot,chain_of_thought_one_shot,self-refine
0,0.0,-0.002641110649995726,-0.003956764589276962,-0.0012915720170301181,0.004022189100671536,0.025531874851691394
1,0.002641110649995726,0.0,-0.001315653939281236,0.0013495386329656078,0.006663299750667262,0.02817298550168712
2,0.003956764589276962,0.001315653939281236,0.0,0.002665192572246844,0.007978953689948498,0.029488639440968356
3,0.0012915720170301181,-0.0013495386329656078,-0.002665192572246844,0.0,0.005313761117701654,0.026823446868721512
4,-0.004022189100671536,-0.006663299750667262,-0.007978953689948498,-0.005313761117701654,0.0,0.021509685751019858
5,-0.025531874851691394,-0.02817298550168712,-0.029488639440968356,-0.026823446868721512,-0.021509685751019858,0.0
