,mistral,deepseek,llama3.3,qwen72b,qwen32b,qwen14b,solar
0,0.0,-0.006997336629942286,-0.01867584930147126,-0.00566659027168348,-0.03897604649588016,-0.027222654397760393,-0.019763979274883492
1,0.006997336629942286,0.0,-0.011678512671528973,0.0013307463582588053,-0.03197870986593787,-0.020225317767818107,-0.012766642644941206
2,0.01867584930147126,0.011678512671528973,0.0,0.013009259029787779,-0.020300197194408898,-0.008546805096289134,-0.001088129973412233
3,0.00566659027168348,-0.0013307463582588053,-0.013009259029787779,0.0,-0.033309456224196676,-0.021556064126076913,-0.014097389003200012
4,0.03897604649588016,0.03197870986593787,0.020300197194408898,0.033309456224196676,0.0,0.011753392098119764,0.019212067220996665
5,0.027222654397760393,0.020225317767818107,0.008546805096289134,0.021556064126076913,-0.011753392098119764,0.0,0.007458675122876901
6,0.019763979274883492,0.012766642644941206,0.001088129973412233,0.014097389003200012,-0.019212067220996665,-0.007458675122876901,0.0
