,zero_shot_baseline,in_context_learning_3-shot,style_information_style_example,chain_of_thought_zero_shot,chain_of_thought_one_shot,self-refine
0,0.0,0.008797394735607256,0.002244969291995358,-0.007818289593741534,-0.029501386688957965,-0.017105790530363096
1,-0.008797394735607256,0.0,-0.006552425443611898,-0.01661568432934879,-0.03829878142456522,-0.025903185265970352
2,-0.002244969291995358,0.006552425443611898,0.0,-0.010063258885736892,-0.03174635598095332,-0.019350759822358454
3,0.007818289593741534,0.01661568432934879,0.010063258885736892,0.0,-0.02168309709521643,-0.009287500936621562
4,0.029501386688957965,0.03829878142456522,0.03174635598095332,0.02168309709521643,0.0,0.012395596158594868
5,0.017105790530363096,0.025903185265970352,0.019350759822358454,0.009287500936621562,-0.012395596158594868,0.0
