,zero_shot_baseline,in_context_learning_3-shot,style_information_style_example,chain_of_thought_zero_shot,chain_of_thought_one_shot,self-refine
0,0.0,-0.010179810089451458,-0.010139708276505566,0.004815359906363947,-0.011200537996925553,-0.009349114931945679
1,0.010179810089451458,0.0,4.010181294589188e-05,0.014995169995815405,-0.001020727907474095,0.0008306951575057786
2,0.010139708276505566,-4.010181294589188e-05,0.0,0.014955068182869513,-0.0010608297204199868,0.0007905933445598867
3,-0.004815359906363947,-0.014995169995815405,-0.014955068182869513,0.0,-0.0160158979032895,-0.014164474838309626
4,0.011200537996925553,0.001020727907474095,0.0010608297204199868,0.0160158979032895,0.0,0.0018514230649798735
5,0.009349114931945679,-0.0008306951575057786,-0.0007905933445598867,0.014164474838309626,-0.0018514230649798735,0.0
