,zero_shot_baseline,in_context_learning_3-shot,style_information_style_example,chain_of_thought_zero_shot,chain_of_thought_one_shot,self-refine
0,0.0,-0.00550351707752994,-0.0025816659036018708,0.0005707838741508819,0.005868792431915626,0.04825610829376836
1,0.00550351707752994,0.0,0.0029218511739280695,0.006074300951680822,0.011372309509445566,0.0537596253712983
2,0.0025816659036018708,-0.0029218511739280695,0.0,0.0031524497777527527,0.008450458335517497,0.050837774197370234
3,-0.0005707838741508819,-0.006074300951680822,-0.0031524497777527527,0.0,0.005298008557764744,0.04768532441961748
4,-0.005868792431915626,-0.011372309509445566,-0.008450458335517497,-0.005298008557764744,0.0,0.04238731586185274
5,-0.04825610829376836,-0.0537596253712983,-0.050837774197370234,-0.04768532441961748,-0.04238731586185274,0.0
