,zero_shot_baseline,in_context_learning_3-shot,style_information_style_example,chain_of_thought_zero_shot,chain_of_thought_one_shot,self-refine
0,0.0,0.037629556490657357,0.04002343180333978,-0.001472696367599946,0.03037718084810581,0.04430950182568272
1,-0.037629556490657357,0.0,0.0023938753126824253,-0.0391022528582573,-0.007252375642551545,0.006679945335025361
2,-0.04002343180333978,-0.0023938753126824253,0.0,-0.04149612817093973,-0.00964625095523397,0.004286070022342936
3,0.001472696367599946,0.0391022528582573,0.04149612817093973,0.0,0.03184987721570576,0.045782198193282664
4,-0.03037718084810581,0.007252375642551545,0.00964625095523397,-0.03184987721570576,0.0,0.013932320977576906
5,-0.04430950182568272,-0.006679945335025361,-0.004286070022342936,-0.045782198193282664,-0.013932320977576906,0.0
