,abstracts,news,reviews,qa
0,0.0,0.0480968304216836,-0.009846700594787997,0.064532343622575
1,-0.0480968304216836,0.0,-0.057943531016471594,0.0164355132008914
2,0.009846700594787997,0.057943531016471594,0.0,0.074379044217363
3,-0.064532343622575,-0.0164355132008914,-0.074379044217363,0.0
