,zero_shot_baseline,in_context_learning_3-shot,style_information_style_example,chain_of_thought_zero_shot,chain_of_thought_one_shot,self-refine
0,0.0,-0.02014622131446886,0.002261172115251231,0.015328861880827604,0.004182761114888245,-0.007152505755585126
1,0.02014622131446886,0.0,0.02240739342972009,0.035475083195296464,0.024328982429357104,0.012993715558883734
2,-0.002261172115251231,-0.02240739342972009,0.0,0.013067689765576374,0.001921588999637014,-0.009413677870836357
3,-0.015328861880827604,-0.035475083195296464,-0.013067689765576374,0.0,-0.01114610076593936,-0.02248136763641273
4,-0.004182761114888245,-0.024328982429357104,-0.001921588999637014,0.01114610076593936,0.0,-0.01133526687047337
5,0.007152505755585126,-0.012993715558883734,0.009413677870836357,0.02248136763641273,0.01133526687047337,0.0
