,zero_shot_baseline,in_context_learning_3-shot,style_information_style_example,chain_of_thought_zero_shot,chain_of_thought_one_shot,self-refine
0,0.0,0.005519549286828185,0.0047342384336676036,0.002695476012896325,0.003625848994963543,0.004366924413333195
1,-0.005519549286828185,0.0,-0.0007853108531605812,-0.0028240732739318597,-0.0018937002918646417,-0.0011526248734949895
2,-0.0047342384336676036,0.0007853108531605812,0.0,-0.0020387624207712784,-0.0011083894387040605,-0.0003673140203344083
3,-0.002695476012896325,0.0028240732739318597,0.0020387624207712784,0.0,0.000930372982067218,0.0016714484004368702
4,-0.003625848994963543,0.0018937002918646417,0.0011083894387040605,-0.000930372982067218,0.0,0.0007410754183696522
5,-0.004366924413333195,0.0011526248734949895,0.0003673140203344083,-0.0016714484004368702,-0.0007410754183696522,0.0
