,zero_shot_baseline,in_context_learning_3-shot,style_information_style_example,chain_of_thought_zero_shot,chain_of_thought_one_shot,self-refine
0,0.0,0.006071154559050607,0.004661500530711127,0.006482335575548337,-0.003466202934230833,0.01019106910592582
1,-0.006071154559050607,0.0,-0.0014096540283394798,0.0004111810164977303,-0.00953735749328144,0.004119914546875214
2,-0.004661500530711127,0.0014096540283394798,0.0,0.0018208350448372101,-0.00812770346494196,0.005529568575214694
3,-0.006482335575548337,-0.0004111810164977303,-0.0018208350448372101,0.0,-0.00994853850977917,0.0037087335303774838
4,0.003466202934230833,0.00953735749328144,0.00812770346494196,0.00994853850977917,0.0,0.013657272040156654
5,-0.01019106910592582,-0.004119914546875214,-0.005529568575214694,-0.0037087335303774838,-0.013657272040156654,0.0
