,zero_shot_baseline,in_context_learning_3-shot,style_information_style_example,chain_of_thought_zero_shot,chain_of_thought_one_shot,self-refine
0,0.0,0.0009006487519395145,0.004619626406880961,-0.003131668819671418,0.006018818019803418,-0.005152519988863347
1,-0.0009006487519395145,0.0,0.0037189776549414466,-0.004032317571610933,0.0051181692678639035,-0.006053168740802861
2,-0.004619626406880961,-0.0037189776549414466,0.0,-0.007751295226552379,0.0013991916129224569,-0.009772146395744308
3,0.003131668819671418,0.004032317571610933,0.007751295226552379,0.0,0.009150486839474836,-0.0020208511691919284
4,-0.006018818019803418,-0.0051181692678639035,-0.0013991916129224569,-0.009150486839474836,0.0,-0.011171338008666765
5,0.005152519988863347,0.006053168740802861,0.009772146395744308,0.0020208511691919284,0.011171338008666765,0.0
