,abstracts,news,reviews,qa
0,0.0,0.016842140005313595,0.012497237084374599,0.06286725487586199
1,-0.016842140005313595,0.0,-0.004344902920938996,0.046025114870548396
2,-0.012497237084374599,0.004344902920938996,0.0,0.05037001779148739
3,-0.06286725487586199,-0.046025114870548396,-0.05037001779148739,0.0
