,abstracts,news,reviews,qa
0,0.0,-0.0797328746654481,-0.01613705791130131,0.0593505255969554
1,0.0797328746654481,0.0,0.06359581675414679,0.13908340026240348
2,0.01613705791130131,-0.06359581675414679,0.0,0.07548758350825671
3,-0.0593505255969554,-0.13908340026240348,-0.07548758350825671,0.0
