,zero_shot_baseline,in_context_learning_3-shot,style_information_style_example,chain_of_thought_zero_shot,chain_of_thought_one_shot,self-refine
0,0.0,-0.07435074864770708,0.013877927041454408,0.004723866670383159,0.00698058440884719,0.03498538417456898
1,0.07435074864770708,0.0,0.08822867568916148,0.07907461531809024,0.08133133305655427,0.10933613282227606
2,-0.013877927041454408,-0.08822867568916148,0.0,-0.009154060371071249,-0.006897342632607217,0.02110745713311457
3,-0.004723866670383159,-0.07907461531809024,0.009154060371071249,0.0,0.0022567177384640313,0.03026151750418582
4,-0.00698058440884719,-0.08133133305655427,0.006897342632607217,-0.0022567177384640313,0.0,0.02800479976572179
5,-0.03498538417456898,-0.10933613282227606,-0.02110745713311457,-0.03026151750418582,-0.02800479976572179,0.0
