,zero_shot_baseline,in_context_learning_3-shot,style_information_style_example,chain_of_thought_zero_shot,chain_of_thought_one_shot,self-refine
0,0.0,-0.014644189949087005,-0.0064747751721943025,0.0022614654456960537,0.0012656732243917501,0.008470487199288779
1,0.014644189949087005,0.0,0.008169414776892703,0.01690565539478306,0.015909863173478755,0.023114677148375784
2,0.0064747751721943025,-0.008169414776892703,0.0,0.008736240617890356,0.007740448396586053,0.014945262371483081
3,-0.0022614654456960537,-0.01690565539478306,-0.008736240617890356,0.0,-0.0009957922213043036,0.006209021753592725
4,-0.0012656732243917501,-0.015909863173478755,-0.007740448396586053,0.0009957922213043036,0.0,0.007204813974897029
5,-0.008470487199288779,-0.023114677148375784,-0.014945262371483081,-0.006209021753592725,-0.007204813974897029,0.0
