,zero_shot_baseline,in_context_learning_3-shot,style_information_style_example,chain_of_thought_zero_shot,chain_of_thought_one_shot,self-refine
0,0.0,0.00015765932709221886,0.01950761646835919,-0.0015620593243015346,0.03715381184341082,-0.016329522508937933
1,-0.00015765932709221886,0.0,0.01934995714126697,-0.0017197186513937535,0.0369961525163186,-0.01648718183603015
2,-0.01950761646835919,-0.01934995714126697,0.0,-0.021069675792660725,0.017646195375051632,-0.03583713897729712
3,0.0015620593243015346,0.0017197186513937535,0.021069675792660725,0.0,0.03871587116771236,-0.014767463184636398
4,-0.03715381184341082,-0.0369961525163186,-0.017646195375051632,-0.03871587116771236,0.0,-0.053483334352348755
5,0.016329522508937933,0.01648718183603015,0.03583713897729712,0.014767463184636398,0.053483334352348755,0.0
