,zero_shot_baseline,in_context_learning_3-shot,style_information_style_example,chain_of_thought_zero_shot,chain_of_thought_one_shot,self-refine
0,0.0,0.0006990462103595441,-0.015144645456244499,0.010254456927256905,-0.005734471199822511,-0.010527463622854616
1,-0.0006990462103595441,0.0,-0.015843691666604043,0.009555410716897361,-0.006433517410182055,-0.01122650983321416
2,0.015144645456244499,0.015843691666604043,0.0,0.025399102383501404,0.009410174256421988,0.004617181833389883
3,-0.010254456927256905,-0.009555410716897361,-0.025399102383501404,0.0,-0.015988928127079416,-0.02078192055011152
4,0.005734471199822511,0.006433517410182055,-0.009410174256421988,0.015988928127079416,0.0,-0.004792992423032105
5,0.010527463622854616,0.01122650983321416,-0.004617181833389883,0.02078192055011152,0.004792992423032105,0.0
