,zero_shot_baseline,in_context_learning_3-shot,style_information_style_example,chain_of_thought_zero_shot,chain_of_thought_one_shot,self-refine
0,0.0,-0.004155295109278256,0.011312636064307324,0.0018229337888618913,0.006242880635003445,-0.015063309545218617
1,0.004155295109278256,0.0,0.01546793117358558,0.005978228898140148,0.010398175744281701,-0.01090801443594036
2,-0.011312636064307324,-0.01546793117358558,0.0,-0.009489702275445433,-0.005069755429303879,-0.02637594560952594
3,-0.0018229337888618913,-0.005978228898140148,0.009489702275445433,0.0,0.004419946846141554,-0.01688624333408051
4,-0.006242880635003445,-0.010398175744281701,0.005069755429303879,-0.004419946846141554,0.0,-0.021306190180222062
5,0.015063309545218617,0.01090801443594036,0.02637594560952594,0.01688624333408051,0.021306190180222062,0.0
