,abstracts,news,reviews,qa
0,0.0,0.0045730916016831005,-0.017877731514171304,0.0389445445155781
1,-0.0045730916016831005,0.0,-0.022450823115854404,0.034371452913895
2,0.017877731514171304,0.022450823115854404,0.0,0.0568222760297494
3,-0.0389445445155781,-0.034371452913895,-0.0568222760297494,0.0
