,zero_shot_baseline,in_context_learning_3-shot,style_information_style_example,chain_of_thought_zero_shot,chain_of_thought_one_shot,self-refine
0,0.0,-0.04688714428818275,-0.014496480779675469,0.002419599918658921,-0.008832455532664985,-0.009776733674403348
1,0.04688714428818275,0.0,0.03239066350850728,0.04930674420684167,0.03805468875551776,0.0371104106137794
2,0.014496480779675469,-0.03239066350850728,0.0,0.01691608069833439,0.005664025247010485,0.004719747105272121
3,-0.002419599918658921,-0.04930674420684167,-0.01691608069833439,0.0,-0.011252055451323906,-0.01219633359306227
4,0.008832455532664985,-0.03805468875551776,-0.005664025247010485,0.011252055451323906,0.0,-0.0009442781417383639
5,0.009776733674403348,-0.0371104106137794,-0.004719747105272121,0.01219633359306227,0.0009442781417383639,0.0
