,zero_shot_baseline,in_context_learning_3-shot,style_information_style_example,chain_of_thought_zero_shot,chain_of_thought_one_shot,self-refine
0,0.0,-0.023937604215420127,-0.00027073429062762777,-0.0011649203080827952,0.0022460004343094475,0.009052139321971353
1,0.023937604215420127,0.0,0.0236668699247925,0.022772683907337332,0.026183604649729575,0.03298974353739148
2,0.00027073429062762777,-0.0236668699247925,0.0,-0.0008941860174551675,0.0025167347249370753,0.00932287361259898
3,0.0011649203080827952,-0.022772683907337332,0.0008941860174551675,0.0,0.0034109207423922427,0.010217059630054148
4,-0.0022460004343094475,-0.026183604649729575,-0.0025167347249370753,-0.0034109207423922427,0.0,0.0068061388876619056
5,-0.009052139321971353,-0.03298974353739148,-0.00932287361259898,-0.010217059630054148,-0.0068061388876619056,0.0
