,zero_shot_baseline,in_context_learning_3-shot,style_information_style_example,chain_of_thought_zero_shot,chain_of_thought_one_shot,self-refine
0,0.0,-0.062454736224232255,-0.03125266120624082,-0.0004180064210388412,-0.022359086303965325,-0.019222537598313383
1,0.062454736224232255,0.0,0.031202075017991437,0.06203672980319341,0.04009564992026693,0.04323219862591887
2,0.03125266120624082,-0.031202075017991437,0.0,0.030834654785201976,0.008893574902275492,0.012030123607927434
3,0.0004180064210388412,-0.06203672980319341,-0.030834654785201976,0.0,-0.021941079882926484,-0.01880453117727454
4,0.022359086303965325,-0.04009564992026693,-0.008893574902275492,0.021941079882926484,0.0,0.0031365487056519425
5,0.019222537598313383,-0.04323219862591887,-0.012030123607927434,0.01880453117727454,-0.0031365487056519425,0.0
