,zero_shot_baseline,in_context_learning_3-shot,style_information_style_example,chain_of_thought_zero_shot,chain_of_thought_one_shot,self-refine
0,0.0,0.011006835206628374,-0.002616596457967524,0.015214407559019372,-0.0036510824665318964,0.018433022335647253
1,-0.011006835206628374,0.0,-0.013623431664595897,0.004207572352390998,-0.01465791767316027,0.00742618712901888
2,0.002616596457967524,0.013623431664595897,0.0,0.017831004016986896,-0.0010344860085643726,0.021049618793614777
3,-0.015214407559019372,-0.004207572352390998,-0.017831004016986896,0.0,-0.018865490025551268,0.0032186147766278816
4,0.0036510824665318964,0.01465791767316027,0.0010344860085643726,0.018865490025551268,0.0,0.02208410480217915
5,-0.018433022335647253,-0.00742618712901888,-0.021049618793614777,-0.0032186147766278816,-0.02208410480217915,0.0
