,zero_shot_baseline,in_context_learning_3-shot,style_information_style_example,chain_of_thought_zero_shot,chain_of_thought_one_shot,self-refine
0,0.0,0.2343084112149536,1.6540000000000001,0.6676666666666669,0.8723333333333334,1.9330000000000003
1,-0.2343084112149536,0.0,1.4196915887850465,0.43335825545171325,0.6380249221183798,1.6986915887850467
2,-1.6540000000000001,-1.4196915887850465,0.0,-0.9863333333333333,-0.7816666666666667,0.279
3,-0.6676666666666669,-0.43335825545171325,0.9863333333333333,0.0,0.20466666666666655,1.2653333333333334
4,-0.8723333333333334,-0.6380249221183798,0.7816666666666667,-0.20466666666666655,0.0,1.0606666666666666
5,-1.9330000000000003,-1.6986915887850467,-0.279,-1.2653333333333334,-1.0606666666666666,0.0
