,mistral,deepseek,llama3.3,qwen72b,qwen32b,qwen14b,solar
0,0.0,-0.8426666666666668,-0.07666666666666666,-2.0763333333333334,-2.246,-0.8590000000000001,-1.3633333333333333
1,0.8426666666666668,0.0,0.7660000000000001,-1.2336666666666667,-1.4033333333333333,-0.01633333333333331,-0.5206666666666666
2,0.07666666666666666,-0.7660000000000001,0.0,-1.9996666666666667,-2.1693333333333333,-0.7823333333333334,-1.2866666666666666
3,2.0763333333333334,1.2336666666666667,1.9996666666666667,0.0,-0.16966666666666663,1.2173333333333334,0.7130000000000001
4,2.246,1.4033333333333333,2.1693333333333333,0.16966666666666663,0.0,1.387,0.8826666666666667
5,0.8590000000000001,0.01633333333333331,0.7823333333333334,-1.2173333333333334,-1.387,0.0,-0.5043333333333333
6,1.3633333333333333,0.5206666666666666,1.2866666666666666,-0.7130000000000001,-0.8826666666666667,0.5043333333333333,0.0
