,zero_shot_baseline,in_context_learning_3-shot,style_information_style_example,chain_of_thought_zero_shot,chain_of_thought_one_shot,self-refine
0,0.0,2.308205624096921,1.608333333333333,0.152333333333333,0.5616666666666665,2.434333333333333
1,-2.308205624096921,0.0,-0.6998722907635881,-2.155872290763588,-1.7465389574302546,0.12612770923641214
2,-1.608333333333333,0.6998722907635881,0.0,-1.456,-1.0466666666666664,0.8260000000000003
3,-0.152333333333333,2.155872290763588,1.456,0.0,0.40933333333333355,2.282
4,-0.5616666666666665,1.7465389574302546,1.0466666666666664,-0.40933333333333355,0.0,1.8726666666666667
5,-2.434333333333333,-0.12612770923641214,-0.8260000000000003,-2.282,-1.8726666666666667,0.0
