,abstracts,news,reviews,qa
0,0.0,1.352,-0.8476666666666666,-0.9549999999999998
1,-1.352,0.0,-2.1996666666666664,-2.307
2,0.8476666666666666,2.1996666666666664,0.0,-0.10733333333333328
3,0.9549999999999998,2.307,0.10733333333333328,0.0
