,zero_shot_baseline,in_context_learning_3-shot,style_information_style_example,chain_of_thought_zero_shot,chain_of_thought_one_shot,self-refine
0,0.0,0.855,1.2673333333333334,0.248,0.9103333333333334,1.594
1,-0.855,0.0,0.41233333333333344,-0.607,0.055333333333333456,0.7390000000000001
2,-1.2673333333333334,-0.41233333333333344,0.0,-1.0193333333333334,-0.357,0.3266666666666666
3,-0.248,0.607,1.0193333333333334,0.0,0.6623333333333334,1.346
4,-0.9103333333333334,-0.055333333333333456,0.357,-0.6623333333333334,0.0,0.6836666666666666
5,-1.594,-0.7390000000000001,-0.3266666666666666,-1.346,-0.6836666666666666,0.0
