,zero_shot_baseline,in_context_learning_3-shot,style_information_style_example,chain_of_thought_zero_shot,chain_of_thought_one_shot,self-refine
0,0.0,0.488,0.7536666666666665,0.026000000000000245,-0.42666666666666675,1.0643333333333334
1,-0.488,0.0,0.2656666666666665,-0.46199999999999974,-0.9146666666666667,0.5763333333333334
2,-0.7536666666666665,-0.2656666666666665,0.0,-0.7276666666666662,-1.1803333333333332,0.31066666666666687
3,-0.026000000000000245,0.46199999999999974,0.7276666666666662,0.0,-0.452666666666667,1.038333333333333
4,0.42666666666666675,0.9146666666666667,1.1803333333333332,0.452666666666667,0.0,1.491
5,-1.0643333333333334,-0.5763333333333334,-0.31066666666666687,-1.038333333333333,-1.491,0.0
