,zero_shot_baseline,in_context_learning_3-shot,style_information_style_example,chain_of_thought_zero_shot,chain_of_thought_one_shot,self-refine
0,0.0,-0.309840168945204,-0.1203333333333334,0.028000000000000025,0.01733333333333331,0.062
1,0.309840168945204,0.0,0.1895068356118706,0.337840168945204,0.3271735022785373,0.371840168945204
2,0.1203333333333334,-0.1895068356118706,0.0,0.14833333333333343,0.13766666666666671,0.1823333333333334
3,-0.028000000000000025,-0.337840168945204,-0.14833333333333343,0.0,-0.010666666666666713,0.033999999999999975
4,-0.01733333333333331,-0.3271735022785373,-0.13766666666666671,0.010666666666666713,0.0,0.04466666666666669
5,-0.062,-0.371840168945204,-0.1823333333333334,-0.033999999999999975,-0.04466666666666669,0.0
