,zero_shot_baseline,in_context_learning_3-shot,style_information_style_example,chain_of_thought_zero_shot,chain_of_thought_one_shot,self-refine
0,0.0,-0.5536666666666668,-1.3533333333333333,-0.445,-2.0203333333333333,-0.2933333333333334
1,0.5536666666666668,0.0,-0.7996666666666666,0.10866666666666669,-1.4666666666666668,0.2603333333333333
2,1.3533333333333333,0.7996666666666666,0.0,0.9083333333333333,-0.667,1.06
3,0.445,-0.10866666666666669,-0.9083333333333333,0.0,-1.5753333333333335,0.15166666666666662
4,2.0203333333333333,1.4666666666666668,0.667,1.5753333333333335,0.0,1.7269999999999999
5,0.2933333333333334,-0.2603333333333333,-1.06,-0.15166666666666662,-1.7269999999999999,0.0
