,zero_shot_baseline,in_context_learning_3-shot,style_information_style_example,chain_of_thought_zero_shot,chain_of_thought_one_shot,self-refine
0,0.0,-0.20500000000000002,0.03233333333333338,0.0586666666666667,-0.21733333333333332,-0.02111066532932132
1,0.20500000000000002,0.0,0.2373333333333334,0.2636666666666667,-0.012333333333333307,0.1838893346706787
2,-0.03233333333333338,-0.2373333333333334,0.0,0.02633333333333332,-0.2496666666666667,-0.0534439986626547
3,-0.0586666666666667,-0.2636666666666667,-0.02633333333333332,0.0,-0.276,-0.07977733199598802
4,0.21733333333333332,0.012333333333333307,0.2496666666666667,0.276,0.0,0.196222668004012
5,0.02111066532932132,-0.1838893346706787,0.0534439986626547,0.07977733199598802,-0.196222668004012,0.0
