,zero_shot_baseline,in_context_learning_3-shot,style_information_style_example,chain_of_thought_zero_shot,chain_of_thought_one_shot,self-refine
0,0.0,5.3740000000000006,4.402333333333333,0.5146666666666668,2.449,6.105666666666667
1,-5.3740000000000006,0.0,-0.9716666666666667,-4.859333333333334,-2.9250000000000003,0.7316666666666666
2,-4.402333333333333,0.9716666666666667,0.0,-3.8876666666666666,-1.9533333333333336,1.7033333333333331
3,-0.5146666666666668,4.859333333333334,3.8876666666666666,0.0,1.934333333333333,5.591
4,-2.449,2.9250000000000003,1.9533333333333336,-1.934333333333333,0.0,3.6566666666666667
5,-6.105666666666667,-0.7316666666666666,-1.7033333333333331,-5.591,-3.6566666666666667,0.0
