,mistral,deepseek,llama3.3,qwen72b,qwen32b,qwen14b,solar
0,0.0,-0.045666666666666605,0.0956666666666667,-0.492,-0.8029999999999999,-0.45566666666666666,-0.33399999999999996
1,0.045666666666666605,0.0,0.1413333333333333,-0.4463333333333334,-0.7573333333333334,-0.4100000000000001,-0.2883333333333334
2,-0.0956666666666667,-0.1413333333333333,0.0,-0.5876666666666668,-0.8986666666666667,-0.5513333333333335,-0.4296666666666667
3,0.492,0.4463333333333334,0.5876666666666668,0.0,-0.31099999999999994,0.03633333333333333,0.15800000000000003
4,0.8029999999999999,0.7573333333333334,0.8986666666666667,0.31099999999999994,0.0,0.34733333333333327,0.469
5,0.45566666666666666,0.4100000000000001,0.5513333333333335,-0.03633333333333333,-0.34733333333333327,0.0,0.1216666666666667
6,0.33399999999999996,0.2883333333333334,0.4296666666666667,-0.15800000000000003,-0.469,-0.1216666666666667,0.0
