,zero_shot_baseline,in_context_learning_3-shot,style_information_style_example,chain_of_thought_zero_shot,chain_of_thought_one_shot,self-refine
0,0.0,-0.038999999999999924,-0.1403333333333333,0.10899999999999999,0.45200000000000007,0.505
1,0.038999999999999924,0.0,-0.10133333333333339,0.1479999999999999,0.491,0.5439999999999999
2,0.1403333333333333,0.10133333333333339,0.0,0.2493333333333333,0.5923333333333334,0.6453333333333333
3,-0.10899999999999999,-0.1479999999999999,-0.2493333333333333,0.0,0.3430000000000001,0.396
4,-0.45200000000000007,-0.491,-0.5923333333333334,-0.3430000000000001,0.0,0.05299999999999999
5,-0.505,-0.5439999999999999,-0.6453333333333333,-0.396,-0.05299999999999999,0.0
