,zero_shot_baseline,in_context_learning_3-shot,style_information_style_example,chain_of_thought_zero_shot,chain_of_thought_one_shot,self-refine
0,0.0,-1.2276666666666665,-1.8056666666666663,-0.22833333333333317,-0.2866666666666665,-1.7040000000000002
1,1.2276666666666665,0.0,-0.5779999999999998,0.9993333333333332,0.9409999999999998,-0.4763333333333337
2,1.8056666666666663,0.5779999999999998,0.0,1.577333333333333,1.5189999999999997,0.10166666666666613
3,0.22833333333333317,-0.9993333333333332,-1.577333333333333,0.0,-0.05833333333333335,-1.475666666666667
4,0.2866666666666665,-0.9409999999999998,-1.5189999999999997,0.05833333333333335,0.0,-1.4173333333333336
5,1.7040000000000002,0.4763333333333337,-0.10166666666666613,1.475666666666667,1.4173333333333336,0.0
