,zero_shot_baseline,in_context_learning_3-shot,style_information_style_example,chain_of_thought_zero_shot,chain_of_thought_one_shot,self-refine
0,0.0,-0.681,-0.8180000000000001,-0.067,-1.808,-0.6426666666666667
1,0.681,0.0,-0.137,0.614,-1.127,0.03833333333333333
2,0.8180000000000001,0.137,0.0,0.751,-0.99,0.17533333333333334
3,0.067,-0.614,-0.751,0.0,-1.741,-0.5756666666666667
4,1.808,1.127,0.99,1.741,0.0,1.1653333333333333
5,0.6426666666666667,-0.03833333333333333,-0.17533333333333334,0.5756666666666667,-1.1653333333333333,0.0
