,zero_shot_baseline,in_context_learning_3-shot,style_information_style_example,chain_of_thought_zero_shot,chain_of_thought_one_shot,self-refine
0,0.0,-0.3456666666666667,-0.863,0.21666666666666667,0.203,0.4963333333333334
1,0.3456666666666667,0.0,-0.5173333333333333,0.5623333333333334,0.5486666666666666,0.8420000000000001
2,0.863,0.5173333333333333,0.0,1.0796666666666668,1.066,1.3593333333333333
3,-0.21666666666666667,-0.5623333333333334,-1.0796666666666668,0.0,-0.01366666666666666,0.27966666666666673
4,-0.203,-0.5486666666666666,-1.066,0.01366666666666666,0.0,0.2933333333333334
5,-0.4963333333333334,-0.8420000000000001,-1.3593333333333333,-0.27966666666666673,-0.2933333333333334,0.0
