,zero_shot_baseline,in_context_learning_3-shot,style_information_style_example,chain_of_thought_zero_shot,chain_of_thought_one_shot,self-refine
0,0.0,0.3372764064932179,1.0576666666666668,0.9493333333333336,1.1196666666666668,2.168
1,-0.3372764064932179,0.0,0.7203902601734489,0.6120569268401157,0.7823902601734489,1.8307235935067823
2,-1.0576666666666668,-0.7203902601734489,0.0,-0.10833333333333317,0.062000000000000055,1.1103333333333332
3,-0.9493333333333336,-0.6120569268401157,0.10833333333333317,0.0,0.17033333333333323,1.2186666666666666
4,-1.1196666666666668,-0.7823902601734489,-0.062000000000000055,-0.17033333333333323,0.0,1.0483333333333333
5,-2.168,-1.8307235935067823,-1.1103333333333332,-1.2186666666666666,-1.0483333333333333,0.0
