,abstracts,news,reviews,qa
0,0.0,2.4343333333333335,-0.05066666666666675,0.022333333333333205
1,-2.4343333333333335,0.0,-2.4850000000000003,-2.4120000000000004
2,0.05066666666666675,2.4850000000000003,0.0,0.07299999999999995
3,-0.022333333333333205,2.4120000000000004,-0.07299999999999995,0.0
