,zero_shot_baseline,in_context_learning_3-shot,style_information_style_example,chain_of_thought_zero_shot,chain_of_thought_one_shot,self-refine
0,0.0,2.1045431898185756,2.0513333333333335,0.3273333333333337,1.3693333333333333,2.316
1,-2.1045431898185756,0.0,-0.053209856485242346,-1.777209856485242,-0.7352098564852425,0.21145681018142426
2,-2.0513333333333335,0.053209856485242346,0.0,-1.7239999999999998,-0.6820000000000002,0.2646666666666666
3,-0.3273333333333337,1.777209856485242,1.7239999999999998,0.0,1.0419999999999996,1.9886666666666664
4,-1.3693333333333333,0.7352098564852425,0.6820000000000002,-1.0419999999999996,0.0,0.9466666666666668
5,-2.316,-0.21145681018142426,-0.2646666666666666,-1.9886666666666664,-0.9466666666666668,0.0
