,zero_shot_baseline,in_context_learning_3-shot,style_information_style_example,chain_of_thought_zero_shot,chain_of_thought_one_shot,self-refine
0,0.0,0.2703333333333332,-0.05266666666666686,0.17199999999999993,-0.12233333333333318,1.0033333333333334
1,-0.2703333333333332,0.0,-0.32300000000000006,-0.09833333333333327,-0.3926666666666664,0.7330000000000001
2,0.05266666666666686,0.32300000000000006,0.0,0.2246666666666668,-0.06966666666666632,1.056
3,-0.17199999999999993,0.09833333333333327,-0.2246666666666668,0.0,-0.2943333333333331,0.8313333333333334
4,0.12233333333333318,0.3926666666666664,0.06966666666666632,0.2943333333333331,0.0,1.1256666666666666
5,-1.0033333333333334,-0.7330000000000001,-1.056,-0.8313333333333334,-1.1256666666666666,0.0
