,zero_shot_baseline,in_context_learning_3-shot,style_information_style_example,chain_of_thought_zero_shot,chain_of_thought_one_shot,self-refine
0,0.0,2.0970000000000004,1.012,-0.13133333333333308,1.0646666666666667,2.986666666666667
1,-2.0970000000000004,0.0,-1.0850000000000002,-2.2283333333333335,-1.0323333333333335,0.8896666666666666
2,-1.012,1.0850000000000002,0.0,-1.143333333333333,0.05266666666666664,1.9746666666666668
3,0.13133333333333308,2.2283333333333335,1.143333333333333,0.0,1.1959999999999997,3.118
4,-1.0646666666666667,1.0323333333333335,-0.05266666666666664,-1.1959999999999997,0.0,1.9220000000000002
5,-2.986666666666667,-0.8896666666666666,-1.9746666666666668,-3.118,-1.9220000000000002,0.0
