,zero_shot_baseline,in_context_learning_3-shot,style_information_style_example,chain_of_thought_zero_shot,chain_of_thought_one_shot,self-refine
0,0.0,0.41566666666666663,0.02499999999999991,0.5703333333333332,0.5803333333333333,1.4033333333333333
1,-0.41566666666666663,0.0,-0.3906666666666667,0.15466666666666662,0.16466666666666663,0.9876666666666667
2,-0.02499999999999991,0.3906666666666667,0.0,0.5453333333333333,0.5553333333333333,1.3783333333333334
3,-0.5703333333333332,-0.15466666666666662,-0.5453333333333333,0.0,0.010000000000000009,0.8330000000000001
4,-0.5803333333333333,-0.16466666666666663,-0.5553333333333333,-0.010000000000000009,0.0,0.8230000000000001
5,-1.4033333333333333,-0.9876666666666667,-1.3783333333333334,-0.8330000000000001,-0.8230000000000001,0.0
