,zero_shot_baseline,in_context_learning_3-shot,style_information_style_example,chain_of_thought_zero_shot,chain_of_thought_one_shot,self-refine
0,0.0,-0.30166666666666675,0.07733333333333331,0.09633333333333327,-0.2470000000000001,0.17766666666666658
1,0.30166666666666675,0.0,0.37900000000000006,0.398,0.05466666666666664,0.47933333333333333
2,-0.07733333333333331,-0.37900000000000006,0.0,0.01899999999999996,-0.3243333333333334,0.10033333333333327
3,-0.09633333333333327,-0.398,-0.01899999999999996,0.0,-0.3433333333333334,0.08133333333333331
4,0.2470000000000001,-0.05466666666666664,0.3243333333333334,0.3433333333333334,0.0,0.4246666666666667
5,-0.17766666666666658,-0.47933333333333333,-0.10033333333333327,-0.08133333333333331,-0.4246666666666667,0.0
