,abstracts,news,reviews,qa
0,0.0,1.8049999999999995,0.1816666666666665,-0.5803333333333334
1,-1.8049999999999995,0.0,-1.623333333333333,-2.385333333333333
2,-0.1816666666666665,1.623333333333333,0.0,-0.7619999999999999
3,0.5803333333333334,2.385333333333333,0.7619999999999999,0.0
