,zero_shot_baseline,in_context_learning_3-shot,style_information_style_example,chain_of_thought_zero_shot,chain_of_thought_one_shot,self-refine
0,0.0,-0.4059999999999999,-0.18233333333333332,-0.024999999999999994,0.07800000000000001,-0.0076666666666665995
1,0.4059999999999999,0.0,0.22366666666666662,0.38099999999999995,0.484,0.3983333333333333
2,0.18233333333333332,-0.22366666666666662,0.0,0.15733333333333333,0.2603333333333333,0.17466666666666672
3,0.024999999999999994,-0.38099999999999995,-0.15733333333333333,0.0,0.10300000000000001,0.017333333333333395
4,-0.07800000000000001,-0.484,-0.2603333333333333,-0.10300000000000001,0.0,-0.08566666666666661
5,0.0076666666666665995,-0.3983333333333333,-0.17466666666666672,-0.017333333333333395,0.08566666666666661,0.0
