,zero_shot_baseline,in_context_learning_3-shot,style_information_style_example,chain_of_thought_zero_shot,chain_of_thought_one_shot,self-refine
0,0.0,0.1582197399133045,0.16366666666666668,0.058333333333333404,0.3423333333333334,0.1983333333333333
1,-0.1582197399133045,0.0,0.005446926753362169,-0.09988640657997111,0.1841135934200289,0.04011359342002879
2,-0.16366666666666668,-0.005446926753362169,0.0,-0.10533333333333328,0.17866666666666672,0.03466666666666662
3,-0.058333333333333404,0.09988640657997111,0.10533333333333328,0.0,0.28400000000000003,0.1399999999999999
4,-0.3423333333333334,-0.1841135934200289,-0.17866666666666672,-0.28400000000000003,0.0,-0.1440000000000001
5,-0.1983333333333333,-0.04011359342002879,-0.03466666666666662,-0.1399999999999999,0.1440000000000001,0.0
