,zero_shot_baseline,in_context_learning_3-shot,style_information_style_example,chain_of_thought_zero_shot,chain_of_thought_one_shot,self-refine
0,0.0,0.6950000000000002,0.8110000000000002,0.5420000000000003,0.22799999999999998,1.0590000000000002
1,-0.6950000000000002,0.0,0.11599999999999999,-0.1529999999999999,-0.4670000000000002,0.3640000000000001
2,-0.8110000000000002,-0.11599999999999999,0.0,-0.2689999999999999,-0.5830000000000002,0.2480000000000001
3,-0.5420000000000003,0.1529999999999999,0.2689999999999999,0.0,-0.3140000000000003,0.517
4,-0.22799999999999998,0.4670000000000002,0.5830000000000002,0.3140000000000003,0.0,0.8310000000000003
5,-1.0590000000000002,-0.3640000000000001,-0.2480000000000001,-0.517,-0.8310000000000003,0.0
