,zero_shot_baseline,in_context_learning_3-shot,style_information_style_example,chain_of_thought_zero_shot,chain_of_thought_one_shot,self-refine
0,0.0,0.0018274980549073394,0.361,0.2186666666666668,-0.44299999999999984,0.918
1,-0.0018274980549073394,0.0,0.35917250194509265,0.21683916861175945,-0.4448274980549072,0.9161725019450927
2,-0.361,-0.35917250194509265,0.0,-0.1423333333333332,-0.8039999999999998,0.557
3,-0.2186666666666668,-0.21683916861175945,0.1423333333333332,0.0,-0.6616666666666666,0.6993333333333333
4,0.44299999999999984,0.4448274980549072,0.8039999999999998,0.6616666666666666,0.0,1.3609999999999998
5,-0.918,-0.9161725019450927,-0.557,-0.6993333333333333,-1.3609999999999998,0.0
