,zero_shot_baseline,in_context_learning_3-shot,style_information_style_example,chain_of_thought_zero_shot,chain_of_thought_one_shot,self-refine
0,0.0,0.6353333333333333,0.7803333333333333,0.47,-0.0983333333333336,1.0453333333333332
1,-0.6353333333333333,0.0,0.14500000000000002,-0.16533333333333333,-0.7336666666666669,0.41
2,-0.7803333333333333,-0.14500000000000002,0.0,-0.31033333333333335,-0.8786666666666669,0.26499999999999996
3,-0.47,0.16533333333333333,0.31033333333333335,0.0,-0.5683333333333336,0.5753333333333333
4,0.0983333333333336,0.7336666666666669,0.8786666666666669,0.5683333333333336,0.0,1.1436666666666668
5,-1.0453333333333332,-0.41,-0.26499999999999996,-0.5753333333333333,-1.1436666666666668,0.0
