,zero_shot_baseline,in_context_learning_3-shot,style_information_style_example,chain_of_thought_zero_shot,chain_of_thought_one_shot,self-refine
0,0.0,-1.3280313199105143,-0.15666666666666673,0.07866666666666666,-0.32500000000000007,0.07933333333333326
1,1.3280313199105143,0.0,1.1713646532438475,1.4066979865771811,1.0030313199105143,1.4073646532438477
2,0.15666666666666673,-1.1713646532438475,0.0,0.2353333333333334,-0.16833333333333333,0.236
3,-0.07866666666666666,-1.4066979865771811,-0.2353333333333334,0.0,-0.40366666666666673,0.0006666666666665932
4,0.32500000000000007,-1.0030313199105143,0.16833333333333333,0.40366666666666673,0.0,0.4043333333333333
5,-0.07933333333333326,-1.4073646532438477,-0.236,-0.0006666666666665932,-0.4043333333333333,0.0
