,zero_shot_baseline,in_context_learning_3-shot,style_information_style_example,chain_of_thought_zero_shot,chain_of_thought_one_shot,self-refine
0,0.0,-1.5903333333333332,-1.4886666666666666,0.03699999999999992,-1.4233333333333333,-0.1246666666666667
1,1.5903333333333332,0.0,0.10166666666666657,1.627333333333333,0.16699999999999982,1.4656666666666665
2,1.4886666666666666,-0.10166666666666657,0.0,1.5256666666666665,0.06533333333333324,1.3639999999999999
3,-0.03699999999999992,-1.627333333333333,-1.5256666666666665,0.0,-1.4603333333333333,-0.16166666666666663
4,1.4233333333333333,-0.16699999999999982,-0.06533333333333324,1.4603333333333333,0.0,1.2986666666666666
5,0.1246666666666667,-1.4656666666666665,-1.3639999999999999,0.16166666666666663,-1.2986666666666666,0.0
