,abstracts,news,reviews,qa
0,0.0,0.9426666666666663,-0.4443333333333335,-1.2400000000000002
1,-0.9426666666666663,0.0,-1.3869999999999998,-2.1826666666666665
2,0.4443333333333335,1.3869999999999998,0.0,-0.7956666666666665
3,1.2400000000000002,2.1826666666666665,0.7956666666666665,0.0
