,zero_shot_baseline,in_context_learning_3-shot,style_information_style_example,chain_of_thought_zero_shot,chain_of_thought_one_shot,self-refine
0,0.0,0.07871382808118021,0.0022345276048745255,0.0034033839159786083,0.028138813685675168,0.0018533260783457628
1,-0.07871382808118021,0.0,-0.07647930047630569,-0.0753104441652016,-0.05057501439550505,-0.07686050200283445
2,-0.0022345276048745255,0.07647930047630569,0.0,0.0011688563111040828,0.025904286080800643,-0.0003812015265287627
3,-0.0034033839159786083,0.0753104441652016,-0.0011688563111040828,0.0,0.02473542976969656,-0.0015500578376328455
4,-0.028138813685675168,0.05057501439550505,-0.025904286080800643,-0.02473542976969656,0.0,-0.026285487607329405
5,-0.0018533260783457628,0.07686050200283445,0.0003812015265287627,0.0015500578376328455,0.026285487607329405,0.0
