,zero_shot_baseline,in_context_learning_3-shot,style_information_style_example,chain_of_thought_zero_shot,chain_of_thought_one_shot,self-refine
0,0.0,-0.043216768358976476,-0.007306904180492291,-0.0024829385185144437,0.008908682069413532,-0.007788786238739243
1,0.043216768358976476,0.0,0.035909864178484185,0.04073382984046203,0.05212545042839001,0.035427982120237234
2,0.007306904180492291,-0.035909864178484185,0.0,0.004823965661977847,0.016215586249905822,-0.00048188205824695185
3,0.0024829385185144437,-0.04073382984046203,-0.004823965661977847,0.0,0.011391620587927975,-0.005305847720224799
4,-0.008908682069413532,-0.05212545042839001,-0.016215586249905822,-0.011391620587927975,0.0,-0.016697468308152774
5,0.007788786238739243,-0.035427982120237234,0.00048188205824695185,0.005305847720224799,0.016697468308152774,0.0
