,zero_shot_baseline,in_context_learning_3-shot,style_information_style_example,chain_of_thought_zero_shot,chain_of_thought_one_shot,self-refine
0,0.0,-0.019289951789686288,0.004614608468817782,0.006629923440391372,0.00563805783343907,-0.008835192287654281
1,0.019289951789686288,0.0,0.02390456025850407,0.02591987523007766,0.024928009623125358,0.010454759502032007
2,-0.004614608468817782,-0.02390456025850407,0.0,0.0020153149715735896,0.0010234493646212872,-0.013449800756472063
3,-0.006629923440391372,-0.02591987523007766,-0.0020153149715735896,0.0,-0.0009918656069523024,-0.015465115728045653
4,-0.00563805783343907,-0.024928009623125358,-0.0010234493646212872,0.0009918656069523024,0.0,-0.01447325012109335
5,0.008835192287654281,-0.010454759502032007,0.013449800756472063,0.015465115728045653,0.01447325012109335,0.0
