,zero_shot_baseline,in_context_learning_3-shot,style_information_style_example,chain_of_thought_zero_shot,chain_of_thought_one_shot,self-refine
0,0.0,0.059213622293204815,0.04014946765081473,0.007192161690218302,0.038726783341632154,0.03038171164392467
1,-0.059213622293204815,0.0,-0.019064154642390085,-0.05202146060298651,-0.02048683895157266,-0.028831910649280146
2,-0.04014946765081473,0.019064154642390085,0.0,-0.03295730596059643,-0.0014226843091825758,-0.00976775600689006
3,-0.007192161690218302,0.05202146060298651,0.03295730596059643,0.0,0.03153462165141385,0.023189549953706368
4,-0.038726783341632154,0.02048683895157266,0.0014226843091825758,-0.03153462165141385,0.0,-0.008345071697707485
5,-0.03038171164392467,0.028831910649280146,0.00976775600689006,-0.023189549953706368,0.008345071697707485,0.0
