,zero_shot_baseline,in_context_learning_3-shot,style_information_style_example,chain_of_thought_zero_shot,chain_of_thought_one_shot,self-refine
0,0.0,0.025196952191357314,0.009291172834319128,0.0068871432404710164,0.013738171337787874,0.001739925788029728
1,-0.025196952191357314,0.0,-0.015905779357038186,-0.018309808950886297,-0.011458780853569439,-0.023457026403327585
2,-0.009291172834319128,0.015905779357038186,0.0,-0.0024040295938481115,0.0044469985034687465,-0.0075512470462894
3,-0.0068871432404710164,0.018309808950886297,0.0024040295938481115,0.0,0.006851028097316858,-0.005147217452441288
4,-0.013738171337787874,0.011458780853569439,-0.0044469985034687465,-0.006851028097316858,0.0,-0.011998245549758146
5,-0.001739925788029728,0.023457026403327585,0.0075512470462894,0.005147217452441288,0.011998245549758146,0.0
