,abstracts,news,reviews,qa
0,0.0,0.050676094325467304,-0.0036857182081120876,-0.01920579292283639
1,-0.050676094325467304,0.0,-0.05436181253357939,-0.06988188724830369
2,0.0036857182081120876,0.05436181253357939,0.0,-0.015520074714724302
3,0.01920579292283639,0.06988188724830369,0.015520074714724302,0.0
