,zero_shot_baseline,in_context_learning_3-shot,style_information_style_example,chain_of_thought_zero_shot,chain_of_thought_one_shot,self-refine
0,0.0,0.02283184037628838,-0.006496426779632469,0.0036279242901609,0.007780568856024406,-0.009212331055528544
1,-0.02283184037628838,0.0,-0.02932826715592085,-0.01920391608612748,-0.015051271520263976,-0.032044171431816926
2,0.006496426779632469,0.02932826715592085,0.0,0.01012435106979337,0.014276995635656875,-0.002715904275896075
3,-0.0036279242901609,0.01920391608612748,-0.01012435106979337,0.0,0.004152644565863506,-0.012840255345689444
4,-0.007780568856024406,0.015051271520263976,-0.014276995635656875,-0.004152644565863506,0.0,-0.01699289991155295
5,0.009212331055528544,0.032044171431816926,0.002715904275896075,0.012840255345689444,0.01699289991155295,0.0
