,zero_shot_baseline,in_context_learning_3-shot,style_information_style_example,chain_of_thought_zero_shot,chain_of_thought_one_shot,self-refine
0,0.0,0.04271403441640409,-0.004658699806589284,-0.009232183484756185,0.015517772296726018,-0.01405401091474301
1,-0.04271403441640409,0.0,-0.04737273422299337,-0.051946217901160274,-0.027196262119678072,-0.0567680453311471
2,0.004658699806589284,0.04737273422299337,0.0,-0.004573483678166901,0.0201764721033153,-0.009395311108153725
3,0.009232183484756185,0.051946217901160274,0.004573483678166901,0.0,0.024749955781482202,-0.004821827429986825
4,-0.015517772296726018,0.027196262119678072,-0.0201764721033153,-0.024749955781482202,0.0,-0.029571783211469027
5,0.01405401091474301,0.0567680453311471,0.009395311108153725,0.004821827429986825,0.029571783211469027,0.0
