,zero_shot_baseline,in_context_learning_3-shot,style_information_style_example,chain_of_thought_zero_shot,chain_of_thought_one_shot,self-refine
0,0.0,0.038706266052534244,0.005511493457901584,0.006726778697719649,0.00831484622326173,0.014372922046572478
1,-0.038706266052534244,0.0,-0.03319477259463266,-0.031979487354814595,-0.030391419829272515,-0.024333344005961766
2,-0.005511493457901584,0.03319477259463266,0.0,0.0012152852398180647,0.0028033527653601453,0.008861428588670894
3,-0.006726778697719649,0.031979487354814595,-0.0012152852398180647,0.0,0.0015880675255420806,0.00764614334885283
4,-0.00831484622326173,0.030391419829272515,-0.0028033527653601453,-0.0015880675255420806,0.0,0.006058075823310749
5,-0.014372922046572478,0.024333344005961766,-0.008861428588670894,-0.00764614334885283,-0.006058075823310749,0.0
