,zero_shot_baseline,in_context_learning_3-shot,style_information_style_example,chain_of_thought_zero_shot,chain_of_thought_one_shot,self-refine
0,0.0,0.021511738504124467,0.0011370822260602376,0.00199293007023027,0.002315631359396386,0.009404633766912807
1,-0.021511738504124467,0.0,-0.02037465627806423,-0.019518808433894197,-0.01919610714472808,-0.01210710473721166
2,-0.0011370822260602376,0.02037465627806423,0.0,0.0008558478441700323,0.0011785491333361486,0.008267551540852569
3,-0.00199293007023027,0.019518808433894197,-0.0008558478441700323,0.0,0.0003227012891661163,0.007411703696682537
4,-0.002315631359396386,0.01919610714472808,-0.0011785491333361486,-0.0003227012891661163,0.0,0.00708900240751642
5,-0.009404633766912807,0.01210710473721166,-0.008267551540852569,-0.007411703696682537,-0.00708900240751642,0.0
