,zero_shot_baseline,in_context_learning_3-shot,style_information_style_example,chain_of_thought_zero_shot,chain_of_thought_one_shot,self-refine
0,0.0,0.04197162803127341,0.008883505915155632,0.001542035301745237,0.02383372323163724,0.010682474794766472
1,-0.04197162803127341,0.0,-0.03308812211611778,-0.040429592729528174,-0.018137904799636173,-0.03128915323650694
2,-0.008883505915155632,0.03308812211611778,0.0,-0.007341470613410395,0.014950217316481607,0.0017989688796108405
3,-0.001542035301745237,0.040429592729528174,0.007341470613410395,0.0,0.022291687929892,0.009140439493021235
4,-0.02383372323163724,0.018137904799636173,-0.014950217316481607,-0.022291687929892,0.0,-0.013151248436870766
5,-0.010682474794766472,0.03128915323650694,-0.0017989688796108405,-0.009140439493021235,0.013151248436870766,0.0
