,mistral,deepseek,llama3.3,qwen72b,qwen32b,qwen14b,solar
0,0.0,0.0042399231075340715,0.007826112128133,-0.0035213467477431815,-0.029351530996345354,-0.03876051088840671,-0.03487631656682233
1,-0.0042399231075340715,0.0,0.003586189020598929,-0.007761269855277253,-0.033591454103879426,-0.04300043399594078,-0.0391162396743564
2,-0.007826112128133,-0.003586189020598929,0.0,-0.011347458875876182,-0.037177643124478355,-0.04658662301653971,-0.04270242869495533
3,0.0035213467477431815,0.007761269855277253,0.011347458875876182,0.0,-0.025830184248602173,-0.035239164140663526,-0.03135496981907915
4,0.029351530996345354,0.033591454103879426,0.037177643124478355,0.025830184248602173,0.0,-0.009408979892061353,-0.0055247855704769755
5,0.03876051088840671,0.04300043399594078,0.04658662301653971,0.035239164140663526,0.009408979892061353,0.0,0.0038841943215843777
6,0.03487631656682233,0.0391162396743564,0.04270242869495533,0.03135496981907915,0.0055247855704769755,-0.0038841943215843777,0.0
