,zero_shot_baseline,in_context_learning_3-shot,style_information_style_example,chain_of_thought_zero_shot,chain_of_thought_one_shot,self-refine
0,0.0,0.04027118828285048,0.0031312605178703823,0.014559144314089667,0.004784872564685183,-0.019953421026224438
1,-0.04027118828285048,0.0,-0.037139927764980096,-0.02571204396876081,-0.035486315718165296,-0.06022460930907492
2,-0.0031312605178703823,0.037139927764980096,0.0,0.011427883796219285,0.0016536120468148008,-0.02308468154409482
3,-0.014559144314089667,0.02571204396876081,-0.011427883796219285,0.0,-0.009774271749404484,-0.034512565340314105
4,-0.004784872564685183,0.035486315718165296,-0.0016536120468148008,0.009774271749404484,0.0,-0.02473829359090962
5,0.019953421026224438,0.06022460930907492,0.02308468154409482,0.034512565340314105,0.02473829359090962,0.0
