,zero_shot_baseline,in_context_learning_3-shot,style_information_style_example,chain_of_thought_zero_shot,chain_of_thought_one_shot,self-refine
0,0.0,-0.02630414370617229,-0.016964572810909573,-0.0019493190618043998,-0.0006576389741360655,-0.018804326946207706
1,0.02630414370617229,0.0,0.009339570895262717,0.02435482464436789,0.025646504732036224,0.007499816759964584
2,0.016964572810909573,-0.009339570895262717,0.0,0.015015253749105173,0.016306933836773507,-0.0018397541352981328
3,0.0019493190618043998,-0.02435482464436789,-0.015015253749105173,0.0,0.0012916800876683343,-0.016855007884403306
4,0.0006576389741360655,-0.025646504732036224,-0.016306933836773507,-0.0012916800876683343,0.0,-0.01814668797207164
5,0.018804326946207706,-0.007499816759964584,0.0018397541352981328,0.016855007884403306,0.01814668797207164,0.0
