,zero_shot_baseline,in_context_learning_3-shot,style_information_style_example,chain_of_thought_zero_shot,chain_of_thought_one_shot,self-refine
0,0.0,0.032181415310892136,0.029558423876864914,0.006800740361248114,0.01222025795516446,-0.01608080700518466
1,-0.032181415310892136,0.0,-0.002622991434027222,-0.025380674949644022,-0.019961157355727677,-0.0482622223160768
2,-0.029558423876864914,0.002622991434027222,0.0,-0.0227576835156168,-0.017338165921700455,-0.045639230882049575
3,-0.006800740361248114,0.025380674949644022,0.0227576835156168,0.0,0.005419517593916345,-0.022881547366432775
4,-0.01222025795516446,0.019961157355727677,0.017338165921700455,-0.005419517593916345,0.0,-0.02830106496034912
5,0.01608080700518466,0.0482622223160768,0.045639230882049575,0.022881547366432775,0.02830106496034912,0.0
