,zero_shot_baseline,in_context_learning_3-shot,style_information_style_example,chain_of_thought_zero_shot,chain_of_thought_one_shot,self-refine
0,0.0,0.051563055064073327,-0.004498916169367706,0.005984539959392299,0.009890705662426114,0.0035226394454380694
1,-0.051563055064073327,0.0,-0.05606197123344103,-0.04557851510468103,-0.04167234940164721,-0.04804041561863526
2,0.004498916169367706,0.05606197123344103,0.0,0.010483456128760005,0.01438962183179382,0.008021555614805775
3,-0.005984539959392299,0.04557851510468103,-0.010483456128760005,0.0,0.003906165703033815,-0.0024619005139542294
4,-0.009890705662426114,0.04167234940164721,-0.01438962183179382,-0.003906165703033815,0.0,-0.006368066216988044
5,-0.0035226394454380694,0.04804041561863526,-0.008021555614805775,0.0024619005139542294,0.006368066216988044,0.0
