,zero_shot_baseline,in_context_learning_3-shot,style_information_style_example,chain_of_thought_zero_shot,chain_of_thought_one_shot,self-refine
0,0.0,0.00275370279711995,-0.0033123206649855463,0.00033385968440990954,0.0051098843053651866,-0.006547706182242097
1,-0.00275370279711995,0.0,-0.0060660234621054965,-0.0024198431127100406,0.0023561815082452364,-0.009301408979362047
2,0.0033123206649855463,0.0060660234621054965,0.0,0.003646180349395456,0.008422204970350733,-0.0032353855172565504
3,-0.00033385968440990954,0.0024198431127100406,-0.003646180349395456,0.0,0.004776024620955277,-0.006881565866652006
4,-0.0051098843053651866,-0.0023561815082452364,-0.008422204970350733,-0.004776024620955277,0.0,-0.011657590487607283
5,0.006547706182242097,0.009301408979362047,0.0032353855172565504,0.006881565866652006,0.011657590487607283,0.0
