,abstracts,news,reviews,qa
0,0.0,0.044254511885313194,-0.00986642918413251,-0.04571590823550099
1,-0.044254511885313194,0.0,-0.054120941069445705,-0.08997042012081419
2,0.00986642918413251,0.054120941069445705,0.0,-0.03584947905136848
3,0.04571590823550099,0.08997042012081419,0.03584947905136848,0.0
