,abstracts,news,reviews,qa
0,0.0,0.03798396397725981,0.010364482550282605,-0.0010040784824529858
1,-0.03798396397725981,0.0,-0.027619481426977205,-0.038988042459712796
2,-0.010364482550282605,0.027619481426977205,0.0,-0.011368561032735591
3,0.0010040784824529858,0.038988042459712796,0.011368561032735591,0.0
