,zero_shot_baseline,in_context_learning_3-shot,style_information_style_example,chain_of_thought_zero_shot,chain_of_thought_one_shot,self-refine
0,0.0,0.08839620037106011,0.024400536026488284,0.0021548092391331375,0.024172839874120666,-0.010429057269591202
1,-0.08839620037106011,0.0,-0.06399566434457182,-0.08624139113192697,-0.06422336049693944,-0.09882525764065131
2,-0.024400536026488284,0.06399566434457182,0.0,-0.022245726787355147,-0.00022769615236761798,-0.034829593296079486
3,-0.0021548092391331375,0.08624139113192697,0.022245726787355147,0.0,0.02201803063498753,-0.01258386650872434
4,-0.024172839874120666,0.06422336049693944,0.00022769615236761798,-0.02201803063498753,0.0,-0.03460189714371187
5,0.010429057269591202,0.09882525764065131,0.034829593296079486,0.01258386650872434,0.03460189714371187,0.0
