,zero_shot_baseline,in_context_learning_3-shot,style_information_style_example,chain_of_thought_zero_shot,chain_of_thought_one_shot,self-refine
0,0.0,0.026298844206055882,0.0034747859164667716,0.02238582920283294,0.013461111066862874,0.013993862172095084
1,-0.026298844206055882,0.0,-0.02282405828958911,-0.003913015003222942,-0.012837733139193008,-0.012304982033960798
2,-0.0034747859164667716,0.02282405828958911,0.0,0.01891104328636617,0.009986325150396103,0.010519076255628312
3,-0.02238582920283294,0.003913015003222942,-0.01891104328636617,0.0,-0.008924718135970067,-0.008391967030737857
4,-0.013461111066862874,0.012837733139193008,-0.009986325150396103,0.008924718135970067,0.0,0.0005327511052322098
5,-0.013993862172095084,0.012304982033960798,-0.010519076255628312,0.008391967030737857,-0.0005327511052322098,0.0
