,zero_shot_baseline,in_context_learning_3-shot,style_information_style_example,chain_of_thought_zero_shot,chain_of_thought_one_shot,self-refine
0,0.0,-0.031737181782285684,-0.0030215543759354313,0.00011517961827278711,-0.009587401458599265,-0.0005127964690674336
1,0.031737181782285684,0.0,0.028715627406350253,0.03185236140055847,0.02214978032368642,0.03122438531321825
2,0.0030215543759354313,-0.028715627406350253,0.0,0.0031367339942082184,-0.006565847082663834,0.0025087579068679977
3,-0.00011517961827278711,-0.03185236140055847,-0.0031367339942082184,0.0,-0.009702581076872052,-0.0006279760873402207
4,0.009587401458599265,-0.02214978032368642,0.006565847082663834,0.009702581076872052,0.0,0.009074604989531831
5,0.0005127964690674336,-0.03122438531321825,-0.0025087579068679977,0.0006279760873402207,-0.009074604989531831,0.0
