,zero_shot_baseline,in_context_learning_3-shot,style_information_style_example,chain_of_thought_zero_shot,chain_of_thought_one_shot,self-refine
0,0.0,0.023136049190191188,0.004761022438774631,0.004065622933981383,0.00477743338130554,-0.009850868136652036
1,-0.023136049190191188,0.0,-0.018375026751416557,-0.019070426256209805,-0.018358615808885648,-0.032986917326843224
2,-0.004761022438774631,0.018375026751416557,0.0,-0.0006953995047932482,1.6410942530908912e-05,-0.014611890575426667
3,-0.004065622933981383,0.019070426256209805,0.0006953995047932482,0.0,0.0007118104473241571,-0.013916491070633419
4,-0.00477743338130554,0.018358615808885648,-1.6410942530908912e-05,-0.0007118104473241571,0.0,-0.014628301517957576
5,0.009850868136652036,0.032986917326843224,0.014611890575426667,0.013916491070633419,0.014628301517957576,0.0
