,mistral,deepseek,llama3.3,qwen72b,qwen32b,qwen14b,solar
0,0.0,0.019502744231971958,0.03565953655225951,0.01493116690873253,-0.04179286212846056,-0.041150370223969834,0.0036647299621639373
1,-0.019502744231971958,0.0,0.01615679232028755,-0.0045715773232394286,-0.06129560636043252,-0.06065311445594179,-0.01583801426980802
2,-0.03565953655225951,-0.01615679232028755,0.0,-0.020728369643526978,-0.07745239868072007,-0.07680990677622934,-0.03199480659009557
3,-0.01493116690873253,0.0045715773232394286,0.020728369643526978,0.0,-0.05672402903719309,-0.056081537132702364,-0.011266436946568592
4,0.04179286212846056,0.06129560636043252,0.07745239868072007,0.05672402903719309,0.0,0.0006424919044907274,0.0454575920906245
5,0.041150370223969834,0.06065311445594179,0.07680990677622934,0.056081537132702364,-0.0006424919044907274,0.0,0.04481510018613377
6,-0.0036647299621639373,0.01583801426980802,0.03199480659009557,0.011266436946568592,-0.0454575920906245,-0.04481510018613377,0.0
