,zero_shot_baseline,in_context_learning_3-shot,style_information_style_example,chain_of_thought_zero_shot,chain_of_thought_one_shot,self-refine
0,0.0,0.029265301197951232,0.0015857374227760124,0.010857360595728949,0.004394550815890685,-0.008257891708430276
1,-0.029265301197951232,0.0,-0.02767956377517522,-0.018407940602222284,-0.024870750382060547,-0.03752319290638151
2,-0.0015857374227760124,0.02767956377517522,0.0,0.009271623172952936,0.002808813393114673,-0.009843629131206288
3,-0.010857360595728949,0.018407940602222284,-0.009271623172952936,0.0,-0.006462809779838263,-0.019115252304159225
4,-0.004394550815890685,0.024870750382060547,-0.002808813393114673,0.006462809779838263,0.0,-0.012652442524320962
5,0.008257891708430276,0.03752319290638151,0.009843629131206288,0.019115252304159225,0.012652442524320962,0.0
