,abstracts,news,reviews,qa
0,0.0,0.0373006120752173,0.009547572589709702,-0.014128761516610702
1,-0.0373006120752173,0.0,-0.0277530394855076,-0.051429373591828004
2,-0.009547572589709702,0.0277530394855076,0.0,-0.023676334106320404
3,0.014128761516610702,0.051429373591828004,0.023676334106320404,0.0
