,zero_shot_baseline,in_context_learning_3-shot,style_information_style_example,chain_of_thought_zero_shot,chain_of_thought_one_shot,self-refine
0,0.0,0.032130242548339516,0.0001371741568737539,-0.020164834552931388,0.010122238730484012,-0.022193389695292276
1,-0.032130242548339516,0.0,-0.03199306839146576,-0.052295077101270904,-0.022008003817855504,-0.05432363224363179
2,-0.0001371741568737539,0.03199306839146576,0.0,-0.02030200870980514,0.009985064573610258,-0.02233056385216603
3,0.020164834552931388,0.052295077101270904,0.02030200870980514,0.0,0.0302870732834154,-0.0020285551423608883
4,-0.010122238730484012,0.022008003817855504,-0.009985064573610258,-0.0302870732834154,0.0,-0.03231562842577629
5,0.022193389695292276,0.05432363224363179,0.02233056385216603,0.0020285551423608883,0.03231562842577629,0.0
