,zero_shot_baseline,in_context_learning_3-shot,style_information_style_example,chain_of_thought_zero_shot,chain_of_thought_one_shot,self-refine
0,0.0,0.024168315315007183,-0.004685970557247177,0.008653282029067455,0.01849368375021221,0.004866214948710312
1,-0.024168315315007183,0.0,-0.02885428587225436,-0.015515033285939728,-0.005674631564794974,-0.01930210036629687
2,0.004685970557247177,0.02885428587225436,0.0,0.013339252586314632,0.023179654307459385,0.009552185505957489
3,-0.008653282029067455,0.015515033285939728,-0.013339252586314632,0.0,0.009840401721144754,-0.0037870670803571427
4,-0.01849368375021221,0.005674631564794974,-0.023179654307459385,-0.009840401721144754,0.0,-0.013627468801501896
5,-0.004866214948710312,0.01930210036629687,-0.009552185505957489,0.0037870670803571427,0.013627468801501896,0.0
