,zero_shot_baseline,in_context_learning_3-shot,style_information_style_example,chain_of_thought_zero_shot,chain_of_thought_one_shot,self-refine
0,0.0,0.0527015270499995,0.0502462425960738,-0.008937711366158202,0.05928740934680621,-0.008728627096864089
1,-0.0527015270499995,0.0,-0.0024552844539257046,-0.061639238416157704,0.0065858822968067054,-0.06143015414686359
2,-0.0502462425960738,0.0024552844539257046,0.0,-0.059183953962232,0.00904116675073241,-0.05897486969293789
3,0.008937711366158202,0.061639238416157704,0.059183953962232,0.0,0.06822512071296441,0.00020908426929411306
4,-0.05928740934680621,-0.0065858822968067054,-0.00904116675073241,-0.06822512071296441,0.0,-0.0680160364436703
5,0.008728627096864089,0.06143015414686359,0.05897486969293789,-0.00020908426929411306,0.0680160364436703,0.0
