,zero_shot_baseline,in_context_learning_3-shot,style_information_style_example,chain_of_thought_zero_shot,chain_of_thought_one_shot,self-refine
0,0.0,0.00967660147307281,-0.007934164509646291,0.014783390077404604,0.008587709759332901,-0.0277115088778615
1,-0.00967660147307281,0.0,-0.0176107659827191,0.005106788604331794,-0.001088891713739909,-0.03738811035093431
2,0.007934164509646291,0.0176107659827191,0.0,0.022717554587050895,0.016521874268979192,-0.01977734436821521
3,-0.014783390077404604,-0.005106788604331794,-0.022717554587050895,0.0,-0.006195680318071703,-0.042494898955266106
4,-0.008587709759332901,0.001088891713739909,-0.016521874268979192,0.006195680318071703,0.0,-0.0362992186371944
5,0.0277115088778615,0.03738811035093431,0.01977734436821521,0.042494898955266106,0.0362992186371944,0.0
