,zero_shot_baseline,in_context_learning_3-shot,style_information_style_example,chain_of_thought_zero_shot,chain_of_thought_one_shot,self-refine
0,0.0,0.014578753387406301,0.018527798531998804,0.0019427201556789092,0.006757456726972505,-0.0026295797932893022
1,-0.014578753387406301,0.0,0.003949045144592503,-0.012636033231727392,-0.007821296660433796,-0.017208333180695604
2,-0.018527798531998804,-0.003949045144592503,0.0,-0.016585078376319895,-0.0117703418050263,-0.021157378325288106
3,-0.0019427201556789092,0.012636033231727392,0.016585078376319895,0.0,0.004814736571293596,-0.0045722999489682115
4,-0.006757456726972505,0.007821296660433796,0.0117703418050263,-0.004814736571293596,0.0,-0.009387036520261807
5,0.0026295797932893022,0.017208333180695604,0.021157378325288106,0.0045722999489682115,0.009387036520261807,0.0
