,zero_shot_baseline,in_context_learning_3-shot,style_information_style_example,chain_of_thought_zero_shot,chain_of_thought_one_shot,self-refine
0,0.0,0.015375331301543907,0.012868796811668304,-0.0005721709079302001,0.004117912295158302,-0.009388963412974793
1,-0.015375331301543907,0.0,-0.002506534489875603,-0.015947502209474107,-0.011257419006385605,-0.0247642947145187
2,-0.012868796811668304,0.002506534489875603,0.0,-0.013440967719598504,-0.008750884516510002,-0.022257760224643097
3,0.0005721709079302001,0.015947502209474107,0.013440967719598504,0.0,0.004690083203088502,-0.008816792505044593
4,-0.004117912295158302,0.011257419006385605,0.008750884516510002,-0.004690083203088502,0.0,-0.013506875708133095
5,0.009388963412974793,0.0247642947145187,0.022257760224643097,0.008816792505044593,0.013506875708133095,0.0
