,zero_shot_baseline,in_context_learning_3-shot,style_information_style_example,chain_of_thought_zero_shot,chain_of_thought_one_shot,self-refine
0,0.0,0.055090543591520796,0.0517696171876742,-0.006966330816034705,0.0187389292715181,0.026174083865611292
1,-0.055090543591520796,0.0,-0.003320926403846597,-0.0620568744075555,-0.036351614320002695,-0.028916459725909505
2,-0.0517696171876742,0.003320926403846597,0.0,-0.058735948003708904,-0.0330306879161561,-0.025595533322062908
3,0.006966330816034705,0.0620568744075555,0.058735948003708904,0.0,0.025705260087552806,0.033140414681646
4,-0.0187389292715181,0.036351614320002695,0.0330306879161561,-0.025705260087552806,0.0,0.007435154594093191
5,-0.026174083865611292,0.028916459725909505,0.025595533322062908,-0.033140414681646,-0.007435154594093191,0.0
