,zero_shot_baseline,in_context_learning_3-shot,style_information_style_example,chain_of_thought_zero_shot,chain_of_thought_one_shot,self-refine
0,0.0,0.0105213576442105,-0.0074603939780716055,-0.0033845372256604,-0.0004389320028087007,-0.0318322507881192
1,-0.0105213576442105,0.0,-0.017981751622282105,-0.0139058948698709,-0.0109602896470192,-0.0423536084323297
2,0.0074603939780716055,0.017981751622282105,0.0,0.0040758567524112055,0.007021461975262905,-0.024371856810047596
3,0.0033845372256604,0.0139058948698709,-0.0040758567524112055,0.0,0.0029456052228516993,-0.0284477135624588
4,0.0004389320028087007,0.0109602896470192,-0.007021461975262905,-0.0029456052228516993,0.0,-0.0313933187853105
5,0.0318322507881192,0.0423536084323297,0.024371856810047596,0.0284477135624588,0.0313933187853105,0.0
