,zero_shot_baseline,in_context_learning_3-shot,style_information_style_example,chain_of_thought_zero_shot,chain_of_thought_one_shot,self-refine
0,0.0,0.0033309412319006138,0.020165986092529897,-0.004008185850030294,0.033123320062803,0.0004125725592384055
1,-0.0033309412319006138,0.0,0.016835044860629284,-0.007339127081930907,0.029792378830902383,-0.0029183686726622082
2,-0.020165986092529897,-0.016835044860629284,0.0,-0.02417417194256019,0.0129573339702731,-0.019753413533291492
3,0.004008185850030294,0.007339127081930907,0.02417417194256019,0.0,0.03713150591283329,0.004420758409268699
4,-0.033123320062803,-0.029792378830902383,-0.0129573339702731,-0.03713150591283329,0.0,-0.03271074750356459
5,-0.0004125725592384055,0.0029183686726622082,0.019753413533291492,-0.004420758409268699,0.03271074750356459,0.0
