,zero_shot_baseline,in_context_learning_3-shot,style_information_style_example,chain_of_thought_zero_shot,chain_of_thought_one_shot,self-refine
0,0.0,0.016561466170134,-0.010288917462876412,0.009299110748329995,-0.0246023403439265,-0.06566484380707321
1,-0.016561466170134,0.0,-0.026850383633010413,-0.0072623554218040065,-0.0411638065140605,-0.08222630997720722
2,0.010288917462876412,0.026850383633010413,0.0,0.019588028211206407,-0.014313422881050086,-0.0553759263441968
3,-0.009299110748329995,0.0072623554218040065,-0.019588028211206407,0.0,-0.03390145109225649,-0.07496395455540321
4,0.0246023403439265,0.0411638065140605,0.014313422881050086,0.03390145109225649,0.0,-0.041062503463146716
5,0.06566484380707321,0.08222630997720722,0.0553759263441968,0.07496395455540321,0.041062503463146716,0.0
