,zero_shot_baseline,in_context_learning_3-shot,style_information_style_example,chain_of_thought_zero_shot,chain_of_thought_one_shot,self-refine
0,0.0,0.007655284375172183,-0.01871130698015111,0.005367370591123299,0.0043454680643013055,-0.0402306582966486
1,-0.007655284375172183,0.0,-0.026366591355323293,-0.002287913784048884,-0.003309816310870878,-0.04788594267182078
2,0.01871130698015111,0.026366591355323293,0.0,0.02407867757127441,0.023056775044452416,-0.021519351316497487
3,-0.005367370591123299,0.002287913784048884,-0.02407867757127441,0.0,-0.001021902526821994,-0.045598028887771896
4,-0.0043454680643013055,0.003309816310870878,-0.023056775044452416,0.001021902526821994,0.0,-0.0445761263609499
5,0.0402306582966486,0.04788594267182078,0.021519351316497487,0.045598028887771896,0.0445761263609499,0.0
