,zero_shot_baseline,in_context_learning_3-shot,style_information_style_example,chain_of_thought_zero_shot,chain_of_thought_one_shot,self-refine
0,0.0,0.05333641999965849,0.0510472186207481,-0.0027507543985527128,0.048302900137108,0.003929618644311683
1,-0.05333641999965849,0.0,-0.0022892013789103938,-0.056087174398211204,-0.0050335198625504896,-0.04940680135534681
2,-0.0510472186207481,0.0022892013789103938,0.0,-0.05379797301930081,-0.002744318483640096,-0.047117599976436414
3,0.0027507543985527128,0.056087174398211204,0.05379797301930081,0.0,0.051053654535660714,0.006680373042864396
4,-0.048302900137108,0.0050335198625504896,0.002744318483640096,-0.051053654535660714,0.0,-0.04437328149279632
5,-0.003929618644311683,0.04940680135534681,0.047117599976436414,-0.006680373042864396,0.04437328149279632,0.0
