,zero_shot_baseline,in_context_learning_3-shot,style_information_style_example,chain_of_thought_zero_shot,chain_of_thought_one_shot,self-refine
0,0.0,0.020424041774050092,0.014447782948526888,0.0003008024268980891,0.011714379815478487,-0.0114149649065753
1,-0.020424041774050092,0.0,-0.0059762588255232035,-0.020123239347152003,-0.008709661958571605,-0.03183900668062539
2,-0.014447782948526888,0.0059762588255232035,0.0,-0.0141469805216288,-0.002733403133048401,-0.02586274785510219
3,-0.0003008024268980891,0.020123239347152003,0.0141469805216288,0.0,0.011413577388580398,-0.01171576733347339
4,-0.011714379815478487,0.008709661958571605,0.002733403133048401,-0.011413577388580398,0.0,-0.023129344722053788
5,0.0114149649065753,0.03183900668062539,0.02586274785510219,0.01171576733347339,0.023129344722053788,0.0
