,zero_shot_baseline,in_context_learning_3-shot,style_information_style_example,chain_of_thought_zero_shot,chain_of_thought_one_shot,self-refine
0,0.0,0.03284379468846063,0.029735324742645924,0.0051937023821075345,0.033131801986997916,0.0013498522319325135
1,-0.03284379468846063,0.0,-0.003108469945814707,-0.027650092306353097,0.000288007298537285,-0.03149394245652812
2,-0.029735324742645924,0.003108469945814707,0.0,-0.02454162236053839,0.003396477244351992,-0.02838547251071341
3,-0.0051937023821075345,0.027650092306353097,0.02454162236053839,0.0,0.027938099604890382,-0.003843850150175021
4,-0.033131801986997916,-0.000288007298537285,-0.003396477244351992,-0.027938099604890382,0.0,-0.0317819497550654
5,-0.0013498522319325135,0.03149394245652812,0.02838547251071341,0.003843850150175021,0.0317819497550654,0.0
