,mistral,deepseek,llama3.3,qwen72b,qwen32b,qwen14b,solar
0,0.0,-0.006831002150464227,-0.05975324872269311,0.020988983088767094,0.018613819544476495,0.021905961390160184,0.024444148759267287
1,0.006831002150464227,0.0,-0.05292224657222888,0.02781998523923132,0.025444821694940722,0.02873696354062441,0.031275150909731514
2,0.05975324872269311,0.05292224657222888,0.0,0.0807422318114602,0.0783670682671696,0.08165921011285329,0.0841973974819604
3,-0.020988983088767094,-0.02781998523923132,-0.0807422318114602,0.0,-0.0023751635442905983,0.0009169783013930899,0.003455165670500193
4,-0.018613819544476495,-0.025444821694940722,-0.0783670682671696,0.0023751635442905983,0.0,0.003292141845683688,0.0058303292147907915
5,-0.021905961390160184,-0.02873696354062441,-0.08165921011285329,-0.0009169783013930899,-0.003292141845683688,0.0,0.0025381873691071033
6,-0.024444148759267287,-0.031275150909731514,-0.0841973974819604,-0.003455165670500193,-0.0058303292147907915,-0.0025381873691071033,0.0
