,abstracts,news,reviews,qa
0,0.0,0.0176377627072649,-0.0444723315716879,-0.010061753379065501
1,-0.0176377627072649,0.0,-0.0621100942789528,-0.0276995160863304
2,0.0444723315716879,0.0621100942789528,0.0,0.0344105781926224
3,0.010061753379065501,0.0276995160863304,-0.0344105781926224,0.0
