,zero_shot_baseline,in_context_learning_3-shot,style_information_style_example,chain_of_thought_zero_shot,chain_of_thought_one_shot,self-refine
0,0.0,0.019477310605010997,0.008736218656771197,0.006027300990500001,-0.0029391254304969028,-0.0402737191924617
1,-0.019477310605010997,0.0,-0.0107410919482398,-0.013450009614510997,-0.0224164360355079,-0.059751029797472696
2,-0.008736218656771197,0.0107410919482398,0.0,-0.002708917666271196,-0.0116753440872681,-0.049009937849232896
3,-0.006027300990500001,0.013450009614510997,0.002708917666271196,0.0,-0.008966426420996904,-0.0463010201829617
4,0.0029391254304969028,0.0224164360355079,0.0116753440872681,0.008966426420996904,0.0,-0.037334593761964796
5,0.0402737191924617,0.059751029797472696,0.049009937849232896,0.0463010201829617,0.037334593761964796,0.0
