,zero_shot_baseline,in_context_learning_3-shot,style_information_style_example,chain_of_thought_zero_shot,chain_of_thought_one_shot,self-refine
0,0.0,0.0009181650155181131,0.0037770741574078004,-0.003585197781964089,-0.0044795645592705935,0.003828960130238701
1,-0.0009181650155181131,0.0,0.0028589091418896873,-0.004503362797482202,-0.005397729574788707,0.002910795114720588
2,-0.0037770741574078004,-0.0028589091418896873,0.0,-0.007362271939371889,-0.008256638716678394,5.1885972830900684e-05
3,0.003585197781964089,0.004503362797482202,0.007362271939371889,0.0,-0.0008943667773065045,0.00741415791220279
4,0.0044795645592705935,0.005397729574788707,0.008256638716678394,0.0008943667773065045,0.0,0.008308524689509295
5,-0.003828960130238701,-0.002910795114720588,-5.1885972830900684e-05,-0.00741415791220279,-0.008308524689509295,0.0
