,abstracts,news,reviews,qa
0,0.0,-0.0073363192312416,-0.0244913251938166,-0.0317646825319874
1,0.0073363192312416,0.0,-0.017155005962575,-0.024428363300745798
2,0.0244913251938166,0.017155005962575,0.0,-0.007273357338170798
3,0.0317646825319874,0.024428363300745798,0.007273357338170798,0.0
