,zero_shot_baseline,in_context_learning_3-shot,style_information_style_example,chain_of_thought_zero_shot,chain_of_thought_one_shot,self-refine
0,0.0,0.018238375412504004,0.018259459918368692,-0.0013248369549596073,0.007283194013903593,-0.002669310237880404
1,-0.018238375412504004,0.0,2.108450586468802e-05,-0.01956321236746361,-0.010955181398600411,-0.02090768565038441
2,-0.018259459918368692,-2.108450586468802e-05,0.0,-0.0195842968733283,-0.010976265904465099,-0.020928770156249096
3,0.0013248369549596073,0.01956321236746361,0.0195842968733283,0.0,0.0086080309688632,-0.0013444732829207967
4,-0.007283194013903593,0.010955181398600411,0.010976265904465099,-0.0086080309688632,0.0,-0.009952504251783997
5,0.002669310237880404,0.02090768565038441,0.020928770156249096,0.0013444732829207967,0.009952504251783997,0.0
