,zero_shot_baseline,in_context_learning_3-shot,style_information_style_example,chain_of_thought_zero_shot,chain_of_thought_one_shot,self-refine
0,0.0,0.010652048360311292,0.011059297020237197,0.0005392942460749894,0.007403458375981289,-0.004108536893111608
1,-0.010652048360311292,0.0,0.00040724865992590453,-0.010112754114236303,-0.0032485899843300026,-0.0147605852534229
2,-0.011059297020237197,-0.00040724865992590453,0.0,-0.010520002774162207,-0.003655838644255907,-0.015167833913348805
3,-0.0005392942460749894,0.010112754114236303,0.010520002774162207,0.0,0.0068641641299063,-0.004647831139186598
4,-0.007403458375981289,0.0032485899843300026,0.003655838644255907,-0.0068641641299063,0.0,-0.011511995269092898
5,0.004108536893111608,0.0147605852534229,0.015167833913348805,0.004647831139186598,0.011511995269092898,0.0
