,zero_shot_baseline,in_context_learning_3-shot,style_information_style_example,chain_of_thought_zero_shot,chain_of_thought_one_shot,self-refine
0,0.0,0.0012191028245790159,0.004563653584821317,0.02223825155723641,-0.005125585822640888,0.01246552358213611
1,-0.0012191028245790159,0.0,0.0033445507602423014,0.021019148732657394,-0.006344688647219904,0.011246420757557093
2,-0.004563653584821317,-0.0033445507602423014,0.0,0.017674597972415093,-0.009689239407462205,0.007901869997314792
3,-0.02223825155723641,-0.021019148732657394,-0.017674597972415093,0.0,-0.027363837379877298,-0.009772727975100301
4,0.005125585822640888,0.006344688647219904,0.009689239407462205,0.027363837379877298,0.0,0.017591109404776997
5,-0.01246552358213611,-0.011246420757557093,-0.007901869997314792,0.009772727975100301,-0.017591109404776997,0.0
