,zero_shot_baseline,in_context_learning_3-shot,style_information_style_example,chain_of_thought_zero_shot,chain_of_thought_one_shot,self-refine
0,0.0,0.037444621856284,-0.0034394649532750177,0.0123322853565839,0.006002960787925893,-0.04602713498306621
1,-0.037444621856284,0.0,-0.04088408680955902,-0.0251123364997001,-0.03144166106835811,-0.08347175683935021
2,0.0034394649532750177,0.04088408680955902,0.0,0.015771750309858917,0.00944242574120091,-0.04258767002979119
3,-0.0123322853565839,0.0251123364997001,-0.015771750309858917,0.0,-0.006329324568658007,-0.05835942033965011
4,-0.006002960787925893,0.03144166106835811,-0.00944242574120091,0.006329324568658007,0.0,-0.0520300957709921
5,0.04602713498306621,0.08347175683935021,0.04258767002979119,0.05835942033965011,0.0520300957709921,0.0
