,zero_shot_baseline,in_context_learning_3-shot,style_information_style_example,chain_of_thought_zero_shot,chain_of_thought_one_shot,self-refine
0,0.0,0.011511255136741505,-0.0035872830968606967,3.1032173929704254e-05,-0.001865415291303102,-0.0372926707531718
1,-0.011511255136741505,0.0,-0.015098538233602202,-0.0114802229628118,-0.013376670428044607,-0.04880392588991331
2,0.0035872830968606967,0.015098538233602202,0.0,0.003618315270790401,0.0017218678055575948,-0.033705387656311106
3,-3.1032173929704254e-05,0.0114802229628118,-0.003618315270790401,0.0,-0.0018964474652328062,-0.03732370292710151
4,0.001865415291303102,0.013376670428044607,-0.0017218678055575948,0.0018964474652328062,0.0,-0.0354272554618687
5,0.0372926707531718,0.04880392588991331,0.033705387656311106,0.03732370292710151,0.0354272554618687,0.0
