,zero_shot_baseline,in_context_learning_3-shot,style_information_style_example,chain_of_thought_zero_shot,chain_of_thought_one_shot,self-refine
0,0.0,0.017583028792471603,-0.002062409406407492,0.000655751810264199,-0.002303860723845294,-0.013602930575337999
1,-0.017583028792471603,0.0,-0.019645438198879095,-0.016927276982207404,-0.019886889516316897,-0.0311859593678096
2,0.002062409406407492,0.019645438198879095,0.0,0.002718161216671691,-0.0002414513174378019,-0.011540521168930507
3,-0.000655751810264199,0.016927276982207404,-0.002718161216671691,0.0,-0.002959612534109493,-0.014258682385602198
4,0.002303860723845294,0.019886889516316897,0.0002414513174378019,0.002959612534109493,0.0,-0.011299069851492705
5,0.013602930575337999,0.0311859593678096,0.011540521168930507,0.014258682385602198,0.011299069851492705,0.0
