,zero_shot_baseline,in_context_learning_3-shot,style_information_style_example,chain_of_thought_zero_shot,chain_of_thought_one_shot,self-refine
0,0.0,0.009888815036074902,-0.0018531652159858025,-0.0014129768142936011,-0.0030043362481429053,-0.0237599043560571
1,-0.009888815036074902,0.0,-0.011741980252060705,-0.011301791850368503,-0.012893151284217808,-0.033648719392132
2,0.0018531652159858025,0.011741980252060705,0.0,0.0004401884016922014,-0.0011511710321571028,-0.021906739140071296
3,0.0014129768142936011,0.011301791850368503,-0.0004401884016922014,0.0,-0.0015913594338493042,-0.022346927541763498
4,0.0030043362481429053,0.012893151284217808,0.0011511710321571028,0.0015913594338493042,0.0,-0.020755568107914193
5,0.0237599043560571,0.033648719392132,0.021906739140071296,0.022346927541763498,0.020755568107914193,0.0
