,abstracts,news,reviews,qa
0,0.0,0.0017950890573488996,-0.0270109707192856,-0.024428422717947998
1,-0.0017950890573488996,0.0,-0.028806059776634498,-0.026223511775296898
2,0.0270109707192856,0.028806059776634498,0.0,0.0025825480013376007
3,0.024428422717947998,0.026223511775296898,-0.0025825480013376007,0.0
