,mistral,deepseek,llama3.3,qwen72b,qwen32b,qwen14b,solar
0,0.0,-0.010120099910367497,-0.007308696607726595,-0.0022811210490076006,-0.0021366390678291963,-0.004025275064531791,-0.002366667274496498
1,0.010120099910367497,0.0,0.0028114033026409024,0.007838978861359897,0.0079834608425383,0.006094824845835706,0.007753432635870999
2,0.007308696607726595,-0.0028114033026409024,0.0,0.005027575558718994,0.005172057539897398,0.0032834215431948033,0.004942029333230097
3,0.0022811210490076006,-0.007838978861359897,-0.005027575558718994,0.0,0.00014448198117840427,-0.0017441540155241908,-8.554622548889723e-05
4,0.0021366390678291963,-0.0079834608425383,-0.005172057539897398,-0.00014448198117840427,0.0,-0.001888635996702595,-0.0002300282066673015
5,0.004025275064531791,-0.006094824845835706,-0.0032834215431948033,0.0017441540155241908,0.001888635996702595,0.0,0.0016586077900352936
6,0.002366667274496498,-0.007753432635870999,-0.004942029333230097,8.554622548889723e-05,0.0002300282066673015,-0.0016586077900352936,0.0
