,zero_shot_baseline,in_context_learning_3-shot,style_information_style_example,chain_of_thought_zero_shot,chain_of_thought_one_shot,self-refine
0,0.0,0.011144817273883709,-0.009779189019713391,0.0006222240176100985,-0.0072262350588395,-0.022358595549393095
1,-0.011144817273883709,0.0,-0.0209240062935971,-0.01052259325627361,-0.01837105233272321,-0.033503412823276804
2,0.009779189019713391,0.0209240062935971,0.0,0.01040141303732349,0.002552953960873891,-0.012579406529679704
3,-0.0006222240176100985,0.01052259325627361,-0.01040141303732349,0.0,-0.007848459076449599,-0.022980819567003194
4,0.0072262350588395,0.01837105233272321,-0.002552953960873891,0.007848459076449599,0.0,-0.015132360490553595
5,0.022358595549393095,0.033503412823276804,0.012579406529679704,0.022980819567003194,0.015132360490553595,0.0
