,zero_shot_baseline,in_context_learning_3-shot,style_information_style_example,chain_of_thought_zero_shot,chain_of_thought_one_shot,self-refine
0,0.0,0.004215268651598797,0.00156439199324869,-0.0009163545666637102,0.007928404254982091,-0.01618687417266891
1,-0.004215268651598797,0.0,-0.002650876658350107,-0.005131623218262507,0.003713135603383294,-0.020402142824267708
2,-0.00156439199324869,0.002650876658350107,0.0,-0.0024807465599124,0.006364012261733401,-0.0177512661659176
3,0.0009163545666637102,0.005131623218262507,0.0024807465599124,0.0,0.008844758821645801,-0.0152705196060052
4,-0.007928404254982091,-0.003713135603383294,-0.006364012261733401,-0.008844758821645801,0.0,-0.024115278427651002
5,0.01618687417266891,0.020402142824267708,0.0177512661659176,0.0152705196060052,0.024115278427651002,0.0
