,zero_shot_baseline,in_context_learning_3-shot,style_information_style_example,chain_of_thought_zero_shot,chain_of_thought_one_shot,self-refine
0,0.0,0.05014441226089161,0.0893747457820625,-0.0006882600496774804,0.1088851171034741,0.0831320571986662
1,-0.05014441226089161,0.0,0.03923033352117089,-0.050832672310569094,0.05874070484258248,0.03298764493777459
2,-0.0893747457820625,-0.03923033352117089,0.0,-0.09006300583173998,0.01951037132141159,-0.0062426885833963
3,0.0006882600496774804,0.050832672310569094,0.09006300583173998,0.0,0.10957337715315157,0.08382031724834368
4,-0.1088851171034741,-0.05874070484258248,-0.01951037132141159,-0.10957337715315157,0.0,-0.02575305990480789
5,-0.0831320571986662,-0.03298764493777459,0.0062426885833963,-0.08382031724834368,0.02575305990480789,0.0
