,zero_shot_baseline,in_context_learning_3-shot,style_information_style_example,chain_of_thought_zero_shot,chain_of_thought_one_shot,self-refine
0,0.0,0.014886797447960398,0.0018457124230968902,0.035647561720385496,0.003063623224709794,-0.02173658651799129
1,-0.014886797447960398,0.0,-0.013041085024863508,0.020760764272425097,-0.011823174223250604,-0.03662338396595169
2,-0.0018457124230968902,0.013041085024863508,0.0,0.033801849297288605,0.0012179108016129037,-0.02358229894108818
3,-0.035647561720385496,-0.020760764272425097,-0.033801849297288605,0.0,-0.0325839384956757,-0.057384148238376786
4,-0.003063623224709794,0.011823174223250604,-0.0012179108016129037,0.0325839384956757,0.0,-0.024800209742701085
5,0.02173658651799129,0.03662338396595169,0.02358229894108818,0.057384148238376786,0.024800209742701085,0.0
