,mistral,deepseek,llama3.3,qwen72b,qwen32b,qwen14b,solar
0,0.0,0.009077686074598204,-0.002709305586321209,-0.008057417002548403,0.0012184732672204934,0.005596366759441002,0.0017336580961884035
1,-0.009077686074598204,0.0,-0.011786991660919413,-0.017135103077146607,-0.00785921280737771,-0.0034813193151572025,-0.007344027978409801
2,0.002709305586321209,0.011786991660919413,0.0,-0.005348111416227194,0.003927778853541702,0.00830567234576221,0.0044429636825096125
3,0.008057417002548403,0.017135103077146607,0.005348111416227194,0.0,0.009275890269768897,0.013653783761989405,0.009791075098736807
4,-0.0012184732672204934,0.00785921280737771,-0.003927778853541702,-0.009275890269768897,0.0,0.004377893492220508,0.0005151848289679101
5,-0.005596366759441002,0.0034813193151572025,-0.00830567234576221,-0.013653783761989405,-0.004377893492220508,0.0,-0.003862708663252598
6,-0.0017336580961884035,0.007344027978409801,-0.0044429636825096125,-0.009791075098736807,-0.0005151848289679101,0.003862708663252598,0.0
