,zero_shot_baseline,in_context_learning_3-shot,style_information_style_example,chain_of_thought_zero_shot,chain_of_thought_one_shot,self-refine
0,0.0,0.008607705062869203,-0.011934874984242103,0.0025911038411818993,-0.007590011006572792,-0.042046971487405105
1,-0.008607705062869203,0.0,-0.020542580047111306,-0.006016601221687304,-0.016197716069441995,-0.05065467655027431
2,0.011934874984242103,0.020542580047111306,0.0,0.014525978825424002,0.004344863977669311,-0.030112096503163002
3,-0.0025911038411818993,0.006016601221687304,-0.014525978825424002,0.0,-0.010181114847754691,-0.044638075328587004
4,0.007590011006572792,0.016197716069441995,-0.004344863977669311,0.010181114847754691,0.0,-0.03445696048083231
5,0.042046971487405105,0.05065467655027431,0.030112096503163002,0.044638075328587004,0.03445696048083231,0.0
