,zero_shot_baseline,in_context_learning_3-shot,style_information_style_example,chain_of_thought_zero_shot,chain_of_thought_one_shot,self-refine
0,0.0,0.0006829459358002887,-0.010662264294685309,0.003978204487080583,-0.0012620235203538999,-0.008847355134752627
1,-0.0006829459358002887,0.0,-0.011345210230485597,0.0032952585512802945,-0.0019449694561541886,-0.009530301070552916
2,0.010662264294685309,0.011345210230485597,0.0,0.014640468781765892,0.009400240774331409,0.0018149091599326816
3,-0.003978204487080583,-0.0032952585512802945,-0.014640468781765892,0.0,-0.005240228007434483,-0.01282555962183321
4,0.0012620235203538999,0.0019449694561541886,-0.009400240774331409,0.005240228007434483,0.0,-0.007585331614398727
5,0.008847355134752627,0.009530301070552916,-0.0018149091599326816,0.01282555962183321,0.007585331614398727,0.0
