,zero_shot_baseline,in_context_learning_3-shot,style_information_style_example,chain_of_thought_zero_shot,chain_of_thought_one_shot,self-refine
0,0.0,-0.0006431622140846,-0.0015331659619935,2.2531993707399994e-05,0.0001039899452711696,-0.0020961412772308
1,0.0006431622140846,0.0,-0.0008900037479089001,0.000665694207792,0.0007471521593557695,-0.0014529790631462002
2,0.0015331659619935,0.0008900037479089001,0.0,0.0015556979557009,0.0016371559072646696,-0.0005629753152373001
3,-2.2531993707399994e-05,-0.000665694207792,-0.0015556979557009,0.0,8.14579515637696e-05,-0.0021186732709382
4,-0.0001039899452711696,-0.0007471521593557695,-0.0016371559072646696,-8.14579515637696e-05,0.0,-0.0022001312225019697
5,0.0020961412772308,0.0014529790631462002,0.0005629753152373001,0.0021186732709382,0.0022001312225019697,0.0
