,zero_shot_baseline,in_context_learning_3-shot,style_information_style_example,chain_of_thought_zero_shot,chain_of_thought_one_shot,self-refine
0,0.0,-0.008424138425165005,-0.0019019972647858,-0.0003209648432037013,0.002610676539638694,-0.008949243864408006
1,0.008424138425165005,0.0,0.006522141160379205,0.008103173581961304,0.0110348149648037,-0.000525105439243001
2,0.0019019972647858,-0.006522141160379205,0.0,0.0015810324215820987,0.004512673804424494,-0.007047246599622206
3,0.0003209648432037013,-0.008103173581961304,-0.0015810324215820987,0.0,0.0029316413828423954,-0.008628279021204305
4,-0.002610676539638694,-0.0110348149648037,-0.004512673804424494,-0.0029316413828423954,0.0,-0.0115599204040467
5,0.008949243864408006,0.000525105439243001,0.007047246599622206,0.008628279021204305,0.0115599204040467,0.0
