,abstracts,news,reviews,qa
0,0.0,-0.0072994539930988,-0.007977491203507,-0.0102436404898725
1,0.0072994539930988,0.0,-0.0006780372104081998,-0.0029441864967737
2,0.007977491203507,0.0006780372104081998,0.0,-0.0022661492863655
3,0.0102436404898725,0.0029441864967737,0.0022661492863655,0.0
