,mistral,deepseek,llama3.3,qwen72b,qwen32b,qwen14b,solar
0,0.0,-0.009398356918480205,-0.016648670476945987,-0.011583013743363402,-0.03115359987770211,-0.0195944369089677,-0.02532159621295138
1,0.009398356918480205,0.0,-0.007250313558465782,-0.0021846568248831966,-0.021755242959221904,-0.010196079990487494,-0.015923239294471175
2,0.016648670476945987,0.007250313558465782,0.0,0.005065656733582585,-0.014504929400756122,-0.0029457664320217125,-0.008672925736005394
3,0.011583013743363402,0.0021846568248831966,-0.005065656733582585,0.0,-0.019570586134338708,-0.008011423165604298,-0.013738582469587979
4,0.03115359987770211,0.021755242959221904,0.014504929400756122,0.019570586134338708,0.0,0.01155916296873441,0.005832003664750729
5,0.0195944369089677,0.010196079990487494,0.0029457664320217125,0.008011423165604298,-0.01155916296873441,0.0,-0.005727159303983681
6,0.02532159621295138,0.015923239294471175,0.008672925736005394,0.013738582469587979,-0.005832003664750729,0.005727159303983681,0.0
