,zero_shot_baseline,in_context_learning_3-shot,style_information_style_example,chain_of_thought_zero_shot,chain_of_thought_one_shot,self-refine
0,0.0,0.017060179661612298,0.002822847614254397,-0.0014312158799852023,-0.00027071043456339955,-0.008948370098771904
1,-0.017060179661612298,0.0,-0.0142373320473579,-0.0184913955415975,-0.017330890096175697,-0.026008549760384202
2,-0.002822847614254397,0.0142373320473579,0.0,-0.0042540634942395995,-0.0030935580488177968,-0.011771217713026302
3,0.0014312158799852023,0.0184913955415975,0.0042540634942395995,0.0,0.0011605054454218028,-0.007517154218786702
4,0.00027071043456339955,0.017330890096175697,0.0030935580488177968,-0.0011605054454218028,0.0,-0.008677659664208505
5,0.008948370098771904,0.026008549760384202,0.011771217713026302,0.007517154218786702,0.008677659664208505,0.0
