,zero_shot_baseline,in_context_learning_3-shot,style_information_style_example,chain_of_thought_zero_shot,chain_of_thought_one_shot,self-refine
0,0.0,-0.001355661789880891,-0.005921159972785195,-0.0025608969172341844,0.004401921129399022,0.0146363169620424
1,0.001355661789880891,0.0,-0.004565498182904304,-0.0012052351273532935,0.005757582919279913,0.01599197875192329
2,0.005921159972785195,0.004565498182904304,0.0,0.0033602630555510105,0.010323081102184217,0.020557476934827595
3,0.0025608969172341844,0.0012052351273532935,-0.0033602630555510105,0.0,0.006962818046633207,0.017197213879276585
4,-0.004401921129399022,-0.005757582919279913,-0.010323081102184217,-0.006962818046633207,0.0,0.010234395832643378
5,-0.0146363169620424,-0.01599197875192329,-0.020557476934827595,-0.017197213879276585,-0.010234395832643378,0.0
