,zero_shot_baseline,in_context_learning_3-shot,style_information_style_example,chain_of_thought_zero_shot,chain_of_thought_one_shot,self-refine
0,0.0,0.0102486503275738,-0.005756321594758099,-0.002982871244600102,-0.006438715837391404,-0.007385606488408705
1,-0.0102486503275738,0.0,-0.016004971922331898,-0.013231521572173902,-0.016687366164965203,-0.017634256815982505
2,0.005756321594758099,0.016004971922331898,0.0,0.0027734503501579966,-0.0006823942426333052,-0.0016292848936506066
3,0.002982871244600102,0.013231521572173902,-0.0027734503501579966,0.0,-0.0034558445927913017,-0.004402735243808603
4,0.006438715837391404,0.016687366164965203,0.0006823942426333052,0.0034558445927913017,0.0,-0.0009468906510173014
5,0.007385606488408705,0.017634256815982505,0.0016292848936506066,0.004402735243808603,0.0009468906510173014,0.0
