,zero_shot_baseline,in_context_learning_3-shot,style_information_style_example,chain_of_thought_zero_shot,chain_of_thought_one_shot,self-refine
0,0.0,-0.01466201418713059,-0.0055229768273235,-0.005415901470091189,-0.006460793048789493,-0.021816066791898292
1,0.01466201418713059,0.0,0.00913903735980709,0.0092461127170394,0.008201221138341097,-0.007154052604767702
2,0.0055229768273235,-0.00913903735980709,0.0,0.00010707535723231132,-0.0009378162214659924,-0.016293089964574792
3,0.005415901470091189,-0.0092461127170394,-0.00010707535723231132,0.0,-0.0010448915786983037,-0.016400165321807103
4,0.006460793048789493,-0.008201221138341097,0.0009378162214659924,0.0010448915786983037,0.0,-0.0153552737431088
5,0.021816066791898292,0.007154052604767702,0.016293089964574792,0.016400165321807103,0.0153552737431088,0.0
