,zero_shot_baseline,in_context_learning_3-shot,style_information_style_example,chain_of_thought_zero_shot,chain_of_thought_one_shot,self-refine
0,0.0,-0.004114301021223607,-0.019291649670116803,0.00014602959701129348,-0.020105117236420805,0.004265561582918395
1,0.004114301021223607,0.0,-0.015177348648893196,0.0042603306182349004,-0.0159908162151972,0.008379862604142002
2,0.019291649670116803,0.015177348648893196,0.0,0.019437679267128097,-0.000813467566304002,0.0235572112530352
3,-0.00014602959701129348,-0.0042603306182349004,-0.019437679267128097,0.0,-0.0202511468334321,0.004119531985907102
4,0.020105117236420805,0.0159908162151972,0.000813467566304002,0.0202511468334321,0.0,0.0243706788193392
5,-0.004265561582918395,-0.008379862604142002,-0.0235572112530352,-0.004119531985907102,-0.0243706788193392,0.0
