,mistral,deepseek,llama3.3,qwen72b,qwen32b,qwen14b,solar
0,0.0,0.0006513447369906021,0.009631468395671002,-0.008333950227801899,-0.011248697047213301,-0.006232785206333198,-0.004246289395181298
1,-0.0006513447369906021,0.0,0.0089801236586804,-0.0089852949647925,-0.011900041784203903,-0.0068841299433238,-0.0048976341321719
2,-0.009631468395671002,-0.0089801236586804,0.0,-0.017965418623472902,-0.020880165442884305,-0.015864253602004198,-0.0138777577908523
3,0.008333950227801899,0.0089852949647925,0.017965418623472902,0.0,-0.0029147468194114026,0.0021011650214687004,0.004087660832620601
4,0.011248697047213301,0.011900041784203903,0.020880165442884305,0.0029147468194114026,0.0,0.005015911840880103,0.0070024076520320035
5,0.006232785206333198,0.0068841299433238,0.015864253602004198,-0.0021011650214687004,-0.005015911840880103,0.0,0.0019864958111519004
6,0.004246289395181298,0.0048976341321719,0.0138777577908523,-0.004087660832620601,-0.0070024076520320035,-0.0019864958111519004,0.0
