,zero_shot_baseline,in_context_learning_3-shot,style_information_style_example,chain_of_thought_zero_shot,chain_of_thought_one_shot,self-refine
0,0.0,-0.0016652498587224965,-0.0022380279248336993,-0.0006767232038600995,-0.005252231955730803,-0.003275048522232697
1,0.0016652498587224965,0.0,-0.0005727780661112028,0.000988526654862397,-0.0035869820970083066,-0.0016097986635102007
2,0.0022380279248336993,0.0005727780661112028,0.0,0.0015613047209735997,-0.003014204030897104,-0.001037020597398998
3,0.0006767232038600995,-0.000988526654862397,-0.0015613047209735997,0.0,-0.0045755087518707035,-0.0025983253183725977
4,0.005252231955730803,0.0035869820970083066,0.003014204030897104,0.0045755087518707035,0.0,0.001977183433498106
5,0.003275048522232697,0.0016097986635102007,0.001037020597398998,0.0025983253183725977,-0.001977183433498106,0.0
