,zero_shot_baseline,in_context_learning_3-shot,style_information_style_example,chain_of_thought_zero_shot,chain_of_thought_one_shot,self-refine
0,0.0,-0.001552534274566501,0.0009820279377881994,-0.0002990815505350998,0.0040321343269635,-7.883913606579994e-05
1,0.001552534274566501,0.0,0.0025345622123547004,0.0012534527240314012,0.005584668601530001,0.001473695138500701
2,-0.0009820279377881994,-0.0025345622123547004,0.0,-0.0012811094883232992,0.003050106389175301,-0.0010608670738539994
3,0.0002990815505350998,-0.0012534527240314012,0.0012811094883232992,0.0,0.0043312158774986,0.00022024241446929986
4,-0.0040321343269635,-0.005584668601530001,-0.003050106389175301,-0.0043312158774986,0.0,-0.0041109734630293
5,7.883913606579994e-05,-0.001473695138500701,0.0010608670738539994,-0.00022024241446929986,0.0041109734630293,0.0
