,mistral,deepseek,llama3.3,qwen72b,qwen32b,qwen14b,solar
0,0.0,-0.0066889683407794776,-0.00016618414013458427,-0.011580091176810386,-0.0094433131745989,-0.006110906568893598,-0.002551556008798389
1,0.0066889683407794776,0.0,0.006522784200644893,-0.004891122836030909,-0.002754344833819422,0.0005780617718858794,0.0041374123319810885
2,0.00016618414013458427,-0.006522784200644893,0.0,-0.011413907036675802,-0.009277129034464315,-0.005944722428759014,-0.002385371868663805
3,0.011580091176810386,0.004891122836030909,0.011413907036675802,0.0,0.002136778002211487,0.005469184607916788,0.009028535168011997
4,0.0094433131745989,0.002754344833819422,0.009277129034464315,-0.002136778002211487,0.0,0.0033324066057053015,0.0068917571658005106
5,0.006110906568893598,-0.0005780617718858794,0.005944722428759014,-0.005469184607916788,-0.0033324066057053015,0.0,0.003559350560095209
6,0.002551556008798389,-0.0041374123319810885,0.002385371868663805,-0.009028535168011997,-0.0068917571658005106,-0.003559350560095209,0.0
