,abstracts,news,reviews,qa
0,0.0,0.0004456594235226052,0.0012298690268026052,-0.00017588955889809478
1,-0.0004456594235226052,0.0,0.0007842096032800001,-0.0006215489824207
2,-0.0012298690268026052,-0.0007842096032800001,0.0,-0.0014057585857007002
3,0.00017588955889809478,0.0006215489824207,0.0014057585857007002,0.0
