,zero_shot_baseline,in_context_learning_3-shot,style_information_style_example,chain_of_thought_zero_shot,chain_of_thought_one_shot,self-refine
0,0.0,0.002420204388247797,0.004523153658261898,-0.0011462985634356007,-0.0021779368240990027,-0.013108431613886001
1,-0.002420204388247797,0.0,0.002102949270014101,-0.003566502951683398,-0.0045981412123468,-0.015528636002133799
2,-0.004523153658261898,-0.002102949270014101,0.0,-0.005669452221697499,-0.006701090482360901,-0.0176315852721479
3,0.0011462985634356007,0.003566502951683398,0.005669452221697499,0.0,-0.001031638260663402,-0.0119621330504504
4,0.0021779368240990027,0.0045981412123468,0.006701090482360901,0.001031638260663402,0.0,-0.010930494789786999
5,0.013108431613886001,0.015528636002133799,0.0176315852721479,0.0119621330504504,0.010930494789786999,0.0
