,abstracts,news,reviews,qa
0,0.0,-0.010272054940098203,-0.010019569895592599,0.0093254825907143
1,0.010272054940098203,0.0,0.00025248504450560427,0.019597537530812503
2,0.010019569895592599,-0.00025248504450560427,0.0,0.0193450524863069
3,-0.0093254825907143,-0.019597537530812503,-0.0193450524863069,0.0
