,zero_shot_baseline,in_context_learning_3-shot,style_information_style_example,chain_of_thought_zero_shot,chain_of_thought_one_shot,self-refine
0,0.0,0.0148771295208509,0.0086982381136822,-0.00011517245252540276,0.0019986026267092005,0.0068198947894567985
1,-0.0148771295208509,0.0,-0.0061788914071687,-0.014992301973376303,-0.0128785268941417,-0.008057234731394101
2,-0.0086982381136822,0.0061788914071687,0.0,-0.008813410566207602,-0.006699635486972999,-0.001878343324225401
3,0.00011517245252540276,0.014992301973376303,0.008813410566207602,0.0,0.0021137750792346033,0.006935067241982201
4,-0.0019986026267092005,0.0128785268941417,0.006699635486972999,-0.0021137750792346033,0.0,0.004821292162747598
5,-0.0068198947894567985,0.008057234731394101,0.001878343324225401,-0.006935067241982201,-0.004821292162747598,0.0
