,abstracts,news,reviews,qa
0,0.0,-0.0140574970238593,-0.0238766973634249,-0.0198739072485145
1,0.0140574970238593,0.0,-0.0098192003395656,-0.0058164102246552
2,0.0238766973634249,0.0098192003395656,0.0,0.0040027901149104
3,0.0198739072485145,0.0058164102246552,-0.0040027901149104,0.0
