,zero_shot_baseline,in_context_learning_3-shot,style_information_style_example,chain_of_thought_zero_shot,chain_of_thought_one_shot,self-refine
0,0.0,-0.006065930002801801,-0.0015640830087716995,0.00011970450163369985,-0.0044881880712472,-0.0036012288920007993
1,0.006065930002801801,0.0,0.004501846994030102,0.006185634504435501,0.0015777419315546014,0.0024647011108010018
2,0.0015640830087716995,-0.004501846994030102,0.0,0.0016837875104053993,-0.0029241050624755002,-0.0020371458832291
3,-0.00011970450163369985,-0.006185634504435501,-0.0016837875104053993,0.0,-0.0046078925728808996,-0.003720933393634499
4,0.0044881880712472,-0.0015777419315546014,0.0029241050624755002,0.0046078925728808996,0.0,0.0008869591792464004
5,0.0036012288920007993,-0.0024647011108010018,0.0020371458832291,0.003720933393634499,-0.0008869591792464004,0.0
