,zero_shot_baseline,in_context_learning_3-shot,style_information_style_example,chain_of_thought_zero_shot,chain_of_thought_one_shot,self-refine
0,0.0,-0.0032769853454110006,-0.0017252354967483,-0.0014292589816538998,0.0031378125138042,-0.0011854969321120996
1,0.0032769853454110006,0.0,0.0015517498486627007,0.0018477263637571009,0.006414797859215201,0.002091488413298901
2,0.0017252354967483,-0.0015517498486627007,0.0,0.00029597651509440017,0.0048630480105525,0.0005397385646362003
3,0.0014292589816538998,-0.0018477263637571009,-0.00029597651509440017,0.0,0.0045670714954581,0.00024376204954180015
4,-0.0031378125138042,-0.006414797859215201,-0.0048630480105525,-0.0045670714954581,0.0,-0.0043233094459162996
5,0.0011854969321120996,-0.002091488413298901,-0.0005397385646362003,-0.00024376204954180015,0.0043233094459162996,0.0
