,zero_shot_baseline,in_context_learning_3-shot,style_information_style_example,chain_of_thought_zero_shot,chain_of_thought_one_shot,self-refine
0,0.0,0.036495158769814504,0.029810254883519904,0.004818021645443399,0.021690383916849403,0.0195239537015914
1,-0.036495158769814504,0.0,-0.006684903886294599,-0.031677137124371105,-0.014804774852965101,-0.016971205068223104
2,-0.029810254883519904,0.006684903886294599,0.0,-0.024992233238076506,-0.008119870966670502,-0.010286301181928505
3,-0.004818021645443399,0.031677137124371105,0.024992233238076506,0.0,0.016872362271406004,0.014705932056148
4,-0.021690383916849403,0.014804774852965101,0.008119870966670502,-0.016872362271406004,0.0,-0.002166430215258003
5,-0.0195239537015914,0.016971205068223104,0.010286301181928505,-0.014705932056148,0.002166430215258003,0.0
