,zero_shot_baseline,in_context_learning_3-shot,style_information_style_example,chain_of_thought_zero_shot,chain_of_thought_one_shot,self-refine
0,0.0,0.0026635202884624995,0.0005609756094945,3.86017370498995e-05,0.00044784936589020025,-0.0023357233110708007
1,-0.0026635202884624995,0.0,-0.0021025446789679995,-0.0026249185514126,-0.0022156709225722993,-0.0049992435995333
2,-0.0005609756094945,0.0021025446789679995,0.0,-0.0005223738724446005,-0.00011312624360429978,-0.0028966989205653007
3,-3.86017370498995e-05,0.0026249185514126,0.0005223738724446005,0.0,0.00040924762884030075,-0.0023743250481207
4,-0.00044784936589020025,0.0022156709225722993,0.00011312624360429978,-0.00040924762884030075,0.0,-0.002783572676961001
5,0.0023357233110708007,0.0049992435995333,0.0028966989205653007,0.0023743250481207,0.002783572676961001,0.0
