,zero_shot_baseline,in_context_learning_3-shot,style_information_style_example,chain_of_thought_zero_shot,chain_of_thought_one_shot,self-refine
0,0.0,0.006175632642442808,-0.00047472268954409924,-0.001269321574797977,0.0003415534438124257,0.00775431708438562
1,-0.006175632642442808,0.0,-0.006650355331986907,-0.0074449542172407845,-0.005834079198630382,0.0015786844419428125
2,0.00047472268954409924,0.006650355331986907,0.0,-0.0007945988852538777,0.0008162761333565249,0.00822903977392972
3,0.001269321574797977,0.0074449542172407845,0.0007945988852538777,0.0,0.0016108750186104026,0.009023638659183597
4,-0.0003415534438124257,0.005834079198630382,-0.0008162761333565249,-0.0016108750186104026,0.0,0.0074127636405731945
5,-0.00775431708438562,-0.0015786844419428125,-0.00822903977392972,-0.009023638659183597,-0.0074127636405731945,0.0
