,zero_shot_baseline,in_context_learning_3-shot,style_information_style_example,chain_of_thought_zero_shot,chain_of_thought_one_shot,self-refine
0,0.0,-5.007018777869986e-05,0.0009678681636546994,-8.888225678129955e-05,0.0025644322073723,0.000791740988106299
1,5.007018777869986e-05,0.0,0.0010179383514333992,-3.881206900259969e-05,0.002614502395151,0.0008418111758849989
2,-0.0009678681636546994,-0.0010179383514333992,0.0,-0.001056750420435999,0.0015965640437176007,-0.00017612717554840035
3,8.888225678129955e-05,3.881206900259969e-05,0.001056750420435999,0.0,0.0026533144641535996,0.0008806232448875986
4,-0.0025644322073723,-0.002614502395151,-0.0015965640437176007,-0.0026533144641535996,0.0,-0.001772691219266001
5,-0.000791740988106299,-0.0008418111758849989,0.00017612717554840035,-0.0008806232448875986,0.001772691219266001,0.0
