,abstracts,news,reviews,qa
0,0.0,-0.0067473820181073,0.0018249548223378,-0.007317436626373399
1,0.0067473820181073,0.0,0.008572336840445099,-0.0005700546082661002
2,-0.0018249548223378,-0.008572336840445099,0.0,-0.0091423914487112
3,0.007317436626373399,0.0005700546082661002,0.0091423914487112,0.0
