,zero_shot_baseline,in_context_learning_3-shot,style_information_style_example,chain_of_thought_zero_shot,chain_of_thought_one_shot,self-refine
0,0.0,-0.0002781553994474846,-1.4259456901329847e-05,-1.66768142927856e-05,-5.5829468597086024e-05,-4.193287510392777e-05
1,0.0002781553994474846,0.0,0.0002638959425461548,0.00026147858515469905,0.0002223259308503986,0.00023622252434355687
2,1.4259456901329847e-05,-0.0002638959425461548,0.0,-2.417357391455752e-06,-4.157001169575618e-05,-2.7673418202597922e-05
3,1.66768142927856e-05,-0.00026147858515469905,2.417357391455752e-06,0.0,-3.9152654304300425e-05,-2.525606081114217e-05
4,5.5829468597086024e-05,-0.0002223259308503986,4.157001169575618e-05,3.9152654304300425e-05,0.0,1.3896593493158255e-05
5,4.193287510392777e-05,-0.00023622252434355687,2.7673418202597922e-05,2.525606081114217e-05,-1.3896593493158255e-05,0.0
