,mistral,deepseek,llama3.3,qwen72b,qwen32b,qwen14b,solar
0,0.0,-0.0011141019961051993,-0.0027216304306259993,0.0007286057289272001,0.0028536609401880004,0.0008065811200704005,-0.0015004061579151993
1,0.0011141019961051993,0.0,-0.0016075284345208,0.0018427077250323994,0.0039677629362932,0.0019206831161755998,-0.00038630416180999994
2,0.0027216304306259993,0.0016075284345208,0.0,0.0034502361595531994,0.005575291370814,0.0035282115506964,0.0012212242727108
3,-0.0007286057289272001,-0.0018427077250323994,-0.0034502361595531994,0.0,0.0021250552112608003,7.797539114320039e-05,-0.0022290118868423994
4,-0.0028536609401880004,-0.0039677629362932,-0.005575291370814,-0.0021250552112608003,0.0,-0.0020470798201176,-0.0043540670981032
5,-0.0008065811200704005,-0.0019206831161755998,-0.0035282115506964,-7.797539114320039e-05,0.0020470798201176,0.0,-0.0023069872779855997
6,0.0015004061579151993,0.00038630416180999994,-0.0012212242727108,0.0022290118868423994,0.0043540670981032,0.0023069872779855997,0.0
