,zero_shot_baseline,in_context_learning_3-shot,style_information_style_example,chain_of_thought_zero_shot,chain_of_thought_one_shot,self-refine
0,0.0,-0.00029282024520350253,0.0003973879020744975,0.0012547305202266993,-0.0010803419232782024,-0.0019156584501692012
1,0.00029282024520350253,0.0,0.000690208147278,0.0015475507654302018,-0.0007875216780746999,-0.0016228382049656986
2,-0.0003973879020744975,-0.000690208147278,0.0,0.0008573426181522018,-0.0014777298253527,-0.0023130463522436986
3,-0.0012547305202266993,-0.0015475507654302018,-0.0008573426181522018,0.0,-0.0023350724435049017,-0.0031703889703959005
4,0.0010803419232782024,0.0007875216780746999,0.0014777298253527,0.0023350724435049017,0.0,-0.0008353165268909987
5,0.0019156584501692012,0.0016228382049656986,0.0023130463522436986,0.0031703889703959005,0.0008353165268909987,0.0
