,zero_shot_baseline,in_context_learning_3-shot,style_information_style_example,chain_of_thought_zero_shot,chain_of_thought_one_shot,self-refine
0,0.0,-0.012598118318560805,-0.0010525114548871999,-0.00040088760777570037,-0.0007513396721958998,-0.0115480641737374
1,0.012598118318560805,0.0,0.011545606863673605,0.012197230710785104,0.011846778646364905,0.001050054144823405
2,0.0010525114548871999,-0.011545606863673605,0.0,0.0006516238471114995,0.00030117178269130004,-0.0104955527188502
3,0.00040088760777570037,-0.012197230710785104,-0.0006516238471114995,0.0,-0.00035045206442019944,-0.0111471765659617
4,0.0007513396721958998,-0.011846778646364905,-0.00030117178269130004,0.00035045206442019944,0.0,-0.0107967245015415
5,0.0115480641737374,-0.001050054144823405,0.0104955527188502,0.0111471765659617,0.0107967245015415,0.0
