,zero_shot_baseline,in_context_learning_3-shot,style_information_style_example,chain_of_thought_zero_shot,chain_of_thought_one_shot,self-refine
0,0.0,0.003340752245049601,0.0008230746305630983,0.0002631457863409986,0.0025120873360664,0.0011198630368587995
1,-0.003340752245049601,0.0,-0.0025176776144865028,-0.0030776064587086024,-0.000828664908983201,-0.0022208892081908016
2,-0.0008230746305630983,0.0025176776144865028,0.0,-0.0005599288442220997,0.0016890127055033018,0.00029678840629570116
3,-0.0002631457863409986,0.0030776064587086024,0.0005599288442220997,0.0,0.0022489415497254014,0.0008567172505178008
4,-0.0025120873360664,0.000828664908983201,-0.0016890127055033018,-0.0022489415497254014,0.0,-0.0013922242992076006
5,-0.0011198630368587995,0.0022208892081908016,-0.00029678840629570116,-0.0008567172505178008,0.0013922242992076006,0.0
