,zero_shot_baseline,in_context_learning_3-shot,style_information_style_example,chain_of_thought_zero_shot,chain_of_thought_one_shot,self-refine
0,0.0,0.00018597221979830061,-0.001158855286730598,0.0014324996300002016,0.0010908258989781004,-0.0010706523934834976
1,-0.00018597221979830061,0.0,-0.0013448275065288985,0.001246527410201901,0.0009048536791797998,-0.0012566246132817982
2,0.001158855286730598,0.0013448275065288985,0.0,0.0025913549167307995,0.0022496811857086983,8.820289324710032e-05
3,-0.0014324996300002016,-0.001246527410201901,-0.0025913549167307995,0.0,-0.00034167373102210116,-0.002503152023483699
4,-0.0010908258989781004,-0.0009048536791797998,-0.0022496811857086983,0.00034167373102210116,0.0,-0.002161478292461598
5,0.0010706523934834976,0.0012566246132817982,-8.820289324710032e-05,0.002503152023483699,0.002161478292461598,0.0
