,zero_shot_baseline,in_context_learning_3-shot,style_information_style_example,chain_of_thought_zero_shot,chain_of_thought_one_shot,self-refine
0,0.0,0.0039737239921609005,0.0019583096704645017,0.002171566439771202,0.0009526889351253003,0.0010227672868650013
1,-0.0039737239921609005,0.0,-0.0020154143216963988,-0.0018021575523896986,-0.0030210350570356002,-0.002950956705295899
2,-0.0019583096704645017,0.0020154143216963988,0.0,0.00021325676930670015,-0.0010056207353392015,-0.0009355423835995004
3,-0.002171566439771202,0.0018021575523896986,-0.00021325676930670015,0.0,-0.0012188775046459016,-0.0011487991529062005
4,-0.0009526889351253003,0.0030210350570356002,0.0010056207353392015,0.0012188775046459016,0.0,7.007835173970106e-05
5,-0.0010227672868650013,0.002950956705295899,0.0009355423835995004,0.0011487991529062005,-7.007835173970106e-05,0.0
