,zero_shot_baseline,in_context_learning_3-shot,style_information_style_example,chain_of_thought_zero_shot,chain_of_thought_one_shot,self-refine
0,0.0,0.030928323790146296,0.0032271742697229933,0.0007482748012715978,-0.0013654155009191066,-0.009132785453241102
1,-0.030928323790146296,0.0,-0.027701149520423303,-0.0301800489888747,-0.0322937392910654,-0.0400611092433874
2,-0.0032271742697229933,0.027701149520423303,0.0,-0.0024788994684513954,-0.0045925897706421,-0.012359959722964095
3,-0.0007482748012715978,0.0301800489888747,0.0024788994684513954,0.0,-0.0021136903021907044,-0.0098810602545127
4,0.0013654155009191066,0.0322937392910654,0.0045925897706421,0.0021136903021907044,0.0,-0.007767369952321995
5,0.009132785453241102,0.0400611092433874,0.012359959722964095,0.0098810602545127,0.007767369952321995,0.0
