,abstracts,news,reviews,qa
0,0.0,0.025887286564121807,0.029139886526986805,0.06431597470926351
1,-0.025887286564121807,0.0,0.003252599962864998,0.0384286881451417
2,-0.029139886526986805,-0.003252599962864998,0.0,0.0351760881822767
3,-0.06431597470926351,-0.0384286881451417,-0.0351760881822767,0.0
