,zero_shot_baseline,in_context_learning_3-shot,style_information_style_example,chain_of_thought_zero_shot,chain_of_thought_one_shot,self-refine
0,0.0,0.0358656545571767,-0.007246319081410005,0.0002856084481159954,-0.0009781303153754,-0.0143406836205629
1,-0.0358656545571767,0.0,-0.0431119736385867,-0.0355800461090607,-0.0368437848725521,-0.0502063381777396
2,0.007246319081410005,0.0431119736385867,0.0,0.007531927529526,0.006268188766034605,-0.007094364539152895
3,-0.0002856084481159954,0.0355800461090607,-0.007531927529526,0.0,-0.0012637387634913955,-0.014626292068678895
4,0.0009781303153754,0.0368437848725521,-0.006268188766034605,0.0012637387634913955,0.0,-0.0133625533051875
5,0.0143406836205629,0.0502063381777396,0.007094364539152895,0.014626292068678895,0.0133625533051875,0.0
