,abstracts,news,reviews,qa
0,0.0,0.0004109897383338395,0.0013316070076425397,-6.337746244263876e-05
1,-0.0004109897383338395,0.0,0.0009206172693087001,-0.0004743672007764783
2,-0.0013316070076425397,-0.0009206172693087001,0.0,-0.0013949844700851784
3,6.337746244263876e-05,0.0004743672007764783,0.0013949844700851784,0.0
