,mistral,deepseek,llama3.3,qwen72b,qwen32b,qwen14b,solar
0,0.0,0.006032467330158997,0.0133798616710811,0.006577457252658389,-0.0011058962885784063,-0.003163267863981606,0.012721101327124298
1,-0.006032467330158997,0.0,0.007347394340922103,0.000544989922499392,-0.007138363618737403,-0.009195735194140603,0.006688633996965301
2,-0.0133798616710811,-0.007347394340922103,0.0,-0.006802404418422711,-0.014485757959659507,-0.016543129535062706,-0.0006587603439568018
3,-0.006577457252658389,-0.000544989922499392,0.006802404418422711,0.0,-0.007683353541236795,-0.009740725116639995,0.006143644074465909
4,0.0011058962885784063,0.007138363618737403,0.014485757959659507,0.007683353541236795,0.0,-0.0020573715754031996,0.013826997615702705
5,0.003163267863981606,0.009195735194140603,0.016543129535062706,0.009740725116639995,0.0020573715754031996,0.0,0.015884369191105904
6,-0.012721101327124298,-0.006688633996965301,0.0006587603439568018,-0.006143644074465909,-0.013826997615702705,-0.015884369191105904,0.0
