,zero_shot_baseline,in_context_learning_3-shot,style_information_style_example,chain_of_thought_zero_shot,chain_of_thought_one_shot,self-refine
0,0.0,-0.006396101059346099,0.003622115459589209,-0.003389783123414203,-0.006116366326393702,-0.014355343753307687
1,0.006396101059346099,0.0,0.010018216518935308,0.003006317935931896,0.0002797347329523969,-0.007959242693961588
2,-0.003622115459589209,-0.010018216518935308,0.0,-0.007011898583003412,-0.009738481785982911,-0.017977459212896896
3,0.003389783123414203,-0.003006317935931896,0.007011898583003412,0.0,-0.002726583202979499,-0.010965560629893484
4,0.006116366326393702,-0.0002797347329523969,0.009738481785982911,0.002726583202979499,0.0,-0.008238977426913985
5,0.014355343753307687,0.007959242693961588,0.017977459212896896,0.010965560629893484,0.008238977426913985,0.0
