,zero_shot_baseline,in_context_learning_3-shot,style_information_style_example,chain_of_thought_zero_shot,chain_of_thought_one_shot,self-refine
0,0.0,0.005121057540312498,0.0009895788653691007,-0.0006425562707982023,0.0027033311445566997,0.000765407712512798
1,-0.005121057540312498,0.0,-0.004131478674943397,-0.0057636138111107,-0.002417726395755798,-0.0043556498277997
2,-0.0009895788653691007,0.004131478674943397,0.0,-0.001632135136167303,0.001713752279187599,-0.0002241711528563027
3,0.0006425562707982023,0.0057636138111107,0.001632135136167303,0.0,0.003345887415354902,0.0014079639833110003
4,-0.0027033311445566997,0.002417726395755798,-0.001713752279187599,-0.003345887415354902,0.0,-0.0019379234320439018
5,-0.000765407712512798,0.0043556498277997,0.0002241711528563027,-0.0014079639833110003,0.0019379234320439018,0.0
