,zero_shot_baseline,in_context_learning_3-shot,style_information_style_example,chain_of_thought_zero_shot,chain_of_thought_one_shot,self-refine
0,0.0,-0.0014738746061575998,-0.0012170834200466,-3.788012619610002e-05,-0.00010411695780650001,-0.0020374666882985
1,0.0014738746061575998,0.0,0.0002567911861109998,0.0014359944799615,0.0013697576483511,-0.0005635920821409001
2,0.0012170834200466,-0.0002567911861109998,0.0,0.0011792032938505001,0.0011129664622401,-0.0008203832682518999
3,3.788012619610002e-05,-0.0014359944799615,-0.0011792032938505001,0.0,-6.623683161039999e-05,-0.0019995865621024
4,0.00010411695780650001,-0.0013697576483511,-0.0011129664622401,6.623683161039999e-05,0.0,-0.001933349730492
5,0.0020374666882985,0.0005635920821409001,0.0008203832682518999,0.0019995865621024,0.001933349730492,0.0
