,zero_shot_baseline,in_context_learning_3-shot,style_information_style_example,chain_of_thought_zero_shot,chain_of_thought_one_shot,self-refine
0,0.0,0.0014123525014299032,-0.006125792529404699,-0.0002788145977020984,-0.0009693887626646969,-0.0018513422062092985
1,-0.0014123525014299032,0.0,-0.007538145030834602,-0.0016911670991320016,-0.0023817412640946,-0.0032636947076392017
2,0.006125792529404699,0.007538145030834602,0.0,0.0058469779317026,0.005156403766740002,0.0042744503231954
3,0.0002788145977020984,0.0016911670991320016,-0.0058469779317026,0.0,-0.0006905741649625985,-0.0015725276085072001
4,0.0009693887626646969,0.0023817412640946,-0.005156403766740002,0.0006905741649625985,0.0,-0.0008819534435446016
5,0.0018513422062092985,0.0032636947076392017,-0.0042744503231954,0.0015725276085072001,0.0008819534435446016,0.0
