,zero_shot_baseline,in_context_learning_3-shot,style_information_style_example,chain_of_thought_zero_shot,chain_of_thought_one_shot,self-refine
0,0.0,-0.0080486871511165,0.0087795333268341,-0.005339213994922799,0.0007280121495465003,-0.0064354532957969016
1,0.0080486871511165,0.0,0.0168282204779506,0.0027094731561937008,0.008776699300663,0.0016132338553195985
2,-0.0087795333268341,-0.0168282204779506,0.0,-0.0141187473217569,-0.0080515211772876,-0.015214986622631002
3,0.005339213994922799,-0.0027094731561937008,0.0141187473217569,0.0,0.0060672261444693,-0.0010962393008741023
4,-0.0007280121495465003,-0.008776699300663,0.0080515211772876,-0.0060672261444693,0.0,-0.007163465445343402
5,0.0064354532957969016,-0.0016132338553195985,0.015214986622631002,0.0010962393008741023,0.007163465445343402,0.0
