,zero_shot_baseline,in_context_learning_3-shot,style_information_style_example,chain_of_thought_zero_shot,chain_of_thought_one_shot,self-refine
0,0.0,0.002659133557594902,0.004924331450013003,-0.0004769483279325956,-0.0004024075636819002,0.000437270924898904
1,-0.002659133557594902,0.0,0.0022651978924181013,-0.0031360818855274974,-0.003061541121276802,-0.002221862632695998
2,-0.004924331450013003,-0.0022651978924181013,0.0,-0.005401279777945599,-0.005326739013694903,-0.004487060525114099
3,0.0004769483279325956,0.0031360818855274974,0.005401279777945599,0.0,7.454076425069539e-05,0.0009142192528314996
4,0.0004024075636819002,0.003061541121276802,0.005326739013694903,-7.454076425069539e-05,0.0,0.0008396784885808042
5,-0.000437270924898904,0.002221862632695998,0.004487060525114099,-0.0009142192528314996,-0.0008396784885808042,0.0
