,mistral,deepseek,llama3.3,qwen72b,qwen32b,qwen14b,solar
0,0.0,0.00044100432158160005,0.00046311843299710003,0.0006335573220994,0.0005974511145915001,0.0006321561084419,0.0005675998980621001
1,-0.00044100432158160005,0.0,2.211411141549998e-05,0.00019255300051779998,0.0001564467930099,0.00019115178686029998,0.0001265955764805
2,-0.00046311843299710003,-2.211411141549998e-05,0.0,0.0001704388891023,0.0001343326815944,0.0001690376754448,0.00010448146506500001
3,-0.0006335573220994,-0.00019255300051779998,-0.0001704388891023,0.0,-3.610620750789999e-05,-1.4012136574999994e-06,-6.595742403729999e-05
4,-0.0005974511145915001,-0.0001564467930099,-0.0001343326815944,3.610620750789999e-05,0.0,3.470499385039999e-05,-2.9851216529399997e-05
5,-0.0006321561084419,-0.00019115178686029998,-0.0001690376754448,1.4012136574999994e-06,-3.470499385039999e-05,0.0,-6.455621037979999e-05
6,-0.0005675998980621001,-0.0001265955764805,-0.00010448146506500001,6.595742403729999e-05,2.9851216529399997e-05,6.455621037979999e-05,0.0
