,mistral,deepseek,llama3.3,qwen72b,qwen32b,qwen14b,solar
0,0.0,0.0038368778383358892,0.0002724512725884032,0.006003760398944014,-0.0066831531491060026,0.001061264249424293,0.0062282849720330935
1,-0.0038368778383358892,0.0,-0.003564426565747486,0.0021668825606081243,-0.010520030987441892,-0.0027756135889115963,0.0023914071336972043
2,-0.0002724512725884032,0.003564426565747486,0.0,0.00573130912635561,-0.006955604421694406,0.0007888129768358898,0.00595583369944469
3,-0.006003760398944014,-0.0021668825606081243,-0.00573130912635561,0.0,-0.012686913548050016,-0.004942496149519721,0.00022452457308907992
4,0.0066831531491060026,0.010520030987441892,0.006955604421694406,0.012686913548050016,0.0,0.0077444173985302955,0.012911438121139096
5,-0.001061264249424293,0.0027756135889115963,-0.0007888129768358898,0.004942496149519721,-0.0077444173985302955,0.0,0.0051670207226088005
6,-0.0062282849720330935,-0.0023914071336972043,-0.00595583369944469,-0.00022452457308907992,-0.012911438121139096,-0.0051670207226088005,0.0
