,zero_shot_baseline,in_context_learning_3-shot,style_information_style_example,chain_of_thought_zero_shot,chain_of_thought_one_shot,self-refine
0,0.0,-0.0005476823371703001,0.0002058225512097,6.46114089275e-05,0.0001721524893258,0.00032740124979289997
1,0.0005476823371703001,0.0,0.0007535048883800001,0.0006122937460978002,0.0007198348264961001,0.0008750835869632001
2,-0.0002058225512097,-0.0007535048883800001,0.0,-0.0001412111422822,-3.367006188389999e-05,0.00012157869858319999
3,-6.46114089275e-05,-0.0006122937460978002,0.0001412111422822,0.0,0.0001075410803983,0.00026278984086539997
4,-0.0001721524893258,-0.0007198348264961001,3.367006188389999e-05,-0.0001075410803983,0.0,0.00015524876046709997
5,-0.00032740124979289997,-0.0008750835869632001,-0.00012157869858319999,-0.00026278984086539997,-0.00015524876046709997,0.0
