,mistral,deepseek,llama3.3,qwen72b,qwen32b,qwen14b,solar
0,0.0,-0.005684111321944588,-0.0002609136481874913,-0.0006604257242322914,0.006416020791758105,0.0015579225772589106,0.002347206180979805
1,0.005684111321944588,0.0,0.005423197673757096,0.005023685597712296,0.012100132113702693,0.007242033899203498,0.008031317502924393
2,0.0002609136481874913,-0.005423197673757096,0.0,-0.0003995120760448001,0.006676934439945596,0.0018188362254464019,0.0026081198291672963
3,0.0006604257242322914,-0.005023685597712296,0.0003995120760448001,0.0,0.007076446515990396,0.002218348301491202,0.0030076319052120964
4,-0.006416020791758105,-0.012100132113702693,-0.006676934439945596,-0.007076446515990396,0.0,-0.004858098214499194,-0.0040688146107783
5,-0.0015579225772589106,-0.007242033899203498,-0.0018188362254464019,-0.002218348301491202,0.004858098214499194,0.0,0.0007892836037208945
6,-0.002347206180979805,-0.008031317502924393,-0.0026081198291672963,-0.0030076319052120964,0.0040688146107783,-0.0007892836037208945,0.0
