,zero_shot_baseline,in_context_learning_3-shot,style_information_style_example,chain_of_thought_zero_shot,chain_of_thought_one_shot,self-refine
0,0.0,0.0035299461656637943,0.006252674455427695,0.00013655528825309848,-0.0012929765165783993,-0.0029514732478322994
1,-0.0035299461656637943,0.0,0.002722728289763901,-0.0033933908774106958,-0.004822922682242194,-0.006481419413496094
2,-0.006252674455427695,-0.002722728289763901,0.0,-0.006116119167174597,-0.007545650972006095,-0.009204147703259995
3,-0.00013655528825309848,0.0033933908774106958,0.006116119167174597,0.0,-0.0014295318048314978,-0.003088028536085398
4,0.0012929765165783993,0.004822922682242194,0.007545650972006095,0.0014295318048314978,0.0,-0.0016584967312539
5,0.0029514732478322994,0.006481419413496094,0.009204147703259995,0.003088028536085398,0.0016584967312539,0.0
