,zero_shot_baseline,in_context_learning_3-shot,style_information_style_example,chain_of_thought_zero_shot,chain_of_thought_one_shot,self-refine
0,0.0,0.021392601055094704,0.004112218012046705,0.0006486254826931007,0.0046324126231733,-0.0271666925658813
1,-0.021392601055094704,0.0,-0.017280383043048,-0.020743975572401603,-0.016760188431921404,-0.048559293620976
2,-0.004112218012046705,0.017280383043048,0.0,-0.003463592529353604,0.0005201946111265954,-0.031278910577928004
3,-0.0006486254826931007,0.020743975572401603,0.003463592529353604,0.0,0.0039837871404801994,-0.0278153180485744
4,-0.0046324126231733,0.016760188431921404,-0.0005201946111265954,-0.0039837871404801994,0.0,-0.0317991051890546
5,0.0271666925658813,0.048559293620976,0.031278910577928004,0.0278153180485744,0.0317991051890546,0.0
