,zero_shot_baseline,in_context_learning_3-shot,style_information_style_example,chain_of_thought_zero_shot,chain_of_thought_one_shot,self-refine
0,0.0,-0.0019226113999429011,0.0017093621432430995,0.00020213951074879964,0.001233052141675399,-0.0011168965149696997
1,0.0019226113999429011,0.0,0.0036319735431860007,0.0021247509106917008,0.0031556635416183,0.0008057148849732014
2,-0.0017093621432430995,-0.0036319735431860007,0.0,-0.0015072226324943,-0.0004763100015677006,-0.0028262586582127993
3,-0.00020213951074879964,-0.0021247509106917008,0.0015072226324943,0.0,0.0010309126309265993,-0.0013190360257184994
4,-0.001233052141675399,-0.0031556635416183,0.0004763100015677006,-0.0010309126309265993,0.0,-0.0023499486566450987
5,0.0011168965149696997,-0.0008057148849732014,0.0028262586582127993,0.0013190360257184994,0.0023499486566450987,0.0
