,zero_shot_baseline,in_context_learning_3-shot,style_information_style_example,chain_of_thought_zero_shot,chain_of_thought_one_shot,self-refine
0,0.0,-0.010866265305405798,0.017485564700118306,-0.0002868199377122904,0.010860016547120821,0.04732436261391382
1,0.010866265305405798,0.0,0.028351830005524103,0.010579445367693507,0.02172628185252662,0.058190627919319615
2,-0.017485564700118306,-0.028351830005524103,0.0,-0.017772384637830596,-0.006625548152997485,0.02983879791379551
3,0.0002868199377122904,-0.010579445367693507,0.017772384637830596,0.0,0.011146836484833111,0.04761118255162611
4,-0.010860016547120821,-0.02172628185252662,0.006625548152997485,-0.011146836484833111,0.0,0.036464346066792996
5,-0.04732436261391382,-0.058190627919319615,-0.02983879791379551,-0.04761118255162611,-0.036464346066792996,0.0
