,zero_shot_baseline,in_context_learning_3-shot,style_information_style_example,chain_of_thought_zero_shot,chain_of_thought_one_shot,self-refine
0,0.0,1.6008741728205548e-05,3.845321486980097e-05,-1.0335616464299992e-05,5.4824583266709605e-05,-2.989418079010001e-05
1,-1.6008741728205548e-05,0.0,2.244447314159542e-05,-2.634435819250554e-05,3.8815841538504057e-05,-4.5902922518305556e-05
2,-3.845321486980097e-05,-2.244447314159542e-05,0.0,-4.878883133410096e-05,1.6371368396908637e-05,-6.834739565990098e-05
3,1.0335616464299992e-05,2.634435819250554e-05,4.878883133410096e-05,0.0,6.51601997310096e-05,-1.9558564325800016e-05
4,-5.4824583266709605e-05,-3.8815841538504057e-05,-1.6371368396908637e-05,-6.51601997310096e-05,0.0,-8.471876405680961e-05
5,2.989418079010001e-05,4.5902922518305556e-05,6.834739565990098e-05,1.9558564325800016e-05,8.471876405680961e-05,0.0
