,zero_shot_baseline,in_context_learning_3-shot,style_information_style_example,chain_of_thought_zero_shot,chain_of_thought_one_shot,self-refine
0,0.0,0.023309258584361475,-0.0407551313593347,0.004988947931370696,-0.030922583086285205,-0.015244092860760505
1,-0.023309258584361475,0.0,-0.06406438994369618,-0.01832031065299078,-0.05423184167064668,-0.03855335144512198
2,0.0407551313593347,0.06406438994369618,0.0,0.0457440792907054,0.009832548273049496,0.025511038498574196
3,-0.004988947931370696,0.01832031065299078,-0.0457440792907054,0.0,-0.0359115310176559,-0.0202330407921312
4,0.030922583086285205,0.05423184167064668,-0.009832548273049496,0.0359115310176559,0.0,0.0156784902255247
5,0.015244092860760505,0.03855335144512198,-0.025511038498574196,0.0202330407921312,-0.0156784902255247,0.0
