,zero_shot_baseline,in_context_learning_3-shot,style_information_style_example,chain_of_thought_zero_shot,chain_of_thought_one_shot,self-refine
0,0.0,0.0377326199752066,-0.0022048251306995975,0.000601467722945101,0.0057017696508862015,-0.017668973730632503
1,-0.0377326199752066,0.0,-0.039937445105906196,-0.0371311522522615,-0.032030850324320397,-0.0554015937058391
2,0.0022048251306995975,0.039937445105906196,0.0,0.0028062928536446985,0.007906594781585799,-0.015464148599932906
3,-0.000601467722945101,0.0371311522522615,-0.0028062928536446985,0.0,0.0051003019279411005,-0.018270441453577604
4,-0.0057017696508862015,0.032030850324320397,-0.007906594781585799,-0.0051003019279411005,0.0,-0.023370743381518705
5,0.017668973730632503,0.0554015937058391,0.015464148599932906,0.018270441453577604,0.023370743381518705,0.0
