,zero_shot_baseline,in_context_learning_3-shot,style_information_style_example,chain_of_thought_zero_shot,chain_of_thought_one_shot,self-refine
0,0.0,0.0032010840504161017,0.0016175117131678012,-0.0012223670899902984,-0.0014714707456027001,-0.0011557476370121986
1,-0.0032010840504161017,0.0,-0.0015835723372483006,-0.0044234511404064,-0.004672554796018802,-0.0043568316874283
2,-0.0016175117131678012,0.0015835723372483006,0.0,-0.0028398788031580996,-0.0030889824587705013,-0.0027732593501799997
3,0.0012223670899902984,0.0044234511404064,0.0028398788031580996,0.0,-0.0002491036556124017,6.661945297809987e-05
4,0.0014714707456027001,0.004672554796018802,0.0030889824587705013,0.0002491036556124017,0.0,0.00031572310859050157
5,0.0011557476370121986,0.0043568316874283,0.0027732593501799997,-6.661945297809987e-05,-0.00031572310859050157,0.0
