,abstracts,news,reviews,qa
0,0.0,0.0020885174198472,-0.007460305072365499,0.0136022414953056
1,-0.0020885174198472,0.0,-0.0095488224922127,0.0115137240754584
2,0.007460305072365499,0.0095488224922127,0.0,0.0210625465676711
3,-0.0136022414953056,-0.0115137240754584,-0.0210625465676711,0.0
