,zero_shot_baseline,in_context_learning_3-shot,style_information_style_example,chain_of_thought_zero_shot,chain_of_thought_one_shot,self-refine
0,0.0,0.005329358612802287,-0.00889627699072651,0.017980650421461797,-0.0014753348235166108,0.008458375623810993
1,-0.005329358612802287,0.0,-0.014225635603528797,0.01265129180865951,-0.006804693436318898,0.0031290170110087057
2,0.00889627699072651,0.014225635603528797,0.0,0.026876927412188306,0.0074209421672098985,0.017354652614537502
3,-0.017980650421461797,-0.01265129180865951,-0.026876927412188306,0.0,-0.019455985244978408,-0.009522274797650804
4,0.0014753348235166108,0.006804693436318898,-0.0074209421672098985,0.019455985244978408,0.0,0.009933710447327604
5,-0.008458375623810993,-0.0031290170110087057,-0.017354652614537502,0.009522274797650804,-0.009933710447327604,0.0
