,zero_shot_baseline,in_context_learning_3-shot,style_information_style_example,chain_of_thought_zero_shot,chain_of_thought_one_shot,self-refine
0,0.0,0.0018872054525265018,-0.000485764290359101,-0.000491892880070198,-0.0010291852641528994,0.0005509086204913
1,-0.0018872054525265018,0.0,-0.002372969742885603,-0.0023790983325967,-0.002916390716679401,-0.0013362968320352019
2,0.000485764290359101,0.002372969742885603,0.0,-6.1285897110970045e-06,-0.0005434209737937984,0.001036672910850401
3,0.000491892880070198,0.0023790983325967,6.1285897110970045e-06,0.0,-0.0005372923840827014,0.001042801500561498
4,0.0010291852641528994,0.002916390716679401,0.0005434209737937984,0.0005372923840827014,0.0,0.0015800938846441993
5,-0.0005509086204913,0.0013362968320352019,-0.001036672910850401,-0.001042801500561498,-0.0015800938846441993,0.0
