,zero_shot_baseline,in_context_learning_3-shot,style_information_style_example,chain_of_thought_zero_shot,chain_of_thought_one_shot,self-refine
0,0.0,0.004170635136836,0.006798035007572804,0.0028687054363863013,0.007499731478255799,0.0137951203965061
1,-0.004170635136836,0.0,0.0026273998707368046,-0.0013019297004496985,0.003329096341419799,0.0096244852596701
2,-0.006798035007572804,-0.0026273998707368046,0.0,-0.003929329571186503,0.0007016964706829942,0.006997085388933295
3,-0.0028687054363863013,0.0013019297004496985,0.003929329571186503,0.0,0.004631026041869497,0.010926414960119799
4,-0.007499731478255799,-0.003329096341419799,-0.0007016964706829942,-0.004631026041869497,0.0,0.006295388918250301
5,-0.0137951203965061,-0.0096244852596701,-0.006997085388933295,-0.010926414960119799,-0.006295388918250301,0.0
