,zero_shot_baseline,in_context_learning_3-shot,style_information_style_example,chain_of_thought_zero_shot,chain_of_thought_one_shot,self-refine
0,0.0,0.00039391455999560065,0.0095658600600581,0.005302509690297497,0.0017656739730722987,-0.0007878293512552995
1,-0.00039391455999560065,0.0,0.0091719455000625,0.004908595130301896,0.001371759413076698,-0.0011817439112509001
2,-0.0095658600600581,-0.0091719455000625,0.0,-0.004263350369760603,-0.007800186086985801,-0.0103536894113134
3,-0.005302509690297497,-0.004908595130301896,0.004263350369760603,0.0,-0.003536835717225198,-0.006090339041552796
4,-0.0017656739730722987,-0.001371759413076698,0.007800186086985801,0.003536835717225198,0.0,-0.002553503324327598
5,0.0007878293512552995,0.0011817439112509001,0.0103536894113134,0.006090339041552796,0.002553503324327598,0.0
