,zero_shot_baseline,in_context_learning_3-shot,style_information_style_example,chain_of_thought_zero_shot,chain_of_thought_one_shot,self-refine
0,0.0,0.005242512995729615,-0.012578181452919696,-0.0026982458820759836,-0.002524038665258105,-0.030265959090865685
1,-0.005242512995729615,0.0,-0.01782069444864931,-0.007940758877805598,-0.007766551660987719,-0.0355084720865953
2,0.012578181452919696,0.01782069444864931,0.0,0.009879935570843712,0.01005414278766159,-0.01768777763794599
3,0.0026982458820759836,0.007940758877805598,-0.009879935570843712,0.0,0.00017420721681787876,-0.0275677132087897
4,0.002524038665258105,0.007766551660987719,-0.01005414278766159,-0.00017420721681787876,0.0,-0.02774192042560758
5,0.030265959090865685,0.0355084720865953,0.01768777763794599,0.0275677132087897,0.02774192042560758,0.0
