,zero_shot_baseline,in_context_learning_3-shot,style_information_style_example,chain_of_thought_zero_shot,chain_of_thought_one_shot,self-refine
0,0.0,-0.00032004388818850094,0.004357146295752103,0.006853372824090501,-0.0017775958472988976,-0.010789485626121503
1,0.00032004388818850094,0.0,0.0046771901839406035,0.007173416712279002,-0.0014575519591103966,-0.010469441737933002
2,-0.004357146295752103,-0.0046771901839406035,0.0,0.002496226528338398,-0.006134742143051,-0.015146631921873606
3,-0.006853372824090501,-0.007173416712279002,-0.002496226528338398,0.0,-0.008630968671389398,-0.017642858450212004
4,0.0017775958472988976,0.0014575519591103966,0.006134742143051,0.008630968671389398,0.0,-0.009011889778822606
5,0.010789485626121503,0.010469441737933002,0.015146631921873606,0.017642858450212004,0.009011889778822606,0.0
