,zero_shot_baseline,in_context_learning_3-shot,style_information_style_example,chain_of_thought_zero_shot,chain_of_thought_one_shot,self-refine
0,0.0,0.003763919059848103,-0.0009774063449213832,0.0011115818317608273,0.003941039314409506,0.01891432823500311
1,-0.003763919059848103,0.0,-0.004741325404769486,-0.002652337228087276,0.00017712025456140257,0.015150409175155005
2,0.0009774063449213832,0.004741325404769486,0.0,0.0020889881766822105,0.004918445659330889,0.01989173457992449
3,-0.0011115818317608273,0.002652337228087276,-0.0020889881766822105,0.0,0.0028294574826486785,0.01780274640324228
4,-0.003941039314409506,-0.00017712025456140257,-0.004918445659330889,-0.0028294574826486785,0.0,0.014973288920593603
5,-0.01891432823500311,-0.015150409175155005,-0.01989173457992449,-0.01780274640324228,-0.014973288920593603,0.0
