,zero_shot_baseline,in_context_learning_3-shot,style_information_style_example,chain_of_thought_zero_shot,chain_of_thought_one_shot,self-refine
0,0.0,-0.0002200664307852,0.0001108480459814,-0.0001040817027912,0.00015954256941652103,-0.0007228535321347
1,0.0002200664307852,0.0,0.0003309144767666,0.00011598472799400001,0.00037960900020172106,-0.0005027871013495
2,-0.0001108480459814,-0.0003309144767666,0.0,-0.0002149297487726,4.8694523435121044e-05,-0.0008337015781161
3,0.0001040817027912,-0.00011598472799400001,0.0002149297487726,0.0,0.00026362427220772105,-0.0006187718293435
4,-0.00015954256941652103,-0.00037960900020172106,-4.8694523435121044e-05,-0.00026362427220772105,0.0,-0.000882396101551221
5,0.0007228535321347,0.0005027871013495,0.0008337015781161,0.0006187718293435,0.000882396101551221,0.0
