,zero_shot_baseline,in_context_learning_3-shot,style_information_style_example,chain_of_thought_zero_shot,chain_of_thought_one_shot,self-refine
0,0.0,-0.0027951442855442057,0.00010964776284299455,0.0006021752234074002,0.0017112615917582938,0.006146597751498194
1,0.0027951442855442057,0.0,0.0029047920483872003,0.003397319508951606,0.0045064058773024995,0.0089417420370424
2,-0.00010964776284299455,-0.0029047920483872003,0.0,0.0004925274605644056,0.0016016138289152992,0.006036949988655199
3,-0.0006021752234074002,-0.003397319508951606,-0.0004925274605644056,0.0,0.0011090863683508936,0.0055444225280907936
4,-0.0017112615917582938,-0.0045064058773024995,-0.0016016138289152992,-0.0011090863683508936,0.0,0.0044353361597399
5,-0.006146597751498194,-0.0089417420370424,-0.006036949988655199,-0.0055444225280907936,-0.0044353361597399,0.0
