,zero_shot_baseline,in_context_learning_3-shot,style_information_style_example,chain_of_thought_zero_shot,chain_of_thought_one_shot,self-refine
0,0.0,0.006352870153780402,0.007746173769959598,0.0027164990778753006,-0.00038842590241370406,0.0093628599628202
1,-0.006352870153780402,0.0,0.0013933036161791965,-0.003636371075905101,-0.006741296056194106,0.003009989809039798
2,-0.007746173769959598,-0.0013933036161791965,0.0,-0.0050296746920842975,-0.008134599672373302,0.0016166861928606016
3,-0.0027164990778753006,0.003636371075905101,0.0050296746920842975,0.0,-0.0031049249802890047,0.006646360884944899
4,0.00038842590241370406,0.006741296056194106,0.008134599672373302,0.0031049249802890047,0.0,0.009751285865233904
5,-0.0093628599628202,-0.003009989809039798,-0.0016166861928606016,-0.006646360884944899,-0.009751285865233904,0.0
