,zero_shot_baseline,in_context_learning_3-shot,style_information_style_example,chain_of_thought_zero_shot,chain_of_thought_one_shot,self-refine
0,0.0,0.0408193877308381,0.003880063014864002,0.001222817438439494,-0.004549630889173206,0.010175248388423798
1,-0.0408193877308381,0.0,-0.036939324715974095,-0.0395965702923986,-0.0453690186200113,-0.0306441393424143
2,-0.003880063014864002,0.036939324715974095,0.0,-0.002657245576424508,-0.008429693904037208,0.006295185373559796
3,-0.001222817438439494,0.0395965702923986,0.002657245576424508,0.0,-0.0057724483276127,0.008952430949984304
4,0.004549630889173206,0.0453690186200113,0.008429693904037208,0.0057724483276127,0.0,0.014724879277597004
5,-0.010175248388423798,0.0306441393424143,-0.006295185373559796,-0.008952430949984304,-0.014724879277597004,0.0
