,zero_shot_baseline,in_context_learning_3-shot,style_information_style_example,chain_of_thought_zero_shot,chain_of_thought_one_shot,self-refine
0,0.0,-0.004619966682386099,0.0007870283265598021,0.0034498080836608026,-0.005379996050716398,-0.011701864814342596
1,0.004619966682386099,0.0,0.005406995008945901,0.008069774766046901,-0.0007600293683302992,-0.0070818981319564975
2,-0.0007870283265598021,-0.005406995008945901,0.0,0.0026627797571010005,-0.0061670243772762,-0.012488893140902398
3,-0.0034498080836608026,-0.008069774766046901,-0.0026627797571010005,0.0,-0.0088298041343772,-0.015151672898003399
4,0.005379996050716398,0.0007600293683302992,0.0061670243772762,0.0088298041343772,0.0,-0.006321868763626198
5,0.011701864814342596,0.0070818981319564975,0.012488893140902398,0.015151672898003399,0.006321868763626198,0.0
