,zero_shot_baseline,in_context_learning_3-shot,style_information_style_example,chain_of_thought_zero_shot,chain_of_thought_one_shot,self-refine
0,0.0,0.024804768430221905,0.0016020586793782932,-0.0005318434096448083,-0.001515821127996697,-0.002038788869780206
1,-0.024804768430221905,0.0,-0.02320270975084361,-0.025336611839866713,-0.0263205895582186,-0.02684355730000211
2,-0.0016020586793782932,0.02320270975084361,0.0,-0.0021339020890231014,-0.0031178798073749903,-0.003640847549158499
3,0.0005318434096448083,0.025336611839866713,0.0021339020890231014,0.0,-0.0009839777183518889,-0.0015069454601353977
4,0.001515821127996697,0.0263205895582186,0.0031178798073749903,0.0009839777183518889,0.0,-0.0005229677417835088
5,0.002038788869780206,0.02684355730000211,0.003640847549158499,0.0015069454601353977,0.0005229677417835088,0.0
