,abstracts,news,reviews,qa
0,0.0,0.0011819349624548998,0.0113839207230166,-0.0078960933543336
1,-0.0011819349624548998,0.0,0.0102019857605617,-0.0090780283167885
2,-0.0113839207230166,-0.0102019857605617,0.0,-0.0192800140773502
3,0.0078960933543336,0.0090780283167885,0.0192800140773502,0.0
