,zero_shot_baseline,in_context_learning_3-shot,style_information_style_example,chain_of_thought_zero_shot,chain_of_thought_one_shot,self-refine
0,0.0,0.009207617396974496,-0.0094536552552731,-0.003058844577675107,-0.004490373510665904,-0.002273821744434898
1,-0.009207617396974496,0.0,-0.018661272652247596,-0.012266461974649603,-0.0136979909076404,-0.011481439141409394
2,0.0094536552552731,0.018661272652247596,0.0,0.006394810677597992,0.004963281744607195,0.007179833510838202
3,0.003058844577675107,0.012266461974649603,-0.006394810677597992,0.0,-0.001431528932990797,0.0007850228332402093
4,0.004490373510665904,0.0136979909076404,-0.004963281744607195,0.001431528932990797,0.0,0.0022165517662310064
5,0.002273821744434898,0.011481439141409394,-0.007179833510838202,-0.0007850228332402093,-0.0022165517662310064,0.0
