,zero_shot_baseline,in_context_learning_3-shot,style_information_style_example,chain_of_thought_zero_shot,chain_of_thought_one_shot,self-refine
0,0.0,0.009924134413978901,-0.0322921233570123,0.00015577727354440518,-0.029914637052990897,-0.018798898715666396
1,-0.009924134413978901,0.0,-0.0422162577709912,-0.009768357140434496,-0.0398387714669698,-0.028723033129645296
2,0.0322921233570123,0.0422162577709912,0.0,0.032447900630556706,0.0023774863040214034,0.013493224641345905
3,-0.00015577727354440518,0.009768357140434496,-0.032447900630556706,0.0,-0.030070414326535302,-0.0189546759892108
4,0.029914637052990897,0.0398387714669698,-0.0023774863040214034,0.030070414326535302,0.0,0.011115738337324502
5,0.018798898715666396,0.028723033129645296,-0.013493224641345905,0.0189546759892108,-0.011115738337324502,0.0
