,zero_shot_baseline,in_context_learning_3-shot,style_information_style_example,chain_of_thought_zero_shot,chain_of_thought_one_shot,self-refine
0,0.0,-0.010861560280356009,-0.0068415253114579855,-0.002150521581689796,-0.004123397565529985,-0.01992690885177309
1,0.010861560280356009,0.0,0.004020034968898023,0.008711038698666212,0.006738162714826024,-0.009065348571417081
2,0.0068415253114579855,-0.004020034968898023,0.0,0.0046910037297681895,0.0027181277459280007,-0.013085383540315104
3,0.002150521581689796,-0.008711038698666212,-0.0046910037297681895,0.0,-0.001972875983840189,-0.017776387270083294
4,0.004123397565529985,-0.006738162714826024,-0.0027181277459280007,0.001972875983840189,0.0,-0.015803511286243105
5,0.01992690885177309,0.009065348571417081,0.013085383540315104,0.017776387270083294,0.015803511286243105,0.0
