,zero_shot_baseline,in_context_learning_3-shot,style_information_style_example,chain_of_thought_zero_shot,chain_of_thought_one_shot,self-refine
0,0.0,-0.004745497064911,0.0006489348873014002,-6.441387399979976e-05,0.00017652976650350035,-0.0004694949262703998
1,0.004745497064911,0.0,0.0053944319522124,0.0046810831909112,0.0049220268314145,0.0042760021386406
2,-0.0006489348873014002,-0.0053944319522124,0.0,-0.0007133487613012,-0.00047240512079789986,-0.0011184298135718
3,6.441387399979976e-05,-0.0046810831909112,0.0007133487613012,0.0,0.0002409436405033001,-0.0004050810522706
4,-0.00017652976650350035,-0.0049220268314145,0.00047240512079789986,-0.0002409436405033001,0.0,-0.0006460246927739001
5,0.0004694949262703998,-0.0042760021386406,0.0011184298135718,0.0004050810522706,0.0006460246927739001,0.0
