,zero_shot_baseline,in_context_learning_3-shot,style_information_style_example,chain_of_thought_zero_shot,chain_of_thought_one_shot,self-refine
0,0.0,-0.0016132353033592034,0.006165594632277997,0.0006678078119867967,-0.00022237506027669718,0.0018980081827051978
1,0.0016132353033592034,0.0,0.007778829935637201,0.002281043115346,0.0013908602430825062,0.0035112434860644012
2,-0.006165594632277997,-0.007778829935637201,0.0,-0.005497786820291201,-0.0063879696925546944,-0.004267586449572799
3,-0.0006678078119867967,-0.002281043115346,0.005497786820291201,0.0,-0.0008901828722634939,0.0012302003707184012
4,0.00022237506027669718,-0.0013908602430825062,0.0063879696925546944,0.0008901828722634939,0.0,0.002120383242981895
5,-0.0018980081827051978,-0.0035112434860644012,0.004267586449572799,-0.0012302003707184012,-0.002120383242981895,0.0
