,zero_shot_baseline,in_context_learning_3-shot,style_information_style_example,chain_of_thought_zero_shot,chain_of_thought_one_shot,self-refine
0,0.0,0.001862294019919497,-0.0021550633924923013,0.0013375728861622915,0.0005634947870097884,-0.0008322367024962002
1,-0.001862294019919497,0.0,-0.004017357412411798,-0.0005247211337572055,-0.0012987992329097087,-0.0026945307224156972
2,0.0021550633924923013,0.004017357412411798,0.0,0.003492636278654593,0.0027185581795020897,0.001322826689996101
3,-0.0013375728861622915,0.0005247211337572055,-0.003492636278654593,0.0,-0.0007740780991525031,-0.0021698095886584917
4,-0.0005634947870097884,0.0012987992329097087,-0.0027185581795020897,0.0007740780991525031,0.0,-0.0013957314895059886
5,0.0008322367024962002,0.0026945307224156972,-0.001322826689996101,0.0021698095886584917,0.0013957314895059886,0.0
