,zero_shot_baseline,in_context_learning_3-shot,style_information_style_example,chain_of_thought_zero_shot,chain_of_thought_one_shot,self-refine
0,0.0,-0.00011563002611293622,-7.977763425943801e-06,3.658848926127665e-07,-2.7915540619280706e-05,-5.318781144213501e-06
1,0.00011563002611293622,0.0,0.00010765226268699243,0.000115995911005549,8.771448549365553e-05,0.00011031124496872272
2,7.977763425943801e-06,-0.00010765226268699243,0.0,8.34364831855657e-06,-1.9937777193336904e-05,2.6589822817303015e-06
3,-3.658848926127665e-07,-0.000115995911005549,-8.34364831855657e-06,0.0,-2.828142551189347e-05,-5.684666036826267e-06
4,2.7915540619280706e-05,-8.771448549365553e-05,1.9937777193336904e-05,2.828142551189347e-05,0.0,2.2596759475067205e-05
5,5.318781144213501e-06,-0.00011031124496872272,-2.6589822817303015e-06,5.684666036826267e-06,-2.2596759475067205e-05,0.0
