,mistral,deepseek,llama3.3,qwen72b,qwen32b,qwen14b,solar
0,0.0,-0.005628943752997495,0.002889382746259897,-0.0021002233607861076,0.0092032959558285,0.015194856758081493,0.011938065360358505
1,0.005628943752997495,0.0,0.008518326499257392,0.0035287203922113874,0.014832239708825995,0.020823800511078988,0.017567009113356
2,-0.002889382746259897,-0.008518326499257392,0.0,-0.004989606107046005,0.006313913209568603,0.012305474011821596,0.009048682614098608
3,0.0021002233607861076,-0.0035287203922113874,0.004989606107046005,0.0,0.011303519316614608,0.0172950801188676,0.014038288721144612
4,-0.0092032959558285,-0.014832239708825995,-0.006313913209568603,-0.011303519316614608,0.0,0.005991560802252993,0.0027347694045300047
5,-0.015194856758081493,-0.020823800511078988,-0.012305474011821596,-0.0172950801188676,-0.005991560802252993,0.0,-0.0032567913977229884
6,-0.011938065360358505,-0.017567009113356,-0.009048682614098608,-0.014038288721144612,-0.0027347694045300047,0.0032567913977229884,0.0
