,zero_shot_baseline,in_context_learning_3-shot,style_information_style_example,chain_of_thought_zero_shot,chain_of_thought_one_shot,self-refine
0,0.0,-0.0004798510995291,-0.00039729263643430005,1.11105583886e-05,-0.00019081348521250003,-0.00044802022551759997
1,0.0004798510995291,0.0,8.255846309479997e-05,0.0004909616579177,0.0002890376143166,3.1830874011500054e-05
2,0.00039729263643430005,-8.255846309479997e-05,0.0,0.00040840319482290005,0.00020647915122180003,-5.072758908329991e-05
3,-1.11105583886e-05,-0.0004909616579177,-0.00040840319482290005,0.0,-0.00020192404360110003,-0.00045913078390619997
4,0.00019081348521250003,-0.0002890376143166,-0.00020647915122180003,0.00020192404360110003,0.0,-0.00025720674030509994
5,0.00044802022551759997,-3.1830874011500054e-05,5.072758908329991e-05,0.00045913078390619997,0.00025720674030509994,0.0
