,zero_shot_baseline,in_context_learning_3-shot,style_information_style_example,chain_of_thought_zero_shot,chain_of_thought_one_shot,self-refine
0,0.0,0.022896722633314298,-0.0009148160857928023,0.0011337986946619028,0.006374681329129994,0.011776235965523407
1,-0.022896722633314298,0.0,-0.0238115387191071,-0.021762923938652395,-0.016522041304184304,-0.011120486667790891
2,0.0009148160857928023,0.0238115387191071,0.0,0.002048614780454705,0.0072894974149227965,0.01269105205131621
3,-0.0011337986946619028,0.021762923938652395,-0.002048614780454705,0.0,0.0052408826344680914,0.010642437270861504
4,-0.006374681329129994,0.016522041304184304,-0.0072894974149227965,-0.0052408826344680914,0.0,0.005401554636393413
5,-0.011776235965523407,0.011120486667790891,-0.01269105205131621,-0.010642437270861504,-0.005401554636393413,0.0
