,zero_shot_baseline,in_context_learning_3-shot,style_information_style_example,chain_of_thought_zero_shot,chain_of_thought_one_shot,self-refine
0,0.0,-0.0007346283381222951,0.00021870645461510851,0.014942945125112794,-0.007853572152078103,-0.01388089574850851
1,0.0007346283381222951,0.0,0.0009533347927374036,0.01567757346323509,-0.007118943813955808,-0.013146267410386214
2,-0.00021870645461510851,-0.0009533347927374036,0.0,0.014724238670497686,-0.008072278606693212,-0.014099602203123618
3,-0.014942945125112794,-0.01567757346323509,-0.014724238670497686,0.0,-0.022796517277190897,-0.028823840873621304
4,0.007853572152078103,0.007118943813955808,0.008072278606693212,0.022796517277190897,0.0,-0.006027323596430406
5,0.01388089574850851,0.013146267410386214,0.014099602203123618,0.028823840873621304,0.006027323596430406,0.0
