,mistral,deepseek,llama3.3,qwen72b,qwen32b,qwen14b,solar
0,0.0,-0.014930467325321273,0.0025632075675376953,0.00025585490446922154,-0.03091810041631088,-0.015470304258003165,-0.002963635110535212
1,0.014930467325321273,0.0,0.017493674892858968,0.015186322229790494,-0.015987633090989606,-0.0005398369326818919,0.01196683221478606
2,-0.0025632075675376953,-0.017493674892858968,0.0,-0.0023073526630684738,-0.033481307983848574,-0.01803351182554086,-0.005526842678072907
3,-0.00025585490446922154,-0.015186322229790494,0.0023073526630684738,0.0,-0.0311739553207801,-0.015726159162472386,-0.0032194900150044337
4,0.03091810041631088,0.015987633090989606,0.033481307983848574,0.0311739553207801,0.0,0.015447796158307714,0.027954465305775666
5,0.015470304258003165,0.0005398369326818919,0.01803351182554086,0.015726159162472386,-0.015447796158307714,0.0,0.012506669147467953
6,0.002963635110535212,-0.01196683221478606,0.005526842678072907,0.0032194900150044337,-0.027954465305775666,-0.012506669147467953,0.0
