,abstracts,news,reviews,qa
0,0.0,0.0039744437484191,0.004276407200808199,-0.0183536460160756
1,-0.0039744437484191,0.0,0.000301963452389099,-0.0223280897644947
2,-0.004276407200808199,-0.000301963452389099,0.0,-0.0226300532168838
3,0.0183536460160756,0.0223280897644947,0.0226300532168838,0.0
