,abstracts,news,reviews,qa
0,0.0,-0.001342598664893,0.009172646428494899,-0.0052548436125587
1,0.001342598664893,0.0,0.0105152450933879,-0.0039122449476657
2,-0.009172646428494899,-0.0105152450933879,0.0,-0.0144274900410536
3,0.0052548436125587,0.0039122449476657,0.0144274900410536,0.0
