,zero_shot_baseline,in_context_learning_3-shot,style_information_style_example,chain_of_thought_zero_shot,chain_of_thought_one_shot,self-refine
0,0.0,-0.0651597886591973,0.004740087636497414,-0.00035212512278970376,0.011494945140883922,0.025254125734374022
1,0.0651597886591973,0.0,0.06989987629569472,0.0648076635364076,0.07665473380008123,0.09041391439357133
2,-0.004740087636497414,-0.06989987629569472,0.0,-0.005092212759287118,0.006754857504386508,0.020514038097876608
3,0.00035212512278970376,-0.0648076635364076,0.005092212759287118,0.0,0.011847070263673626,0.025606250857163726
4,-0.011494945140883922,-0.07665473380008123,-0.006754857504386508,-0.011847070263673626,0.0,0.0137591805934901
5,-0.025254125734374022,-0.09041391439357133,-0.020514038097876608,-0.025606250857163726,-0.0137591805934901,0.0
