,mistral,deepseek,llama3.3,qwen72b,qwen32b,qwen14b,solar
0,0.0,0.0008784306629563976,0.002854184331245402,-0.002352261299049613,-0.0030552031529763046,-0.009687814050407889,0.0008306232675152903
1,-0.0008784306629563976,0.0,0.0019757536682890042,-0.0032306919620060104,-0.003933633815932702,-0.010566244713364287,-4.780739544110735e-05
2,-0.002854184331245402,-0.0019757536682890042,0.0,-0.005206445630295015,-0.0059093874842217065,-0.012541998381653291,-0.0020235610637301116
3,0.002352261299049613,0.0032306919620060104,0.005206445630295015,0.0,-0.0007029418539266918,-0.007335552751358276,0.003182884566564903
4,0.0030552031529763046,0.003933633815932702,0.0059093874842217065,0.0007029418539266918,0.0,-0.0066326108974315845,0.003885826420491595
5,0.009687814050407889,0.010566244713364287,0.012541998381653291,0.007335552751358276,0.0066326108974315845,0.0,0.01051843731792318
6,-0.0008306232675152903,4.780739544110735e-05,0.0020235610637301116,-0.003182884566564903,-0.003885826420491595,-0.01051843731792318,0.0
