,zero_shot_baseline,in_context_learning_3-shot,style_information_style_example,chain_of_thought_zero_shot,chain_of_thought_one_shot,self-refine
0,0.0,0.01982348547358989,-0.004096157208914791,0.000712043724400202,0.013330202750659992,-0.017209301163809504
1,-0.01982348547358989,0.0,-0.023919642682504683,-0.01911144174918969,-0.0064932827229298995,-0.037032786637399395
2,0.004096157208914791,0.023919642682504683,0.0,0.004808200933314993,0.017426359959574783,-0.013113143954894713
3,-0.000712043724400202,0.01911144174918969,-0.004808200933314993,0.0,0.01261815902625979,-0.017921344888209706
4,-0.013330202750659992,0.0064932827229298995,-0.017426359959574783,-0.01261815902625979,0.0,-0.030539503914469496
5,0.017209301163809504,0.037032786637399395,0.013113143954894713,0.017921344888209706,0.030539503914469496,0.0
