,zero_shot_baseline,in_context_learning_3-shot,style_information_style_example,chain_of_thought_zero_shot,chain_of_thought_one_shot,self-refine
0,0.0,-3.663793342969216e-05,-8.589025437549133e-06,0.0,-6.9529159112492e-06,0.0
1,3.663793342969216e-05,0.0,2.8048907992143024e-05,3.663793342969216e-05,2.968501751844296e-05,3.663793342969216e-05
2,8.589025437549133e-06,-2.8048907992143024e-05,0.0,8.589025437549133e-06,1.636109526299933e-06,8.589025437549133e-06
3,0.0,-3.663793342969216e-05,-8.589025437549133e-06,0.0,-6.9529159112492e-06,0.0
4,6.9529159112492e-06,-2.968501751844296e-05,-1.636109526299933e-06,6.9529159112492e-06,0.0,6.9529159112492e-06
5,0.0,-3.663793342969216e-05,-8.589025437549133e-06,0.0,-6.9529159112492e-06,0.0
