,zero_shot_baseline,in_context_learning_3-shot,style_information_style_example,chain_of_thought_zero_shot,chain_of_thought_one_shot,self-refine
0,0.0,-0.07322995597901627,0.01719134821337992,0.00386195243577353,0.00904088184270932,0.049378018070353025
1,0.07322995597901627,0.0,0.09042130419239619,0.0770919084147898,0.08227083782172559,0.1226079740493693
2,-0.01719134821337992,-0.09042130419239619,0.0,-0.01332939577760639,-0.0081504663706706,0.032186669856973105
3,-0.00386195243577353,-0.0770919084147898,0.01332939577760639,0.0,0.005178929406935789,0.045516065634579495
4,-0.00904088184270932,-0.08227083782172559,0.0081504663706706,-0.005178929406935789,0.0,0.040337136227643705
5,-0.049378018070353025,-0.1226079740493693,-0.032186669856973105,-0.045516065634579495,-0.040337136227643705,0.0
