,zero_shot_baseline,in_context_learning_3-shot,style_information_style_example,chain_of_thought_zero_shot,chain_of_thought_one_shot,self-refine
0,0.0,-0.0004975818943684001,-0.00014837093882389999,-4.636776144399999e-06,5.879950573305073e-05,-0.000573222384329
1,0.0004975818943684001,0.0,0.00034921095554450005,0.0004929451182240001,0.0005563814001014508,-7.564048996059995e-05
2,0.00014837093882389999,-0.00034921095554450005,0.0,0.0001437341626795,0.00020717044455695072,-0.0004248514455051
3,4.636776144399999e-06,-0.0004929451182240001,-0.0001437341626795,0.0,6.343628187745074e-05,-0.0005685856081846
4,-5.879950573305073e-05,-0.0005563814001014508,-0.00020717044455695072,-6.343628187745074e-05,0.0,-0.0006320218900620507
5,0.000573222384329,7.564048996059995e-05,0.0004248514455051,0.0005685856081846,0.0006320218900620507,0.0
