,zero_shot_baseline,in_context_learning_3-shot,style_information_style_example,chain_of_thought_zero_shot,chain_of_thought_one_shot,self-refine
0,0.0,-0.005516951288116204,-0.0019190277546749998,-0.0037218489342404,-0.010483918039581604,-0.019777648854942306
1,0.005516951288116204,0.0,0.003597923533441204,0.0017951023538758035,-0.0049669667514654,-0.014260697566826103
2,0.0019190277546749998,-0.003597923533441204,0.0,-0.0018028211795654003,-0.008564890284906604,-0.017858621100267306
3,0.0037218489342404,-0.0017951023538758035,0.0018028211795654003,0.0,-0.0067620691053412035,-0.016055799920701906
4,0.010483918039581604,0.0049669667514654,0.008564890284906604,0.0067620691053412035,0.0,-0.009293730815360703
5,0.019777648854942306,0.014260697566826103,0.017858621100267306,0.016055799920701906,0.009293730815360703,0.0
