,zero_shot_baseline,in_context_learning_3-shot,style_information_style_example,chain_of_thought_zero_shot,chain_of_thought_one_shot,self-refine
0,0.0,-0.006468250860127589,-0.0066719456243019,5.638600979929187e-05,-0.007619359693607719,0.0014346472773466012
1,0.006468250860127589,0.0,-0.00020369476417431143,0.006524636869926881,-0.00115110883348013,0.00790289813747419
2,0.0066719456243019,0.00020369476417431143,0.0,0.006728331634101192,-0.0009474140693058186,0.008106592901648502
3,-5.638600979929187e-05,-0.006524636869926881,-0.006728331634101192,0.0,-0.007675745703407011,0.0013782612675473094
4,0.007619359693607719,0.00115110883348013,0.0009474140693058186,0.007675745703407011,0.0,0.00905400697095432
5,-0.0014346472773466012,-0.00790289813747419,-0.008106592901648502,-0.0013782612675473094,-0.00905400697095432,0.0
