,abstracts,news,reviews,qa
0,0.0,0.0118035536374465,0.009283692542069,-0.0034187712247815
1,-0.0118035536374465,0.0,-0.002519861095377501,-0.015222324862228
2,-0.009283692542069,0.002519861095377501,0.0,-0.0127024637668505
3,0.0034187712247815,0.015222324862228,0.0127024637668505,0.0
