,zero_shot_baseline,in_context_learning_3-shot,style_information_style_example,chain_of_thought_zero_shot,chain_of_thought_one_shot,self-refine
0,0.0,-0.0012044974726907187,-0.0048517102441549,-0.0008304088114683139,-0.00022821953983340193,0.0167265311490436
1,0.0012044974726907187,0.0,-0.003647212771464181,0.0003740886612224048,0.0009762779328573168,0.01793102862173432
2,0.0048517102441549,0.003647212771464181,0.0,0.004021301432686586,0.004623490704321498,0.0215782413931985
3,0.0008304088114683139,-0.0003740886612224048,-0.004021301432686586,0.0,0.000602189271634912,0.017556939960511914
4,0.00022821953983340193,-0.0009762779328573168,-0.004623490704321498,-0.000602189271634912,0.0,0.016954750688877
5,-0.0167265311490436,-0.01793102862173432,-0.0215782413931985,-0.017556939960511914,-0.016954750688877,0.0
