,zero_shot_baseline,in_context_learning_3-shot,style_information_style_example,chain_of_thought_zero_shot,chain_of_thought_one_shot,self-refine
0,0.0,0.013810026383110102,0.0098000920168399,-0.0005778756886562,0.007057224626494801,-0.013504195397782595
1,-0.013810026383110102,0.0,-0.004009934366270201,-0.014387902071766302,-0.006752801756615301,-0.027314221780892697
2,-0.0098000920168399,0.004009934366270201,0.0,-0.010377967705496101,-0.0027428673903450995,-0.023304287414622496
3,0.0005778756886562,0.014387902071766302,0.010377967705496101,0.0,0.007635100315151001,-0.012926319709126395
4,-0.007057224626494801,0.006752801756615301,0.0027428673903450995,-0.007635100315151001,0.0,-0.020561420024277396
5,0.013504195397782595,0.027314221780892697,0.023304287414622496,0.012926319709126395,0.020561420024277396,0.0
