,zero_shot_baseline,in_context_learning_3-shot,style_information_style_example,chain_of_thought_zero_shot,chain_of_thought_one_shot,self-refine
0,0.0,-0.005716062119435698,-0.0016069574390935992,-0.0006737795994674993,-0.005515400352842599,-0.006383737313482001
1,0.005716062119435698,0.0,0.004109104680342099,0.005042282519968199,0.0002006617665930993,-0.0006676751940463029
2,0.0016069574390935992,-0.004109104680342099,0.0,0.0009331778396260999,-0.003908442913749,-0.004776779874388402
3,0.0006737795994674993,-0.005042282519968199,-0.0009331778396260999,0.0,-0.0048416207533751,-0.005709957714014502
4,0.005515400352842599,-0.0002006617665930993,0.003908442913749,0.0048416207533751,0.0,-0.0008683369606394022
5,0.006383737313482001,0.0006676751940463029,0.004776779874388402,0.005709957714014502,0.0008683369606394022,0.0
