,mistral,deepseek,llama3.3,qwen72b,qwen32b,qwen14b,solar
0,0.0,-0.007520090947258598,-0.005042469778015993,-0.010769830690899193,0.010404096900339499,0.014860075124570903,4.807955104180195e-05
1,0.007520090947258598,0.0,0.0024776211692426053,-0.003249739743640595,0.017924187847598097,0.0223801660718295,0.0075681704983004
2,0.005042469778015993,-0.0024776211692426053,0.0,-0.0057273609128832,0.015446566678355492,0.019902544902586895,0.005090549329057795
3,0.010769830690899193,0.003249739743640595,0.0057273609128832,0.0,0.021173927591238692,0.025629905815470096,0.010817910241940995
4,-0.010404096900339499,-0.017924187847598097,-0.015446566678355492,-0.021173927591238692,0.0,0.004455978224231404,-0.010356017349297697
5,-0.014860075124570903,-0.0223801660718295,-0.019902544902586895,-0.025629905815470096,-0.004455978224231404,0.0,-0.0148119955735291
6,-4.807955104180195e-05,-0.0075681704983004,-0.005090549329057795,-0.010817910241940995,0.010356017349297697,0.0148119955735291,0.0
