,zero_shot_baseline,in_context_learning_3-shot,style_information_style_example,chain_of_thought_zero_shot,chain_of_thought_one_shot,self-refine
0,0.0,0.0018967405152054972,0.0047342019833781085,-0.001667994858502303,0.0011033549950976995,-0.010494095784618795
1,-0.0018967405152054972,0.0,0.0028374614681726112,-0.0035647353737078002,-0.0007933855201077977,-0.012390836299824293
2,-0.0047342019833781085,-0.0028374614681726112,0.0,-0.0064021968418804115,-0.003630846988280409,-0.015228297767996904
3,0.001667994858502303,0.0035647353737078002,0.0064021968418804115,0.0,0.0027713498536000025,-0.008826100926116492
4,-0.0011033549950976995,0.0007933855201077977,0.003630846988280409,-0.0027713498536000025,0.0,-0.011597450779716495
5,0.010494095784618795,0.012390836299824293,0.015228297767996904,0.008826100926116492,0.011597450779716495,0.0
