,zero_shot_baseline,in_context_learning_3-shot,style_information_style_example,chain_of_thought_zero_shot,chain_of_thought_one_shot,self-refine
0,0.0,0.005410365997062301,-0.0008980904315332994,-0.010576875934293295,0.010929366014710104,0.0005389206390293
1,-0.005410365997062301,0.0,-0.0063084564285956005,-0.015987241931355596,0.005519000017647803,-0.004871445358033001
2,0.0008980904315332994,0.0063084564285956005,0.0,-0.009678785502759996,0.011827456446243403,0.0014370110705625994
3,0.010576875934293295,0.015987241931355596,0.009678785502759996,0.0,0.0215062419490034,0.011115796573322595
4,-0.010929366014710104,-0.005519000017647803,-0.011827456446243403,-0.0215062419490034,0.0,-0.010390445375680804
5,-0.0005389206390293,0.004871445358033001,-0.0014370110705625994,-0.011115796573322595,0.010390445375680804,0.0
