,abstracts,news,reviews,qa
0,0.0,-0.0127940827253245,0.009779072548371001,0.014239969558782099
1,0.0127940827253245,0.0,0.0225731552736955,0.0270340522841066
2,-0.009779072548371001,-0.0225731552736955,0.0,0.0044608970104110975
3,-0.014239969558782099,-0.0270340522841066,-0.0044608970104110975,0.0
