,zero_shot_baseline,in_context_learning_3-shot,style_information_style_example,chain_of_thought_zero_shot,chain_of_thought_one_shot,self-refine
0,0.0,-0.0030444047443370995,0.005448651588171899,0.0057726145255186,-0.0030086425876688014,-0.0009063428931396014
1,0.0030444047443370995,0.0,0.008493056332508998,0.0088170192698557,3.576215666829807e-05,0.002138061851197498
2,-0.005448651588171899,-0.008493056332508998,0.0,0.0003239629373467008,-0.0084572941758407,-0.0063549944813115
3,-0.0057726145255186,-0.0088170192698557,-0.0003239629373467008,0.0,-0.008781257113187401,-0.006678957418658201
4,0.0030086425876688014,-3.576215666829807e-05,0.0084572941758407,0.008781257113187401,0.0,0.0021022996945292
5,0.0009063428931396014,-0.002138061851197498,0.0063549944813115,0.006678957418658201,-0.0021022996945292,0.0
