,abstracts,news,reviews,qa
0,0.0,-0.0008923046967240014,-0.0088707386732379,0.012218678572518599
1,0.0008923046967240014,0.0,-0.0079784339765139,0.0131109832692426
2,0.0088707386732379,0.0079784339765139,0.0,0.021089417245756498
3,-0.012218678572518599,-0.0131109832692426,-0.021089417245756498,0.0
