,zero_shot_baseline,in_context_learning_3-shot,style_information_style_example,chain_of_thought_zero_shot,chain_of_thought_one_shot,self-refine
0,0.0,0.015515789968732291,0.0021968061296160912,0.00043370608075379846,0.0023331474464555885,0.0028017443067661907
1,-0.015515789968732291,0.0,-0.0133189838391162,-0.015082083887978492,-0.013182642522276702,-0.0127140456619661
2,-0.0021968061296160912,0.0133189838391162,0.0,-0.0017631000488622928,0.00013634131683949724,0.0006049381771500995
3,-0.00043370608075379846,0.015082083887978492,0.0017631000488622928,0.0,0.00189944136570179,0.0023680382260123922
4,-0.0023331474464555885,0.013182642522276702,-0.00013634131683949724,-0.00189944136570179,0.0,0.0004685968603106022
5,-0.0028017443067661907,0.0127140456619661,-0.0006049381771500995,-0.0023680382260123922,-0.0004685968603106022,0.0
