,zero_shot_baseline,in_context_learning_3-shot,style_information_style_example,chain_of_thought_zero_shot,chain_of_thought_one_shot,self-refine
0,0.0,0.007321601305665601,0.0021201304348685,0.005691854575768304,-0.0010672343922660948,-0.0332654500188855
1,-0.007321601305665601,0.0,-0.005201470870797101,-0.0016297467298972967,-0.008388835697931696,-0.0405870513245511
2,-0.0021201304348685,0.005201470870797101,0.0,0.003571724140899804,-0.003187364827134595,-0.035385580453754
3,-0.005691854575768304,0.0016297467298972967,-0.003571724140899804,0.0,-0.006759088968034399,-0.038957304594653804
4,0.0010672343922660948,0.008388835697931696,0.003187364827134595,0.006759088968034399,0.0,-0.032198215626619404
5,0.0332654500188855,0.0405870513245511,0.035385580453754,0.038957304594653804,0.032198215626619404,0.0
