,zero_shot_baseline,in_context_learning_3-shot,style_information_style_example,chain_of_thought_zero_shot,chain_of_thought_one_shot,self-refine
0,0.0,0.0011315719806328783,-0.0005391177193064256,-0.0007068459027805007,-0.001619381622982613,0.011082372522495387
1,-0.0011315719806328783,0.0,-0.001670689699939304,-0.001838417883413379,-0.0027509536036154913,0.009950800541862509
2,0.0005391177193064256,0.001670689699939304,0.0,-0.00016772818347407514,-0.0010802639036761874,0.011621490241801813
3,0.0007068459027805007,0.001838417883413379,0.00016772818347407514,0.0,-0.0009125357202021123,0.011789218425275888
4,0.001619381622982613,0.0027509536036154913,0.0010802639036761874,0.0009125357202021123,0.0,0.012701754145478
5,-0.011082372522495387,-0.009950800541862509,-0.011621490241801813,-0.011789218425275888,-0.012701754145478,0.0
