,mistral,deepseek,llama3.3,qwen72b,qwen32b,qwen14b,solar
0,0.0,0.0014751682596546994,0.0009326864684211997,-0.00035760493846320046,-0.0006703170219570006,0.0005993302459317007,-0.0011036484313786
1,-0.0014751682596546994,0.0,-0.0005424817912334998,-0.0018327731981179,-0.0021454852816117,-0.0008758380137229987,-0.0025788166910332994
2,-0.0009326864684211997,0.0005424817912334998,0.0,-0.0012902914068844001,-0.0016030034903782003,-0.000333356222489499,-0.0020363348997997997
3,0.00035760493846320046,0.0018327731981179,0.0012902914068844001,0.0,-0.00031271208349380013,0.0009569351843949012,-0.0007460434929153995
4,0.0006703170219570006,0.0021454852816117,0.0016030034903782003,0.00031271208349380013,0.0,0.0012696472678887013,-0.0004333314094215994
5,-0.0005993302459317007,0.0008758380137229987,0.000333356222489499,-0.0009569351843949012,-0.0012696472678887013,0.0,-0.0017029786773103007
6,0.0011036484313786,0.0025788166910332994,0.0020363348997997997,0.0007460434929153995,0.0004333314094215994,0.0017029786773103007,0.0
