,abstracts,news,reviews,qa
0,0.0,-0.011740892884421102,0.006599452471963196,0.0184102138410083
1,0.011740892884421102,0.0,0.018340345356384298,0.0301511067254294
2,-0.006599452471963196,-0.018340345356384298,0.0,0.011810761369045103
3,-0.0184102138410083,-0.0301511067254294,-0.011810761369045103,0.0
