,zero_shot_baseline,in_context_learning_3-shot,style_information_style_example,chain_of_thought_zero_shot,chain_of_thought_one_shot,self-refine
0,0.0,0.006800219018068404,0.015880246983698505,0.0022857640350412017,0.0024047377802657033,0.007653725083485503
1,-0.006800219018068404,0.0,0.009080027965630101,-0.004514454983027202,-0.004395481237802701,0.0008535060654170992
2,-0.015880246983698505,-0.009080027965630101,0.0,-0.013594482948657304,-0.013475509203432802,-0.008226521900213002
3,-0.0022857640350412017,0.004514454983027202,0.013594482948657304,0.0,0.00011897374522450155,0.005367961048444302
4,-0.0024047377802657033,0.004395481237802701,0.013475509203432802,-0.00011897374522450155,0.0,0.0052489873032198
5,-0.007653725083485503,-0.0008535060654170992,0.008226521900213002,-0.005367961048444302,-0.0052489873032198,0.0
