,zero_shot_baseline,in_context_learning_3-shot,style_information_style_example,chain_of_thought_zero_shot,chain_of_thought_one_shot,self-refine
0,0.0,0.004210789396604599,0.0025128735816612995,-2.786154314480052e-05,0.0065298079179334995,0.0012380769224659988
1,-0.004210789396604599,0.0,-0.0016979158149432998,-0.0042386509397494,0.0023190185213289,-0.0029727124741386005
2,-0.0025128735816612995,0.0016979158149432998,0.0,-0.0025407351248061,0.0040169343362722,-0.0012747966591953007
3,2.786154314480052e-05,0.0042386509397494,0.0025407351248061,0.0,0.0065576694610783,0.0012659384656107994
4,-0.0065298079179334995,-0.0023190185213289,-0.0040169343362722,-0.0065576694610783,0.0,-0.005291730995467501
5,-0.0012380769224659988,0.0029727124741386005,0.0012747966591953007,-0.0012659384656107994,0.005291730995467501,0.0
