,zero_shot_baseline,in_context_learning_3-shot,style_information_style_example,chain_of_thought_zero_shot,chain_of_thought_one_shot,self-refine
0,0.0,-0.009076173854409092,-0.0013941772160553922,-0.002440430790775494,-0.024102412166586984,-0.01663648736407508
1,0.009076173854409092,0.0,0.0076819966383537,0.006635743063633598,-0.015026238312177892,-0.007560313509665989
2,0.0013941772160553922,-0.0076819966383537,0.0,-0.0010462535747201018,-0.02270823495053159,-0.015242310148019689
3,0.002440430790775494,-0.006635743063633598,0.0010462535747201018,0.0,-0.02166198137581149,-0.014196056573299587
4,0.024102412166586984,0.015026238312177892,0.02270823495053159,0.02166198137581149,0.0,0.007465924802511903
5,0.01663648736407508,0.007560313509665989,0.015242310148019689,0.014196056573299587,-0.007465924802511903,0.0
