,mistral,deepseek,llama3.3,qwen72b,qwen32b,qwen14b,solar
0,0.0,-0.006242704912017102,0.003916941821534001,-0.00022720610014390075,0.016869237987159003,0.0181977592831227,0.0024956553274292914
1,0.006242704912017102,0.0,0.010159646733551103,0.006015498811873202,0.023111942899176105,0.024440464195139802,0.008738360239446394
2,-0.003916941821534001,-0.010159646733551103,0.0,-0.0041441479216779015,0.012952296165625002,0.014280817461588699,-0.0014212864941047093
3,0.00022720610014390075,-0.006015498811873202,0.0041441479216779015,0.0,0.017096444087302903,0.0184249653832666,0.002722861427573192
4,-0.016869237987159003,-0.023111942899176105,-0.012952296165625002,-0.017096444087302903,0.0,0.0013285212959636972,-0.014373582659729711
5,-0.0181977592831227,-0.024440464195139802,-0.014280817461588699,-0.0184249653832666,-0.0013285212959636972,0.0,-0.01570210395569341
6,-0.0024956553274292914,-0.008738360239446394,0.0014212864941047093,-0.002722861427573192,0.014373582659729711,0.01570210395569341,0.0
