,zero_shot_baseline,in_context_learning_3-shot,style_information_style_example,chain_of_thought_zero_shot,chain_of_thought_one_shot,self-refine
0,0.0,-0.016743965881370587,-0.002779933432640297,-0.0007671368558178904,0.006999960412878814,-0.005933220155406788
1,0.016743965881370587,0.0,0.01396403244873029,0.015976829025552697,0.0237439262942494,0.0108107457259638
2,0.002779933432640297,-0.01396403244873029,0.0,0.0020127965768224065,0.009779893845519111,-0.0031532867227664907
3,0.0007671368558178904,-0.015976829025552697,-0.0020127965768224065,0.0,0.007767097268696704,-0.005166083299588897
4,-0.006999960412878814,-0.0237439262942494,-0.009779893845519111,-0.007767097268696704,0.0,-0.012933180568285602
5,0.005933220155406788,-0.0108107457259638,0.0031532867227664907,0.005166083299588897,0.012933180568285602,0.0
