,abstracts,news,reviews,qa
0,0.0,0.0060874963029337,0.0082196219401137,-0.0091416777432805
1,-0.0060874963029337,0.0,0.00213212563718,-0.0152291740462142
2,-0.0082196219401137,-0.00213212563718,0.0,-0.0173612996833942
3,0.0091416777432805,0.0152291740462142,0.0173612996833942,0.0
