,mistral,deepseek,llama3.3,qwen72b,qwen32b,qwen14b,solar
0,0.0,0.0001119495880187,-1.58276950216e-05,0.00012676990543128856,0.0001212031516468,-0.00022604204791159998,9.94278856589e-05
1,-0.0001119495880187,0.0,-0.0001277772830403,1.482031741258856e-05,9.253563628100004e-06,-0.0003379916359303,-1.2521702359799997e-05
2,1.58276950216e-05,0.0001277772830403,0.0,0.00014259760045288856,0.0001370308466684,-0.00021021435288999998,0.0001152555806805
3,-0.00012676990543128856,-1.482031741258856e-05,-0.00014259760045288856,0.0,-5.566753784488557e-06,-0.00035281195334288854,-2.7342019772388557e-05
4,-0.0001212031516468,-9.253563628100004e-06,-0.0001370308466684,5.566753784488557e-06,0.0,-0.0003472451995584,-2.17752659879e-05
5,0.00022604204791159998,0.0003379916359303,0.00021021435288999998,0.00035281195334288854,0.0003472451995584,0.0,0.0003254699335705
6,-9.94278856589e-05,1.2521702359799997e-05,-0.0001152555806805,2.7342019772388557e-05,2.17752659879e-05,-0.0003254699335705,0.0
