,zero_shot_baseline,in_context_learning_3-shot,style_information_style_example,chain_of_thought_zero_shot,chain_of_thought_one_shot,self-refine
0,0.0,-0.005342369843885683,0.013195885997664511,0.0015208903416313035,-0.0033488731927070053,0.01620965988165031
1,0.005342369843885683,0.0,0.018538255841550194,0.006863260185516987,0.001993496651178678,0.021552029725535993
2,-0.013195885997664511,-0.018538255841550194,0.0,-0.011674995656033207,-0.016544759190371516,0.0030137738839857986
3,-0.0015208903416313035,-0.006863260185516987,0.011674995656033207,0.0,-0.004869763534338309,0.014688769540019006
4,0.0033488731927070053,-0.001993496651178678,0.016544759190371516,0.004869763534338309,0.0,0.019558533074357315
5,-0.01620965988165031,-0.021552029725535993,-0.0030137738839857986,-0.014688769540019006,-0.019558533074357315,0.0
