,zero_shot_baseline,in_context_learning_3-shot,style_information_style_example,chain_of_thought_zero_shot,chain_of_thought_one_shot,self-refine
0,0.0,-0.0030282464965033992,0.0001754888063768001,-0.0004821100218935989,-0.0041150497387664985,-0.003113715023745498
1,0.0030282464965033992,0.0,0.0032037353028801993,0.0025461364746098003,-0.0010868032422630992,-8.546852724209894e-05
2,-0.0001754888063768001,-0.0032037353028801993,0.0,-0.000657598828270399,-0.0042905385451432985,-0.0032892038301222982
3,0.0004821100218935989,-0.0025461364746098003,0.000657598828270399,0.0,-0.0036329397168728995,-0.0026316050018518992
4,0.0041150497387664985,0.0010868032422630992,0.0042905385451432985,0.0036329397168728995,0.0,0.0010013347150210003
5,0.003113715023745498,8.546852724209894e-05,0.0032892038301222982,0.0026316050018518992,-0.0010013347150210003,0.0
