,abstracts,news,reviews,qa
0,0.0,-0.003675483957661603,0.0187889940496872,0.020462693685108797
1,0.003675483957661603,0.0,0.0224644780073488,0.0241381776427704
2,-0.0187889940496872,-0.0224644780073488,0.0,0.001673699635421598
3,-0.020462693685108797,-0.0241381776427704,-0.001673699635421598,0.0
