,abstracts,news,reviews,qa
0,0.0,0.0002290732742558408,0.0014084721376026407,5.411716975855591e-06
1,-0.0002290732742558408,0.0,0.0011793988633468,-0.00022366155727998523
2,-0.0014084721376026407,-0.0011793988633468,0.0,-0.0014030604206267852
3,-5.411716975855591e-06,0.00022366155727998523,0.0014030604206267852,0.0
