,zero_shot_baseline,in_context_learning_3-shot,style_information_style_example,chain_of_thought_zero_shot,chain_of_thought_one_shot,self-refine
0,0.0,-0.0262873642527561,-0.024254885142430904,0.0021783738097181926,-0.0104931142540753,0.00010916481905279274
1,0.0262873642527561,0.0,0.002032479110325197,0.028465738062474294,0.0157942499986808,0.026396529071808894
2,0.024254885142430904,-0.002032479110325197,0.0,0.026433258952149097,0.013761770888355604,0.024364049961483697
3,-0.0021783738097181926,-0.028465738062474294,-0.026433258952149097,0.0,-0.012671488063793493,-0.0020692089906654
4,0.0104931142540753,-0.0157942499986808,-0.013761770888355604,0.012671488063793493,0.0,0.010602279073128093
5,-0.00010916481905279274,-0.026396529071808894,-0.024364049961483697,0.0020692089906654,-0.010602279073128093,0.0
