,zero_shot_baseline,in_context_learning_3-shot,style_information_style_example,chain_of_thought_zero_shot,chain_of_thought_one_shot,self-refine
0,0.0,-2.313276884574257e-05,-2.26985942185623e-05,0.0,0.0,-3.45538385727822e-05
1,2.313276884574257e-05,0.0,4.3417462718026934e-07,2.313276884574257e-05,2.313276884574257e-05,-1.1421069727039627e-05
2,2.26985942185623e-05,-4.3417462718026934e-07,0.0,2.26985942185623e-05,2.26985942185623e-05,-1.1855244354219897e-05
3,0.0,-2.313276884574257e-05,-2.26985942185623e-05,0.0,0.0,-3.45538385727822e-05
4,0.0,-2.313276884574257e-05,-2.26985942185623e-05,0.0,0.0,-3.45538385727822e-05
5,3.45538385727822e-05,1.1421069727039627e-05,1.1855244354219897e-05,3.45538385727822e-05,3.45538385727822e-05,0.0
