,zero_shot_baseline,in_context_learning_3-shot,style_information_style_example,chain_of_thought_zero_shot,chain_of_thought_one_shot,self-refine
0,0.0,0.04777250569077931,-0.0028219208833369924,-0.0021914917049149912,0.00049301434671771,-0.03684979750725151
1,-0.04777250569077931,0.0,-0.0505944265741163,-0.0499639973956943,-0.0472794913440616,-0.08462230319803082
2,0.0028219208833369924,0.0505944265741163,0.0,0.0006304291784220012,0.0033149352300547025,-0.034027876623914516
3,0.0021914917049149912,0.0499639973956943,-0.0006304291784220012,0.0,0.0026845060516327013,-0.03465830580233652
4,-0.00049301434671771,0.0472794913440616,-0.0033149352300547025,-0.0026845060516327013,0.0,-0.03734281185396922
5,0.03684979750725151,0.08462230319803082,0.034027876623914516,0.03465830580233652,0.03734281185396922,0.0
