,abstracts,news,reviews,qa
0,0.0,-0.0284297146904351,-0.0296857612808741,-0.0297335385365162
1,0.0284297146904351,0.0,-0.001256046590439,-0.0013038238460811
2,0.0296857612808741,0.001256046590439,0.0,-4.7777255642100086e-05
3,0.0297335385365162,0.0013038238460811,4.7777255642100086e-05,0.0
