,zero_shot_baseline,in_context_learning_3-shot,style_information_style_example,chain_of_thought_zero_shot,chain_of_thought_one_shot,self-refine
0,0.0,0.02742230144235025,0.04539191916862134,-0.0016440564684895853,0.040554097432235814,0.0571033189667976
1,-0.02742230144235025,0.0,0.017969617726271092,-0.029066357910839835,0.013131795989885564,0.02968101752444735
2,-0.04539191916862134,-0.017969617726271092,0.0,-0.04703597563711093,-0.004837821736385528,0.011711399798176259
3,0.0016440564684895853,0.029066357910839835,0.04703597563711093,0.0,0.0421981539007254,0.058747375435287186
4,-0.040554097432235814,-0.013131795989885564,0.004837821736385528,-0.0421981539007254,0.0,0.016549221534561787
5,-0.0571033189667976,-0.02968101752444735,-0.011711399798176259,-0.058747375435287186,-0.016549221534561787,0.0
