,zero_shot_baseline,in_context_learning_3-shot,style_information_style_example,chain_of_thought_zero_shot,chain_of_thought_one_shot,self-refine
0,0.0,-0.001597011917370092,0.0034139124405239,-0.00013648757872519734,0.006851698603824605,-0.004342877839707993
1,0.001597011917370092,0.0,0.005010924357893992,0.0014605243386448946,0.008448710521194697,-0.0027458659223379006
2,-0.0034139124405239,-0.005010924357893992,0.0,-0.0035504000192490975,0.0034377861633007045,-0.007756790280231893
3,0.00013648757872519734,-0.0014605243386448946,0.0035504000192490975,0.0,0.006988186182549802,-0.004206390260982795
4,-0.006851698603824605,-0.008448710521194697,-0.0034377861633007045,-0.006988186182549802,0.0,-0.011194576443532597
5,0.004342877839707993,0.0027458659223379006,0.007756790280231893,0.004206390260982795,0.011194576443532597,0.0
