,zero_shot_baseline,in_context_learning_3-shot,style_information_style_example,chain_of_thought_zero_shot,chain_of_thought_one_shot,self-refine
0,0.0,-0.0009292516904907001,0.0015093793296156992,4.686417597709984e-05,0.0004708983551266997,0.00047842550529119884
1,0.0009292516904907001,0.0,0.0024386310201063993,0.0009761158664677999,0.0014001500456173998,0.001407677195781899
2,-0.0015093793296156992,-0.0024386310201063993,0.0,-0.0014625151536385994,-0.0010384809744889995,-0.0010309538243245004
3,-4.686417597709984e-05,-0.0009761158664677999,0.0014625151536385994,0.0,0.0004240341791495999,0.000431561329314099
4,-0.0004708983551266997,-0.0014001500456173998,0.0010384809744889995,-0.0004240341791495999,0.0,7.527150164499119e-06
5,-0.00047842550529119884,-0.001407677195781899,0.0010309538243245004,-0.000431561329314099,-7.527150164499119e-06,0.0
