,mistral,deepseek,llama3.3,qwen72b,qwen32b,qwen14b,solar
0,0.0,0.004192961378291497,0.0028292811491022994,-0.004644223373263898,-0.008269811822909003,-0.013516023535869903,-0.0061429698648180035
1,-0.004192961378291497,0.0,-0.001363680229189198,-0.008837184751555396,-0.0124627732012005,-0.0177089849141614,-0.010335931243109501
2,-0.0028292811491022994,0.001363680229189198,0.0,-0.007473504522366198,-0.011099092972011303,-0.016345304684972202,-0.008972251013920303
3,0.004644223373263898,0.008837184751555396,0.007473504522366198,0.0,-0.003625588449645105,-0.008871800162606004,-0.0014987464915541052
4,0.008269811822909003,0.0124627732012005,0.011099092972011303,0.003625588449645105,0.0,-0.005246211712960899,0.0021268419580909997
5,0.013516023535869903,0.0177089849141614,0.016345304684972202,0.008871800162606004,0.005246211712960899,0.0,0.007373053671051899
6,0.0061429698648180035,0.010335931243109501,0.008972251013920303,0.0014987464915541052,-0.0021268419580909997,-0.007373053671051899,0.0
