,zero_shot_baseline,in_context_learning_3-shot,style_information_style_example,chain_of_thought_zero_shot,chain_of_thought_one_shot,self-refine
0,0.0,0.009385043117589087,-0.007147421609994209,-0.0037418570309472043,-0.009613862311526403,-0.011433609794557001
1,-0.009385043117589087,0.0,-0.016532464727583296,-0.013126900148536291,-0.01899890542911549,-0.020818652912146088
2,0.007147421609994209,0.016532464727583296,0.0,0.0034055645790470046,-0.0024664407015321937,-0.004286188184562792
3,0.0037418570309472043,0.013126900148536291,-0.0034055645790470046,0.0,-0.005872005280579198,-0.0076917527636097965
4,0.009613862311526403,0.01899890542911549,0.0024664407015321937,0.005872005280579198,0.0,-0.0018197474830305982
5,0.011433609794557001,0.020818652912146088,0.004286188184562792,0.0076917527636097965,0.0018197474830305982,0.0
