,zero_shot_baseline,in_context_learning_3-shot,style_information_style_example,chain_of_thought_zero_shot,chain_of_thought_one_shot,self-refine
0,0.0,-0.030962037080570437,-0.004150424042892342,-0.0016896442865521055,0.0010778312960058045,0.013380755085862395
1,0.030962037080570437,0.0,0.026811613037678095,0.02927239279401833,0.03203986837657624,0.04434279216643283
2,0.004150424042892342,-0.026811613037678095,0.0,0.0024607797563402367,0.005228255338898147,0.017531179128754737
3,0.0016896442865521055,-0.02927239279401833,-0.0024607797563402367,0.0,0.00276747558255791,0.0150703993724145
4,-0.0010778312960058045,-0.03203986837657624,-0.005228255338898147,-0.00276747558255791,0.0,0.01230292378985659
5,-0.013380755085862395,-0.04434279216643283,-0.017531179128754737,-0.0150703993724145,-0.01230292378985659,0.0
