,abstracts,news,reviews,qa
0,0.0,-0.003784229518339198,-0.0428891417085221,0.0212929618797223
1,0.003784229518339198,0.0,-0.0391049121901829,0.0250771913980615
2,0.0428891417085221,0.0391049121901829,0.0,0.0641821035882444
3,-0.0212929618797223,-0.0250771913980615,-0.0641821035882444,0.0
