,abstracts,news,reviews,qa
0,0.0,0.0006102520643081998,-0.0088999169264241,0.011644893833724601
1,-0.0006102520643081998,0.0,-0.0095101689907323,0.011034641769416402
2,0.0088999169264241,0.0095101689907323,0.0,0.0205448107601487
3,-0.011644893833724601,-0.011034641769416402,-0.0205448107601487,0.0
