,zero_shot_baseline,in_context_learning_3-shot,style_information_style_example,chain_of_thought_zero_shot,chain_of_thought_one_shot,self-refine
0,0.0,-0.010304123573443902,-0.018640402518794896,0.0009303984794615111,-0.01258449920076489,-0.015382136613692296
1,0.010304123573443902,0.0,-0.008336278945350994,0.011234522052905413,-0.002280375627320988,-0.005078013040248394
2,0.018640402518794896,0.008336278945350994,0.0,0.019570800998256407,0.0060559033180300065,0.0032582659051026003
3,-0.0009303984794615111,-0.011234522052905413,-0.019570800998256407,0.0,-0.013514897680226401,-0.016312535093153807
4,0.01258449920076489,0.002280375627320988,-0.0060559033180300065,0.013514897680226401,0.0,-0.002797637412927406
5,0.015382136613692296,0.005078013040248394,-0.0032582659051026003,0.016312535093153807,0.002797637412927406,0.0
