,zero_shot_baseline,in_context_learning_3-shot,style_information_style_example,chain_of_thought_zero_shot,chain_of_thought_one_shot,self-refine
0,0.0,-0.009466659855225198,-0.0022520683664475002,-0.0015949625228849976,-0.007018309120174697,-0.004342498264805497
1,0.009466659855225198,0.0,0.007214591488777698,0.007871697332340201,0.0024483507350505015,0.005124161590419701
2,0.0022520683664475002,-0.007214591488777698,0.0,0.0006571058435625027,-0.004766240753727197,-0.002090429898357997
3,0.0015949625228849976,-0.007871697332340201,-0.0006571058435625027,0.0,-0.005423346597289699,-0.0027475357419204996
4,0.007018309120174697,-0.0024483507350505015,0.004766240753727197,0.005423346597289699,0.0,0.0026758108553691998
5,0.004342498264805497,-0.005124161590419701,0.002090429898357997,0.0027475357419204996,-0.0026758108553691998,0.0
