,zero_shot_baseline,in_context_learning_3-shot,style_information_style_example,chain_of_thought_zero_shot,chain_of_thought_one_shot,self-refine
0,0.0,-0.002960864949142203,-0.015585336018741403,-0.004414830086254304,-0.007211607502269998,-0.003047226934931202
1,0.002960864949142203,0.0,-0.0126244710695992,-0.001453965137112101,-0.004250742553127795,-8.636198578899912e-05
2,0.015585336018741403,0.0126244710695992,0.0,0.011170505932487099,0.008373728516471404,0.0125381090838102
3,0.004414830086254304,0.001453965137112101,-0.011170505932487099,0.0,-0.0027967774160156944,0.0013676031513231018
4,0.007211607502269998,0.004250742553127795,-0.008373728516471404,0.0027967774160156944,0.0,0.004164380567338796
5,0.003047226934931202,8.636198578899912e-05,-0.0125381090838102,-0.0013676031513231018,-0.004164380567338796,0.0
