,zero_shot_baseline,in_context_learning_3-shot,style_information_style_example,chain_of_thought_zero_shot,chain_of_thought_one_shot,self-refine
0,0.0,0.004461166820150908,-0.0052200258802758,0.0021350929708766064,0.003070205028535597,0.013989964482137504
1,-0.004461166820150908,0.0,-0.009681192700426708,-0.0023260738492743016,-0.001390961791615311,0.009528797661986596
2,0.0052200258802758,0.009681192700426708,0.0,0.007355118851152406,0.008290230908811397,0.019209990362413304
3,-0.0021350929708766064,0.0023260738492743016,-0.007355118851152406,0.0,0.0009351120576589905,0.011854871511260898
4,-0.003070205028535597,0.001390961791615311,-0.008290230908811397,-0.0009351120576589905,0.0,0.010919759453601907
5,-0.013989964482137504,-0.009528797661986596,-0.019209990362413304,-0.011854871511260898,-0.010919759453601907,0.0
