,zero_shot_baseline,in_context_learning_3-shot,style_information_style_example,chain_of_thought_zero_shot,chain_of_thought_one_shot,self-refine
0,0.0,0.031717906155899006,-0.005204375490993812,0.0092732786221284,0.01274894862871101,0.013450549122960592
1,-0.031717906155899006,0.0,-0.03692228164689282,-0.022444627533770606,-0.018968957527187996,-0.018267357032938414
2,0.005204375490993812,0.03692228164689282,0.0,0.014477654113122213,0.017953324119704822,0.018654924613954404
3,-0.0092732786221284,0.022444627533770606,-0.014477654113122213,0.0,0.0034756700065826096,0.004177270500832192
4,-0.01274894862871101,0.018968957527187996,-0.017953324119704822,-0.0034756700065826096,0.0,0.0007016004942495824
5,-0.013450549122960592,0.018267357032938414,-0.018654924613954404,-0.004177270500832192,-0.0007016004942495824,0.0
