,zero_shot_baseline,in_context_learning_3-shot,style_information_style_example,chain_of_thought_zero_shot,chain_of_thought_one_shot,self-refine
0,0.0,-0.00033293388455539474,8.889239440130342e-05,0.0003249477793661054,-0.0009550760863117,0.0002761648223748997
1,0.00033293388455539474,0.0,0.00042182627895669816,0.0006578816639215002,-0.0006221422017563052,0.0006090987069302944
2,-8.889239440130342e-05,-0.00042182627895669816,0.0,0.000236055384964802,-0.0010439684807130034,0.00018727242797359628
3,-0.0003249477793661054,-0.0006578816639215002,-0.000236055384964802,0.0,-0.0012800238656778054,-4.878295699120572e-05
4,0.0009550760863117,0.0006221422017563052,0.0010439684807130034,0.0012800238656778054,0.0,0.0012312409086865997
5,-0.0002761648223748997,-0.0006090987069302944,-0.00018727242797359628,4.878295699120572e-05,-0.0012312409086865997,0.0
