,zero_shot_baseline,in_context_learning_3-shot,style_information_style_example,chain_of_thought_zero_shot,chain_of_thought_one_shot,self-refine
0,0.0,0.0089128013640421,-0.0042784840177839956,2.3322331603202462e-05,-0.0023970279217362944,0.0009958521733364062
1,-0.0089128013640421,0.0,-0.013191285381826096,-0.008889479032438898,-0.011309829285778394,-0.007916949190705694
2,0.0042784840177839956,0.013191285381826096,0.0,0.004301806349387198,0.0018814560960477011,0.005274336191120402
3,-2.3322331603202462e-05,0.008889479032438898,-0.004301806349387198,0.0,-0.002420350253339497,0.0009725298417332037
4,0.0023970279217362944,0.011309829285778394,-0.0018814560960477011,0.002420350253339497,0.0,0.0033928800950727006
5,-0.0009958521733364062,0.007916949190705694,-0.005274336191120402,-0.0009725298417332037,-0.0033928800950727006,0.0
