,zero_shot_baseline,in_context_learning_3-shot,style_information_style_example,chain_of_thought_zero_shot,chain_of_thought_one_shot,self-refine
0,0.0,0.0039283527800574,0.0027484179539156994,0.0019292325554797,0.000128486066543098,0.0007898349778597998
1,-0.0039283527800574,0.0,-0.0011799348261417007,-0.0019991202245777002,-0.003799866713514302,-0.0031385178021976004
2,-0.0027484179539156994,0.0011799348261417007,0.0,-0.0008191853984359995,-0.0026199318873726014,-0.0019585829760558997
3,-0.0019292325554797,0.0019991202245777002,0.0008191853984359995,0.0,-0.001800746488936602,-0.0011393975776199002
4,-0.000128486066543098,0.003799866713514302,0.0026199318873726014,0.001800746488936602,0.0,0.0006613489113167018
5,-0.0007898349778597998,0.0031385178021976004,0.0019585829760558997,0.0011393975776199002,-0.0006613489113167018,0.0
