,abstracts,news,reviews,qa
0,0.0,0.033653589053644996,0.0326912204296113,-0.0177374140194277
1,-0.033653589053644996,0.0,-0.0009623686240336979,-0.0513910030730727
2,-0.0326912204296113,0.0009623686240336979,0.0,-0.050428634449039
3,0.0177374140194277,0.0513910030730727,0.050428634449039,0.0
