,zero_shot_baseline,in_context_learning_3-shot,style_information_style_example,chain_of_thought_zero_shot,chain_of_thought_one_shot,self-refine
0,0.0,0.019634004239604208,-0.0064202574026756,-0.0020522179313508804,0.001943697832975405,0.010366227882094209
1,-0.019634004239604208,0.0,-0.026054261642279808,-0.02168622217095509,-0.017690306406628803,-0.00926777635751
2,0.0064202574026756,0.026054261642279808,0.0,0.0043680394713247195,0.008363955235651005,0.01678648528476981
3,0.0020522179313508804,0.02168622217095509,-0.0043680394713247195,0.0,0.0039959157643262855,0.01241844581344509
4,-0.001943697832975405,0.017690306406628803,-0.008363955235651005,-0.0039959157643262855,0.0,0.008422530049118804
5,-0.010366227882094209,0.00926777635751,-0.01678648528476981,-0.01241844581344509,-0.008422530049118804,0.0
