,zero_shot_baseline,in_context_learning_3-shot,style_information_style_example,chain_of_thought_zero_shot,chain_of_thought_one_shot,self-refine
0,0.0,-0.005833499172000808,-0.004080809146474906,0.0005963581006499935,-0.001991385335406312,0.006306274869085499
1,0.005833499172000808,0.0,0.001752690025525902,0.006429857272650802,0.0038421138365944962,0.012139774041086307
2,0.004080809146474906,-0.001752690025525902,0.0,0.0046771672471249,0.002089423811068594,0.010387084015560405
3,-0.0005963581006499935,-0.006429857272650802,-0.0046771672471249,0.0,-0.0025877434360563056,0.005709916768435505
4,0.001991385335406312,-0.0038421138365944962,-0.002089423811068594,0.0025877434360563056,0.0,0.00829766020449181
5,-0.006306274869085499,-0.012139774041086307,-0.010387084015560405,-0.005709916768435505,-0.00829766020449181,0.0
