,zero_shot_baseline,in_context_learning_3-shot,style_information_style_example,chain_of_thought_zero_shot,chain_of_thought_one_shot,self-refine
0,0.0,-0.001986915652193444,-0.007420999086108104,-0.002048392573370139,-0.015063422959353034,0.01863891133629897
1,0.001986915652193444,0.0,-0.00543408343391466,-6.147692117669523e-05,-0.01307650730715959,0.020625826988492413
2,0.007420999086108104,0.00543408343391466,0.0,0.005372606512737965,-0.00764242387324493,0.026059910422407073
3,0.002048392573370139,6.147692117669523e-05,-0.005372606512737965,0.0,-0.013015030385982895,0.020687303909669108
4,0.015063422959353034,0.01307650730715959,0.00764242387324493,0.013015030385982895,0.0,0.033702334295652
5,-0.01863891133629897,-0.020625826988492413,-0.026059910422407073,-0.020687303909669108,-0.033702334295652,0.0
