,zero_shot_baseline,in_context_learning_3-shot,style_information_style_example,chain_of_thought_zero_shot,chain_of_thought_one_shot,self-refine
0,0.0,-0.008089539259942602,0.0031855142281264903,-0.0016576265908601062,-0.004708097332260602,-0.0003408956945231134
1,0.008089539259942602,0.0,0.011275053488069092,0.006431912669082496,0.0033814419276819996,0.0077486435654194885
2,-0.0031855142281264903,-0.011275053488069092,0.0,-0.0048431408189865965,-0.007893611560387093,-0.0035264099226496037
3,0.0016576265908601062,-0.006431912669082496,0.0048431408189865965,0.0,-0.003050470741400496,0.0013167308963369928
4,0.004708097332260602,-0.0033814419276819996,0.007893611560387093,0.003050470741400496,0.0,0.004367201637737489
5,0.0003408956945231134,-0.0077486435654194885,0.0035264099226496037,-0.0013167308963369928,-0.004367201637737489,0.0
