,zero_shot_baseline,in_context_learning_3-shot,style_information_style_example,chain_of_thought_zero_shot,chain_of_thought_one_shot,self-refine
0,0.0,0.0011705618959064988,-0.0051574877635627014,0.0013767805275777985,-0.006407320517720302,-0.0029556408482285003
1,-0.0011705618959064988,0.0,-0.0063280496594692,0.00020621863167129967,-0.0075778824136268005,-0.004126202744134999
2,0.0051574877635627014,0.0063280496594692,0.0,0.0065342682911405,-0.0012498327541576003,0.002201846915334201
3,-0.0013767805275777985,-0.00020621863167129967,-0.0065342682911405,0.0,-0.0077841010452981,-0.004332421375806299
4,0.006407320517720302,0.0075778824136268005,0.0012498327541576003,0.0077841010452981,0.0,0.0034516796694918014
5,0.0029556408482285003,0.004126202744134999,-0.002201846915334201,0.004332421375806299,-0.0034516796694918014,0.0
