,zero_shot_baseline,in_context_learning_3-shot,style_information_style_example,chain_of_thought_zero_shot,chain_of_thought_one_shot,self-refine
0,0.0,0.01956950195104601,-0.011450068634544508,-0.003415412398101808,-0.004741071388997986,0.016851815340968912
1,-0.01956950195104601,0.0,-0.031019570585590517,-0.022984914349147817,-0.024310573340043995,-0.002717686610077097
2,0.011450068634544508,0.031019570585590517,0.0,0.0080346562364427,0.006708997245546522,0.02830188397551342
3,0.003415412398101808,0.022984914349147817,-0.0080346562364427,0.0,-0.001325658990896178,0.02026722773907072
4,0.004741071388997986,0.024310573340043995,-0.006708997245546522,0.001325658990896178,0.0,0.021592886729966898
5,-0.016851815340968912,0.002717686610077097,-0.02830188397551342,-0.02026722773907072,-0.021592886729966898,0.0
