,zero_shot_baseline,in_context_learning_3-shot,style_information_style_example,chain_of_thought_zero_shot,chain_of_thought_one_shot,self-refine
0,0.0,-0.0328604263364727,-0.03663666366391571,-0.0017383882326366049,-0.006682513672318001,-0.019399020347864997
1,0.0328604263364727,0.0,-0.003776237327443005,0.031122038103836097,0.0261779126641547,0.013461405988607705
2,0.03663666366391571,0.003776237327443005,0.0,0.0348982754312791,0.029954149991597706,0.01723764331605071
3,0.0017383882326366049,-0.031122038103836097,-0.0348982754312791,0.0,-0.004944125439681396,-0.017660632115228392
4,0.006682513672318001,-0.0261779126641547,-0.029954149991597706,0.004944125439681396,0.0,-0.012716506675546996
5,0.019399020347864997,-0.013461405988607705,-0.01723764331605071,0.017660632115228392,0.012716506675546996,0.0
