,zero_shot_baseline,in_context_learning_3-shot,style_information_style_example,chain_of_thought_zero_shot,chain_of_thought_one_shot,self-refine
0,0.0,0.001779118033070598,-0.023237932077097692,0.003182404329792707,-0.013192465386691193,-0.004930826983490594
1,-0.001779118033070598,0.0,-0.02501705011016829,0.0014032862967221088,-0.014971583419761791,-0.006709945016561192
2,0.023237932077097692,0.02501705011016829,0.0,0.0264203364068904,0.010045466690406499,0.0183071050936071
3,-0.003182404329792707,-0.0014032862967221088,-0.0264203364068904,0.0,-0.0163748697164839,-0.0081132313132833
4,0.013192465386691193,0.014971583419761791,-0.010045466690406499,0.0163748697164839,0.0,0.0082616384032006
5,0.004930826983490594,0.006709945016561192,-0.0183071050936071,0.0081132313132833,-0.0082616384032006,0.0
