,zero_shot_baseline,in_context_learning_3-shot,style_information_style_example,chain_of_thought_zero_shot,chain_of_thought_one_shot,self-refine
0,0.0,-0.0299391647556769,-0.011047057970533292,-0.0015945254610739978,-0.0065752594048856805,-0.02140405504289128
1,0.0299391647556769,0.0,0.01889210678514361,0.028344639294602902,0.02336390535079122,0.008535109712785621
2,0.011047057970533292,-0.01889210678514361,0.0,0.009452532509459294,0.004471798565647611,-0.010356997072357987
3,0.0015945254610739978,-0.028344639294602902,-0.009452532509459294,0.0,-0.004980733943811683,-0.01980952958181728
4,0.0065752594048856805,-0.02336390535079122,-0.004471798565647611,0.004980733943811683,0.0,-0.014828795638005599
5,0.02140405504289128,-0.008535109712785621,0.010356997072357987,0.01980952958181728,0.014828795638005599,0.0
