,zero_shot_baseline,in_context_learning_3-shot,style_information_style_example,chain_of_thought_zero_shot,chain_of_thought_one_shot,self-refine
0,0.0,0.014817096398323501,-0.001122251714919295,0.0008983107496496057,0.004058266178611103,0.007960346745706295
1,-0.014817096398323501,0.0,-0.015939348113242796,-0.013918785648673895,-0.010758830219712398,-0.006856749652617206
2,0.001122251714919295,0.015939348113242796,0.0,0.0020205624645689008,0.005180517893530398,0.00908259846062559
3,-0.0008983107496496057,0.013918785648673895,-0.0020205624645689008,0.0,0.0031599554289614973,0.00706203599605669
4,-0.004058266178611103,0.010758830219712398,-0.005180517893530398,-0.0031599554289614973,0.0,0.0039020805670951925
5,-0.007960346745706295,0.006856749652617206,-0.00908259846062559,-0.00706203599605669,-0.0039020805670951925,0.0
