,mistral,deepseek,llama3.3,qwen72b,qwen32b,qwen14b,solar
0,0.0,-0.005516489481098119,-0.026999562954245826,0.019397648415014512,0.00783073922325489,-0.007404895331243777,0.005147666923900118
1,0.005516489481098119,0.0,-0.021483073473147707,0.02491413789611263,0.013347228704353009,-0.001888405850145658,0.010664156404998237
2,0.026999562954245826,0.021483073473147707,0.0,0.04639721136926034,0.034830302177500716,0.01959466762300205,0.032147229878145944
3,-0.019397648415014512,-0.02491413789611263,-0.04639721136926034,0.0,-0.011566909191759622,-0.02680254374625829,-0.014249981491114394
4,-0.00783073922325489,-0.013347228704353009,-0.034830302177500716,0.011566909191759622,0.0,-0.015235634554498667,-0.0026830722993547718
5,0.007404895331243777,0.001888405850145658,-0.01959466762300205,0.02680254374625829,0.015235634554498667,0.0,0.012552562255143895
6,-0.005147666923900118,-0.010664156404998237,-0.032147229878145944,0.014249981491114394,0.0026830722993547718,-0.012552562255143895,0.0
