,zero_shot_baseline,in_context_learning_3-shot,style_information_style_example,chain_of_thought_zero_shot,chain_of_thought_one_shot,self-refine
0,0.0,-0.0068432313889282,0.0008829715075494016,-0.0002360810895335949,-0.004859559300896599,0.0019233841452169984
1,0.0068432313889282,0.0,0.007726202896477602,0.0066071502993946055,0.0019836720880316017,0.008766615534145199
2,-0.0008829715075494016,-0.007726202896477602,0.0,-0.0011190525970829965,-0.005742530808446,0.0010404126376675968
3,0.0002360810895335949,-0.0066071502993946055,0.0011190525970829965,0.0,-0.004623478211363004,0.0021594652347505933
4,0.004859559300896599,-0.0019836720880316017,0.005742530808446,0.004623478211363004,0.0,0.006782943446113597
5,-0.0019233841452169984,-0.008766615534145199,-0.0010404126376675968,-0.0021594652347505933,-0.006782943446113597,0.0
