,zero_shot_baseline,in_context_learning_3-shot,style_information_style_example,chain_of_thought_zero_shot,chain_of_thought_one_shot,self-refine
0,0.0,0.002136181776855206,7.859397577661409e-05,0.0008682173039702146,0.0087291376400353,0.014477295682803593
1,-0.002136181776855206,0.0,-0.002057587801078592,-0.0012679644728849915,0.006592955863180094,0.012341113905948387
2,-7.859397577661409e-05,0.002057587801078592,0.0,0.0007896233281936005,0.008650543664258686,0.014398701707026978
3,-0.0008682173039702146,0.0012679644728849915,-0.0007896233281936005,0.0,0.007860920336065086,0.013609078378833378
4,-0.0087291376400353,-0.006592955863180094,-0.008650543664258686,-0.007860920336065086,0.0,0.005748158042768292
5,-0.014477295682803593,-0.012341113905948387,-0.014398701707026978,-0.013609078378833378,-0.005748158042768292,0.0
