,zero_shot_baseline,in_context_learning_3-shot,style_information_style_example,chain_of_thought_zero_shot,chain_of_thought_one_shot,self-refine
0,0.0,-0.001694276931051189,-0.008958895707723694,-0.00450287720854349,-0.010678874486172094,-0.004280609765457993
1,0.001694276931051189,0.0,-0.0072646187766725046,-0.0028086002774923013,-0.008984597555120905,-0.0025863328344068043
2,0.008958895707723694,0.0072646187766725046,0.0,0.004456018499180203,-0.0017199787784484,0.0046782859422657
3,0.00450287720854349,0.0028086002774923013,-0.004456018499180203,0.0,-0.006175997277628603,0.00022226744308549706
4,0.010678874486172094,0.008984597555120905,0.0017199787784484,0.006175997277628603,0.0,0.0063982647207141
5,0.004280609765457993,0.0025863328344068043,-0.0046782859422657,-0.00022226744308549706,-0.0063982647207141,0.0
