,zero_shot_baseline,in_context_learning_3-shot,style_information_style_example,chain_of_thought_zero_shot,chain_of_thought_one_shot,self-refine
0,0.0,0.0026835496973025078,0.0029359586210896058,-0.00048596038998799385,-0.006825619035220193,0.0032270979631751073
1,-0.0026835496973025078,0.0,0.000252408923787098,-0.0031695100872905016,-0.0095091687325227,0.0005435482658725996
2,-0.0029359586210896058,-0.000252408923787098,0.0,-0.0034219190110775996,-0.009761577656309799,0.0002911393420855016
3,0.00048596038998799385,0.0031695100872905016,0.0034219190110775996,0.0,-0.006339658645232199,0.003713058353163101
4,0.006825619035220193,0.0095091687325227,0.009761577656309799,0.006339658645232199,0.0,0.0100527169983953
5,-0.0032270979631751073,-0.0005435482658725996,-0.0002911393420855016,-0.003713058353163101,-0.0100527169983953,0.0
