,zero_shot_baseline,in_context_learning_3-shot,style_information_style_example,chain_of_thought_zero_shot,chain_of_thought_one_shot,self-refine
0,0.0,0.0113262167790644,0.003816824727566899,0.000546953258593004,-0.004227085837460599,-0.025746223855611705
1,-0.0113262167790644,0.0,-0.007509392051497501,-0.010779263520471396,-0.015553302616525,-0.0370724406346761
2,-0.003816824727566899,0.007509392051497501,0.0,-0.003269871468973895,-0.008043910565027498,-0.029563048583178604
3,-0.000546953258593004,0.010779263520471396,0.003269871468973895,0.0,-0.004774039096053603,-0.02629317711420471
4,0.004227085837460599,0.015553302616525,0.008043910565027498,0.004774039096053603,0.0,-0.021519138018151106
5,0.025746223855611705,0.0370724406346761,0.029563048583178604,0.02629317711420471,0.021519138018151106,0.0
