,zero_shot_baseline,in_context_learning_3-shot,style_information_style_example,chain_of_thought_zero_shot,chain_of_thought_one_shot,self-refine
0,0.0,-0.0839958031903954,0.004177217255906002,0.0022570499474366124,0.003012642726314102,0.034957989754627716
1,0.0839958031903954,0.0,0.0881730204463014,0.08625285313783201,0.0870084459167095,0.11895379294502312
2,-0.004177217255906002,-0.0881730204463014,0.0,-0.0019201673084693893,-0.0011645745295918997,0.030780772498721715
3,-0.0022570499474366124,-0.08625285313783201,0.0019201673084693893,0.0,0.0007555927788774897,0.032700939807191104
4,-0.003012642726314102,-0.0870084459167095,0.0011645745295918997,-0.0007555927788774897,0.0,0.031945347028313614
5,-0.034957989754627716,-0.11895379294502312,-0.030780772498721715,-0.032700939807191104,-0.031945347028313614,0.0
