,zero_shot_baseline,in_context_learning_3-shot,style_information_style_example,chain_of_thought_zero_shot,chain_of_thought_one_shot,self-refine
0,0.0,0.004117738944672197,0.006292279406818299,0.0019537011443615943,0.003631623409182598,0.009455941034871698
1,-0.004117738944672197,0.0,0.0021745404621461017,-0.002164037800310603,-0.00048611553548959935,0.005338202090199501
2,-0.006292279406818299,-0.0021745404621461017,0.0,-0.004338578262456705,-0.002660655997635701,0.003163661628053399
3,-0.0019537011443615943,0.002164037800310603,0.004338578262456705,0.0,0.0016779222648210038,0.007502239890510104
4,-0.003631623409182598,0.00048611553548959935,0.002660655997635701,-0.0016779222648210038,0.0,0.0058243176256891
5,-0.009455941034871698,-0.005338202090199501,-0.003163661628053399,-0.007502239890510104,-0.0058243176256891,0.0
