,mistral,deepseek,llama3.3,qwen72b,qwen32b,qwen14b,solar
0,0.0,0.002528622957318403,-7.645184772989838e-05,-0.001800441402338298,-0.0023256701435961993,-0.0022340491871265973,-0.002691443475489899
1,-0.002528622957318403,0.0,-0.0026050748050483012,-0.004329064359656701,-0.004854293100914602,-0.004762672144445,-0.005220066432808302
2,7.645184772989838e-05,0.0026050748050483012,0.0,-0.0017239895546083996,-0.002249218295866301,-0.002157597339396699,-0.0026149916277600008
3,0.001800441402338298,0.004329064359656701,0.0017239895546083996,0.0,-0.0005252287412579014,-0.00043360778478829937,-0.0008910020731516012
4,0.0023256701435961993,0.004854293100914602,0.002249218295866301,0.0005252287412579014,0.0,9.162095646960203e-05,-0.0003657733318936998
5,0.0022340491871265973,0.004762672144445,0.002157597339396699,0.00043360778478829937,-9.162095646960203e-05,0.0,-0.00045739428836330184
6,0.002691443475489899,0.005220066432808302,0.0026149916277600008,0.0008910020731516012,0.0003657733318936998,0.00045739428836330184,0.0
