,zero_shot_baseline,in_context_learning_3-shot,style_information_style_example,chain_of_thought_zero_shot,chain_of_thought_one_shot,self-refine
0,0.0,0.005272486374762103,0.005580833022681891,-0.0029568067866400094,-0.0038880995357942205,0.003973501208922203
1,-0.005272486374762103,0.0,0.0003083466479197883,-0.008229293161402113,-0.009160585910556324,-0.0012989851658398999
2,-0.005580833022681891,-0.0003083466479197883,0.0,-0.0085376398093219,-0.009468932558476112,-0.0016073318137596881
3,0.0029568067866400094,0.008229293161402113,0.0085376398093219,0.0,-0.0009312927491542111,0.006930307995562213
4,0.0038880995357942205,0.009160585910556324,0.009468932558476112,0.0009312927491542111,0.0,0.007861600744716424
5,-0.003973501208922203,0.0012989851658398999,0.0016073318137596881,-0.006930307995562213,-0.007861600744716424,0.0
