,zero_shot_baseline,in_context_learning_3-shot,style_information_style_example,chain_of_thought_zero_shot,chain_of_thought_one_shot,self-refine
0,0.0,0.0021876635464204014,0.0029785746626182982,0.0024536823766524996,-0.0005740947537889,-0.00018494949482160059
1,-0.0021876635464204014,0.0,0.0007909111161978968,0.00026601883023209816,-0.0027617583002093014,-0.002372613041242002
2,-0.0029785746626182982,-0.0007909111161978968,0.0,-0.0005248922859657987,-0.0035526694164071983,-0.003163524157439899
3,-0.0024536823766524996,-0.00026601883023209816,0.0005248922859657987,0.0,-0.0030277771304413996,-0.0026386318714741
4,0.0005740947537889,0.0027617583002093014,0.0035526694164071983,0.0030277771304413996,0.0,0.00038914525896729946
5,0.00018494949482160059,0.002372613041242002,0.003163524157439899,0.0026386318714741,-0.00038914525896729946,0.0
