,abstracts,news,reviews,qa
0,0.0,0.0053141951245895,0.0041608114631615,-0.0064272224058559
1,-0.0053141951245895,0.0,-0.001153383661428,-0.0117414175304454
2,-0.0041608114631615,0.001153383661428,0.0,-0.0105880338690174
3,0.0064272224058559,0.0117414175304454,0.0105880338690174,0.0
