,zero_shot_baseline,in_context_learning_3-shot,style_information_style_example,chain_of_thought_zero_shot,chain_of_thought_one_shot,self-refine
0,0.0,0.005232361888374601,-0.00018586226941250117,0.0006687070071818013,0.006102669861352605,-0.0008403889959065006
1,-0.005232361888374601,0.0,-0.005418224157787102,-0.0045636548811928,0.0008703079729780044,-0.0060727508842811015
2,0.00018586226941250117,0.005418224157787102,0.0,0.0008545692765943025,0.0062885321307651065,-0.0006545267264939994
3,-0.0006687070071818013,0.0045636548811928,-0.0008545692765943025,0.0,0.005433962854170804,-0.0015090960030883019
4,-0.006102669861352605,-0.0008703079729780044,-0.0062885321307651065,-0.005433962854170804,0.0,-0.006943058857259106
5,0.0008403889959065006,0.0060727508842811015,0.0006545267264939994,0.0015090960030883019,0.006943058857259106,0.0
