,zero_shot_baseline,in_context_learning_3-shot,style_information_style_example,chain_of_thought_zero_shot,chain_of_thought_one_shot,self-refine
0,0.0,-1.1905144002601065e-05,0.0001056454292846995,-0.0003052942890622995,0.00015987452572120003,-0.0012497192026836024
1,1.1905144002601065e-05,0.0,0.00011755057328730056,-0.00029338914505969843,0.0001717796697238011,-0.0012378140586810013
2,-0.0001056454292846995,-0.00011755057328730056,0.0,-0.000410939718346999,5.4229096436500535e-05,-0.0013553646319683019
3,0.0003052942890622995,0.00029338914505969843,0.000410939718346999,0.0,0.00046516881478349953,-0.0009444249136213029
4,-0.00015987452572120003,-0.0001717796697238011,-5.4229096436500535e-05,-0.00046516881478349953,0.0,-0.0014095937284048024
5,0.0012497192026836024,0.0012378140586810013,0.0013553646319683019,0.0009444249136213029,0.0014095937284048024,0.0
