,zero_shot_baseline,in_context_learning_3-shot,style_information_style_example,chain_of_thought_zero_shot,chain_of_thought_one_shot,self-refine
0,0.0,0.004932572966370008,-0.005938248354029299,-0.0010866873338839927,0.0035436342495434037,0.007204591117986006
1,-0.004932572966370008,0.0,-0.010870821320399307,-0.006019260300254001,-0.0013889387168266043,0.002272018151615998
2,0.005938248354029299,0.010870821320399307,0.0,0.004851561020145306,0.009481882603572703,0.013142839472015305
3,0.0010866873338839927,0.006019260300254001,-0.004851561020145306,0.0,0.004630321583427396,0.008291278451869999
4,-0.0035436342495434037,0.0013889387168266043,-0.009481882603572703,-0.004630321583427396,0.0,0.0036609568684426025
5,-0.007204591117986006,-0.002272018151615998,-0.013142839472015305,-0.008291278451869999,-0.0036609568684426025,0.0
