,zero_shot_baseline,in_context_learning_3-shot,style_information_style_example,chain_of_thought_zero_shot,chain_of_thought_one_shot,self-refine
0,0.0,0.0008694596930831997,0.0033736673494714,-0.0057314928878390015,0.0045790609704779005,0.0036334849004323
1,-0.0008694596930831997,0.0,0.0025042076563882004,-0.006600952580922201,0.003709601277394701,0.0027640252073491004
2,-0.0033736673494714,-0.0025042076563882004,0.0,-0.009105160237310402,0.0012053936210065005,0.00025981755096090003
3,0.0057314928878390015,0.006600952580922201,0.009105160237310402,0.0,0.010310553858316902,0.009364977788271302
4,-0.0045790609704779005,-0.003709601277394701,-0.0012053936210065005,-0.010310553858316902,0.0,-0.0009455760700456005
5,-0.0036334849004323,-0.0027640252073491004,-0.00025981755096090003,-0.009364977788271302,0.0009455760700456005,0.0
