,zero_shot_baseline,in_context_learning_3-shot,style_information_style_example,chain_of_thought_zero_shot,chain_of_thought_one_shot,self-refine
0,0.0,-0.0004694523050284,7.99353069471e-05,2.2834156994599997e-05,6.49923095123e-05,3.0982853799400005e-05
1,0.0004694523050284,0.0,0.0005493876119754999,0.0004922864620229999,0.0005344446145406999,0.0005004351588277999
2,-7.99353069471e-05,-0.0005493876119754999,0.0,-5.710114995250001e-05,-1.4942997434800004e-05,-4.89524531477e-05
3,-2.2834156994599997e-05,-0.0004922864620229999,5.710114995250001e-05,0.0,4.2158152517700006e-05,8.148696804800008e-06
4,-6.49923095123e-05,-0.0005344446145406999,1.4942997434800004e-05,-4.2158152517700006e-05,0.0,-3.40094557129e-05
5,-3.0982853799400005e-05,-0.0005004351588277999,4.89524531477e-05,-8.148696804800008e-06,3.40094557129e-05,0.0
