,zero_shot_baseline,in_context_learning_3-shot,style_information_style_example,chain_of_thought_zero_shot,chain_of_thought_one_shot,self-refine
0,0.0,0.006252109439337905,0.005200805535834796,0.00044264231973650814,0.0023494323567861963,0.014960932529665807
1,-0.006252109439337905,0.0,-0.001051303903503109,-0.005809467119601397,-0.0039026770825517088,0.008708823090327902
2,-0.005200805535834796,0.001051303903503109,0.0,-0.004758163216098288,-0.0028513731790485997,0.009760126993831011
3,-0.00044264231973650814,0.005809467119601397,0.004758163216098288,0.0,0.0019067900370496882,0.0145182902099293
4,-0.0023494323567861963,0.0039026770825517088,0.0028513731790485997,-0.0019067900370496882,0.0,0.012611500172879611
5,-0.014960932529665807,-0.008708823090327902,-0.009760126993831011,-0.0145182902099293,-0.012611500172879611,0.0
