,zero_shot_baseline,in_context_learning_3-shot,style_information_style_example,chain_of_thought_zero_shot,chain_of_thought_one_shot,self-refine
0,0.0,-0.008277643180724704,-0.0063631841250649,0.001696757406935999,-0.002090154572320504,-0.007922257869658503
1,0.008277643180724704,0.0,0.0019144590556598035,0.009974400587660703,0.0061874886084042,0.0003553853110662003
2,0.0063631841250649,-0.0019144590556598035,0.0,0.0080599415320009,0.0042730295527443965,-0.0015590737445936032
3,-0.001696757406935999,-0.009974400587660703,-0.0080599415320009,0.0,-0.0037869119792565027,-0.009619015276594502
4,0.002090154572320504,-0.0061874886084042,-0.0042730295527443965,0.0037869119792565027,0.0,-0.005832103297338
5,0.007922257869658503,-0.0003553853110662003,0.0015590737445936032,0.009619015276594502,0.005832103297338,0.0
