,abstracts,news,reviews,qa
0,0.0,0.027411555304048797,0.041199322381470095,-0.011279658552616699
1,-0.027411555304048797,0.0,0.013787767077421298,-0.0386912138566655
2,-0.041199322381470095,-0.013787767077421298,0.0,-0.052478980934086795
3,0.011279658552616699,0.0386912138566655,0.052478980934086795,0.0
