,zero_shot_baseline,in_context_learning_3-shot,style_information_style_example,chain_of_thought_zero_shot,chain_of_thought_one_shot,self-refine
0,0.0,0.012908136600787906,0.006243397522781705,-0.0006678758959512976,0.004238315605576304,-0.007668749782942692
1,-0.012908136600787906,0.0,-0.006664739078006202,-0.013576012496739204,-0.008669820995211602,-0.0205768863837306
2,-0.006243397522781705,0.006664739078006202,0.0,-0.006911273418733002,-0.0020050819172054007,-0.013912147305724397
3,0.0006678758959512976,0.013576012496739204,0.006911273418733002,0.0,0.004906191501527601,-0.007000873886991395
4,-0.004238315605576304,0.008669820995211602,0.0020050819172054007,-0.004906191501527601,0.0,-0.011907065388518996
5,0.007668749782942692,0.0205768863837306,0.013912147305724397,0.007000873886991395,0.011907065388518996,0.0
