,zero_shot_baseline,in_context_learning_3-shot,style_information_style_example,chain_of_thought_zero_shot,chain_of_thought_one_shot,self-refine
0,0.0,-0.0031960235302951057,-0.009469225525210595,-0.0016094231890678157,-0.008381028879792113,0.011593968889672401
1,0.0031960235302951057,0.0,-0.006273201994915489,0.00158660034122729,-0.005185005349497007,0.014789992419967507
2,0.009469225525210595,0.006273201994915489,0.0,0.00785980233614278,0.0010881966454184822,0.021063194414882996
3,0.0016094231890678157,-0.00158660034122729,-0.00785980233614278,0.0,-0.006771605690724297,0.013203392078740217
4,0.008381028879792113,0.005185005349497007,-0.0010881966454184822,0.006771605690724297,0.0,0.019974997769464514
5,-0.011593968889672401,-0.014789992419967507,-0.021063194414882996,-0.013203392078740217,-0.019974997769464514,0.0
