,zero_shot_baseline,in_context_learning_3-shot,style_information_style_example,chain_of_thought_zero_shot,chain_of_thought_one_shot,self-refine
0,0.0,0.004107330297816004,-0.0013161774794050937,-1.4451421512899632e-05,-0.0021067822325031987,-0.0046642422077076
1,-0.004107330297816004,0.0,-0.0054235077772210975,-0.0041217817193289034,-0.0062141125303192025,-0.008771572505523604
2,0.0013161774794050937,0.0054235077772210975,0.0,0.001301726057892194,-0.000790604753098105,-0.0033480647283025064
3,1.4451421512899632e-05,0.0041217817193289034,-0.001301726057892194,0.0,-0.002092330810990299,-0.0046497907861947005
4,0.0021067822325031987,0.0062141125303192025,0.000790604753098105,0.002092330810990299,0.0,-0.0025574599752044014
5,0.0046642422077076,0.008771572505523604,0.0033480647283025064,0.0046497907861947005,0.0025574599752044014,0.0
