,zero_shot_baseline,in_context_learning_3-shot,style_information_style_example,chain_of_thought_zero_shot,chain_of_thought_one_shot,self-refine
0,0.0,-7.4537039275947e-06,-2.4756168854159997e-07,2.7434842249657e-06,-2.233662645534183e-05,-3.2927820522644002e-06
1,7.4537039275947e-06,0.0,7.2061422390531e-06,1.01971881525604e-05,-1.488292252774713e-05,4.1609218753303e-06
2,2.4756168854159997e-07,-7.2061422390531e-06,0.0,2.9910459135073e-06,-2.208906476680023e-05,-3.0452203637228003e-06
3,-2.7434842249657e-06,-1.01971881525604e-05,-2.9910459135073e-06,0.0,-2.508011068030753e-05,-6.0362662772301e-06
4,2.233662645534183e-05,1.488292252774713e-05,2.208906476680023e-05,2.508011068030753e-05,0.0,1.904384440307743e-05
5,3.2927820522644002e-06,-4.1609218753303e-06,3.0452203637228003e-06,6.0362662772301e-06,-1.904384440307743e-05,0.0
