,zero_shot_baseline,in_context_learning_3-shot,style_information_style_example,chain_of_thought_zero_shot,chain_of_thought_one_shot,self-refine
0,0.0,0.007648488652433401,0.012154659750782802,-0.0014347564292697956,0.0042780339306973045,0.0017770697359791032
1,-0.007648488652433401,0.0,0.004506171098349401,-0.009083245081703196,-0.0033704547217360964,-0.005871418916454298
2,-0.012154659750782802,-0.004506171098349401,0.0,-0.013589416180052598,-0.007876625820085498,-0.010377590014803699
3,0.0014347564292697956,0.009083245081703196,0.013589416180052598,0.0,0.0057127903599671,0.003211826165248899
4,-0.0042780339306973045,0.0033704547217360964,0.007876625820085498,-0.0057127903599671,0.0,-0.0025009641947182013
5,-0.0017770697359791032,0.005871418916454298,0.010377590014803699,-0.003211826165248899,0.0025009641947182013,0.0
