,zero_shot_baseline,in_context_learning_3-shot,style_information_style_example,chain_of_thought_zero_shot,chain_of_thought_one_shot,self-refine
0,0.0,-0.003292757611189287,-0.015277615544120993,-0.005808532841002301,-0.0037241287962633957,0.00022060873540011294
1,0.003292757611189287,0.0,-0.011984857932931706,-0.0025157752298130137,-0.00043137118507410865,0.0035133663465894
2,0.015277615544120993,0.011984857932931706,0.0,0.009469082703118692,0.011553486747857597,0.015498224279521106
3,0.005808532841002301,0.0025157752298130137,-0.009469082703118692,0.0,0.002084404044738905,0.006029141576402414
4,0.0037241287962633957,0.00043137118507410865,-0.011553486747857597,-0.002084404044738905,0.0,0.003944737531663509
5,-0.00022060873540011294,-0.0035133663465894,-0.015498224279521106,-0.006029141576402414,-0.003944737531663509,0.0
