,zero_shot_baseline,in_context_learning_3-shot,style_information_style_example,chain_of_thought_zero_shot,chain_of_thought_one_shot,self-refine
0,0.0,0.0009105755080968045,0.003095512664269502,-0.0026939919769269002,0.000799123890815101,-0.022717652010618095
1,-0.0009105755080968045,0.0,0.0021849371561726977,-0.0036045674850237047,-0.00011145161728170344,-0.0236282275187149
2,-0.003095512664269502,-0.0021849371561726977,0.0,-0.005789504641196402,-0.002296388773454401,-0.025813164674887597
3,0.0026939919769269002,0.0036045674850237047,0.005789504641196402,0.0,0.0034931158677420013,-0.020023660033691194
4,-0.000799123890815101,0.00011145161728170344,0.002296388773454401,-0.0034931158677420013,0.0,-0.023516775901433196
5,0.022717652010618095,0.0236282275187149,0.025813164674887597,0.020023660033691194,0.023516775901433196,0.0
