,zero_shot_baseline,in_context_learning_3-shot,style_information_style_example,chain_of_thought_zero_shot,chain_of_thought_one_shot,self-refine
0,0.0,0.0004682450935461005,0.004327378111850702,-0.0005472101639866014,-0.0017035043774095981,-0.005322138290825604
1,-0.0004682450935461005,0.0,0.0038591330183046016,-0.001015455257532702,-0.0021717494709556986,-0.005790383384371704
2,-0.004327378111850702,-0.0038591330183046016,0.0,-0.0048745882758373035,-0.0060308824892603,-0.009649516402676306
3,0.0005472101639866014,0.001015455257532702,0.0048745882758373035,0.0,-0.0011562942134229967,-0.004774928126839002
4,0.0017035043774095981,0.0021717494709556986,0.0060308824892603,0.0011562942134229967,0.0,-0.0036186339134160056
5,0.005322138290825604,0.005790383384371704,0.009649516402676306,0.004774928126839002,0.0036186339134160056,0.0
