,zero_shot_baseline,in_context_learning_3-shot,style_information_style_example,chain_of_thought_zero_shot,chain_of_thought_one_shot,self-refine
0,0.0,0.0013243604167650982,0.0010313628234473043,-0.0005863160503506021,-0.0021883773785753013,-0.026435026272418505
1,-0.0013243604167650982,0.0,-0.0002929975933177939,-0.0019106764671157003,-0.0035127377953403996,-0.027759386689183603
2,-0.0010313628234473043,0.0002929975933177939,0.0,-0.0016176788737979064,-0.0032197402020226057,-0.02746638909586581
3,0.0005863160503506021,0.0019106764671157003,0.0016176788737979064,0.0,-0.0016020613282246993,-0.025848710222067903
4,0.0021883773785753013,0.0035127377953403996,0.0032197402020226057,0.0016020613282246993,0.0,-0.024246648893843203
5,0.026435026272418505,0.027759386689183603,0.02746638909586581,0.025848710222067903,0.024246648893843203,0.0
