,abstracts,news,reviews,qa
0,0.0,-0.022817277468206998,-0.0121916681086909,-0.018019423406595896
1,0.022817277468206998,0.0,0.010625609359516099,0.004797854061611102
2,0.0121916681086909,-0.010625609359516099,0.0,-0.005827755297904996
3,0.018019423406595896,-0.004797854061611102,0.005827755297904996,0.0
