,zero_shot_baseline,in_context_learning_3-shot,style_information_style_example,chain_of_thought_zero_shot,chain_of_thought_one_shot,self-refine
0,0.0,0.024762325818062494,-0.015820111931105205,-0.004443787538561408,0.0008986314702390946,0.0019954616110141876
1,-0.024762325818062494,0.0,-0.0405824377491677,-0.029206113356623903,-0.0238636943478234,-0.022766864207048307
2,0.015820111931105205,0.0405824377491677,0.0,0.011376324392543796,0.0167187434013443,0.017815573542119392
3,0.004443787538561408,0.029206113356623903,-0.011376324392543796,0.0,0.005342419008800503,0.006439249149575596
4,-0.0008986314702390946,0.0238636943478234,-0.0167187434013443,-0.005342419008800503,0.0,0.001096830140775093
5,-0.0019954616110141876,0.022766864207048307,-0.017815573542119392,-0.006439249149575596,-0.001096830140775093,0.0
