,zero_shot_baseline,in_context_learning_3-shot,style_information_style_example,chain_of_thought_zero_shot,chain_of_thought_one_shot,self-refine
0,0.0,0.0011616477351040974,0.0004825351484880891,-0.0015699111066006105,-0.006809872819285703,0.003037939165983293
1,-0.0011616477351040974,0.0,-0.0006791125866160083,-0.002731558841704708,-0.0079715205543898,0.0018762914308791956
2,-0.0004825351484880891,0.0006791125866160083,0.0,-0.0020524462550886996,-0.007292407967773792,0.002555404017495204
3,0.0015699111066006105,0.002731558841704708,0.0020524462550886996,0.0,-0.005239961712685093,0.0046078502725839035
4,0.006809872819285703,0.0079715205543898,0.007292407967773792,0.005239961712685093,0.0,0.009847811985268996
5,-0.003037939165983293,-0.0018762914308791956,-0.002555404017495204,-0.0046078502725839035,-0.009847811985268996,0.0
