,zero_shot_baseline,in_context_learning_3-shot,style_information_style_example,chain_of_thought_zero_shot,chain_of_thought_one_shot,self-refine
0,0.0,0.003276696721160103,0.004019339692815201,0.003877540688841002,-0.0013517519582523993,-0.002865903011139797
1,-0.003276696721160103,0.0,0.0007426429716550983,0.0006008439676808992,-0.004628448679412502,-0.0061425997322999
2,-0.004019339692815201,-0.0007426429716550983,0.0,-0.0001417990039741992,-0.005371091651067601,-0.006885242703954998
3,-0.003877540688841002,-0.0006008439676808992,0.0001417990039741992,0.0,-0.005229292647093401,-0.006743443699980799
4,0.0013517519582523993,0.004628448679412502,0.005371091651067601,0.005229292647093401,0.0,-0.0015141510528873976
5,0.002865903011139797,0.0061425997322999,0.006885242703954998,0.006743443699980799,0.0015141510528873976,0.0
