,zero_shot_baseline,in_context_learning_3-shot,style_information_style_example,chain_of_thought_zero_shot,chain_of_thought_one_shot,self-refine
0,0.0,-0.002529705572044183,0.007562175239114094,0.02521097507930692,-0.014539393071324291,0.025120193053278506
1,0.002529705572044183,0.0,0.010091880811158277,0.0277406806513511,-0.012009687499280108,0.02764989862532269
2,-0.007562175239114094,-0.010091880811158277,0.0,0.017648799840192825,-0.022101568310438385,0.01755801781416441
3,-0.02521097507930692,-0.0277406806513511,-0.017648799840192825,0.0,-0.03975036815063121,-9.078202602841312e-05
4,0.014539393071324291,0.012009687499280108,0.022101568310438385,0.03975036815063121,0.0,0.0396595861246028
5,-0.025120193053278506,-0.02764989862532269,-0.01755801781416441,9.078202602841312e-05,-0.0396595861246028,0.0
