,zero_shot_baseline,in_context_learning_3-shot,style_information_style_example,chain_of_thought_zero_shot,chain_of_thought_one_shot,self-refine
0,0.0,-0.0038083250021042903,-0.006063487558995606,0.006244037845531902,-0.017995911320040803,-0.011068690018779498
1,0.0038083250021042903,0.0,-0.002255162556891316,0.010052362847636193,-0.014187586317936512,-0.007260365016675208
2,0.006063487558995606,0.002255162556891316,0.0,0.012307525404527508,-0.011932423761045197,-0.005005202459783892
3,-0.006244037845531902,-0.010052362847636193,-0.012307525404527508,0.0,-0.024239949165572705,-0.0173127278643114
4,0.017995911320040803,0.014187586317936512,0.011932423761045197,0.024239949165572705,0.0,0.006927221301261305
5,0.011068690018779498,0.007260365016675208,0.005005202459783892,0.0173127278643114,-0.006927221301261305,0.0
