,mistral,deepseek,llama3.3,qwen72b,qwen32b,qwen14b,solar
0,0.0,-0.01336528248699459,-0.027880514135879497,0.003095783064284194,0.00040175000608809464,0.005651074883014806,0.007431558604279798
1,0.01336528248699459,0.0,-0.014515231648884908,0.016461065551278783,0.013767032493082684,0.019016357370009396,0.020796841091274387
2,0.027880514135879497,0.014515231648884908,0.0,0.03097629720016369,0.028282264141967592,0.0335315890188943,0.035312072740159295
3,-0.003095783064284194,-0.016461065551278783,-0.03097629720016369,0.0,-0.002694033058196099,0.0025552918187306123,0.004335775539995604
4,-0.00040175000608809464,-0.013767032493082684,-0.028282264141967592,0.002694033058196099,0.0,0.0052493248769267115,0.007029808598191703
5,-0.005651074883014806,-0.019016357370009396,-0.0335315890188943,-0.0025552918187306123,-0.0052493248769267115,0.0,0.0017804837212649915
6,-0.007431558604279798,-0.020796841091274387,-0.035312072740159295,-0.004335775539995604,-0.007029808598191703,-0.0017804837212649915,0.0
