,zero_shot_baseline,in_context_learning_3-shot,style_information_style_example,chain_of_thought_zero_shot,chain_of_thought_one_shot,self-refine
0,0.0,0.0006506394635618987,0.0047079813517309985,-0.0001749052794723996,0.0011013878288321025,-6.397476141369735e-05
1,-0.0006506394635618987,0.0,0.0040573418881691,-0.0008255447430342983,0.0004507483652702038,-0.000714614224975596
2,-0.0047079813517309985,-0.0040573418881691,0.0,-0.004882886631203398,-0.003606593522898896,-0.004771956113144696
3,0.0001749052794723996,0.0008255447430342983,0.004882886631203398,0.0,0.001276293108304502,0.00011093051805870224
4,-0.0011013878288321025,-0.0004507483652702038,0.003606593522898896,-0.001276293108304502,0.0,-0.0011653625902457998
5,6.397476141369735e-05,0.000714614224975596,0.004771956113144696,-0.00011093051805870224,0.0011653625902457998,0.0
