,mistral,deepseek,llama3.3,qwen72b,qwen32b,qwen14b,solar
0,0.0,-0.008936786393152,-0.016713141997071496,-0.0066063347553795004,0.04125052499717761,0.021748430715471403,-0.002892916649703689
1,0.008936786393152,0.0,-0.007776355603919496,0.0023304516377724988,0.05018731139032961,0.030685217108623403,0.00604386974344831
2,0.016713141997071496,0.007776355603919496,0.0,0.010106807241691995,0.057963666994249104,0.0384615727125429,0.013820225347367807
3,0.0066063347553795004,-0.0023304516377724988,-0.010106807241691995,0.0,0.04785685975255711,0.028354765470850904,0.0037134181056758114
4,-0.04125052499717761,-0.05018731139032961,-0.057963666994249104,-0.04785685975255711,0.0,-0.019502094281706205,-0.0441434416468813
5,-0.021748430715471403,-0.030685217108623403,-0.0384615727125429,-0.028354765470850904,0.019502094281706205,0.0,-0.024641347365175092
6,0.002892916649703689,-0.00604386974344831,-0.013820225347367807,-0.0037134181056758114,0.0441434416468813,0.024641347365175092,0.0
