,zero_shot_baseline,in_context_learning_3-shot,style_information_style_example,chain_of_thought_zero_shot,chain_of_thought_one_shot,self-refine
0,0.0,0.023295771170502494,0.0021175808384095995,0.0013126712683112912,0.0060646888421141965,0.014319382618912094
1,-0.023295771170502494,0.0,-0.021178190332092894,-0.021983099902191203,-0.017231082328388297,-0.0089763885515904
2,-0.0021175808384095995,0.021178190332092894,0.0,-0.0008049095700983083,0.003947108003704597,0.012201801780502494
3,-0.0013126712683112912,0.021983099902191203,0.0008049095700983083,0.0,0.004752017573802905,0.013006711350600803
4,-0.0060646888421141965,0.017231082328388297,-0.003947108003704597,-0.004752017573802905,0.0,0.008254693776797897
5,-0.014319382618912094,0.0089763885515904,-0.012201801780502494,-0.013006711350600803,-0.008254693776797897,0.0
