,zero_shot_baseline,in_context_learning_3-shot,style_information_style_example,chain_of_thought_zero_shot,chain_of_thought_one_shot,self-refine
0,0.0,-0.008971431002315192,-0.010477953212135696,0.0009797309855332087,-5.00276916352016e-05,-0.0016260694337126985
1,0.008971431002315192,0.0,-0.0015065222098205044,0.0099511619878484,0.00892140331067999,0.007345361568602493
2,0.010477953212135696,0.0015065222098205044,0.0,0.011457684197668905,0.010427925520500494,0.008851883778422998
3,-0.0009797309855332087,-0.0099511619878484,-0.011457684197668905,0.0,-0.0010297586771684103,-0.0026058004192459072
4,5.00276916352016e-05,-0.00892140331067999,-0.010427925520500494,0.0010297586771684103,0.0,-0.001576041742077497
5,0.0016260694337126985,-0.007345361568602493,-0.008851883778422998,0.0026058004192459072,0.001576041742077497,0.0
