,zero_shot_baseline,in_context_learning_3-shot,style_information_style_example,chain_of_thought_zero_shot,chain_of_thought_one_shot,self-refine
0,0.0,-0.02999242935341448,-0.013615129861839992,-0.0032298917846107777,-0.009507085470142784,-0.02460391122361158
1,0.02999242935341448,0.0,0.016377299491574487,0.0267625375688037,0.020485343883271695,0.0053885181298028995
2,0.013615129861839992,-0.016377299491574487,0.0,0.010385238077229214,0.004108044391697208,-0.010988781361771588
3,0.0032298917846107777,-0.0267625375688037,-0.010385238077229214,0.0,-0.0062771936855320065,-0.021374019439000802
4,0.009507085470142784,-0.020485343883271695,-0.004108044391697208,0.0062771936855320065,0.0,-0.015096825753468796
5,0.02460391122361158,-0.0053885181298028995,0.010988781361771588,0.021374019439000802,0.015096825753468796,0.0
