,zero_shot_baseline,in_context_learning_3-shot,style_information_style_example,chain_of_thought_zero_shot,chain_of_thought_one_shot,self-refine
0,0.0,0.001251323472751295,0.004005728684708498,0.00028782037255600107,-0.0010619899805070013,0.0016250514311369965
1,-0.001251323472751295,0.0,0.0027544052119572032,-0.000963503100195294,-0.0023133134532582963,0.00037372795838570144
2,-0.004005728684708498,-0.0027544052119572032,0.0,-0.0037179083121524972,-0.0050677186652155,-0.002380677253571502
3,-0.00028782037255600107,0.000963503100195294,0.0037179083121524972,0.0,-0.0013498103530630023,0.0013372310585809954
4,0.0010619899805070013,0.0023133134532582963,0.0050677186652155,0.0013498103530630023,0.0,0.002687041411643998
5,-0.0016250514311369965,-0.00037372795838570144,0.002380677253571502,-0.0013372310585809954,-0.002687041411643998,0.0
