,zero_shot_baseline,in_context_learning_3-shot,style_information_style_example,chain_of_thought_zero_shot,chain_of_thought_one_shot,self-refine
0,0.0,-0.007200874991660999,0.0074162378991623895,-0.003449412146661307,-0.01261111501901191,0.004123228838846596
1,0.007200874991660999,0.0,0.014617112890823389,0.0037514628449996923,-0.00541024002735091,0.011324103830507595
2,-0.0074162378991623895,-0.014617112890823389,0.0,-0.010865650045823697,-0.0200273529181743,-0.0032930090603157935
3,0.003449412146661307,-0.0037514628449996923,0.010865650045823697,0.0,-0.009161702872350602,0.007572640985507903
4,0.01261111501901191,0.00541024002735091,0.0200273529181743,0.009161702872350602,0.0,0.016734343857858505
5,-0.004123228838846596,-0.011324103830507595,0.0032930090603157935,-0.007572640985507903,-0.016734343857858505,0.0
