,zero_shot_baseline,in_context_learning_3-shot,style_information_style_example,chain_of_thought_zero_shot,chain_of_thought_one_shot,self-refine
0,0.0,-0.0017405121055418006,0.0013349909127522998,0.0008956894247572995,0.0021538551475343997,0.0006932491845509999
1,0.0017405121055418006,0.0,0.0030755030182941004,0.0026362015302991,0.0038943672530762003,0.0024337612900928005
2,-0.0013349909127522998,-0.0030755030182941004,0.0,-0.0004393014879950003,0.0008188642347820999,-0.0006417417282013
3,-0.0008956894247572995,-0.0026362015302991,0.0004393014879950003,0.0,0.0012581657227771002,-0.00020244024020629964
4,-0.0021538551475343997,-0.0038943672530762003,-0.0008188642347820999,-0.0012581657227771002,0.0,-0.0014606059629833999
5,-0.0006932491845509999,-0.0024337612900928005,0.0006417417282013,0.00020244024020629964,0.0014606059629833999,0.0
