,zero_shot_baseline,in_context_learning_3-shot,style_information_style_example,chain_of_thought_zero_shot,chain_of_thought_one_shot,self-refine
0,0.0,-0.0037731332841352966,0.008725721176615003,-0.006500053734698301,0.002278812568872402,-0.008955119789903397
1,0.0037731332841352966,0.0,0.0124988544607503,-0.0027269204505630043,0.006051945853007699,-0.0051819865057681005
2,-0.008725721176615003,-0.0124988544607503,0.0,-0.015225774911313304,-0.0064469086077426005,-0.0176808409665184
3,0.006500053734698301,0.0027269204505630043,0.015225774911313304,0.0,0.008778866303570703,-0.0024550660552050962
4,-0.002278812568872402,-0.006051945853007699,0.0064469086077426005,-0.008778866303570703,0.0,-0.0112339323587758
5,0.008955119789903397,0.0051819865057681005,0.0176808409665184,0.0024550660552050962,0.0112339323587758,0.0
