,zero_shot_baseline,in_context_learning_3-shot,style_information_style_example,chain_of_thought_zero_shot,chain_of_thought_one_shot,self-refine
0,0.0,-0.009943438969743007,-0.00030239582722840774,0.0011111217518117028,-0.010517138320447206,-0.0004028158162905082
1,0.009943438969743007,0.0,0.0096410431425146,0.01105456072155471,-0.0005736993507041988,0.009540623153452499
2,0.00030239582722840774,-0.0096410431425146,0.0,0.0014135175790401106,-0.010214742493218798,-0.00010041998906210048
3,-0.0011111217518117028,-0.01105456072155471,-0.0014135175790401106,0.0,-0.011628260072258909,-0.001513937568102211
4,0.010517138320447206,0.0005736993507041988,0.010214742493218798,0.011628260072258909,0.0,0.010114322504156698
5,0.0004028158162905082,-0.009540623153452499,0.00010041998906210048,0.001513937568102211,-0.010114322504156698,0.0
