,zero_shot_baseline,in_context_learning_3-shot,style_information_style_example,chain_of_thought_zero_shot,chain_of_thought_one_shot,self-refine
0,0.0,0.007941232592549308,0.0009265198631692173,-0.00021797883569668608,0.003126420060898999,-0.012542960101967982
1,-0.007941232592549308,0.0,-0.00701471272938009,-0.008159211428245994,-0.004814812531650309,-0.02048419269451729
2,-0.0009265198631692173,0.00701471272938009,0.0,-0.0011444986988659034,0.0021999001977297816,-0.013469479965137199
3,0.00021797883569668608,0.008159211428245994,0.0011444986988659034,0.0,0.003344398896595685,-0.012324981266271295
4,-0.003126420060898999,0.004814812531650309,-0.0021999001977297816,-0.003344398896595685,0.0,-0.01566938016286698
5,0.012542960101967982,0.02048419269451729,0.013469479965137199,0.012324981266271295,0.01566938016286698,0.0
