,zero_shot_baseline,in_context_learning_3-shot,style_information_style_example,chain_of_thought_zero_shot,chain_of_thought_one_shot,self-refine
0,0.0,0.03248289680430749,-0.0123768480286148,0.015226589392010381,0.0010408444730500843,0.03615868207557868
1,-0.03248289680430749,0.0,-0.044859744832922294,-0.01725630741229711,-0.03144205233125741,0.003675785271271187
2,0.0123768480286148,0.044859744832922294,0.0,0.027603437420625182,0.013417692501664885,0.04853553010419348
3,-0.015226589392010381,0.01725630741229711,-0.027603437420625182,0.0,-0.014185744918960297,0.0209320926835683
4,-0.0010408444730500843,0.03144205233125741,-0.013417692501664885,0.014185744918960297,0.0,0.035117837602528595
5,-0.03615868207557868,-0.003675785271271187,-0.04853553010419348,-0.0209320926835683,-0.035117837602528595,0.0
