,zero_shot_baseline,in_context_learning_3-shot,style_information_style_example,chain_of_thought_zero_shot,chain_of_thought_one_shot,self-refine
0,0.0,-0.0018545338063145032,0.0007146635459719004,0.0038217644447163975,-0.009681942880617102,-0.024525223177260098
1,0.0018545338063145032,0.0,0.0025691973522864037,0.005676298251030901,-0.0078274090743026,-0.022670689370945594
2,-0.0007146635459719004,-0.0025691973522864037,0.0,0.003107100898744497,-0.010396606426589003,-0.025239886723231998
3,-0.0038217644447163975,-0.005676298251030901,-0.003107100898744497,0.0,-0.0135037073253335,-0.028346987621976495
4,0.009681942880617102,0.0078274090743026,0.010396606426589003,0.0135037073253335,0.0,-0.014843280296642995
5,0.024525223177260098,0.022670689370945594,0.025239886723231998,0.028346987621976495,0.014843280296642995,0.0
