,zero_shot_baseline,in_context_learning_3-shot,style_information_style_example,chain_of_thought_zero_shot,chain_of_thought_one_shot,self-refine
0,0.0,0.000984928984726699,-0.0009565190969069992,0.00021012490619099974,-0.0020996052009641004,0.0032511459694979997
1,-0.000984928984726699,0.0,-0.0019414480816336982,-0.0007748040785356992,-0.0030845341856907994,0.0022662169847713007
2,0.0009565190969069992,0.0019414480816336982,0.0,0.001166644003097999,-0.0011430861040571012,0.004207665066404999
3,-0.00021012490619099974,0.0007748040785356992,-0.001166644003097999,0.0,-0.0023097301071551,0.003041021063307
4,0.0020996052009641004,0.0030845341856907994,0.0011430861040571012,0.0023097301071551,0.0,0.0053507511704621
5,-0.0032511459694979997,-0.0022662169847713007,-0.004207665066404999,-0.003041021063307,-0.0053507511704621,0.0
