,zero_shot_baseline,in_context_learning_3-shot,style_information_style_example,chain_of_thought_zero_shot,chain_of_thought_one_shot,self-refine
0,0.0,-0.0013068420072405995,-0.0005298263202720994,0.0005009737900477009,-0.004138783764579499,-0.001336301866242999
1,0.0013068420072405995,0.0,0.0007770156869685001,0.0018078157972883004,-0.002831941757338899,-2.9459859002399502e-05
2,0.0005298263202720994,-0.0007770156869685001,0.0,0.0010308001103198003,-0.0036089574443073993,-0.0008064755459708996
3,-0.0005009737900477009,-0.0018078157972883004,-0.0010308001103198003,0.0,-0.0046397575546272,-0.0018372756562907
4,0.004138783764579499,0.002831941757338899,0.0036089574443073993,0.0046397575546272,0.0,0.0028024818983364997
5,0.001336301866242999,2.9459859002399502e-05,0.0008064755459708996,0.0018372756562907,-0.0028024818983364997,0.0
