,abstracts,news,reviews,qa
0,0.0,0.0293381919112473,0.030840033294979596,-0.0195537166374149
1,-0.0293381919112473,0.0,0.0015018413837322962,-0.0488919085486622
2,-0.030840033294979596,-0.0015018413837322962,0.0,-0.050393749932394497
3,0.0195537166374149,0.0488919085486622,0.050393749932394497,0.0
