,zero_shot_baseline,in_context_learning_3-shot,style_information_style_example,chain_of_thought_zero_shot,chain_of_thought_one_shot,self-refine
0,0.0,0.015133709429068706,-0.009750379882791399,0.008628639872877805,0.001485455172802408,0.020477487231679706
1,-0.015133709429068706,0.0,-0.024884089311860105,-0.006505069556190901,-0.013648254256266298,0.0053437778026109994
2,0.009750379882791399,0.024884089311860105,0.0,0.018379019755669204,0.011235835055593807,0.030227867114471105
3,-0.008628639872877805,0.006505069556190901,-0.018379019755669204,0.0,-0.007143184700075397,0.0118488473588019
4,-0.001485455172802408,0.013648254256266298,-0.011235835055593807,0.007143184700075397,0.0,0.018992032058877298
5,-0.020477487231679706,-0.0053437778026109994,-0.030227867114471105,-0.0118488473588019,-0.018992032058877298,0.0
