,zero_shot_baseline,in_context_learning_3-shot,style_information_style_example,chain_of_thought_zero_shot,chain_of_thought_one_shot,self-refine
0,0.0,-0.0001258900310644728,-0.00011469139137537279,6.116493109800199e-06,2.2606079786889986e-06,-1.3013430389530139e-05
1,0.0001258900310644728,0.0,1.11986396891e-05,0.000132006524174273,0.00012815063904316178,0.00011287660067494266
2,0.00011469139137537279,-1.11986396891e-05,0.0,0.000120807884485173,0.00011695199935406178,0.00010167796098584266
3,-6.116493109800199e-06,-0.000132006524174273,-0.000120807884485173,0.0,-3.8558851311112e-06,-1.9129923499330338e-05
4,-2.2606079786889986e-06,-0.00012815063904316178,-0.00011695199935406178,3.8558851311112e-06,0.0,-1.5274038368219138e-05
5,1.3013430389530139e-05,-0.00011287660067494266,-0.00010167796098584266,1.9129923499330338e-05,1.5274038368219138e-05,0.0
