,zero_shot_baseline,in_context_learning_3-shot,style_information_style_example,chain_of_thought_zero_shot,chain_of_thought_one_shot,self-refine
0,0.0,0.0002213900571150021,0.0007913342176780053,0.005372517803058401,0.0008365377461722057,-0.0011255225633078
1,-0.0002213900571150021,0.0,0.0005699441605630032,0.005151127745943399,0.0006151476890572036,-0.0013469126204228021
2,-0.0007913342176780053,-0.0005699441605630032,0.0,0.004581183585380396,4.5203528494200396e-05,-0.0019168567809858053
3,-0.005372517803058401,-0.005151127745943399,-0.004581183585380396,0.0,-0.004535980056886196,-0.006498040366366201
4,-0.0008365377461722057,-0.0006151476890572036,-4.5203528494200396e-05,0.004535980056886196,0.0,-0.0019620603094800057
5,0.0011255225633078,0.0013469126204228021,0.0019168567809858053,0.006498040366366201,0.0019620603094800057,0.0
