,abstracts,news,reviews,qa
0,0.0,0.012716980650821,0.009414297511692801,-0.0079636514318615
1,-0.012716980650821,0.0,-0.0033026831391281992,-0.0206806320826825
2,-0.009414297511692801,0.0033026831391281992,0.0,-0.0173779489435543
3,0.0079636514318615,0.0206806320826825,0.0173779489435543,0.0
