,zero_shot_baseline,in_context_learning_3-shot,style_information_style_example,chain_of_thought_zero_shot,chain_of_thought_one_shot,self-refine
0,0.0,0.0009861773653229,0.002419292551963499,0.0021817318553047993,0.0052998619628211,-0.0004182874512308997
1,-0.0009861773653229,0.0,0.0014331151866405992,0.0011955544899818994,0.0043136845974982,-0.0014044648165537996
2,-0.002419292551963499,-0.0014331151866405992,0.0,-0.00023756069665869985,0.0028805694108576005,-0.002837580003194399
3,-0.0021817318553047993,-0.0011955544899818994,0.00023756069665869985,0.0,0.0031181301075163003,-0.002600019306535699
4,-0.0052998619628211,-0.0043136845974982,-0.0028805694108576005,-0.0031181301075163003,0.0,-0.005718149414052
5,0.0004182874512308997,0.0014044648165537996,0.002837580003194399,0.002600019306535699,0.005718149414052,0.0
