,zero_shot_baseline,in_context_learning_3-shot,style_information_style_example,chain_of_thought_zero_shot,chain_of_thought_one_shot,self-refine
0,0.0,0.030387607142184303,0.0009378261047719993,0.0001722713544211052,0.003982089435317707,0.003930385285280405
1,-0.030387607142184303,0.0,-0.029449781037412304,-0.030215335787763198,-0.026405517706866596,-0.026457221856903898
2,-0.0009378261047719993,0.029449781037412304,0.0,-0.0007655547503508942,0.0030442633305457073,0.0029925591805084056
3,-0.0001722713544211052,0.030215335787763198,0.0007655547503508942,0.0,0.0038098180808966015,0.0037581139308593
4,-0.003982089435317707,0.026405517706866596,-0.0030442633305457073,-0.0038098180808966015,0.0,-5.1704150037301666e-05
5,-0.003930385285280405,0.026457221856903898,-0.0029925591805084056,-0.0037581139308593,5.1704150037301666e-05,0.0
