,zero_shot_baseline,in_context_learning_3-shot,style_information_style_example,chain_of_thought_zero_shot,chain_of_thought_one_shot,self-refine
0,0.0,-0.02316822159444798,0.007009771186965497,-0.006534102884859172,0.01074527292003391,0.017864314092723932
1,0.02316822159444798,0.0,0.030177992781413476,0.016634118709588808,0.03391349451448189,0.04103253568717191
2,-0.007009771186965497,-0.030177992781413476,0.0,-0.013543874071824669,0.0037355017330684137,0.010854542905758435
3,0.006534102884859172,-0.016634118709588808,0.013543874071824669,0.0,0.017279375804893082,0.024398416977583104
4,-0.01074527292003391,-0.03391349451448189,-0.0037355017330684137,-0.017279375804893082,0.0,0.007119041172690022
5,-0.017864314092723932,-0.04103253568717191,-0.010854542905758435,-0.024398416977583104,-0.007119041172690022,0.0
