,zero_shot_baseline,in_context_learning_3-shot,style_information_style_example,chain_of_thought_zero_shot,chain_of_thought_one_shot,self-refine
0,0.0,-0.023232212886327402,0.002839873875640296,-0.0006519687923531997,-0.004191578116599204,-0.002380861589203906
1,0.023232212886327402,0.0,0.0260720867619677,0.022580244093974203,0.0190406347697282,0.020851351297123497
2,-0.002839873875640296,-0.0260720867619677,0.0,-0.003491842667993496,-0.0070314519922395,-0.005220735464844202
3,0.0006519687923531997,-0.022580244093974203,0.003491842667993496,0.0,-0.003539609324246004,-0.0017288927968507062
4,0.004191578116599204,-0.0190406347697282,0.0070314519922395,0.003539609324246004,0.0,0.001810716527395298
5,0.002380861589203906,-0.020851351297123497,0.005220735464844202,0.0017288927968507062,-0.001810716527395298,0.0
