,zero_shot_baseline,in_context_learning_3-shot,style_information_style_example,chain_of_thought_zero_shot,chain_of_thought_one_shot,self-refine
0,0.0,-0.017891691366039714,0.023981373083546698,0.004899447682802399,0.030481326400217085,0.035645880459536206
1,0.017891691366039714,0.0,0.04187306444958641,0.022791139048842113,0.0483730177662568,0.05353757182557592
2,-0.023981373083546698,-0.04187306444958641,0.0,-0.0190819254007443,0.006499953316670387,0.011664507375989508
3,-0.004899447682802399,-0.022791139048842113,0.0190819254007443,0.0,0.025581878717414686,0.030746432776733806
4,-0.030481326400217085,-0.0483730177662568,-0.006499953316670387,-0.025581878717414686,0.0,0.005164554059319121
5,-0.035645880459536206,-0.05353757182557592,-0.011664507375989508,-0.030746432776733806,-0.005164554059319121,0.0
