,zero_shot_baseline,in_context_learning_3-shot,style_information_style_example,chain_of_thought_zero_shot,chain_of_thought_one_shot,self-refine
0,0.0,-0.0031260683977256953,-0.00021470484354080277,0.0032309665194328874,-0.002724472570588804,-0.017190047599980995
1,0.0031260683977256953,0.0,0.0029113635541848926,0.006357034917158583,0.00040159582713689135,-0.0140639792022553
2,0.00021470484354080277,-0.0029113635541848926,0.0,0.00344567136297369,-0.0025097677270480012,-0.016975342756440193
3,-0.0032309665194328874,-0.006357034917158583,-0.00344567136297369,0.0,-0.005955439090021691,-0.020421014119413883
4,0.002724472570588804,-0.00040159582713689135,0.0025097677270480012,0.005955439090021691,0.0,-0.014465575029392191
5,0.017190047599980995,0.0140639792022553,0.016975342756440193,0.020421014119413883,0.014465575029392191,0.0
