,zero_shot_baseline,in_context_learning_3-shot,style_information_style_example,chain_of_thought_zero_shot,chain_of_thought_one_shot,self-refine
0,0.0,0.026108073249441893,0.02514768991405089,0.003282511701545504,0.00869479079134719,0.0038231858439612965
1,-0.026108073249441893,0.0,-0.0009603833353910018,-0.02282556154789639,-0.017413282458094703,-0.022284887405480597
2,-0.02514768991405089,0.0009603833353910018,0.0,-0.021865178212505387,-0.0164528991227037,-0.021324504070089595
3,-0.003282511701545504,0.02282556154789639,0.021865178212505387,0.0,0.005412279089801686,0.0005406741424157924
4,-0.00869479079134719,0.017413282458094703,0.0164528991227037,-0.005412279089801686,0.0,-0.0048716049473858936
5,-0.0038231858439612965,0.022284887405480597,0.021324504070089595,-0.0005406741424157924,0.0048716049473858936,0.0
