,zero_shot_baseline,in_context_learning_3-shot,style_information_style_example,chain_of_thought_zero_shot,chain_of_thought_one_shot,self-refine
0,0.0,-0.011475737755069701,0.005083246865960497,0.00021900098883569086,-0.008594323247174601,0.009473019617227296
1,0.011475737755069701,0.0,0.0165589846210302,0.011694738743905392,0.0028814145078951,0.020948757372296997
2,-0.005083246865960497,-0.0165589846210302,0.0,-0.0048642458771248065,-0.013677570113135099,0.004389772751266799
3,-0.00021900098883569086,-0.011694738743905392,0.0048642458771248065,0.0,-0.008813324236010292,0.009254018628391605
4,0.008594323247174601,-0.0028814145078951,0.013677570113135099,0.008813324236010292,0.0,0.018067342864401897
5,-0.009473019617227296,-0.020948757372296997,-0.004389772751266799,-0.009254018628391605,-0.018067342864401897,0.0
