,mistral,deepseek,llama3.3,qwen72b,qwen32b,qwen14b,solar
0,0.0,0.0035277576108241,0.0024224368391974997,0.0039445181747478,0.0030887512694374,0.0035487293497436997,0.0002129495268732998
1,-0.0035277576108241,0.0,-0.0011053207716266002,0.0004167605639236998,-0.00043900634138669976,2.0971738919599824e-05,-0.0033148080839508
2,-0.0024224368391974997,0.0011053207716266002,0.0,0.0015220813355503,0.0006663144302399004,0.0011262925105462,-0.0022094873123242
3,-0.0039445181747478,-0.0004167605639236998,-0.0015220813355503,0.0,-0.0008557669053103996,-0.0003957888250041,-0.0037315686478745
4,-0.0030887512694374,0.00043900634138669976,-0.0006663144302399004,0.0008557669053103996,0.0,0.0004599780803062996,-0.0028758017425641004
5,-0.0035487293497436997,-2.0971738919599824e-05,-0.0011262925105462,0.0003957888250041,-0.0004599780803062996,0.0,-0.0033357798228704
6,-0.0002129495268732998,0.0033148080839508,0.0022094873123242,0.0037315686478745,0.0028758017425641004,0.0033357798228704,0.0
