,zero_shot_baseline,in_context_learning_3-shot,style_information_style_example,chain_of_thought_zero_shot,chain_of_thought_one_shot,self-refine
0,0.0,-0.0039528543294006,-0.0009823630103158012,-0.0005340392314791996,0.0004920392082518998,-0.0015415342950264995
1,0.0039528543294006,0.0,0.002970491319084799,0.0034188150979214006,0.0044448935376525,0.0024113200343741006
2,0.0009823630103158012,-0.002970491319084799,0.0,0.0004483237788366016,0.001474402218567701,-0.0005591712847106984
3,0.0005340392314791996,-0.0034188150979214006,-0.0004483237788366016,0.0,0.0010260784397310993,-0.0010074950635473
4,-0.0004920392082518998,-0.0044448935376525,-0.001474402218567701,-0.0010260784397310993,0.0,-0.0020335735032783993
5,0.0015415342950264995,-0.0024113200343741006,0.0005591712847106984,0.0010074950635473,0.0020335735032783993,0.0
