,abstracts,news,reviews,qa
0,0.0,-0.0382590664820812,-0.0305758696630384,-0.01817833436071
1,0.0382590664820812,0.0,0.0076831968190428,0.020080732121371198
2,0.0305758696630384,-0.0076831968190428,0.0,0.012397535302328398
3,0.01817833436071,-0.020080732121371198,-0.012397535302328398,0.0
