,zero_shot_baseline,in_context_learning_3-shot,style_information_style_example,chain_of_thought_zero_shot,chain_of_thought_one_shot,self-refine
0,0.0,0.002020824074595584,-0.0038743182255255026,0.0018708411564031802,0.00036802253438728005,0.014427915426832
1,-0.002020824074595584,0.0,-0.005895142300121087,-0.00014998291819240395,-0.001652801540208304,0.012407091352236416
2,0.0038743182255255026,0.005895142300121087,0.0,0.005745159381928683,0.004242340759912783,0.018302233652357502
3,-0.0018708411564031802,0.00014998291819240395,-0.005745159381928683,0.0,-0.0015028186220159,0.01255707427042882
4,-0.00036802253438728005,0.001652801540208304,-0.004242340759912783,0.0015028186220159,0.0,0.01405989289244472
5,-0.014427915426832,-0.012407091352236416,-0.018302233652357502,-0.01255707427042882,-0.01405989289244472,0.0
