,zero_shot_baseline,in_context_learning_3-shot,style_information_style_example,chain_of_thought_zero_shot,chain_of_thought_one_shot,self-refine
0,0.0,0.0007561083675685001,0.0013580461560246991,0.0003488013944078997,0.0051016600261873,-0.0014470986988468007
1,-0.0007561083675685001,0.0,0.0006019377884561991,-0.00040730697316060036,0.0043455516586188,-0.0022032070664153008
2,-0.0013580461560246991,-0.0006019377884561991,0.0,-0.0010092447616167994,0.0037436138701626,-0.0028051448548715
3,-0.0003488013944078997,0.00040730697316060036,0.0010092447616167994,0.0,0.0047528586317794,-0.0017959000932547004
4,-0.0051016600261873,-0.0043455516586188,-0.0037436138701626,-0.0047528586317794,0.0,-0.0065487587250341005
5,0.0014470986988468007,0.0022032070664153008,0.0028051448548715,0.0017959000932547004,0.0065487587250341005,0.0
