,zero_shot_baseline,in_context_learning_3-shot,style_information_style_example,chain_of_thought_zero_shot,chain_of_thought_one_shot,self-refine
0,0.0,0.009702075698737406,-0.0010027184197837907,2.8762721028113836e-06,-0.00450600905183049,-0.0003761482276632977
1,-0.009702075698737406,0.0,-0.010704794118521196,-0.009699199426634594,-0.014208084750567895,-0.010078223926400703
2,0.0010027184197837907,0.010704794118521196,0.0,0.0010055946918866021,-0.003503290632046699,0.000626570192120493
3,-2.8762721028113836e-06,0.009699199426634594,-0.0010055946918866021,0.0,-0.004508885323933301,-0.0003790244997661091
4,0.00450600905183049,0.014208084750567895,0.003503290632046699,0.004508885323933301,0.0,0.004129860824167192
5,0.0003761482276632977,0.010078223926400703,-0.000626570192120493,0.0003790244997661091,-0.004129860824167192,0.0
