,zero_shot_baseline,in_context_learning_3-shot,style_information_style_example,chain_of_thought_zero_shot,chain_of_thought_one_shot,self-refine
0,0.0,0.0062053642991527005,0.004895678741710301,0.0006842604906041987,0.0007183651987279008,0.00015580833480240142
1,-0.0062053642991527005,0.0,-0.0013096855574423992,-0.005521103808548502,-0.0054869991004248,-0.006049555964350299
2,-0.004895678741710301,0.0013096855574423992,0.0,-0.004211418251106103,-0.004177313542982401,-0.0047398704069079
3,-0.0006842604906041987,0.005521103808548502,0.004211418251106103,0.0,3.4104708123702115e-05,-0.0005284521558017972
4,-0.0007183651987279008,0.0054869991004248,0.004177313542982401,-3.4104708123702115e-05,0.0,-0.0005625568639254994
5,-0.00015580833480240142,0.006049555964350299,0.0047398704069079,0.0005284521558017972,0.0005625568639254994,0.0
