,zero_shot_baseline,in_context_learning_3-shot,style_information_style_example,chain_of_thought_zero_shot,chain_of_thought_one_shot,self-refine
0,0.0,-0.00040554943376780006,-0.0010487868716476001,2.9416821208399992e-05,0.00012587759389075026,-0.0030321335060506
1,0.00040554943376780006,0.0,-0.0006432374378798001,0.00043496625497620005,0.0005314270276585503,-0.0026265840722828
2,0.0010487868716476001,0.0006432374378798001,0.0,0.001078203692856,0.0011746644655383505,-0.001983346634403
3,-2.9416821208399992e-05,-0.00043496625497620005,-0.001078203692856,0.0,9.646077268235027e-05,-0.003061550327259
4,-0.00012587759389075026,-0.0005314270276585503,-0.0011746644655383505,-9.646077268235027e-05,0.0,-0.0031580110999413504
5,0.0030321335060506,0.0026265840722828,0.001983346634403,0.003061550327259,0.0031580110999413504,0.0
