,zero_shot_baseline,in_context_learning_3-shot,style_information_style_example,chain_of_thought_zero_shot,chain_of_thought_one_shot,self-refine
0,0.0,-0.0023255366825206004,-0.0014047394713719002,0.0002987991607541988,0.00033483526366429907,4.902423752480012e-05
1,0.0023255366825206004,0.0,0.0009207972111487002,0.002624335843274799,0.0026603719461848994,0.0023745609200454005
2,0.0014047394713719002,-0.0009207972111487002,0.0,0.001703538632126099,0.0017395747350361992,0.0014537637088967003
3,-0.0002987991607541988,-0.002624335843274799,-0.001703538632126099,0.0,3.603610291010029e-05,-0.00024977492322939866
4,-0.00033483526366429907,-0.0026603719461848994,-0.0017395747350361992,-3.603610291010029e-05,0.0,-0.00028581102613949895
5,-4.902423752480012e-05,-0.0023745609200454005,-0.0014537637088967003,0.00024977492322939866,0.00028581102613949895,0.0
