,zero_shot_baseline,in_context_learning_3-shot,style_information_style_example,chain_of_thought_zero_shot,chain_of_thought_one_shot,self-refine
0,0.0,-0.012474324400638503,-0.007142652308810699,-0.0020718825830010022,-0.011875488966283702,-0.013585696254533
1,0.012474324400638503,0.0,0.005331672091827805,0.010402441817637501,0.0005988354343548011,-0.0011113718538944967
2,0.007142652308810699,-0.005331672091827805,0.0,0.005070769725809696,-0.004732836657473004,-0.0064430439457223015
3,0.0020718825830010022,-0.010402441817637501,-0.005070769725809696,0.0,-0.0098036063832827,-0.011513813671531998
4,0.011875488966283702,-0.0005988354343548011,0.004732836657473004,0.0098036063832827,0.0,-0.0017102072882492977
5,0.013585696254533,0.0011113718538944967,0.0064430439457223015,0.011513813671531998,0.0017102072882492977,0.0
