,zero_shot_baseline,in_context_learning_3-shot,style_information_style_example,chain_of_thought_zero_shot,chain_of_thought_one_shot,self-refine
0,0.0,0.0024426945365939035,-0.000995380147919396,0.0010181071171158004,0.0040578309443886,-0.0072620928045396965
1,-0.0024426945365939035,0.0,-0.0034380746845132995,-0.001424587419478103,0.001615136407794697,-0.0097047873411336
2,0.000995380147919396,0.0034380746845132995,0.0,0.0020134872650351965,0.0050532110923079965,-0.0062667126566203005
3,-0.0010181071171158004,0.001424587419478103,-0.0020134872650351965,0.0,0.0030397238272728,-0.008280199921655497
4,-0.0040578309443886,-0.001615136407794697,-0.0050532110923079965,-0.0030397238272728,0.0,-0.011319923748928297
5,0.0072620928045396965,0.0097047873411336,0.0062667126566203005,0.008280199921655497,0.011319923748928297,0.0
