,zero_shot_baseline,in_context_learning_3-shot,style_information_style_example,chain_of_thought_zero_shot,chain_of_thought_one_shot,self-refine
0,0.0,0.001277805185147203,0.005069620980761101,-0.004651053446237695,-0.008545274698345595,0.003516543851373302
1,-0.001277805185147203,0.0,0.003791815795613898,-0.005928858631384898,-0.009823079883492798,0.002238738666226099
2,-0.005069620980761101,-0.003791815795613898,0.0,-0.009720674426998796,-0.013614895679106696,-0.001553077129387799
3,0.004651053446237695,0.005928858631384898,0.009720674426998796,0.0,-0.0038942212521079003,0.008167597297610997
4,0.008545274698345595,0.009823079883492798,0.013614895679106696,0.0038942212521079003,0.0,0.012061818549718897
5,-0.003516543851373302,-0.002238738666226099,0.001553077129387799,-0.008167597297610997,-0.012061818549718897,0.0
