,zero_shot_baseline,in_context_learning_3-shot,style_information_style_example,chain_of_thought_zero_shot,chain_of_thought_one_shot,self-refine
0,0.0,0.011573063052358612,-0.004282640655268899,-0.0006971707916284819,0.001746029102134422,0.0032155532335076953
1,-0.011573063052358612,0.0,-0.01585570370762751,-0.012270233843987094,-0.00982703395022419,-0.008357509818850917
2,0.004282640655268899,0.01585570370762751,0.0,0.003585469863640417,0.006028669757403321,0.007498193888776594
3,0.0006971707916284819,0.012270233843987094,-0.003585469863640417,0.0,0.002443199893762904,0.003912724025136177
4,-0.001746029102134422,0.00982703395022419,-0.006028669757403321,-0.002443199893762904,0.0,0.0014695241313732732
5,-0.0032155532335076953,0.008357509818850917,-0.007498193888776594,-0.003912724025136177,-0.0014695241313732732,0.0
