,abstracts,news,reviews,qa
0,0.0,-0.0222487435333091,-0.019015356394213898,-0.0179155556880898
1,0.0222487435333091,0.0,0.0032333871390952005,0.0043331878452193
2,0.019015356394213898,-0.0032333871390952005,0.0,0.0010998007061241
3,0.0179155556880898,-0.0043331878452193,-0.0010998007061241,0.0
