,zero_shot_baseline,in_context_learning_3-shot,style_information_style_example,chain_of_thought_zero_shot,chain_of_thought_one_shot,self-refine
0,0.0,-0.07961862739515699,0.008285811152236311,0.004102261452304717,0.005821207433932912,0.0267809908398276
1,0.07961862739515699,0.0,0.0879044385473933,0.0837208888474617,0.0854398348290899,0.10639961823498459
2,-0.008285811152236311,-0.0879044385473933,0.0,-0.0041835496999315935,-0.0024646037183033986,0.01849517968759129
3,-0.004102261452304717,-0.0837208888474617,0.0041835496999315935,0.0,0.001718945981628195,0.022678729387522883
4,-0.005821207433932912,-0.0854398348290899,0.0024646037183033986,-0.001718945981628195,0.0,0.02095978340589469
5,-0.0267809908398276,-0.10639961823498459,-0.01849517968759129,-0.022678729387522883,-0.02095978340589469,0.0
