,zero_shot_baseline,in_context_learning_3-shot,style_information_style_example,chain_of_thought_zero_shot,chain_of_thought_one_shot,self-refine
0,0.0,-0.0026019144146455005,-0.0006790827130210009,-0.0003536237872094998,-0.0021269195068462,-0.0031692544696451004
1,0.0026019144146455005,0.0,0.0019228317016244997,0.0022482906274360007,0.0004749949077993004,-0.0005673400549995999
2,0.0006790827130210009,-0.0019228317016244997,0.0,0.00032545892581150107,-0.0014478367938251992,-0.0024901717566240995
3,0.0003536237872094998,-0.0022482906274360007,-0.00032545892581150107,0.0,-0.0017732957196367003,-0.0028156306824356006
4,0.0021269195068462,-0.0004749949077993004,0.0014478367938251992,0.0017732957196367003,0.0,-0.0010423349627989003
5,0.0031692544696451004,0.0005673400549995999,0.0024901717566240995,0.0028156306824356006,0.0010423349627989003,0.0
