,zero_shot_baseline,in_context_learning_3-shot,style_information_style_example,chain_of_thought_zero_shot,chain_of_thought_one_shot,self-refine
0,0.0,0.018009631371977808,-0.0032809582261219966,0.008670253266646208,-0.0037705071393149964,0.015433626738529604
1,-0.018009631371977808,0.0,-0.021290589598099804,-0.0093393781053316,-0.021780138511292804,-0.0025760046334482034
2,0.0032809582261219966,0.021290589598099804,0.0,0.011951211492768204,-0.0004895489131929998,0.0187145849646516
3,-0.008670253266646208,0.0093393781053316,-0.011951211492768204,0.0,-0.012440760405961204,0.0067633734718833965
4,0.0037705071393149964,0.021780138511292804,0.0004895489131929998,0.012440760405961204,0.0,0.0192041338778446
5,-0.015433626738529604,0.0025760046334482034,-0.0187145849646516,-0.0067633734718833965,-0.0192041338778446,0.0
