,abstracts,news,reviews,qa
0,0.0,-0.014596579942543098,0.005030843189262099,0.012702155346864901
1,0.014596579942543098,0.0,0.019627423131805197,0.027298735289408
2,-0.005030843189262099,-0.019627423131805197,0.0,0.007671312157602802
3,-0.012702155346864901,-0.027298735289408,-0.007671312157602802,0.0
