,zero_shot_baseline,in_context_learning_3-shot,style_information_style_example,chain_of_thought_zero_shot,chain_of_thought_one_shot,self-refine
0,0.0,-0.0006472275694980002,0.0003691307170588,-0.0009496046593124993,0.004640104392594499,-0.00020967959699989998
1,0.0006472275694980002,0.0,0.0010163582865568002,-0.0003023770898144991,0.0052873319620925004,0.0004375479724981002
2,-0.0003691307170588,-0.0010163582865568002,0.0,-0.0013187353763712993,0.004270973675535699,-0.0005788103140587
3,0.0009496046593124993,0.0003023770898144991,0.0013187353763712993,0.0,0.0055897090519069995,0.0007399250623125993
4,-0.004640104392594499,-0.0052873319620925004,-0.004270973675535699,-0.0055897090519069995,0.0,-0.004849783989594399
5,0.00020967959699989998,-0.0004375479724981002,0.0005788103140587,-0.0007399250623125993,0.004849783989594399,0.0
