,zero_shot_baseline,in_context_learning_3-shot,style_information_style_example,chain_of_thought_zero_shot,chain_of_thought_one_shot,self-refine
0,0.0,-0.0175607769464127,-0.007746762981863303,0.0013431609652427012,-0.0019715844179507974,-0.001217892678859106
1,0.0175607769464127,0.0,0.009814013964549395,0.0189039379116554,0.015589192528461901,0.016342884267553592
2,0.007746762981863303,-0.009814013964549395,0.0,0.009089923947106004,0.005775178563912506,0.006528870303004197
3,-0.0013431609652427012,-0.0189039379116554,-0.009089923947106004,0.0,-0.0033147453831934987,-0.0025610536441018072
4,0.0019715844179507974,-0.015589192528461901,-0.005775178563912506,0.0033147453831934987,0.0,0.0007536917390916914
5,0.001217892678859106,-0.016342884267553592,-0.006528870303004197,0.0025610536441018072,-0.0007536917390916914,0.0
