,zero_shot_baseline,in_context_learning_3-shot,style_information_style_example,chain_of_thought_zero_shot,chain_of_thought_one_shot,self-refine
0,0.0,-0.0073050232237728,-0.010428335103086897,0.0008221989712791089,-0.006286610708545692,0.011438312340381313
1,0.0073050232237728,0.0,-0.0031233118793140974,0.008127222195051909,0.0010184125152271073,0.018743335564154112
2,0.010428335103086897,0.0031233118793140974,0.0,0.011250534074366006,0.004141724394541205,0.02186664744346821
3,-0.0008221989712791089,-0.008127222195051909,-0.011250534074366006,0.0,-0.007108809679824801,0.010616113369102204
4,0.006286610708545692,-0.0010184125152271073,-0.004141724394541205,0.007108809679824801,0.0,0.017724923048927005
5,-0.011438312340381313,-0.018743335564154112,-0.02186664744346821,-0.010616113369102204,-0.017724923048927005,0.0
