,zero_shot_baseline,in_context_learning_3-shot,style_information_style_example,chain_of_thought_zero_shot,chain_of_thought_one_shot,self-refine
0,0.0,-0.002465627238524698,0.0003822381635966987,-9.276998658019897e-07,0.0004916825911060047,-0.003287174242125296
1,0.002465627238524698,0.0,0.0028478654021213967,0.002464699538658896,0.0029573098296307027,-0.0008215470036005978
2,-0.0003822381635966987,-0.0028478654021213967,0.0,-0.0003831658634625007,0.00010944442750930594,-0.0036694124057219946
3,9.276998658019897e-07,-0.002464699538658896,0.0003831658634625007,0.0,0.0004926102909718066,-0.003286246542259494
4,-0.0004916825911060047,-0.0029573098296307027,-0.00010944442750930594,-0.0004926102909718066,0.0,-0.0037788568332313005
5,0.003287174242125296,0.0008215470036005978,0.0036694124057219946,0.003286246542259494,0.0037788568332313005,0.0
