,zero_shot_baseline,in_context_learning_3-shot,style_information_style_example,chain_of_thought_zero_shot,chain_of_thought_one_shot,self-refine
0,0.0,0.002126958198010065,0.004138480278766288,-0.0010840451990100086,0.0030014788786366653,0.024701866456943
1,-0.002126958198010065,0.0,0.002011522080756223,-0.0032110033970200735,0.0008745206806266004,0.022574908258932935
2,-0.004138480278766288,-0.002011522080756223,0.0,-0.005222525477776296,-0.0011370014001296225,0.020563386178176712
3,0.0010840451990100086,0.0032110033970200735,0.005222525477776296,0.0,0.004085524077646674,0.02578591165595301
4,-0.0030014788786366653,-0.0008745206806266004,0.0011370014001296225,-0.004085524077646674,0.0,0.021700387578306335
5,-0.024701866456943,-0.022574908258932935,-0.020563386178176712,-0.02578591165595301,-0.021700387578306335,0.0
