,zero_shot_baseline,in_context_learning_3-shot,style_information_style_example,chain_of_thought_zero_shot,chain_of_thought_one_shot,self-refine
0,0.0,-0.0018664620685985983,-0.0102585302240886,0.00018108369575369973,-0.006025209787200298,-0.013475150921929597
1,0.0018664620685985983,0.0,-0.008392068155490002,0.002047545764352298,-0.0041587477186017,-0.011608688853330999
2,0.0102585302240886,0.008392068155490002,0.0,0.0104396139198423,0.004233320436888302,-0.0032166206978409967
3,-0.00018108369575369973,-0.002047545764352298,-0.0104396139198423,0.0,-0.006206293482953998,-0.013656234617683297
4,0.006025209787200298,0.0041587477186017,-0.004233320436888302,0.006206293482953998,0.0,-0.007449941134729299
5,0.013475150921929597,0.011608688853330999,0.0032166206978409967,0.013656234617683297,0.007449941134729299,0.0
