,zero_shot_baseline,in_context_learning_3-shot,style_information_style_example,chain_of_thought_zero_shot,chain_of_thought_one_shot,self-refine
0,0.0,2.023907639277179e-05,3.622001010512197e-05,4.014295701352924e-05,-4.165968683365236e-06,3.77383114756988e-05
1,-2.023907639277179e-05,0.0,1.598093371235018e-05,1.9903880620757443e-05,-2.4405045076137028e-05,1.749923508292701e-05
2,-3.622001010512197e-05,-1.598093371235018e-05,0.0,3.922946908407266e-06,-4.0385978788487205e-05,1.5183013705768312e-06
3,-4.014295701352924e-05,-1.9903880620757443e-05,-3.922946908407266e-06,0.0,-4.4308925696894474e-05,-2.4046455378304346e-06
4,4.165968683365236e-06,2.4405045076137028e-05,4.0385978788487205e-05,4.4308925696894474e-05,0.0,4.1904280159064036e-05
5,-3.77383114756988e-05,-1.749923508292701e-05,-1.5183013705768312e-06,2.4046455378304346e-06,-4.1904280159064036e-05,0.0
