,zero_shot_baseline,in_context_learning_3-shot,style_information_style_example,chain_of_thought_zero_shot,chain_of_thought_one_shot,self-refine
0,0.0,0.0072805454409519965,-0.0031803655854501234,0.00013322609982127642,-0.00267315791833192,-0.0028789799475748
1,-0.0072805454409519965,0.0,-0.01046091102640212,-0.00714731934113072,-0.009953703359283916,-0.010159525388526797
2,0.0031803655854501234,0.01046091102640212,0.0,0.0033135916852714,0.0005072076671182035,0.00030138563787532324
3,-0.00013322609982127642,0.00714731934113072,-0.0033135916852714,0.0,-0.0028063840181531963,-0.0030122060473960766
4,0.00267315791833192,0.009953703359283916,-0.0005072076671182035,0.0028063840181531963,0.0,-0.0002058220292428803
5,0.0028789799475748,0.010159525388526797,-0.00030138563787532324,0.0030122060473960766,0.0002058220292428803,0.0
