,zero_shot_baseline,in_context_learning_3-shot,style_information_style_example,chain_of_thought_zero_shot,chain_of_thought_one_shot,self-refine
0,0.0,-0.0010338803234943988,0.003851262739000799,0.013729112410467897,-0.009443667666839003,0.010102410562015995
1,0.0010338803234943988,0.0,0.004885143062495198,0.014762992733962296,-0.008409787343344605,0.011136290885510394
2,-0.003851262739000799,-0.004885143062495198,0.0,0.009877849671467098,-0.013294930405839803,0.006251147823015196
3,-0.013729112410467897,-0.014762992733962296,-0.009877849671467098,0.0,-0.0231727800773069,-0.003626701848451902
4,0.009443667666839003,0.008409787343344605,0.013294930405839803,0.0231727800773069,0.0,0.019546078228855
5,-0.010102410562015995,-0.011136290885510394,-0.006251147823015196,0.003626701848451902,-0.019546078228855,0.0
