,zero_shot_baseline,in_context_learning_3-shot,style_information_style_example,chain_of_thought_zero_shot,chain_of_thought_one_shot,self-refine
0,0.0,0.008202740431411198,0.0021233380651681996,0.0025350991082788987,0.0013029584921054986,-0.0013554830958385014
1,-0.008202740431411198,0.0,-0.006079402366242999,-0.0056676413231323,-0.0068997819393057,-0.0095582235272497
2,-0.0021233380651681996,0.006079402366242999,0.0,0.0004117610431106991,-0.000820379573062701,-0.003478821161006701
3,-0.0025350991082788987,0.0056676413231323,-0.0004117610431106991,0.0,-0.0012321406161734001,-0.0038905822041174
4,-0.0013029584921054986,0.0068997819393057,0.000820379573062701,0.0012321406161734001,0.0,-0.002658441587944
5,0.0013554830958385014,0.0095582235272497,0.003478821161006701,0.0038905822041174,0.002658441587944,0.0
