,mistral,deepseek,llama3.3,qwen72b,qwen32b,qwen14b,solar
0,0.0,-0.0016575326018948011,-0.007604797746342703,0.0004531092000391,0.0102565614322075,0.0048967243522087985,-0.0017118156655802005
1,0.0016575326018948011,0.0,-0.005947265144447902,0.002110641801933901,0.011914094034102301,0.0065542569541036,-5.4283063685399424e-05
2,0.007604797746342703,0.005947265144447902,0.0,0.008057906946381803,0.017861359178550203,0.012501522098551501,0.005892982080762502
3,-0.0004531092000391,-0.002110641801933901,-0.008057906946381803,0.0,0.0098034522321684,0.0044436151521696984,-0.0021649248656193006
4,-0.0102565614322075,-0.011914094034102301,-0.017861359178550203,-0.0098034522321684,0.0,-0.005359837079998701,-0.0119683770977877
5,-0.0048967243522087985,-0.0065542569541036,-0.012501522098551501,-0.0044436151521696984,0.005359837079998701,0.0,-0.006608540017788999
6,0.0017118156655802005,5.4283063685399424e-05,-0.005892982080762502,0.0021649248656193006,0.0119683770977877,0.006608540017788999,0.0
