,zero_shot_baseline,in_context_learning_3-shot,style_information_style_example,chain_of_thought_zero_shot,chain_of_thought_one_shot,self-refine
0,0.0,0.007835598115885703,-0.003035331173962902,-0.001219719754440296,0.0012292489248618976,0.0004324566701725957
1,-0.007835598115885703,0.0,-0.010870929289848605,-0.009055317870325999,-0.006606349191023805,-0.007403141445713107
2,0.003035331173962902,0.010870929289848605,0.0,0.0018156114195226059,0.0042645800988247995,0.0034677878441354976
3,0.001219719754440296,0.009055317870325999,-0.0018156114195226059,0.0,0.0024489686793021936,0.0016521764246128917
4,-0.0012292489248618976,0.006606349191023805,-0.0042645800988247995,-0.0024489686793021936,0.0,-0.0007967922546893019
5,-0.0004324566701725957,0.007403141445713107,-0.0034677878441354976,-0.0016521764246128917,0.0007967922546893019,0.0
