,zero_shot_baseline,in_context_learning_3-shot,style_information_style_example,chain_of_thought_zero_shot,chain_of_thought_one_shot,self-refine
0,0.0,2.7888364500900005e-05,-0.0007499335994454999,-0.00014423191082000002,-0.0026742997529649003,8.840812758590001e-05
1,-2.7888364500900005e-05,0.0,-0.0007778219639464,-0.00017212027532090003,-0.0027021881174658,6.051976308500001e-05
2,0.0007499335994454999,0.0007778219639464,0.0,0.0006057016886254999,-0.0019243661535194002,0.0008383417270314
3,0.00014423191082000002,0.00017212027532090003,-0.0006057016886254999,0.0,-0.0025300678421449002,0.00023264003840590004
4,0.0026742997529649003,0.0027021881174658,0.0019243661535194002,0.0025300678421449002,0.0,0.0027627078805508003
5,-8.840812758590001e-05,-6.051976308500001e-05,-0.0008383417270314,-0.00023264003840590004,-0.0027627078805508003,0.0
