,mistral,deepseek,llama3.3,qwen72b,qwen32b,qwen14b,solar
0,0.0,-0.012966640657921996,0.004989057677050102,-0.0019828469395715975,-0.01464866307876661,-0.014147567560948704,0.004300334267413303
1,0.012966640657921996,0.0,0.017955698334972098,0.010983793718350399,-0.0016820224208446144,-0.0011809269030267078,0.0172669749253353
2,-0.004989057677050102,-0.017955698334972098,0.0,-0.006971904616621699,-0.019637720755816712,-0.019136625237998806,-0.0006887234096367989
3,0.0019828469395715975,-0.010983793718350399,0.006971904616621699,0.0,-0.012665816139195013,-0.012164720621377106,0.0062831812069849
4,0.01464866307876661,0.0016820224208446144,0.019637720755816712,0.012665816139195013,0.0,0.0005010955178179066,0.018948997346179913
5,0.014147567560948704,0.0011809269030267078,0.019136625237998806,0.012164720621377106,-0.0005010955178179066,0.0,0.018447901828362007
6,-0.004300334267413303,-0.0172669749253353,0.0006887234096367989,-0.0062831812069849,-0.018948997346179913,-0.018447901828362007,0.0
