,zero_shot_baseline,in_context_learning_3-shot,style_information_style_example,chain_of_thought_zero_shot,chain_of_thought_one_shot,self-refine
0,0.0,0.01052809844172091,-0.0006710046255911928,0.0003321240692344962,-0.002554662400684582,0.003817702480042512
1,-0.01052809844172091,0.0,-0.011199103067312102,-0.010195974372486413,-0.013082760842405491,-0.006710395961678398
2,0.0006710046255911928,0.011199103067312102,0.0,0.001003128694825689,-0.0018836577750933892,0.004488707105633705
3,-0.0003321240692344962,0.010195974372486413,-0.001003128694825689,0.0,-0.002886786469919078,0.0034855784108080157
4,0.002554662400684582,0.013082760842405491,0.0018836577750933892,0.002886786469919078,0.0,0.006372364880727094
5,-0.003817702480042512,0.006710395961678398,-0.004488707105633705,-0.0034855784108080157,-0.006372364880727094,0.0
