,zero_shot_baseline,in_context_learning_3-shot,style_information_style_example,chain_of_thought_zero_shot,chain_of_thought_one_shot,self-refine
0,0.0,0.0052470595140168,-0.015646531135070807,0.0028837529036900844,-0.005259846015552017,0.001184493005331494
1,-0.0052470595140168,0.0,-0.020893590649087607,-0.0023633066103267153,-0.010506905529568816,-0.004062566508685306
2,0.015646531135070807,0.020893590649087607,0.0,0.01853028403876089,0.01038668511951879,0.0168310241404023
3,-0.0028837529036900844,0.0023633066103267153,-0.01853028403876089,0.0,-0.008143598919242101,-0.0016992598983585905
4,0.005259846015552017,0.010506905529568816,-0.01038668511951879,0.008143598919242101,0.0,0.0064443390208835105
5,-0.001184493005331494,0.004062566508685306,-0.0168310241404023,0.0016992598983585905,-0.0064443390208835105,0.0
