,zero_shot_baseline,in_context_learning_3-shot,style_information_style_example,chain_of_thought_zero_shot,chain_of_thought_one_shot,self-refine
0,0.0,-0.018345632396084388,-0.0021311216331759975,0.004920333303685215,-0.0062616380378131,-0.016039835548963682
1,0.018345632396084388,0.0,0.01621451076290839,0.023265965699769603,0.012083994358271288,0.0023057968471207058
2,0.0021311216331759975,-0.01621451076290839,0.0,0.007051454936861212,-0.004130516404637102,-0.013908713915787685
3,-0.004920333303685215,-0.023265965699769603,-0.007051454936861212,0.0,-0.011181971341498315,-0.020960168852648897
4,0.0062616380378131,-0.012083994358271288,0.004130516404637102,0.011181971341498315,0.0,-0.009778197511150583
5,0.016039835548963682,-0.0023057968471207058,0.013908713915787685,0.020960168852648897,0.009778197511150583,0.0
