,zero_shot_baseline,in_context_learning_3-shot,style_information_style_example,chain_of_thought_zero_shot,chain_of_thought_one_shot,self-refine
0,0.0,-0.009556390639907208,0.005285249509404011,-0.0015846337653238063,-0.0028829891152004905,-0.01648168185847071
1,0.009556390639907208,0.0,0.01484164014931122,0.007971756874583402,0.006673401524706718,-0.006925291218563501
2,-0.005285249509404011,-0.01484164014931122,0.0,-0.006869883274727817,-0.008168238624604501,-0.02176693136787472
3,0.0015846337653238063,-0.007971756874583402,0.006869883274727817,0.0,-0.0012983553498766842,-0.014897048093146903
4,0.0028829891152004905,-0.006673401524706718,0.008168238624604501,0.0012983553498766842,0.0,-0.013598692743270219
5,0.01648168185847071,0.006925291218563501,0.02176693136787472,0.014897048093146903,0.013598692743270219,0.0
