,zero_shot_baseline,in_context_learning_3-shot,style_information_style_example,chain_of_thought_zero_shot,chain_of_thought_one_shot,self-refine
0,0.0,3.685842120570038e-05,0.0034810888907590002,0.0004560914447424005,0.0031690824960390997,4.563583614120015e-05
1,-3.685842120570038e-05,0.0,0.0034442304695533,0.0004192330235367001,0.0031322240748333993,8.777414935499765e-06
2,-0.0034810888907590002,-0.0034442304695533,0.0,-0.0030249974460165997,-0.0003120063947199005,-0.0034354530546178
3,-0.0004560914447424005,-0.0004192330235367001,0.0030249974460165997,0.0,0.002712991051296699,-0.00041045560860120036
4,-0.0031690824960390997,-0.0031322240748333993,0.0003120063947199005,-0.002712991051296699,0.0,-0.0031234466598978996
5,-4.563583614120015e-05,-8.777414935499765e-06,0.0034354530546178,0.00041045560860120036,0.0031234466598978996,0.0
