,abstracts,news,reviews,qa
0,0.0,-0.004824591569959601,0.0171484487407333,-0.0063696743219522995
1,0.004824591569959601,0.0,0.0219730403106929,-0.0015450827519926987
2,-0.0171484487407333,-0.0219730403106929,0.0,-0.0235181230626856
3,0.0063696743219522995,0.0015450827519926987,0.0235181230626856,0.0
