,abstracts,news,reviews,qa
0,0.0,0.0023236077490967014,-0.0054198132850549995,0.0061292225955497
1,-0.0023236077490967014,0.0,-0.007743421034151701,0.0038056148464529985
2,0.0054198132850549995,0.007743421034151701,0.0,0.0115490358806047
3,-0.0061292225955497,-0.0038056148464529985,-0.0115490358806047,0.0
