,zero_shot_baseline,in_context_learning_3-shot,style_information_style_example,chain_of_thought_zero_shot,chain_of_thought_one_shot,self-refine
0,0.0,-0.013115579340293393,0.009994722563503727,0.0004907822863876032,0.025341542307536408,-0.0179158789458862
1,0.013115579340293393,0.0,0.02311030190379712,0.013606361626680996,0.0384571216478298,-0.004800299605592806
2,-0.009994722563503727,-0.02311030190379712,0.0,-0.009503940277116124,0.01534681974403268,-0.027910601509389926
3,-0.0004907822863876032,-0.013606361626680996,0.009503940277116124,0.0,0.024850760021148804,-0.018406661232273802
4,-0.025341542307536408,-0.0384571216478298,-0.01534681974403268,-0.024850760021148804,0.0,-0.04325742125342261
5,0.0179158789458862,0.004800299605592806,0.027910601509389926,0.018406661232273802,0.04325742125342261,0.0
