,zero_shot_baseline,in_context_learning_3-shot,style_information_style_example,chain_of_thought_zero_shot,chain_of_thought_one_shot,self-refine
0,0.0,-0.00020874893334168562,-3.413188720585486e-05,6.75015748546884e-06,1.1549781049548775e-05,-0.00026492532846498563
1,0.00020874893334168562,0.0,0.00017461704613583076,0.00021549909082715446,0.00022029871439123438,-5.617639512329998e-05
2,3.413188720585486e-05,-0.00017461704613583076,0.0,4.08820446913237e-05,4.5681668255403635e-05,-0.00023079344125913074
3,-6.75015748546884e-06,-0.00021549909082715446,-4.08820446913237e-05,0.0,4.799623564079935e-06,-0.00027167548595045444
4,-1.1549781049548775e-05,-0.00022029871439123438,-4.5681668255403635e-05,-4.799623564079935e-06,0.0,-0.00027647510951453436
5,0.00026492532846498563,5.617639512329998e-05,0.00023079344125913074,0.00027167548595045444,0.00027647510951453436,0.0
