,zero_shot_baseline,in_context_learning_3-shot,style_information_style_example,chain_of_thought_zero_shot,chain_of_thought_one_shot,self-refine
0,0.0,-0.006568791103164412,0.0031531530816512887,-0.0008301943119836952,5.704894967259455e-05,-0.012185664867087387
1,0.006568791103164412,0.0,0.0097219441848157,0.005738596791180717,0.0066258400528370065,-0.005616873763922975
2,-0.0031531530816512887,-0.0097219441848157,0.0,-0.003983347393634984,-0.003096104131978694,-0.015338817948738676
3,0.0008301943119836952,-0.005738596791180717,0.003983347393634984,0.0,0.0008872432616562898,-0.011355470555103692
4,-5.704894967259455e-05,-0.0066258400528370065,0.003096104131978694,-0.0008872432616562898,0.0,-0.012242713816759981
5,0.012185664867087387,0.005616873763922975,0.015338817948738676,0.011355470555103692,0.012242713816759981,0.0
