,zero_shot_baseline,in_context_learning_3-shot,style_information_style_example,chain_of_thought_zero_shot,chain_of_thought_one_shot,self-refine
0,0.0,-0.014731765764693407,-0.011327627211836104,-0.0012654562358802024,0.002535464993890499,-0.023787241569434604
1,0.014731765764693407,0.0,0.0034041385528573026,0.013466309528813204,0.017267230758583905,-0.009055475804741198
2,0.011327627211836104,-0.0034041385528573026,0.0,0.010062170975955902,0.013863092205726603,-0.0124596143575985
3,0.0012654562358802024,-0.013466309528813204,-0.010062170975955902,0.0,0.0038009212297707012,-0.022521785333554402
4,-0.002535464993890499,-0.017267230758583905,-0.013863092205726603,-0.0038009212297707012,0.0,-0.026322706563325103
5,0.023787241569434604,0.009055475804741198,0.0124596143575985,0.022521785333554402,0.026322706563325103,0.0
