,zero_shot_baseline,in_context_learning_3-shot,style_information_style_example,chain_of_thought_zero_shot,chain_of_thought_one_shot,self-refine
0,0.0,0.0225225806079335,0.0050710717674984016,-0.0024910169506675017,0.0010843155831999005,-0.014442412158113399
1,-0.0225225806079335,0.0,-0.017451508840435098,-0.025013597558601,-0.0214382650247336,-0.036964992766046895
2,-0.0050710717674984016,0.017451508840435098,0.0,-0.007562088718165903,-0.003986756184298501,-0.0195134839256118
3,0.0024910169506675017,0.025013597558601,0.007562088718165903,0.0,0.003575332533867402,-0.011951395207445897
4,-0.0010843155831999005,0.0214382650247336,0.003986756184298501,-0.003575332533867402,0.0,-0.0155267277413133
5,0.014442412158113399,0.036964992766046895,0.0195134839256118,0.011951395207445897,0.0155267277413133,0.0
