,zero_shot_baseline,in_context_learning_3-shot,style_information_style_example,chain_of_thought_zero_shot,chain_of_thought_one_shot,self-refine
0,0.0,-0.0021835510456275076,-0.0062737037510970095,-0.0005381472587039082,-0.003073179302246501,0.005230323132591599
1,0.0021835510456275076,0.0,-0.004090152705469502,0.0016454037869235993,-0.0008896282566189934,0.007413874178219107
2,0.0062737037510970095,0.004090152705469502,0.0,0.005735556492393101,0.0032005244488505086,0.011504026883688609
3,0.0005381472587039082,-0.0016454037869235993,-0.005735556492393101,0.0,-0.0025350320435425927,0.005768470391295508
4,0.003073179302246501,0.0008896282566189934,-0.0032005244488505086,0.0025350320435425927,0.0,0.0083035024348381
5,-0.005230323132591599,-0.007413874178219107,-0.011504026883688609,-0.005768470391295508,-0.0083035024348381,0.0
