,zero_shot_baseline,in_context_learning_3-shot,style_information_style_example,chain_of_thought_zero_shot,chain_of_thought_one_shot,self-refine
0,0.0,0.03931067111247331,0.0033135136334812992,0.0012365971659683006,0.001261517993201705,-0.016505140859843198
1,-0.03931067111247331,0.0,-0.03599715747899201,-0.038074073946505006,-0.0380491531192716,-0.055815811972316505
2,-0.0033135136334812992,0.03599715747899201,0.0,-0.0020769164675129986,-0.002051995640279594,-0.019818654493324497
3,-0.0012365971659683006,0.038074073946505006,0.0020769164675129986,0.0,2.4920827233404497e-05,-0.0177417380258115
4,-0.001261517993201705,0.0380491531192716,0.002051995640279594,-2.4920827233404497e-05,0.0,-0.017766658853044903
5,0.016505140859843198,0.055815811972316505,0.019818654493324497,0.0177417380258115,0.017766658853044903,0.0
