,zero_shot_baseline,in_context_learning_3-shot,style_information_style_example,chain_of_thought_zero_shot,chain_of_thought_one_shot,self-refine
0,0.0,-0.0021087922123606967,-0.010129549799247406,0.009297956828252602,-0.005136712026275303,0.0019124862746937032
1,0.0021087922123606967,0.0,-0.00802075758688671,0.011406749040613298,-0.0030279198139146063,0.0040212784870544
2,0.010129549799247406,0.00802075758688671,0.0,0.019427506627500007,0.004992837772972103,0.01204203607394111
3,-0.009297956828252602,-0.011406749040613298,-0.019427506627500007,0.0,-0.014434668854527904,-0.007385470553558898
4,0.005136712026275303,0.0030279198139146063,-0.004992837772972103,0.014434668854527904,0.0,0.007049198300969006
5,-0.0019124862746937032,-0.0040212784870544,-0.01204203607394111,0.007385470553558898,-0.007049198300969006,0.0
