,zero_shot_baseline,in_context_learning_3-shot,style_information_style_example,chain_of_thought_zero_shot,chain_of_thought_one_shot,self-refine
0,0.0,-0.005864818521923776,-0.0056175649672217665,0.0007076348598333282,-0.011564532354109147,0.005444608574869447
1,0.005864818521923776,0.0,0.0002472535547020094,0.006572453381757104,-0.005699713832185371,0.011309427096793223
2,0.0056175649672217665,-0.0002472535547020094,0.0,0.006325199827055095,-0.005946967386887381,0.011062173542091214
3,-0.0007076348598333282,-0.006572453381757104,-0.006325199827055095,0.0,-0.012272167213942475,0.004736973715036119
4,0.011564532354109147,0.005699713832185371,0.005946967386887381,0.012272167213942475,0.0,0.017009140928978594
5,-0.005444608574869447,-0.011309427096793223,-0.011062173542091214,-0.004736973715036119,-0.017009140928978594,0.0
