,zero_shot_baseline,in_context_learning_3-shot,style_information_style_example,chain_of_thought_zero_shot,chain_of_thought_one_shot,self-refine
0,0.0,0.0037750703488761,-0.0005200222428718981,0.0003255439098873991,-0.0029305597130551003,-0.005485357592191702
1,-0.0037750703488761,0.0,-0.004295092591747998,-0.003449526438988701,-0.0067056300619312,-0.009260427941067802
2,0.0005200222428718981,0.004295092591747998,0.0,0.0008455661527592973,-0.002410537470183202,-0.0049653353493198035
3,-0.0003255439098873991,0.003449526438988701,-0.0008455661527592973,0.0,-0.0032561036229424994,-0.005810901502079101
4,0.0029305597130551003,0.0067056300619312,0.002410537470183202,0.0032561036229424994,0.0,-0.0025547978791366013
5,0.005485357592191702,0.009260427941067802,0.0049653353493198035,0.005810901502079101,0.0025547978791366013,0.0
