,abstracts,news,reviews,qa
0,0.0,0.027154458987530702,0.0366146517722362,-0.0053977678826068
1,-0.027154458987530702,0.0,0.009460192784705498,-0.0325522268701375
2,-0.0366146517722362,-0.009460192784705498,0.0,-0.042012419654843
3,0.0053977678826068,0.0325522268701375,0.042012419654843,0.0
