,abstracts,news,reviews,qa
0,0.0,-0.0311545743458158,-0.0224808208486706,-0.0213987128399137
1,0.0311545743458158,0.0,0.0086737534971452,0.0097558615059021
2,0.0224808208486706,-0.0086737534971452,0.0,0.0010821080087569006
3,0.0213987128399137,-0.0097558615059021,-0.0010821080087569006,0.0
