,zero_shot_baseline,in_context_learning_3-shot,style_information_style_example,chain_of_thought_zero_shot,chain_of_thought_one_shot,self-refine
0,0.0,-0.007742058513361599,0.006675704410448898,-0.0028492714618604045,0.008083234692590598,0.004421495944475998
1,0.007742058513361599,0.0,0.014417762923810497,0.004892787051501195,0.015825293205952197,0.012163554457837598
2,-0.006675704410448898,-0.014417762923810497,0.0,-0.009524975872309303,0.0014075302821416995,-0.0022542084659728998
3,0.0028492714618604045,-0.004892787051501195,0.009524975872309303,0.0,0.010932506154451002,0.007270767406336403
4,-0.008083234692590598,-0.015825293205952197,-0.0014075302821416995,-0.010932506154451002,0.0,-0.0036617387481145992
5,-0.004421495944475998,-0.012163554457837598,0.0022542084659728998,-0.007270767406336403,0.0036617387481145992,0.0
