,zero_shot_baseline,in_context_learning_3-shot,style_information_style_example,chain_of_thought_zero_shot,chain_of_thought_one_shot,self-refine
0,0.0,-5.085505161608883e-06,0.00041542754243309443,0.00018213046260999455,-0.006825819686354304,-0.003952462124835604
1,5.085505161608883e-06,0.0,0.0004205130475947033,0.00018721596777160343,-0.006820734181192695,-0.003947376619673995
2,-0.00041542754243309443,-0.0004205130475947033,0.0,-0.00023329707982309988,-0.007241247228787398,-0.004367889667268698
3,-0.00018213046260999455,-0.00018721596777160343,0.00023329707982309988,0.0,-0.007007950148964298,-0.0041345925874455985
4,0.006825819686354304,0.006820734181192695,0.007241247228787398,0.007007950148964298,0.0,0.0028733575615186996
5,0.003952462124835604,0.003947376619673995,0.004367889667268698,0.0041345925874455985,-0.0028733575615186996,0.0
