,zero_shot_baseline,in_context_learning_3-shot,style_information_style_example,chain_of_thought_zero_shot,chain_of_thought_one_shot,self-refine
0,0.0,0.0005537423107667,-0.004620522294621799,0.00016939484498530006,0.0005670447709788001,-0.005045601348277201
1,-0.0005537423107667,0.0,-0.0051742646053885,-0.00038434746578139994,1.3302460212100012e-05,-0.005599343659043901
2,0.004620522294621799,0.0051742646053885,0.0,0.0047899171396071,0.0051875670656006,-0.0004250790536554005
3,-0.00016939484498530006,0.00038434746578139994,-0.0047899171396071,0.0,0.0003976499259935,-0.0052149961932625
4,-0.0005670447709788001,-1.3302460212100012e-05,-0.0051875670656006,-0.0003976499259935,0.0,-0.005612646119256001
5,0.005045601348277201,0.005599343659043901,0.0004250790536554005,0.0052149961932625,0.005612646119256001,0.0
