,zero_shot_baseline,in_context_learning_3-shot,style_information_style_example,chain_of_thought_zero_shot,chain_of_thought_one_shot,self-refine
0,0.0,0.014990319386301298,-0.00880098459398529,0.0019333641085627906,-0.005968863209980607,0.0201459795818536
1,-0.014990319386301298,0.0,-0.023791303980286588,-0.013056955277738508,-0.020959182596281906,0.005155660195552303
2,0.00880098459398529,0.023791303980286588,0.0,0.01073434870254808,0.002832121384004682,0.02894696417583889
3,-0.0019333641085627906,0.013056955277738508,-0.01073434870254808,0.0,-0.007902227318543398,0.01821261547329081
4,0.005968863209980607,0.020959182596281906,-0.002832121384004682,0.007902227318543398,0.0,0.02611484279183421
5,-0.0201459795818536,-0.005155660195552303,-0.02894696417583889,-0.01821261547329081,-0.02611484279183421,0.0
