,zero_shot_baseline,in_context_learning_3-shot,style_information_style_example,chain_of_thought_zero_shot,chain_of_thought_one_shot,self-refine
0,0.0,-0.000220733671119345,-6.02043051817943e-05,-4.0996997847167753e-08,2.319677426729901e-06,-0.00034067591776094507
1,0.000220733671119345,0.0,0.0001605293659375507,0.00022069267412149783,0.00022305334854607492,-0.00011994224664160004
2,6.02043051817943e-05,-0.0001605293659375507,0.0,6.0163308183947125e-05,6.25239826085242e-05,-0.0002804716125791507
3,4.0996997847167753e-08,-0.00022069267412149783,-6.0163308183947125e-05,0.0,2.360674424577069e-06,-0.0003406349207630979
4,-2.319677426729901e-06,-0.00022305334854607492,-6.25239826085242e-05,-2.360674424577069e-06,0.0,-0.00034299559518767493
5,0.00034067591776094507,0.00011994224664160004,0.0002804716125791507,0.0003406349207630979,0.00034299559518767493,0.0
