,zero_shot_baseline,in_context_learning_3-shot,style_information_style_example,chain_of_thought_zero_shot,chain_of_thought_one_shot,self-refine
0,0.0,0.005104771701883101,-7.484756889369892e-05,6.798511800402973e-06,0.0014884987711934056,0.002045473702709001
1,-0.005104771701883101,0.0,-0.0051796192707768,-0.005097973190082698,-0.0036162729306896957,-0.0030592979991741
2,7.484756889369892e-05,0.0051796192707768,0.0,8.16460806941019e-05,0.0015633463400871045,0.0021203212716027
3,-6.798511800402973e-06,0.005097973190082698,-8.16460806941019e-05,0.0,0.0014817002593930026,0.002038675190908598
4,-0.0014884987711934056,0.0036162729306896957,-0.0015633463400871045,-0.0014817002593930026,0.0,0.0005569749315155956
5,-0.002045473702709001,0.0030592979991741,-0.0021203212716027,-0.002038675190908598,-0.0005569749315155956,0.0
