,mistral,deepseek,llama3.3,qwen72b,qwen32b,qwen14b,solar
0,0.0,0.00480370272175569,0.011476883098809093,0.0026691798223660995,-0.01897318808121151,-0.016669595346175112,0.001454101818117698
1,-0.00480370272175569,0.0,0.006673180377053403,-0.0021345228993895904,-0.0237768908029672,-0.0214732980679308,-0.003349600903637992
2,-0.011476883098809093,-0.006673180377053403,0.0,-0.008807703276442994,-0.030450071180020605,-0.028146478444984205,-0.010022781280691395
3,-0.0026691798223660995,0.0021345228993895904,0.008807703276442994,0.0,-0.02164236790357761,-0.01933877516854121,-0.0012150780042484016
4,0.01897318808121151,0.0237768908029672,0.030450071180020605,0.02164236790357761,0.0,0.0023035927350364,0.02042728989932921
5,0.016669595346175112,0.0214732980679308,0.028146478444984205,0.01933877516854121,-0.0023035927350364,0.0,0.01812369716429281
6,-0.001454101818117698,0.003349600903637992,0.010022781280691395,0.0012150780042484016,-0.02042728989932921,-0.01812369716429281,0.0
