,zero_shot_baseline,in_context_learning_3-shot,style_information_style_example,chain_of_thought_zero_shot,chain_of_thought_one_shot,self-refine
0,0.0,0.0008517024237696125,-0.005728725515394689,-0.0005766836557633825,-0.0031874611015939858,0.0022624059676532027
1,-0.0008517024237696125,0.0,-0.006580427939164302,-0.001428386079532995,-0.004039163525363598,0.0014107035438835902
2,0.005728725515394689,0.006580427939164302,0.0,0.005152041859631307,0.0025412644138007034,0.007991131483047892
3,0.0005766836557633825,0.001428386079532995,-0.005152041859631307,0.0,-0.0026107774458306032,0.0028390896234165852
4,0.0031874611015939858,0.004039163525363598,-0.0025412644138007034,0.0026107774458306032,0.0,0.0054498670692471884
5,-0.0022624059676532027,-0.0014107035438835902,-0.007991131483047892,-0.0028390896234165852,-0.0054498670692471884,0.0
