,zero_shot_baseline,in_context_learning_3-shot,style_information_style_example,chain_of_thought_zero_shot,chain_of_thought_one_shot,self-refine
0,0.0,0.022097950742479222,0.004638866340349018,0.000772106948933815,-0.010051959931986376,0.0031462806571914137
1,-0.022097950742479222,0.0,-0.017459084402130204,-0.021325843793545407,-0.0321499106744656,-0.01895167008528781
2,-0.004638866340349018,0.017459084402130204,0.0,-0.003866759391415203,-0.014690826272335394,-0.0014925856831576045
3,-0.000772106948933815,0.021325843793545407,0.003866759391415203,0.0,-0.010824066880920191,0.0023741737082575987
4,0.010051959931986376,0.0321499106744656,0.014690826272335394,0.010824066880920191,0.0,0.01319824058917779
5,-0.0031462806571914137,0.01895167008528781,0.0014925856831576045,-0.0023741737082575987,-0.01319824058917779,0.0
