,zero_shot_baseline,in_context_learning_3-shot,style_information_style_example,chain_of_thought_zero_shot,chain_of_thought_one_shot,self-refine
0,0.0,-3.092483202462577e-05,-7.890233408728867e-06,-2.3310023310023e-06,0.0,-1.7034207009328868e-05
1,3.092483202462577e-05,0.0,2.30345986158969e-05,2.859382969362347e-05,3.092483202462577e-05,1.38906250152969e-05
2,7.890233408728867e-06,-2.30345986158969e-05,0.0,5.559231077726567e-06,7.890233408728867e-06,-9.143973600600001e-06
3,2.3310023310023e-06,-2.859382969362347e-05,-5.559231077726567e-06,0.0,2.3310023310023e-06,-1.4703204678326569e-05
4,0.0,-3.092483202462577e-05,-7.890233408728867e-06,-2.3310023310023e-06,0.0,-1.7034207009328868e-05
5,1.7034207009328868e-05,-1.38906250152969e-05,9.143973600600001e-06,1.4703204678326569e-05,1.7034207009328868e-05,0.0
