,zero_shot_baseline,in_context_learning_3-shot,style_information_style_example,chain_of_thought_zero_shot,chain_of_thought_one_shot,self-refine
0,0.0,0.02465557978011451,0.00019227277804589882,0.0004390875377019987,0.0007402523463803101,-0.01065670535685731
1,-0.02465557978011451,0.0,-0.024463307002068613,-0.024216492242412513,-0.0239153274337342,-0.03531228513697182
2,-0.00019227277804589882,0.024463307002068613,0.0,0.0002468147596560999,0.0005479795683344113,-0.010848978134903209
3,-0.0004390875377019987,0.024216492242412513,-0.0002468147596560999,0.0,0.0003011648086783114,-0.011095792894559309
4,-0.0007402523463803101,0.0239153274337342,-0.0005479795683344113,-0.0003011648086783114,0.0,-0.01139695770323762
5,0.01065670535685731,0.03531228513697182,0.010848978134903209,0.011095792894559309,0.01139695770323762,0.0
