,zero_shot_baseline,in_context_learning_3-shot,style_information_style_example,chain_of_thought_zero_shot,chain_of_thought_one_shot,self-refine
0,0.0,0.028520624076829287,0.020915208575838895,-0.0010963393225513207,0.007863404743467889,0.0022955342035825
1,-0.028520624076829287,0.0,-0.007605415500990392,-0.029616963399380608,-0.0206572193333614,-0.026225089873246787
2,-0.020915208575838895,0.007605415500990392,0.0,-0.022011547898390216,-0.013051803832371006,-0.018619674372256395
3,0.0010963393225513207,0.029616963399380608,0.022011547898390216,0.0,0.00895974406601921,0.0033918735261338206
4,-0.007863404743467889,0.0206572193333614,0.013051803832371006,-0.00895974406601921,0.0,-0.005567870539885389
5,-0.0022955342035825,0.026225089873246787,0.018619674372256395,-0.0033918735261338206,0.005567870539885389,0.0
