,zero_shot_baseline,in_context_learning_3-shot,style_information_style_example,chain_of_thought_zero_shot,chain_of_thought_one_shot,self-refine
0,0.0,0.0161351993694424,0.006607988635211202,-5.7968335737096366e-05,0.0034609158428327985,-0.013087872605558395
1,-0.0161351993694424,0.0,-0.009527210734231198,-0.016193167705179496,-0.012674283526609601,-0.029223071975000795
2,-0.006607988635211202,0.009527210734231198,0.0,-0.006665956970948298,-0.0031470727923784032,-0.019695861240769597
3,5.7968335737096366e-05,0.016193167705179496,0.006665956970948298,0.0,0.003518884178569895,-0.013029904269821299
4,-0.0034609158428327985,0.012674283526609601,0.0031470727923784032,-0.003518884178569895,0.0,-0.016548788448391194
5,0.013087872605558395,0.029223071975000795,0.019695861240769597,0.013029904269821299,0.016548788448391194,0.0
