,zero_shot_baseline,in_context_learning_3-shot,style_information_style_example,chain_of_thought_zero_shot,chain_of_thought_one_shot,self-refine
0,0.0,-0.0006511804006240005,-0.0007507953285187004,4.3100301570200145e-05,0.0014574233537616998,-0.00022729810163369963
1,0.0006511804006240005,0.0,-9.961492789469992e-05,0.0006942807021942006,0.0021086037543857003,0.0004238822989903008
2,0.0007507953285187004,9.961492789469992e-05,0.0,0.0007938956300889005,0.0022082186822804002,0.0005234972268850007
3,-4.3100301570200145e-05,-0.0006942807021942006,-0.0007938956300889005,0.0,0.0014143230521914997,-0.0002703984032038998
4,-0.0014574233537616998,-0.0021086037543857003,-0.0022082186822804002,-0.0014143230521914997,0.0,-0.0016847214553953995
5,0.00022729810163369963,-0.0004238822989903008,-0.0005234972268850007,0.0002703984032038998,0.0016847214553953995,0.0
