,zero_shot_baseline,in_context_learning_3-shot,style_information_style_example,chain_of_thought_zero_shot,chain_of_thought_one_shot,self-refine
0,0.0,-0.003500827720886397,-0.0024748153978629978,0.0010397360113405044,-0.0056425069637696945,-0.0191806060362786
1,0.003500827720886397,0.0,0.0010260123230233995,0.004540563732226902,-0.0021416792428832973,-0.015679778315392204
2,0.0024748153978629978,-0.0010260123230233995,0.0,0.003514551409203502,-0.0031676915659066968,-0.016705790638415603
3,-0.0010397360113405044,-0.004540563732226902,-0.003514551409203502,0.0,-0.006682242975110199,-0.020220342047619105
4,0.0056425069637696945,0.0021416792428832973,0.0031676915659066968,0.006682242975110199,0.0,-0.013538099072508906
5,0.0191806060362786,0.015679778315392204,0.016705790638415603,0.020220342047619105,0.013538099072508906,0.0
