,zero_shot_baseline,in_context_learning_3-shot,style_information_style_example,chain_of_thought_zero_shot,chain_of_thought_one_shot,self-refine
0,0.0,0.004928095053602005,0.0049488022089492,-0.0005867231583591009,-0.0011863348588322942,-0.0031064651313703964
1,-0.004928095053602005,0.0,2.0707155347195194e-05,-0.005514818211961106,-0.006114429912434299,-0.008034560184972402
2,-0.0049488022089492,-2.0707155347195194e-05,0.0,-0.005535525367308301,-0.0061351370677814945,-0.008055267340319597
3,0.0005867231583591009,0.005514818211961106,0.005535525367308301,0.0,-0.0005996117004731932,-0.0025197419730112955
4,0.0011863348588322942,0.006114429912434299,0.0061351370677814945,0.0005996117004731932,0.0,-0.0019201302725381023
5,0.0031064651313703964,0.008034560184972402,0.008055267340319597,0.0025197419730112955,0.0019201302725381023,0.0
