,zero_shot_baseline,in_context_learning_3-shot,style_information_style_example,chain_of_thought_zero_shot,chain_of_thought_one_shot,self-refine
0,0.0,0.015114797533953103,0.0009611004839950033,0.0023728348835433954,0.006269840253317102,0.002849641627685001
1,-0.015114797533953103,0.0,-0.0141536970499581,-0.012741962650409708,-0.008844957280636001,-0.012265155906268102
2,-0.0009611004839950033,0.0141536970499581,0.0,0.0014117343995483922,0.005308739769322099,0.001888541143689998
3,-0.0023728348835433954,0.012741962650409708,-0.0014117343995483922,0.0,0.0038970053697737067,0.00047680674414160573
4,-0.006269840253317102,0.008844957280636001,-0.005308739769322099,-0.0038970053697737067,0.0,-0.003420198625632101
5,-0.002849641627685001,0.012265155906268102,-0.001888541143689998,-0.00047680674414160573,0.003420198625632101,0.0
