,zero_shot_baseline,in_context_learning_3-shot,style_information_style_example,chain_of_thought_zero_shot,chain_of_thought_one_shot,self-refine
0,0.0,-0.001266427722495217,-0.005291296329270501,-0.00038045637057870785,0.0007157287515061894,-0.010269030900690201
1,0.001266427722495217,0.0,-0.004024868606775284,0.0008859713519165091,0.0019821564740014064,-0.009002603178194984
2,0.005291296329270501,0.004024868606775284,0.0,0.004910839958691793,0.00600702508077669,-0.004977734571419701
3,0.00038045637057870785,-0.0008859713519165091,-0.004910839958691793,0.0,0.0010961851220848973,-0.009888574530111494
4,-0.0007157287515061894,-0.0019821564740014064,-0.00600702508077669,-0.0010961851220848973,0.0,-0.01098475965219639
5,0.010269030900690201,0.009002603178194984,0.004977734571419701,0.009888574530111494,0.01098475965219639,0.0
