,zero_shot_baseline,in_context_learning_3-shot,style_information_style_example,chain_of_thought_zero_shot,chain_of_thought_one_shot,self-refine
0,0.0,0.004111943721464801,0.001276198725679599,3.324544324720055e-05,0.002559018363872099,-0.0008172561220736001
1,-0.004111943721464801,0.0,-0.002835744995785202,-0.0040786982782176,-0.0015529253575927021,-0.004929199843538401
2,-0.001276198725679599,0.002835744995785202,0.0,-0.0012429532824323984,0.0012828196381924999,-0.002093454847753199
3,-3.324544324720055e-05,0.0040786982782176,0.0012429532824323984,0.0,0.0025257729206248983,-0.0008505015653208006
4,-0.002559018363872099,0.0015529253575927021,-0.0012828196381924999,-0.0025257729206248983,0.0,-0.003376274485945699
5,0.0008172561220736001,0.004929199843538401,0.002093454847753199,0.0008505015653208006,0.003376274485945699,0.0
