,mistral,deepseek,llama3.3,qwen72b,qwen32b,qwen14b,solar
0,0.0,0.008561504481122084,0.016853718069908902,-0.019084468676690197,-0.0216766496341462,-0.009457375175344312,-0.016750815192299512
1,-0.008561504481122084,0.0,0.008292213588786818,-0.02764597315781228,-0.030238154115268284,-0.018018879656466397,-0.025312319673421596
2,-0.016853718069908902,-0.008292213588786818,0.0,-0.0359381867465991,-0.0385303677040551,-0.026311093245253214,-0.033604533262208414
3,0.019084468676690197,0.02764597315781228,0.0359381867465991,0.0,-0.002592180957456003,0.009627093501345885,0.0023336534843906853
4,0.0216766496341462,0.030238154115268284,0.0385303677040551,0.002592180957456003,0.0,0.012219274458801888,0.004925834441846688
5,0.009457375175344312,0.018018879656466397,0.026311093245253214,-0.009627093501345885,-0.012219274458801888,0.0,-0.007293440016955199
6,0.016750815192299512,0.025312319673421596,0.033604533262208414,-0.0023336534843906853,-0.004925834441846688,0.007293440016955199,0.0
