,zero_shot_baseline,in_context_learning_3-shot,style_information_style_example,chain_of_thought_zero_shot,chain_of_thought_one_shot,self-refine
0,0.0,-0.0196920389767406,-0.011735575283679495,-0.00013532914504169047,-0.012445521999035508,0.004453842855722506
1,0.0196920389767406,0.0,0.007956463693061105,0.01955670983169891,0.007246516977705092,0.024145881832463106
2,0.011735575283679495,-0.007956463693061105,0.0,0.011600246138637804,-0.0007099467153560135,0.016189418139402
3,0.00013532914504169047,-0.01955670983169891,-0.011600246138637804,0.0,-0.012310192853993818,0.004589172000764197
4,0.012445521999035508,-0.007246516977705092,0.0007099467153560135,0.012310192853993818,0.0,0.016899364854758014
5,-0.004453842855722506,-0.024145881832463106,-0.016189418139402,-0.004589172000764197,-0.016899364854758014,0.0
