,zero_shot_baseline,in_context_learning_3-shot,style_information_style_example,chain_of_thought_zero_shot,chain_of_thought_one_shot,self-refine
0,0.0,0.0014443116643158976,-0.009075432125233207,-9.237006112200463e-05,0.0021485631454281895,-0.0012035478422246088
1,-0.0014443116643158976,0.0,-0.010519743789549105,-0.0015366817254379023,0.0007042514811122919,-0.0026478595065405064
2,0.009075432125233207,0.010519743789549105,0.0,0.008983062064111202,0.011223995270661397,0.007871884283008598
3,9.237006112200463e-05,0.0015366817254379023,-0.008983062064111202,0.0,0.002240933206550194,-0.0011111777811026041
4,-0.0021485631454281895,-0.0007042514811122919,-0.011223995270661397,-0.002240933206550194,0.0,-0.0033521109876527982
5,0.0012035478422246088,0.0026478595065405064,-0.007871884283008598,0.0011111777811026041,0.0033521109876527982,0.0
