,zero_shot_baseline,in_context_learning_3-shot,style_information_style_example,chain_of_thought_zero_shot,chain_of_thought_one_shot,self-refine
0,0.0,0.005104668239510168,0.01707839419334506,0.0018411936561961717,0.016950082367734653,0.03978976607929746
1,-0.005104668239510168,0.0,0.01197372595383489,-0.0032634745833139966,0.011845414128224485,0.03468509783978729
2,-0.01707839419334506,-0.01197372595383489,0.0,-0.015237200537148887,-0.00012831182561040544,0.022711371885952403
3,-0.0018411936561961717,0.0032634745833139966,0.015237200537148887,0.0,0.015108888711538482,0.03794857242310129
4,-0.016950082367734653,-0.011845414128224485,0.00012831182561040544,-0.015108888711538482,0.0,0.022839683711562808
5,-0.03978976607929746,-0.03468509783978729,-0.022711371885952403,-0.03794857242310129,-0.022839683711562808,0.0
