,zero_shot_baseline,in_context_learning_3-shot,style_information_style_example,chain_of_thought_zero_shot,chain_of_thought_one_shot,self-refine
0,0.0,-0.0011842527332904997,0.0012753683441269,-0.00010745640505499966,0.0011239011723879,-0.00018544312409300018
1,0.0011842527332904997,0.0,0.0024596210774173997,0.0010767963282355,0.0023081539056783998,0.0009988096091974995
2,-0.0012753683441269,-0.0024596210774173997,0.0,-0.0013828247491818996,-0.00015146717173899994,-0.0014608114682199001
3,0.00010745640505499966,-0.0010767963282355,0.0013828247491818996,0.0,0.0012313575774428997,-7.798671903800052e-05
4,-0.0011239011723879,-0.0023081539056783998,0.00015146717173899994,-0.0012313575774428997,0.0,-0.0013093442964809002
5,0.00018544312409300018,-0.0009988096091974995,0.0014608114682199001,7.798671903800052e-05,0.0013093442964809002,0.0
