,zero_shot_baseline,in_context_learning_3-shot,style_information_style_example,chain_of_thought_zero_shot,chain_of_thought_one_shot,self-refine
0,0.0,0.028028388194041604,-0.00010078295787990799,-0.0006280997630807028,0.0037506525416773073,0.010815946300800988
1,-0.028028388194041604,0.0,-0.02812917115192151,-0.028656487957122306,-0.024277735652364296,-0.017212441893240615
2,0.00010078295787990799,0.02812917115192151,0.0,-0.0005273168052007948,0.0038514354995572153,0.010916729258680896
3,0.0006280997630807028,0.028656487957122306,0.0005273168052007948,0.0,0.00437875230475801,0.011444046063881691
4,-0.0037506525416773073,0.024277735652364296,-0.0038514354995572153,-0.00437875230475801,0.0,0.007065293759123681
5,-0.010815946300800988,0.017212441893240615,-0.010916729258680896,-0.011444046063881691,-0.007065293759123681,0.0
