,abstracts,news,reviews,qa
0,0.0,-0.0259256655267217,-0.020807180021073297,-0.0271571455780511
1,0.0259256655267217,0.0,0.005118485505648401,-0.0012314800513293991
2,0.020807180021073297,-0.005118485505648401,0.0,-0.0063499655569778
3,0.0271571455780511,0.0012314800513293991,0.0063499655569778,0.0
