,zero_shot_baseline,in_context_learning_3-shot,style_information_style_example,chain_of_thought_zero_shot,chain_of_thought_one_shot,self-refine
0,0.0,0.0476223341086607,0.002427459360389503,-0.0013436554111607019,0.0053260816908701075,-0.022080469727106602
1,-0.0476223341086607,0.0,-0.0451948747482712,-0.0489659895198214,-0.04229625241779059,-0.0697028038357673
2,-0.002427459360389503,0.0451948747482712,0.0,-0.0037711147715502047,0.0028986223304806047,-0.024507929087496105
3,0.0013436554111607019,0.0489659895198214,0.0037711147715502047,0.0,0.006669737102030809,-0.0207368143159459
4,-0.0053260816908701075,0.04229625241779059,-0.0028986223304806047,-0.006669737102030809,0.0,-0.02740655141797671
5,0.022080469727106602,0.0697028038357673,0.024507929087496105,0.0207368143159459,0.02740655141797671,0.0
