,zero_shot_baseline,in_context_learning_3-shot,style_information_style_example,chain_of_thought_zero_shot,chain_of_thought_one_shot,self-refine
0,0.0,0.0027077818459331215,-0.0031987631598934807,0.006879962252459709,-0.0009344430089403,0.01379898088609452
1,-0.0027077818459331215,0.0,-0.005906545005826602,0.004172180406526588,-0.0036422248548734215,0.011091199040161398
2,0.0031987631598934807,0.005906545005826602,0.0,0.01007872541235319,0.0022643201509531807,0.016997744045988
3,-0.006879962252459709,-0.004172180406526588,-0.01007872541235319,0.0,-0.00781440526140001,0.00691901863363481
4,0.0009344430089403,0.0036422248548734215,-0.0022643201509531807,0.00781440526140001,0.0,0.01473342389503482
5,-0.01379898088609452,-0.011091199040161398,-0.016997744045988,-0.00691901863363481,-0.01473342389503482,0.0
