,zero_shot_baseline,in_context_learning_3-shot,style_information_style_example,chain_of_thought_zero_shot,chain_of_thought_one_shot,self-refine
0,0.0,0.0478629110047614,-0.003625781976461906,-0.0011203514834129957,0.0008102215016091013,-0.0316424700407084
1,-0.0478629110047614,0.0,-0.05148869298122331,-0.048983262488174396,-0.0470526895031523,-0.07950538104546981
2,0.003625781976461906,0.05148869298122331,0.0,0.00250543049304891,0.004436003478071007,-0.028016688064246495
3,0.0011203514834129957,0.048983262488174396,-0.00250543049304891,0.0,0.001930572985022097,-0.030522118557295405
4,-0.0008102215016091013,0.0470526895031523,-0.004436003478071007,-0.001930572985022097,0.0,-0.0324526915423175
5,0.0316424700407084,0.07950538104546981,0.028016688064246495,0.030522118557295405,0.0324526915423175,0.0
