,zero_shot_baseline,in_context_learning_3-shot,style_information_style_example,chain_of_thought_zero_shot,chain_of_thought_one_shot,self-refine
0,0.0,-0.008317762415992198,0.004030574068955205,-0.0005704057371128946,-0.012419014395009101,-0.0171080359792126
1,0.008317762415992198,0.0,0.012348336484947403,0.007747356678879304,-0.0041012519790169025,-0.008790273563220402
2,-0.004030574068955205,-0.012348336484947403,0.0,-0.004600979806068099,-0.016449588463964306,-0.021138610048167805
3,0.0005704057371128946,-0.007747356678879304,0.004600979806068099,0.0,-0.011848608657896206,-0.016537630242099706
4,0.012419014395009101,0.0041012519790169025,0.016449588463964306,0.011848608657896206,0.0,-0.0046890215842035
5,0.0171080359792126,0.008790273563220402,0.021138610048167805,0.016537630242099706,0.0046890215842035,0.0
