,abstracts,news,reviews,qa
0,0.0,0.0217258327435583,0.0328207908847189,-0.0122428406975367
1,-0.0217258327435583,0.0,0.011094958141160599,-0.033968673441095
2,-0.0328207908847189,-0.011094958141160599,0.0,-0.0450636315822556
3,0.0122428406975367,0.033968673441095,0.0450636315822556,0.0
