,zero_shot_baseline,in_context_learning_3-shot,style_information_style_example,chain_of_thought_zero_shot,chain_of_thought_one_shot,self-refine
0,0.0,-0.0027619664550355,0.008414132656379001,-0.018482595293137,0.007350288184753001,0.0023244477966829005
1,0.0027619664550355,0.0,0.011176099111414501,-0.0157206288381015,0.010112254639788501,0.0050864142517184005
2,-0.008414132656379001,-0.011176099111414501,0.0,-0.026896727949516,-0.001063844471626,-0.0060896848596961005
3,0.018482595293137,0.0157206288381015,0.026896727949516,0.0,0.02583288347789,0.0208070430898199
4,-0.007350288184753001,-0.010112254639788501,0.001063844471626,-0.02583288347789,0.0,-0.0050258403880701005
5,-0.0023244477966829005,-0.0050864142517184005,0.0060896848596961005,-0.0208070430898199,0.0050258403880701005,0.0
