,zero_shot_baseline,in_context_learning_3-shot,style_information_style_example,chain_of_thought_zero_shot,chain_of_thought_one_shot,self-refine
0,0.0,-0.00026826447006762105,-0.00012740276006322106,-6.627314693567662e-07,-7.007499819860165e-06,-0.00028634454200992106
1,0.00026826447006762105,0.0,0.0001408617100044,0.00026760173859826427,0.0002612569702477609,-1.8080071942300007e-05
2,0.00012740276006322106,-0.0001408617100044,0.0,0.0001267400285938643,0.00012039526024336091,-0.0001589417819467
3,6.627314693567662e-07,-0.00026760173859826427,-0.0001267400285938643,0.0,-6.344768350503399e-06,-0.0002856818105405643
4,7.007499819860165e-06,-0.0002612569702477609,-0.00012039526024336091,6.344768350503399e-06,0.0,-0.0002793370421900609
5,0.00028634454200992106,1.8080071942300007e-05,0.0001589417819467,0.0002856818105405643,0.0002793370421900609,0.0
