,zero_shot_baseline,in_context_learning_3-shot,style_information_style_example,chain_of_thought_zero_shot,chain_of_thought_one_shot,self-refine
0,0.0,-0.006544573183175799,-0.007460716187129901,-0.00044266694946589955,-0.0021362738693504017,-0.0090557351826746
1,0.006544573183175799,0.0,-0.0009161430039541021,0.006101906233709899,0.004408299313825397,-0.002511161999498801
2,0.007460716187129901,0.0009161430039541021,0.0,0.0070180492376640015,0.005324442317779499,-0.001595018995544699
3,0.00044266694946589955,-0.006101906233709899,-0.0070180492376640015,0.0,-0.0016936069198845022,-0.0086130682332087
4,0.0021362738693504017,-0.004408299313825397,-0.005324442317779499,0.0016936069198845022,0.0,-0.006919461313324198
5,0.0090557351826746,0.002511161999498801,0.001595018995544699,0.0086130682332087,0.006919461313324198,0.0
