,abstracts,news,reviews,qa
0,0.0,-0.039594061681145896,-0.013733896604790099,-0.0168950220242103
1,0.039594061681145896,0.0,0.025860165076355798,0.022699039656935597
2,0.013733896604790099,-0.025860165076355798,0.0,-0.0031611254194202007
3,0.0168950220242103,-0.022699039656935597,0.0031611254194202007,0.0
