,zero_shot_baseline,in_context_learning_3-shot,style_information_style_example,chain_of_thought_zero_shot,chain_of_thought_one_shot,self-refine
0,0.0,0.007162516359893095,0.0010828080820599884,0.000133432295140401,-0.0007458814434546934,0.01155804202722771
1,-0.007162516359893095,0.0,-0.006079708277833107,-0.007029084064752694,-0.007908397803347789,0.0043955256673346155
2,-0.0010828080820599884,0.006079708277833107,0.0,-0.0009493757869195873,-0.0018286895255146818,0.010475233945167722
3,-0.000133432295140401,0.007029084064752694,0.0009493757869195873,0.0,-0.0008793137385950944,0.01142460973208731
4,0.0007458814434546934,0.007908397803347789,0.0018286895255146818,0.0008793137385950944,0.0,0.012303923470682404
5,-0.01155804202722771,-0.0043955256673346155,-0.010475233945167722,-0.01142460973208731,-0.012303923470682404,0.0
