,zero_shot_baseline,in_context_learning_3-shot,style_information_style_example,chain_of_thought_zero_shot,chain_of_thought_one_shot,self-refine
0,0.0,-0.006620168647581498,-0.006659308798772717,-0.0005014400203822988,-0.004934153563726507,-0.009249386331965592
1,0.006620168647581498,0.0,-3.9140151191219275e-05,0.006118728627199199,0.0016860150838549914,-0.002629217684384094
2,0.006659308798772717,3.9140151191219275e-05,0.0,0.0061578687783904185,0.0017251552350462107,-0.002590077533192875
3,0.0005014400203822988,-0.006118728627199199,-0.0061578687783904185,0.0,-0.004432713543344208,-0.008747946311583293
4,0.004934153563726507,-0.0016860150838549914,-0.0017251552350462107,0.004432713543344208,0.0,-0.004315232768239086
5,0.009249386331965592,0.002629217684384094,0.002590077533192875,0.008747946311583293,0.004315232768239086,0.0
