,zero_shot_baseline,in_context_learning_3-shot,style_information_style_example,chain_of_thought_zero_shot,chain_of_thought_one_shot,self-refine
0,0.0,-0.0007626103676203963,-0.005200021933063896,-0.0028230993889791986,0.005816084622352703,-0.020650522471565097
1,0.0007626103676203963,0.0,-0.0044374115654435,-0.0020604890213588023,0.0065786949899730995,-0.0198879121039447
2,0.005200021933063896,0.0044374115654435,0.0,0.0023769225440846975,0.0110161065554166,-0.015450500538501201
3,0.0028230993889791986,0.0020604890213588023,-0.0023769225440846975,0.0,0.008639184011331902,-0.0178274230825859
4,-0.005816084622352703,-0.0065786949899730995,-0.0110161065554166,-0.008639184011331902,0.0,-0.0264666070939178
5,0.020650522471565097,0.0198879121039447,0.015450500538501201,0.0178274230825859,0.0264666070939178,0.0
