,zero_shot_baseline,in_context_learning_3-shot,style_information_style_example,chain_of_thought_zero_shot,chain_of_thought_one_shot,self-refine
0,0.0,-0.00013716502782940002,-6.321569589829999e-05,-4.7150875188199995e-05,-4.596710677550001e-05,-0.0033136721305946997
1,0.00013716502782940002,0.0,7.394933193110003e-05,9.001415264120002e-05,9.119792105390001e-05,-0.0031765071027653
2,6.321569589829999e-05,-7.394933193110003e-05,0.0,1.6064820710099992e-05,1.7248589122799977e-05,-0.0032504564346964
3,4.7150875188199995e-05,-9.001415264120002e-05,-1.6064820710099992e-05,0.0,1.1837684126999844e-06,-0.0032665212554065
4,4.596710677550001e-05,-9.119792105390001e-05,-1.7248589122799977e-05,-1.1837684126999844e-06,0.0,-0.0032677050238191997
5,0.0033136721305946997,0.0031765071027653,0.0032504564346964,0.0032665212554065,0.0032677050238191997,0.0
