,abstracts,news,reviews,qa
0,0.0,-0.005620028178160503,-0.004940939891736797,0.0025575177589661005
1,0.005620028178160503,0.0,0.0006790882864237055,0.008177545937126603
2,0.004940939891736797,-0.0006790882864237055,0.0,0.007498457650702898
3,-0.0025575177589661005,-0.008177545937126603,-0.007498457650702898,0.0
