,abstracts,news,reviews,qa
0,0.0,-0.0180584356468296,-0.0018527154952357001,-0.0142854539853899
1,0.0180584356468296,0.0,0.0162057201515939,0.0037729816614397
2,0.0018527154952357001,-0.0162057201515939,0.0,-0.0124327384901542
3,0.0142854539853899,-0.0037729816614397,0.0124327384901542,0.0
