,zero_shot_baseline,in_context_learning_3-shot,style_information_style_example,chain_of_thought_zero_shot,chain_of_thought_one_shot,self-refine
0,0.0,0.0427309011066498,-0.0024507962563613955,0.001211503738962602,-0.004664494429186497,-0.028434328383963592
1,-0.0427309011066498,0.0,-0.0451816973630112,-0.0415193973676872,-0.0473953955358363,-0.0711652294906134
2,0.0024507962563613955,0.0451816973630112,0.0,0.0036622999953239976,-0.0022136981728251015,-0.025983532127602196
3,-0.001211503738962602,0.0415193973676872,-0.0036622999953239976,0.0,-0.005875998168149099,-0.029645832122926194
4,0.004664494429186497,0.0473953955358363,0.0022136981728251015,0.005875998168149099,0.0,-0.023769833954777095
5,0.028434328383963592,0.0711652294906134,0.025983532127602196,0.029645832122926194,0.023769833954777095,0.0
