,zero_shot_baseline,in_context_learning_3-shot,style_information_style_example,chain_of_thought_zero_shot,chain_of_thought_one_shot,self-refine
0,0.0,0.02751527112178409,-0.018479690108516217,0.012776692295961789,0.0027466721326779853,0.042921624637570294
1,-0.02751527112178409,0.0,-0.04599496123030031,-0.014738578825822302,-0.024768598989106105,0.015406353515786203
2,0.018479690108516217,0.04599496123030031,0.0,0.031256382404478006,0.021226362241194202,0.06140131474608651
3,-0.012776692295961789,0.014738578825822302,-0.031256382404478006,0.0,-0.010030020163283804,0.030144932341608505
4,-0.0027466721326779853,0.024768598989106105,-0.021226362241194202,0.010030020163283804,0.0,0.04017495250489231
5,-0.042921624637570294,-0.015406353515786203,-0.06140131474608651,-0.030144932341608505,-0.04017495250489231,0.0
