,mistral,deepseek,llama3.3,qwen72b,qwen32b,qwen14b,solar
0,0.0,4.975270146180023e-05,-0.0025566275036279004,0.0004935927865649999,0.001048259482127,-0.00044195275633289975,-0.0032671541144957995
1,-4.975270146180023e-05,0.0,-0.0026063802050897006,0.0004438400851031997,0.0009985067806651997,-0.0004917054577947,-0.0033169068159575998
2,0.0025566275036279004,0.0026063802050897006,0.0,0.0030502202901929003,0.0036048869857549003,0.0021146747472950006,-0.0007105266108678992
3,-0.0004935927865649999,-0.0004438400851031997,-0.0030502202901929003,0.0,0.000554666695562,-0.0009355455428978997,-0.0037607469010607995
4,-0.001048259482127,-0.0009985067806651997,-0.0036048869857549003,-0.000554666695562,0.0,-0.0014902122384598997,-0.0043154135966227995
5,0.00044195275633289975,0.0004917054577947,-0.0021146747472950006,0.0009355455428978997,0.0014902122384598997,0.0,-0.0028252013581629
6,0.0032671541144957995,0.0033169068159575998,0.0007105266108678992,0.0037607469010607995,0.0043154135966227995,0.0028252013581629,0.0
