,zero_shot_baseline,in_context_learning_3-shot,style_information_style_example,chain_of_thought_zero_shot,chain_of_thought_one_shot,self-refine
0,0.0,-0.011184853174365905,-0.010787999618047384,0.0010834772627846823,-0.008523744491999885,0.004076505983632794
1,0.011184853174365905,0.0,0.0003968535563185216,0.012268330437150587,0.00266110868236602,0.0152613591579987
2,0.010787999618047384,-0.0003968535563185216,0.0,0.011871476880832066,0.0022642551260474986,0.014864505601680178
3,-0.0010834772627846823,-0.012268330437150587,-0.011871476880832066,0.0,-0.009607221754784567,0.002993028720848112
4,0.008523744491999885,-0.00266110868236602,-0.0022642551260474986,0.009607221754784567,0.0,0.01260025047563268
5,-0.004076505983632794,-0.0152613591579987,-0.014864505601680178,-0.002993028720848112,-0.01260025047563268,0.0
