,zero_shot_baseline,in_context_learning_3-shot,style_information_style_example,chain_of_thought_zero_shot,chain_of_thought_one_shot,self-refine
0,0.0,0.023801322229139887,-0.0025357360817754027,0.0008889493748291954,0.004557933031714284,0.009440560914864199
1,-0.023801322229139887,0.0,-0.02633705831091529,-0.022912372854310692,-0.019243389197425603,-0.014360761314275688
2,0.0025357360817754027,0.02633705831091529,0.0,0.003424685456604598,0.007093669113489687,0.011976296996639602
3,-0.0008889493748291954,0.022912372854310692,-0.003424685456604598,0.0,0.0036689836568850887,0.008551611540035003
4,-0.004557933031714284,0.019243389197425603,-0.007093669113489687,-0.0036689836568850887,0.0,0.004882627883149915
5,-0.009440560914864199,0.014360761314275688,-0.011976296996639602,-0.008551611540035003,-0.004882627883149915,0.0
