,zero_shot_baseline,in_context_learning_3-shot,style_information_style_example,chain_of_thought_zero_shot,chain_of_thought_one_shot,self-refine
0,0.0,-0.003510961499003401,-0.0023810263371931983,-0.001117738098537796,-0.0018331121434033981,-0.002719873369411402
1,0.003510961499003401,0.0,0.0011299351618102027,0.002393223400465605,0.001677849355600003,0.0007910881295919991
2,0.0023810263371931983,-0.0011299351618102027,0.0,0.0012632882386554023,0.0005479141937898002,-0.00033884703221820356
3,0.001117738098537796,-0.002393223400465605,-0.0012632882386554023,0.0,-0.0007153740448656021,-0.0016021352708736059
4,0.0018331121434033981,-0.001677849355600003,-0.0005479141937898002,0.0007153740448656021,0.0,-0.0008867612260080038
5,0.002719873369411402,-0.0007910881295919991,0.00033884703221820356,0.0016021352708736059,0.0008867612260080038,0.0
