,zero_shot_baseline,in_context_learning_3-shot,style_information_style_example,chain_of_thought_zero_shot,chain_of_thought_one_shot,self-refine
0,0.0,0.019059818267004813,-0.022037758311135885,0.015640517375973995,-5.584572980110725e-06,0.02044200601739271
1,-0.019059818267004813,0.0,-0.0410975765781407,-0.0034193008910308187,-0.019065402839984924,0.0013821877503878977
2,0.022037758311135885,0.0410975765781407,0.0,0.03767827568710988,0.022032173738155775,0.042479764328528596
3,-0.015640517375973995,0.0034193008910308187,-0.03767827568710988,0.0,-0.015646101948954105,0.004801488641418716
4,5.584572980110725e-06,0.019065402839984924,-0.022032173738155775,0.015646101948954105,0.0,0.02044759059037282
5,-0.02044200601739271,-0.0013821877503878977,-0.042479764328528596,-0.004801488641418716,-0.02044759059037282,0.0
