,zero_shot_baseline,in_context_learning_3-shot,style_information_style_example,chain_of_thought_zero_shot,chain_of_thought_one_shot,self-refine
0,0.0,-0.008933630218003398,-0.007466978685606598,-0.0015586812270668993,-0.002323650590783398,-0.006339745981695795
1,0.008933630218003398,0.0,0.0014666515323967996,0.007374948990936499,0.00660997962722,0.002593884236307603
2,0.007466978685606598,-0.0014666515323967996,0.0,0.005908297458539699,0.0051433280948232005,0.0011272327039108035
3,0.0015586812270668993,-0.007374948990936499,-0.005908297458539699,0.0,-0.0007649693637164987,-0.004781064754628896
4,0.002323650590783398,-0.00660997962722,-0.0051433280948232005,0.0007649693637164987,0.0,-0.004016095390912397
5,0.006339745981695795,-0.002593884236307603,-0.0011272327039108035,0.004781064754628896,0.004016095390912397,0.0
