,zero_shot_baseline,in_context_learning_3-shot,style_information_style_example,chain_of_thought_zero_shot,chain_of_thought_one_shot,self-refine
0,0.0,-0.0038495555873804006,0.0027483132719834987,0.0012173699291703997,0.001995806608339699,0.002889552989767499
1,0.0038495555873804006,0.0,0.006597868859363899,0.0050669255165508,0.0058453621957201,0.0067391085771478995
2,-0.0027483132719834987,-0.006597868859363899,0.0,-0.001530943342813099,-0.0007525066636437996,0.00014123971778400024
3,-0.0012173699291703997,-0.0050669255165508,0.001530943342813099,0.0,0.0007784366791692993,0.0016721830605970992
4,-0.001995806608339699,-0.0058453621957201,0.0007525066636437996,-0.0007784366791692993,0.0,0.0008937463814277999
5,-0.002889552989767499,-0.0067391085771478995,-0.00014123971778400024,-0.0016721830605970992,-0.0008937463814277999,0.0
