,mistral,deepseek,llama3.3,qwen72b,qwen32b,qwen14b,solar
0,0.0,-0.002939060261842402,-0.0042631202095274046,-0.002133560565744305,0.004427330912143396,0.004692113776551696,-0.003317126153041
1,0.002939060261842402,0.0,-0.0013240599476850023,0.000805499696098097,0.007366391173985798,0.007631174038394098,-0.0003780658911985979
2,0.0042631202095274046,0.0013240599476850023,0.0,0.0021295596437830994,0.0086904511216708,0.0089552339860791,0.0009459940564864044
3,0.002133560565744305,-0.000805499696098097,-0.0021295596437830994,0.0,0.006560891477887701,0.006825674342296001,-0.001183565587296695
4,-0.004427330912143396,-0.007366391173985798,-0.0086904511216708,-0.006560891477887701,0.0,0.0002647828644083,-0.007744457065184396
5,-0.004692113776551696,-0.007631174038394098,-0.0089552339860791,-0.006825674342296001,-0.0002647828644083,0.0,-0.008009239929592696
6,0.003317126153041,0.0003780658911985979,-0.0009459940564864044,0.001183565587296695,0.007744457065184396,0.008009239929592696,0.0
