,zero_shot_baseline,in_context_learning_3-shot,style_information_style_example,chain_of_thought_zero_shot,chain_of_thought_one_shot,self-refine
0,0.0,-0.0006816854046919002,0.00013646291496819968,-5.978526966000583e-06,0.0033419548061122996,0.0013565030199378996
1,0.0006816854046919002,0.0,0.0008181483196600999,0.0006757068777258997,0.0040236402108042,0.0020381884246298
2,-0.00013646291496819968,-0.0008181483196600999,0.0,-0.00014244144193420027,0.0032054918911441,0.0012200401049697
3,5.978526966000583e-06,-0.0006757068777258997,0.00014244144193420027,0.0,0.0033479333330783,0.0013624815469039002
4,-0.0033419548061122996,-0.0040236402108042,-0.0032054918911441,-0.0033479333330783,0.0,-0.0019854517861744
5,-0.0013565030199378996,-0.0020381884246298,-0.0012200401049697,-0.0013624815469039002,0.0019854517861744,0.0
