,zero_shot_baseline,in_context_learning_3-shot,style_information_style_example,chain_of_thought_zero_shot,chain_of_thought_one_shot,self-refine
0,0.0,-0.0032692507573681695,0.010310281426980927,-0.0010367870485289976,0.014215530356625039,0.008269631948085443
1,0.0032692507573681695,0.0,0.013579532184349097,0.002232463708839172,0.01748478111399321,0.011538882705453612
2,-0.010310281426980927,-0.013579532184349097,0.0,-0.011347068475509925,0.0039052489296441117,-0.0020406494788954843
3,0.0010367870485289976,-0.002232463708839172,0.011347068475509925,0.0,0.015252317405154037,0.00930641899661444
4,-0.014215530356625039,-0.01748478111399321,-0.0039052489296441117,-0.015252317405154037,0.0,-0.005945898408539596
5,-0.008269631948085443,-0.011538882705453612,0.0020406494788954843,-0.00930641899661444,0.005945898408539596,0.0
