,zero_shot_baseline,in_context_learning_3-shot,style_information_style_example,chain_of_thought_zero_shot,chain_of_thought_one_shot,self-refine
0,0.0,-0.005898410676748192,-0.008258131933746402,0.0016103846266660032,-0.006657911903188388,0.011458894981770301
1,0.005898410676748192,0.0,-0.0023597212569982096,0.007508795303414195,-0.0007595012264401957,0.017357305658518493
2,0.008258131933746402,0.0023597212569982096,0.0,0.009868516560412405,0.0016002200305580139,0.019717026915516703
3,-0.0016103846266660032,-0.007508795303414195,-0.009868516560412405,0.0,-0.008268296529854391,0.009848510355104298
4,0.006657911903188388,0.0007595012264401957,-0.0016002200305580139,0.008268296529854391,0.0,0.01811680688495869
5,-0.011458894981770301,-0.017357305658518493,-0.019717026915516703,-0.009848510355104298,-0.01811680688495869,0.0
