,zero_shot_baseline,in_context_learning_3-shot,style_information_style_example,chain_of_thought_zero_shot,chain_of_thought_one_shot,self-refine
0,0.0,0.0105883398084482,0.011625188319959012,0.00441217143104472,-0.00925453637749818,0.03113231610113698
1,-0.0105883398084482,0.0,0.0010368485115108128,-0.006176168377403479,-0.01984287618594638,0.02054397629268878
2,-0.011625188319959012,-0.0010368485115108128,0.0,-0.007213016888914292,-0.02087972469745719,0.01950712778117797
3,-0.00441217143104472,0.006176168377403479,0.007213016888914292,0.0,-0.0136667078085429,0.02672014467009226
4,0.00925453637749818,0.01984287618594638,0.02087972469745719,0.0136667078085429,0.0,0.04038685247863516
5,-0.03113231610113698,-0.02054397629268878,-0.01950712778117797,-0.02672014467009226,-0.04038685247863516,0.0
