,zero_shot_baseline,in_context_learning_3-shot,style_information_style_example,chain_of_thought_zero_shot,chain_of_thought_one_shot,self-refine
0,0.0,-0.002580900847710607,-0.0051213095748275095,-0.001230664234006501,-0.005132996865433101,0.0045306123947986
1,0.002580900847710607,0.0,-0.0025404087271169024,0.001350236613704106,-0.002552096017722494,0.007111513242509207
2,0.0051213095748275095,0.0025404087271169024,0.0,0.0038906453408210084,-1.1687290605591483e-05,0.00965192196962611
3,0.001230664234006501,-0.001350236613704106,-0.0038906453408210084,0.0,-0.0039023326314266,0.005761276628805101
4,0.005132996865433101,0.002552096017722494,1.1687290605591483e-05,0.0039023326314266,0.0,0.0096636092602317
5,-0.0045306123947986,-0.007111513242509207,-0.00965192196962611,-0.005761276628805101,-0.0096636092602317,0.0
