,zero_shot_baseline,in_context_learning_3-shot,style_information_style_example,chain_of_thought_zero_shot,chain_of_thought_one_shot,self-refine
0,0.0,-0.0060589307224922,-0.0163812211661113,-0.00023311022579660008,-0.015729296793609703,-0.022806769804301304
1,0.0060589307224922,0.0,-0.010322290443619101,0.0058258204966956,-0.0096703660711175,-0.0167478390818091
2,0.0163812211661113,0.010322290443619101,0.0,0.0161481109403147,0.0006519243725016007,-0.0064255486381900005
3,0.00023311022579660008,-0.0058258204966956,-0.0161481109403147,0.0,-0.0154961865678131,-0.022573659578504702
4,0.015729296793609703,0.0096703660711175,-0.0006519243725016007,0.0154961865678131,0.0,-0.007077473010691601
5,0.022806769804301304,0.0167478390818091,0.0064255486381900005,0.022573659578504702,0.007077473010691601,0.0
