,zero_shot_baseline,in_context_learning_3-shot,style_information_style_example,chain_of_thought_zero_shot,chain_of_thought_one_shot,self-refine
0,0.0,-0.0019158387894069005,-0.0003834493985720999,-9.496143697909978e-05,-0.0022333601002569,-0.006855640641757001
1,0.0019158387894069005,0.0,0.0015323893908348006,0.0018208773524278007,-0.0003175213108499997,-0.004939801852350101
2,0.0003834493985720999,-0.0015323893908348006,0.0,0.00028848796159300014,-0.0018499107016848003,-0.0064721912431849014
3,9.496143697909978e-05,-0.0018208773524278007,-0.00028848796159300014,0.0,-0.0021383986632778004,-0.006760679204777902
4,0.0022333601002569,0.0003175213108499997,0.0018499107016848003,0.0021383986632778004,0.0,-0.004622280541500101
5,0.006855640641757001,0.004939801852350101,0.0064721912431849014,0.006760679204777902,0.004622280541500101,0.0
