,zero_shot_baseline,in_context_learning_3-shot,style_information_style_example,chain_of_thought_zero_shot,chain_of_thought_one_shot,self-refine
0,0.0,-0.0002390713035641,-0.0005568319703875,-5.046498202059999e-05,4.9676887641028974e-05,-0.0013577825940313
1,0.0002390713035641,0.0,-0.00031776066682340004,0.0001886063215435,0.000288748191205129,-0.0011187112904671999
2,0.0005568319703875,0.00031776066682340004,0.0,0.0005063669883669001,0.000606508858028529,-0.0008009506236437999
3,5.046498202059999e-05,-0.0001886063215435,-0.0005063669883669001,0.0,0.00010014186966162897,-0.0013073176120107
4,-4.9676887641028974e-05,-0.000288748191205129,-0.000606508858028529,-0.00010014186966162897,0.0,-0.001407459481672329
5,0.0013577825940313,0.0011187112904671999,0.0008009506236437999,0.0013073176120107,0.001407459481672329,0.0
