,abstracts,news,reviews,qa
0,0.0,-0.036734765727229106,-0.0317460594041846,-0.028177172975765802
1,0.036734765727229106,0.0,0.0049887063230445,0.0085575927514633
2,0.0317460594041846,-0.0049887063230445,0.0,0.0035688864284188
3,0.028177172975765802,-0.0085575927514633,-0.0035688864284188,0.0
