,zero_shot_baseline,in_context_learning_3-shot,style_information_style_example,chain_of_thought_zero_shot,chain_of_thought_one_shot,self-refine
0,0.0,0.004303921279511104,0.0038135601708398983,0.00011449013976819883,0.008794406615571904,-0.005586411002088898
1,-0.004303921279511104,0.0,-0.0004903611086712056,-0.004189431139742905,0.0044904853360608,-0.009890332281600002
2,-0.0038135601708398983,0.0004903611086712056,0.0,-0.0036990700310716995,0.004980846444732005,-0.009399971172928796
3,-0.00011449013976819883,0.004189431139742905,0.0036990700310716995,0.0,0.008679916475803705,-0.005700901141857097
4,-0.008794406615571904,-0.0044904853360608,-0.004980846444732005,-0.008679916475803705,0.0,-0.014380817617660802
5,0.005586411002088898,0.009890332281600002,0.009399971172928796,0.005700901141857097,0.014380817617660802,0.0
