,zero_shot_baseline,in_context_learning_3-shot,style_information_style_example,chain_of_thought_zero_shot,chain_of_thought_one_shot,self-refine
0,0.0,0.010791053724124408,0.0006362144356911043,-3.097332381520046e-05,-0.011747890722774185,-0.00017874085410349294
1,-0.010791053724124408,0.0,-0.010154839288433304,-0.010822027047939609,-0.022538944446898593,-0.010969794578227901
2,-0.0006362144356911043,0.010154839288433304,0.0,-0.0006671877595063047,-0.012384105158465289,-0.0008149552897945972
3,3.097332381520046e-05,0.010822027047939609,0.0006671877595063047,0.0,-0.011716917398958984,-0.00014776753028829248
4,0.011747890722774185,0.022538944446898593,0.012384105158465289,0.011716917398958984,0.0,0.011569149868670692
5,0.00017874085410349294,0.010969794578227901,0.0008149552897945972,0.00014776753028829248,-0.011569149868670692,0.0
