,zero_shot_baseline,in_context_learning_3-shot,style_information_style_example,chain_of_thought_zero_shot,chain_of_thought_one_shot,self-refine
0,0.0,0.01295116895560601,-0.012539038821675091,0.012711668422821204,0.0002752406224286047,0.011282759319442101
1,-0.01295116895560601,0.0,-0.0254902077772811,-0.00023950053278480599,-0.012675928333177405,-0.001668409636163909
2,0.012539038821675091,0.0254902077772811,0.0,0.025250707244496295,0.012814279444103696,0.023821798141117193
3,-0.012711668422821204,0.00023950053278480599,-0.025250707244496295,0.0,-0.0124364278003926,-0.001428909103379103
4,-0.0002752406224286047,0.012675928333177405,-0.012814279444103696,0.0124364278003926,0.0,0.011007518697013496
5,-0.011282759319442101,0.001668409636163909,-0.023821798141117193,0.001428909103379103,-0.011007518697013496,0.0
