,zero_shot_baseline,in_context_learning_3-shot,style_information_style_example,chain_of_thought_zero_shot,chain_of_thought_one_shot,self-refine
0,0.0,0.009460340141623294,-0.0237069314854539,-0.007317147016096398,-0.0225921430934147,-0.05451237846784329
1,-0.009460340141623294,0.0,-0.033167271627077194,-0.016777487157719692,-0.032052483235037996,-0.06397271860946659
2,0.0237069314854539,0.033167271627077194,0.0,0.016389784469357502,0.0011147883920391982,-0.030805446982389392
3,0.007317147016096398,0.016777487157719692,-0.016389784469357502,0.0,-0.015274996077318304,-0.047195231451746894
4,0.0225921430934147,0.032052483235037996,-0.0011147883920391982,0.015274996077318304,0.0,-0.03192023537442859
5,0.05451237846784329,0.06397271860946659,0.030805446982389392,0.047195231451746894,0.03192023537442859,0.0
