,zero_shot_baseline,in_context_learning_3-shot,style_information_style_example,chain_of_thought_zero_shot,chain_of_thought_one_shot,self-refine
0,0.0,0.011549609852069598,0.011910526842425197,-0.00048013528297600333,-0.0009994278111724042,0.0032211471993649973
1,-0.011549609852069598,0.0,0.00036091699035559893,-0.012029745135045601,-0.012549037663242002,-0.0083284626527046
2,-0.011910526842425197,-0.00036091699035559893,0.0,-0.0123906621254012,-0.012909954653597601,-0.0086893796430602
3,0.00048013528297600333,0.012029745135045601,0.0123906621254012,0.0,-0.0005192925281964009,0.0037012824823410007
4,0.0009994278111724042,0.012549037663242002,0.012909954653597601,0.0005192925281964009,0.0,0.0042205750105374015
5,-0.0032211471993649973,0.0083284626527046,0.0086893796430602,-0.0037012824823410007,-0.0042205750105374015,0.0
