,zero_shot_baseline,in_context_learning_3-shot,style_information_style_example,chain_of_thought_zero_shot,chain_of_thought_one_shot,self-refine
0,0.0,0.027786892516021497,0.0026869050040027043,0.0024705219991068977,0.006174089711805206,0.0083687446956493
1,-0.027786892516021497,0.0,-0.025099987512018793,-0.0253163705169146,-0.02161280280421629,-0.019418147820372197
2,-0.0026869050040027043,0.025099987512018793,0.0,-0.00021638300489580653,0.0034871847078025014,0.005681839691646595
3,-0.0024705219991068977,0.0253163705169146,0.00021638300489580653,0.0,0.003703567712698308,0.005898222696542402
4,-0.006174089711805206,0.02161280280421629,-0.0034871847078025014,-0.003703567712698308,0.0,0.0021946549838440937
5,-0.0083687446956493,0.019418147820372197,-0.005681839691646595,-0.005898222696542402,-0.0021946549838440937,0.0
