,zero_shot_baseline,in_context_learning_3-shot,style_information_style_example,chain_of_thought_zero_shot,chain_of_thought_one_shot,self-refine
0,0.0,-0.0030810098664691993,0.0014330771051377002,0.00013809825715319947,0.0016045057486927007,-0.0006701478344580004
1,0.0030810098664691993,0.0,0.0045140869716069,0.003219108123622399,0.0046855156151619,0.002410862032011199
2,-0.0014330771051377002,-0.0045140869716069,0.0,-0.0012949788479845008,0.00017142864355500047,-0.0021032249395957006
3,-0.00013809825715319947,-0.003219108123622399,0.0012949788479845008,0.0,0.0014664074915395012,-0.0008082460916111998
4,-0.0016045057486927007,-0.0046855156151619,-0.00017142864355500047,-0.0014664074915395012,0.0,-0.002274653583150701
5,0.0006701478344580004,-0.002410862032011199,0.0021032249395957006,0.0008082460916111998,0.002274653583150701,0.0
