,zero_shot_baseline,in_context_learning_3-shot,style_information_style_example,chain_of_thought_zero_shot,chain_of_thought_one_shot,self-refine
0,0.0,-0.0013935698128798996,-0.0001327829247072948,0.001239656978898003,-0.00016227942816270102,-0.020910722342807594
1,0.0013935698128798996,0.0,0.0012607868881726048,0.0026332267917779026,0.0012312903847171985,-0.019517152529927695
2,0.0001327829247072948,-0.0012607868881726048,0.0,0.0013724399036052978,-2.949650345540622e-05,-0.0207779394181003
3,-0.001239656978898003,-0.0026332267917779026,-0.0013724399036052978,0.0,-0.001401936407060704,-0.022150379321705597
4,0.00016227942816270102,-0.0012312903847171985,2.949650345540622e-05,0.001401936407060704,0.0,-0.020748442914644893
5,0.020910722342807594,0.019517152529927695,0.0207779394181003,0.022150379321705597,0.020748442914644893,0.0
