,zero_shot_baseline,in_context_learning_3-shot,style_information_style_example,chain_of_thought_zero_shot,chain_of_thought_one_shot,self-refine
0,0.0,0.0239831589495626,-0.009125531608866796,0.008846057272452607,0.0002409646789676978,-0.0035906163143894915
1,-0.0239831589495626,0.0,-0.033108690558429396,-0.015137101677109993,-0.023742194270594902,-0.02757377526395209
2,0.009125531608866796,0.033108690558429396,0.0,0.017971588881319403,0.009366496287834494,0.005534915294477305
3,-0.008846057272452607,0.015137101677109993,-0.017971588881319403,0.0,-0.008605092593484909,-0.012436673586842098
4,-0.0002409646789676978,0.023742194270594902,-0.009366496287834494,0.008605092593484909,0.0,-0.0038315809933571893
5,0.0035906163143894915,0.02757377526395209,-0.005534915294477305,0.012436673586842098,0.0038315809933571893,0.0
