,zero_shot_baseline,in_context_learning_3-shot,style_information_style_example,chain_of_thought_zero_shot,chain_of_thought_one_shot,self-refine
0,0.0,0.0008752917653984012,-0.0018686908568726,-0.001454681521557602,-0.0005045154045510009,0.002781532847456601
1,-0.0008752917653984012,0.0,-0.002743982622271001,-0.002329973286956003,-0.001379807169949402,0.0019062410820582
2,0.0018686908568726,0.002743982622271001,0.0,0.0004140093353149979,0.001364175452321599,0.004650223704329201
3,0.001454681521557602,0.002329973286956003,-0.0004140093353149979,0.0,0.0009501661170066011,0.004236214369014203
4,0.0005045154045510009,0.001379807169949402,-0.001364175452321599,-0.0009501661170066011,0.0,0.003286048252007602
5,-0.002781532847456601,-0.0019062410820582,-0.004650223704329201,-0.004236214369014203,-0.003286048252007602,0.0
