,zero_shot_baseline,in_context_learning_3-shot,style_information_style_example,chain_of_thought_zero_shot,chain_of_thought_one_shot,self-refine
0,0.0,0.007377892165785188,-0.014348381393532506,0.030665491782529503,-0.0009689955833150077,0.0254149728502443
1,-0.007377892165785188,0.0,-0.021726273559317694,0.023287599616744314,-0.008346887749100196,0.01803708068445911
2,0.014348381393532506,0.021726273559317694,0.0,0.04501387317606201,0.013379385810217498,0.039763354243776805
3,-0.030665491782529503,-0.023287599616744314,-0.04501387317606201,0.0,-0.03163448736584451,-0.005250518932285203
4,0.0009689955833150077,0.008346887749100196,-0.013379385810217498,0.03163448736584451,0.0,0.026383968433559307
5,-0.0254149728502443,-0.01803708068445911,-0.039763354243776805,0.005250518932285203,-0.026383968433559307,0.0
