,zero_shot_baseline,in_context_learning_3-shot,style_information_style_example,chain_of_thought_zero_shot,chain_of_thought_one_shot,self-refine
0,0.0,-0.0007524550787925965,-0.012875159425168287,-0.008483067222410795,-0.012700115640482207,0.006269888411092106
1,0.0007524550787925965,0.0,-0.01212270434637569,-0.0077306121436181985,-0.01194766056168961,0.007022343489884703
2,0.012875159425168287,0.01212270434637569,0.0,0.004392092202757492,0.00017504378468607973,0.019145047836260393
3,0.008483067222410795,0.0077306121436181985,-0.004392092202757492,0.0,-0.004217048418071412,0.014752955633502901
4,0.012700115640482207,0.01194766056168961,-0.00017504378468607973,0.004217048418071412,0.0,0.018970004051574313
5,-0.006269888411092106,-0.007022343489884703,-0.019145047836260393,-0.014752955633502901,-0.018970004051574313,0.0
