,mistral,deepseek,llama3.3,qwen72b,qwen32b,qwen14b,solar
0,0.0,-0.005646187016092902,-0.019842045911982596,0.0100339741517168,0.0105617701691934,0.0096807755184345,0.005728620765048202
1,0.005646187016092902,0.0,-0.014195858895889694,0.0156801611678097,0.016207957185286302,0.015326962534527401,0.011374807781141104
2,0.019842045911982596,0.014195858895889694,0.0,0.029876020063699396,0.030403816081175997,0.029522821430417096,0.0255706666770308
3,-0.0100339741517168,-0.0156801611678097,-0.029876020063699396,0.0,0.0005277960174766005,-0.0003531986332823006,-0.004305353386668598
4,-0.0105617701691934,-0.016207957185286302,-0.030403816081175997,-0.0005277960174766005,0.0,-0.0008809946507589012,-0.004833149404145198
5,-0.0096807755184345,-0.015326962534527401,-0.029522821430417096,0.0003531986332823006,0.0008809946507589012,0.0,-0.003952154753386297
6,-0.005728620765048202,-0.011374807781141104,-0.0255706666770308,0.004305353386668598,0.004833149404145198,0.003952154753386297,0.0
