,zero_shot_baseline,in_context_learning_3-shot,style_information_style_example,chain_of_thought_zero_shot,chain_of_thought_one_shot,self-refine
0,0.0,0.0007986023680641025,-0.0025616279222013955,-8.994604365229752e-05,0.003893041462962602,-0.005671365460675898
1,-0.0007986023680641025,0.0,-0.003360230290265498,-0.0008885484117164,0.0030944390948984997,-0.00646996782874
2,0.0025616279222013955,0.003360230290265498,0.0,0.002471681878549098,0.006454669385163998,-0.0031097375384745024
3,8.994604365229752e-05,0.0008885484117164,-0.002471681878549098,0.0,0.0039829875066149,-0.0055814194170236
4,-0.003893041462962602,-0.0030944390948984997,-0.006454669385163998,-0.0039829875066149,0.0,-0.0095644069236385
5,0.005671365460675898,0.00646996782874,0.0031097375384745024,0.0055814194170236,0.0095644069236385,0.0
