,zero_shot_baseline,in_context_learning_3-shot,style_information_style_example,chain_of_thought_zero_shot,chain_of_thought_one_shot,self-refine
0,0.0,-0.0004141572211090937,-1.6095967077596e-06,3.3167495854063e-06,3.3167495854063e-06,-0.00020216022692279368
1,0.0004141572211090937,0.0,0.0004125476244013341,0.0004174739706945,0.0004174739706945,0.0002119969941863
2,1.6095967077596e-06,-0.0004125476244013341,0.0,4.9263462931659e-06,4.9263462931659e-06,-0.0002005506302150341
3,-3.3167495854063e-06,-0.0004174739706945,-4.9263462931659e-06,0.0,0.0,-0.0002054769765082
4,-3.3167495854063e-06,-0.0004174739706945,-4.9263462931659e-06,0.0,0.0,-0.0002054769765082
5,0.00020216022692279368,-0.0002119969941863,0.0002005506302150341,0.0002054769765082,0.0002054769765082,0.0
