,zero_shot_baseline,in_context_learning_3-shot,style_information_style_example,chain_of_thought_zero_shot,chain_of_thought_one_shot,self-refine
0,0.0,-0.012792807668678602,-0.011644669756622011,0.0048412867232078965,-0.022832027852946205,-0.011181041526251809
1,0.012792807668678602,0.0,0.0011481379120565904,0.0176340943918865,-0.010039220184267603,0.0016117661424267932
2,0.011644669756622011,-0.0011481379120565904,0.0,0.016485956479829908,-0.011187358096324193,0.00046362823037020273
3,-0.0048412867232078965,-0.0176340943918865,-0.016485956479829908,0.0,-0.0276733145761541,-0.016022328249459705
4,0.022832027852946205,0.010039220184267603,0.011187358096324193,0.0276733145761541,0.0,0.011650986326694396
5,0.011181041526251809,-0.0016117661424267932,-0.00046362823037020273,0.016022328249459705,-0.011650986326694396,0.0
