,abstracts,news,reviews,qa
0,0.0,-0.011786785992096996,-0.0116802690871644,-0.0014357884310908994
1,0.011786785992096996,0.0,0.00010651690493259508,0.010350997561006096
2,0.0116802690871644,-0.00010651690493259508,0.0,0.010244480656073501
3,0.0014357884310908994,-0.010350997561006096,-0.010244480656073501,0.0
