,zero_shot_baseline,in_context_learning_3-shot,style_information_style_example,chain_of_thought_zero_shot,chain_of_thought_one_shot,self-refine
0,0.0,0.00012616122501680002,0.00023145771444995483,0.00011412309816420001,0.00020294269098895159,-1.3627072129899977e-05
1,-0.00012616122501680002,0.0,0.00010529648943315481,-1.2038126852600007e-05,7.678146597215157e-05,-0.0001397882971467
2,-0.00023145771444995483,-0.00010529648943315481,0.0,-0.00011733461628575482,-2.8515023461003255e-05,-0.0002450847865798548
3,-0.00011412309816420001,1.2038126852600007e-05,0.00011733461628575482,0.0,8.881959282475157e-05,-0.0001277501702941
4,-0.00020294269098895159,-7.678146597215157e-05,2.8515023461003255e-05,-8.881959282475157e-05,0.0,-0.00021656976311885156
5,1.3627072129899977e-05,0.0001397882971467,0.0002450847865798548,0.0001277501702941,0.00021656976311885156,0.0
