,abstracts,news,reviews,qa
0,0.0,0.0048247296691252,0.0075523072433273,-0.0129560714934615
1,-0.0048247296691252,0.0,0.002727577574202099,-0.0177808011625867
2,-0.0075523072433273,-0.002727577574202099,0.0,-0.0205083787367888
3,0.0129560714934615,0.0177808011625867,0.0205083787367888,0.0
