,zero_shot_baseline,in_context_learning_3-shot,style_information_style_example,chain_of_thought_zero_shot,chain_of_thought_one_shot,self-refine
0,0.0,0.015280775143439403,0.008831897790031198,-0.003976451508009599,0.0085362770034286,0.0037576813164601
1,-0.015280775143439403,0.0,-0.006448877353408204,-0.019257226651449,-0.006744498140010803,-0.011523093826979303
2,-0.008831897790031198,0.006448877353408204,0.0,-0.012808349298040797,-0.00029562078660259894,-0.0050742164735710985
3,0.003976451508009599,0.019257226651449,0.012808349298040797,0.0,0.012512728511438198,0.007734132824469699
4,-0.0085362770034286,0.006744498140010803,0.00029562078660259894,-0.012512728511438198,0.0,-0.0047785956869684995
5,-0.0037576813164601,0.011523093826979303,0.0050742164735710985,-0.007734132824469699,0.0047785956869684995,0.0
