,zero_shot_baseline,in_context_learning_3-shot,style_information_style_example,chain_of_thought_zero_shot,chain_of_thought_one_shot,self-refine
0,0.0,-0.00014381706246269915,-0.002355499129012499,0.000256534431633898,0.003110081277758997,-0.009081889492445205
1,0.00014381706246269915,0.0,-0.0022116820665498,0.00040035149409659715,0.003253898340221696,-0.008938072429982506
2,0.002355499129012499,0.0022116820665498,0.0,0.002612033560646397,0.005465580406771496,-0.006726390363432706
3,-0.000256534431633898,-0.00040035149409659715,-0.002612033560646397,0.0,0.002853546846125099,-0.009338423924079103
4,-0.003110081277758997,-0.003253898340221696,-0.005465580406771496,-0.002853546846125099,0.0,-0.012191970770204202
5,0.009081889492445205,0.008938072429982506,0.006726390363432706,0.009338423924079103,0.012191970770204202,0.0
