,zero_shot_baseline,in_context_learning_3-shot,style_information_style_example,chain_of_thought_zero_shot,chain_of_thought_one_shot,self-refine
0,0.0,-0.00023253216367558857,-5.143253072522439e-06,-4.548234417638857e-05,5.951014198117634e-05,-0.001991259640642089
1,0.00023253216367558857,0.0,0.00022738891060306612,0.0001870498194992,0.00029204230565676493,-0.0017587274769665002
2,5.143253072522439e-06,-0.00022738891060306612,0.0,-4.033909110386613e-05,6.465339505369879e-05,-0.0019861163875695663
3,4.548234417638857e-05,-0.0001870498194992,4.033909110386613e-05,0.0,0.0001049924861575649,-0.0019457772964657002
4,-5.951014198117634e-05,-0.00029204230565676493,-6.465339505369879e-05,-0.0001049924861575649,0.0,-0.0020507697826232653
5,0.001991259640642089,0.0017587274769665002,0.0019861163875695663,0.0019457772964657002,0.0020507697826232653,0.0
