,zero_shot_baseline,in_context_learning_3-shot,style_information_style_example,chain_of_thought_zero_shot,chain_of_thought_one_shot,self-refine
0,0.0,-0.014583373593180099,-0.020738230250054807,-0.004986134208819298,-0.00990921152097482,-0.0025813003020178082
1,0.014583373593180099,0.0,-0.006154856656874708,0.0095972393843608,0.004674162072205279,0.01200207329116229
2,0.020738230250054807,0.006154856656874708,0.0,0.015752096041235508,0.010829018729079987,0.018156929948037
3,0.004986134208819298,-0.0095972393843608,-0.015752096041235508,0.0,-0.004923077312155522,0.00240483390680149
4,0.00990921152097482,-0.004674162072205279,-0.010829018729079987,0.004923077312155522,0.0,0.007327911218957012
5,0.0025813003020178082,-0.01200207329116229,-0.018156929948037,-0.00240483390680149,-0.007327911218957012,0.0
