,zero_shot_baseline,in_context_learning_3-shot,style_information_style_example,chain_of_thought_zero_shot,chain_of_thought_one_shot,self-refine
0,0.0,-0.0011533208023686015,0.0316112110389536,0.0008244059801583992,0.0357315499363125,0.0185916282349584
1,0.0011533208023686015,0.0,0.0327645318413222,0.0019777267825270006,0.0368848707386811,0.019744949037327
2,-0.0316112110389536,-0.0327645318413222,0.0,-0.0307868050587952,0.0041203388973589,-0.013019582803995199
3,-0.0008244059801583992,-0.0019777267825270006,0.0307868050587952,0.0,0.0349071439561541,0.0177672222548
4,-0.0357315499363125,-0.0368848707386811,-0.0041203388973589,-0.0349071439561541,0.0,-0.0171399217013541
5,-0.0185916282349584,-0.019744949037327,0.013019582803995199,-0.0177672222548,0.0171399217013541,0.0
