,zero_shot_baseline,in_context_learning_3-shot,style_information_style_example,chain_of_thought_zero_shot,chain_of_thought_one_shot,self-refine
0,0.0,0.006449839523227301,0.006276505016833,0.0016149896835568021,-0.0075536877963264006,-0.0002082231484165989
1,-0.006449839523227301,0.0,-0.00017333450639430044,-0.0048348498396704985,-0.014003527319553701,-0.0066580626716438995
2,-0.006276505016833,0.00017333450639430044,0.0,-0.004661515333276198,-0.0138301928131594,-0.006484728165249599
3,-0.0016149896835568021,0.0048348498396704985,0.004661515333276198,0.0,-0.009168677479883203,-0.001823212831973401
4,0.0075536877963264006,0.014003527319553701,0.0138301928131594,0.009168677479883203,0.0,0.007345464647909802
5,0.0002082231484165989,0.0066580626716438995,0.006484728165249599,0.001823212831973401,-0.007345464647909802,0.0
