,zero_shot_baseline,in_context_learning_3-shot,style_information_style_example,chain_of_thought_zero_shot,chain_of_thought_one_shot,self-refine
0,0.0,-2.8365403742046933,-2.3932531507830905,-0.3406740508253101,0.003065199377442873,-1.2724636292275973
1,2.8365403742046933,0.0,0.44328722342160276,2.495866323379383,2.839605573582136,1.564076744977096
2,2.3932531507830905,-0.44328722342160276,0.0,2.0525790999577804,2.3963183501605334,1.1207895215554933
3,0.3406740508253101,-2.495866323379383,-2.0525790999577804,0.0,0.343739250202753,-0.9317895784022872
4,-0.003065199377442873,-2.839605573582136,-2.3963183501605334,-0.343739250202753,0.0,-1.2755288286050401
5,1.2724636292275973,-1.564076744977096,-1.1207895215554933,0.9317895784022872,1.2755288286050401,0.0
