,zero_shot_baseline,in_context_learning_3-shot,style_information_style_example,chain_of_thought_zero_shot,chain_of_thought_one_shot,self-refine
0,0.0,42.74201847828188,41.831633395958534,8.757526279842828,23.51039685055152,43.180244076845696
1,-42.74201847828188,0.0,-0.9103850823233417,-33.98449219843905,-19.231621627730355,0.43822559856382437
2,-41.831633395958534,0.9103850823233417,0.0,-33.074107116115705,-18.321236545407015,1.348610680887166
3,-8.757526279842828,33.98449219843905,33.074107116115705,0.0,14.75287057070869,34.422717797002875
4,-23.51039685055152,19.231621627730355,18.321236545407015,-14.75287057070869,0.0,19.66984722629418
5,-43.180244076845696,-0.43822559856382437,-1.348610680887166,-34.422717797002875,-19.66984722629418,0.0
