,zero_shot_baseline,in_context_learning_3-shot,style_information_style_example,chain_of_thought_zero_shot,chain_of_thought_one_shot,self-refine
0,0.0,-2.332540883579754,0.6862154576737343,1.0922082653296643,0.6036563801385872,1.1621682883976732
1,2.332540883579754,0.0,3.0187563412534884,3.4247491489094184,2.9361972637183413,3.4947091719774273
2,-0.6862154576737343,-3.0187563412534884,0.0,0.40599280765593004,-0.08255907753514702,0.4759528307239389
3,-1.0922082653296643,-3.4247491489094184,-0.40599280765593004,0.0,-0.48855188519107706,0.06996002306800886
4,-0.6036563801385872,-2.9361972637183413,0.08255907753514702,0.48855188519107706,0.0,0.5585119082590859
5,-1.1621682883976732,-3.4947091719774273,-0.4759528307239389,-0.06996002306800886,-0.5585119082590859,0.0
