,zero_shot_baseline,in_context_learning_3-shot,style_information_style_example,chain_of_thought_zero_shot,chain_of_thought_one_shot,self-refine
0,0.0,0.6973301706668726,-0.05379733323523972,0.00470644503982065,-0.07829236126966777,0.5171241318274493
1,-0.6973301706668726,0.0,-0.7511275039021124,-0.692623725627052,-0.7756225319365404,-0.18020603883942332
2,0.05379733323523972,0.7511275039021124,0.0,0.05850377827506037,-0.024495028034428046,0.570921465062689
3,-0.00470644503982065,0.692623725627052,-0.05850377827506037,0.0,-0.08299880630948842,0.5124176867876287
4,0.07829236126966777,0.7756225319365404,0.024495028034428046,0.08299880630948842,0.0,0.5954164930971171
5,-0.5171241318274493,0.18020603883942332,-0.570921465062689,-0.5124176867876287,-0.5954164930971171,0.0
