,abstracts,news,reviews,qa
0,0.0,-41.063187019752526,-2.7783214404350787,-0.24729396306881135
1,41.063187019752526,0.0,38.28486557931745,40.81589305668372
2,2.7783214404350787,-38.28486557931745,0.0,2.5310274773662673
3,0.24729396306881135,-40.81589305668372,-2.5310274773662673,0.0
