,zero_shot_baseline,in_context_learning_3-shot,style_information_style_example,chain_of_thought_zero_shot,chain_of_thought_one_shot,self-refine
0,0.0,-0.2094742850641591,2.7556514103609873,2.8812153143005803,2.99347032173052,3.1768889947305308
1,0.2094742850641591,0.0,2.9651256954251464,3.0906895993647394,3.202944606794679,3.38636327979469
2,-2.7556514103609873,-2.9651256954251464,0.0,0.12556390393959305,0.2378189113695326,0.4212375843695435
3,-2.8812153143005803,-3.0906895993647394,-0.12556390393959305,0.0,0.11225500742993955,0.29567368042995046
4,-2.99347032173052,-3.202944606794679,-0.2378189113695326,-0.11225500742993955,0.0,0.1834186730000109
5,-3.1768889947305308,-3.38636327979469,-0.4212375843695435,-0.29567368042995046,-0.1834186730000109,0.0
