,abstracts,news,reviews,qa
0,0.0,-2.3192720454089146,-2.1748007274303935,-2.8010319780614577
1,2.3192720454089146,0.0,0.14447131797852109,-0.481759932652543
2,2.1748007274303935,-0.14447131797852109,0.0,-0.6262312506310641
3,2.8010319780614577,0.481759932652543,0.6262312506310641,0.0
