,zero_shot_baseline,in_context_learning_3-shot,style_information_style_example,chain_of_thought_zero_shot,chain_of_thought_one_shot,self-refine
0,0.0,-0.8672110960751107,-0.37858327527434366,-0.13447515489359407,0.6283269427943292,0.3425936991937073
1,0.8672110960751107,0.0,0.48862782080076705,0.7327359411815166,1.49553803886944,1.209804795268818
2,0.37858327527434366,-0.48862782080076705,0.0,0.24410812038074958,1.0069102180686729,0.721176974468051
3,0.13447515489359407,-0.7327359411815166,-0.24410812038074958,0.0,0.7628020976879233,0.4770688540873014
4,-0.6283269427943292,-1.49553803886944,-1.0069102180686729,-0.7628020976879233,0.0,-0.2857332436006219
5,-0.3425936991937073,-1.209804795268818,-0.721176974468051,-0.4770688540873014,0.2857332436006219,0.0
