,zero_shot_baseline,in_context_learning_3-shot,style_information_style_example,chain_of_thought_zero_shot,chain_of_thought_one_shot,self-refine
0,0.0,0.12358025013802454,0.8944960091604246,-0.30817891468913494,-0.15903965236880602,3.004016708412788
1,-0.12358025013802454,0.0,0.7709157590224001,-0.4317591648271595,-0.28261990250683056,2.8804364582747635
2,-0.8944960091604246,-0.7709157590224001,0.0,-1.2026749238495595,-1.0535356615292306,2.1095206992523634
3,0.30817891468913494,0.4317591648271595,1.2026749238495595,0.0,0.14913926232032892,3.312195623101923
4,0.15903965236880602,0.28261990250683056,1.0535356615292306,-0.14913926232032892,0.0,3.163056360781594
5,-3.004016708412788,-2.8804364582747635,-2.1095206992523634,-3.312195623101923,-3.163056360781594,0.0
