,zero_shot_baseline,in_context_learning_3-shot,style_information_style_example,chain_of_thought_zero_shot,chain_of_thought_one_shot,self-refine
0,0.0,-3.684684810247587,-1.0111333139656633,-0.29137546393810876,-0.23744400499796825,-1.0386367821759057
1,3.684684810247587,0.0,2.673551496281924,3.3933093463094783,3.447240805249619,2.6460480280716814
2,1.0111333139656633,-2.673551496281924,0.0,0.7197578500275545,0.773689308967695,-0.02750346821024241
3,0.29137546393810876,-3.3933093463094783,-0.7197578500275545,0.0,0.05393145894014051,-0.747261318237797
4,0.23744400499796825,-3.447240805249619,-0.773689308967695,-0.05393145894014051,0.0,-0.8011927771779375
5,1.0386367821759057,-2.6460480280716814,0.02750346821024241,0.747261318237797,0.8011927771779375,0.0
