,zero_shot_baseline,in_context_learning_3-shot,style_information_style_example,chain_of_thought_zero_shot,chain_of_thought_one_shot,self-refine
0,0.0,0.009155355044288882,-0.13363985137553058,1.0045833907209056,2.3645731148583877,1.959198546159886
1,-0.009155355044288882,0.0,-0.14279520641981946,0.9954280356766168,2.355417759814099,1.950043191115597
2,0.13363985137553058,0.14279520641981946,0.0,1.1382232420964362,2.4982129662339183,2.0928383975354166
3,-1.0045833907209056,-0.9954280356766168,-1.1382232420964362,0.0,1.359989724137482,0.9546151554389803
4,-2.3645731148583877,-2.355417759814099,-2.4982129662339183,-1.359989724137482,0.0,-0.40537456869850175
5,-1.959198546159886,-1.950043191115597,-2.0928383975354166,-0.9546151554389803,0.40537456869850175,0.0
