,zero_shot_baseline,in_context_learning_3-shot,style_information_style_example,chain_of_thought_zero_shot,chain_of_thought_one_shot,self-refine
0,0.0,-1.7551648751662556,-0.48427678542174757,0.09896950944881056,-0.36109789366696,0.2566776323786639
1,1.7551648751662556,0.0,1.270888089744508,1.8541343846150662,1.3940669814992956,2.0118425075449196
2,0.48427678542174757,-1.270888089744508,0.0,0.5832462948705581,0.12317889175478758,0.7409544178004115
3,-0.09896950944881056,-1.8541343846150662,-0.5832462948705581,0.0,-0.46006740311577055,0.15770812292985337
4,0.36109789366696,-1.3940669814992956,-0.12317889175478758,0.46006740311577055,0.0,0.6177755260456239
5,-0.2566776323786639,-2.0118425075449196,-0.7409544178004115,-0.15770812292985337,-0.6177755260456239,0.0
