,abstracts,news,reviews,qa
0,0.0,-10.787880412933541,-3.136639028880373,-3.6611604388277272
1,10.787880412933541,0.0,7.651241384053169,7.126719974105814
2,3.136639028880373,-7.651241384053169,0.0,-0.5245214099473543
3,3.6611604388277272,-7.126719974105814,0.5245214099473543,0.0
