,abstracts,news,reviews,qa
0,0.0,-1.2334258651171366,-1.5255303383678909,-2.285151366852495
1,1.2334258651171366,0.0,-0.2921044732507543,-1.0517255017353584
2,1.5255303383678909,0.2921044732507543,0.0,-0.7596210284846041
3,2.285151366852495,1.0517255017353584,0.7596210284846041,0.0
