,zero_shot_baseline,in_context_learning_3-shot,style_information_style_example,chain_of_thought_zero_shot,chain_of_thought_one_shot,self-refine
0,0.0,-3.036987201899043,0.8090262095245606,0.38789719782751586,0.48327516441021245,0.4684854746545204
1,3.036987201899043,0.0,3.8460134114236038,3.424884399726559,3.5202623663092556,3.5054726765535635
2,-0.8090262095245606,-3.8460134114236038,0.0,-0.42112901169704475,-0.32575104511434816,-0.3405407348700402
3,-0.38789719782751586,-3.424884399726559,0.42112901169704475,0.0,0.0953779665826966,0.08058827682700453
4,-0.48327516441021245,-3.5202623663092556,0.32575104511434816,-0.0953779665826966,0.0,-0.01478968975569206
5,-0.4684854746545204,-3.5054726765535635,0.3405407348700402,-0.08058827682700453,0.01478968975569206,0.0
