,zero_shot_baseline,in_context_learning_3-shot,style_information_style_example,chain_of_thought_zero_shot,chain_of_thought_one_shot,self-refine
0,0.0,10.002032200181315,9.299906779777317,-7.380710108372046,3.0432789760047925,11.314085714382063
1,-10.002032200181315,0.0,-0.7021254204039993,-17.38274230855336,-6.958753224176523,1.3120535142007466
2,-9.299906779777317,0.7021254204039993,0.0,-16.680616888149363,-6.256627803772524,2.014178934604746
3,7.380710108372046,17.38274230855336,16.680616888149363,0.0,10.423989084376839,18.69479582275411
4,-3.0432789760047925,6.958753224176523,6.256627803772524,-10.423989084376839,0.0,8.27080673837727
5,-11.314085714382063,-1.3120535142007466,-2.014178934604746,-18.69479582275411,-8.27080673837727,0.0
