,zero_shot_baseline,in_context_learning_3-shot,style_information_style_example,chain_of_thought_zero_shot,chain_of_thought_one_shot,self-refine
0,0.0,-0.7115206557096041,1.6185827919358182,0.46407792848680085,1.0839474261691295,1.3426450239345762
1,0.7115206557096041,0.0,2.3301034476454223,1.175598584196405,1.7954680818787336,2.0541656796441803
2,-1.6185827919358182,-2.3301034476454223,0.0,-1.1545048634490174,-0.5346353657666887,-0.27593776800124203
3,-0.46407792848680085,-1.175598584196405,1.1545048634490174,0.0,0.6198694976823287,0.8785670954477753
4,-1.0839474261691295,-1.7954680818787336,0.5346353657666887,-0.6198694976823287,0.0,0.25869759776544665
5,-1.3426450239345762,-2.0541656796441803,0.27593776800124203,-0.8785670954477753,-0.25869759776544665,0.0
