,mistral,deepseek,llama3.3,qwen72b,qwen32b,qwen14b,solar
0,0.0,0.3243865592561015,2.31140928947881,-0.3628247616071949,-41.91406541353841,-9.300447092322418,0.2424117113172688
1,-0.3243865592561015,0.0,1.9870227302227086,-0.6872113208632964,-42.23845197279451,-9.62483365157852,-0.0819748479388327
2,-2.31140928947881,-1.9870227302227086,0.0,-2.674234051086005,-44.22547470301721,-11.611856381801228,-2.0689975781615413
3,0.3628247616071949,0.6872113208632964,2.674234051086005,0.0,-41.55124065193121,-8.937622330715223,0.6052364729244637
4,41.91406541353841,42.23845197279451,44.22547470301721,41.55124065193121,0.0,32.61361832121599,42.15647712485568
5,9.300447092322418,9.62483365157852,11.611856381801228,8.937622330715223,-32.61361832121599,0.0,9.542858803639687
6,-0.2424117113172688,0.0819748479388327,2.0689975781615413,-0.6052364729244637,-42.15647712485568,-9.542858803639687,0.0
