,zero_shot_baseline,in_context_learning_3-shot,style_information_style_example,chain_of_thought_zero_shot,chain_of_thought_one_shot,self-refine
0,0.0,-0.8104124602071465,0.6059466873018362,-0.25653853100581436,0.15197571789366293,0.7465630805376566
1,0.8104124602071465,0.0,1.4163591475089827,0.5538739292013322,0.9623881781008095,1.5569755407448032
2,-0.6059466873018362,-1.4163591475089827,0.0,-0.8624852183076506,-0.4539709694081733,0.14061639323582042
3,0.25653853100581436,-0.5538739292013322,0.8624852183076506,0.0,0.4085142488994773,1.003101611543471
4,-0.15197571789366293,-0.9623881781008095,0.4539709694081733,-0.4085142488994773,0.0,0.5945873626439937
5,-0.7465630805376566,-1.5569755407448032,-0.14061639323582042,-1.003101611543471,-0.5945873626439937,0.0
