,zero_shot_baseline,in_context_learning_3-shot,style_information_style_example,chain_of_thought_zero_shot,chain_of_thought_one_shot,self-refine
0,0.0,2.0908421771516235,2.114496181224103,0.390519247055801,4.3170429190681565,3.232303375258959
1,-2.0908421771516235,0.0,0.02365400407247975,-1.7003229300958225,2.226200741916533,1.1414611981073355
2,-2.114496181224103,-0.02365400407247975,0.0,-1.7239769341683022,2.2025467378440533,1.1178071940348557
3,-0.390519247055801,1.7003229300958225,1.7239769341683022,0.0,3.9265236720123555,2.841784128203158
4,-4.3170429190681565,-2.226200741916533,-2.2025467378440533,-3.9265236720123555,0.0,-1.0847395438091976
5,-3.232303375258959,-1.1414611981073355,-1.1178071940348557,-2.841784128203158,1.0847395438091976,0.0
