,zero_shot_baseline,in_context_learning_3-shot,style_information_style_example,chain_of_thought_zero_shot,chain_of_thought_one_shot,self-refine
0,0.0,0.5793742600448608,2.209305036840078,0.39297415453883655,-0.16618619218570618,2.1864218722865285
1,-0.5793742600448608,0.0,1.6299307767952174,-0.18640010550602426,-0.745560452230567,1.6070476122416677
2,-2.209305036840078,-1.6299307767952174,0.0,-1.8163308823012416,-2.3754912290257844,-0.022883164553549662
3,-0.39297415453883655,0.18640010550602426,1.8163308823012416,0.0,-0.5591603467245427,1.793447717747692
4,0.16618619218570618,0.745560452230567,2.3754912290257844,0.5591603467245427,0.0,2.3526080644722347
5,-2.1864218722865285,-1.6070476122416677,0.022883164553549662,-1.793447717747692,-2.3526080644722347,0.0
