,mistral,deepseek,llama3.3,qwen72b,qwen32b,qwen14b,solar
0,0.0,1.6219388834542698,0.31786246167460064,-1.4019765429397744,-1.6555642055347368,-2.7311189668966405,-1.366705639098126
1,-1.6219388834542698,0.0,-1.3040764217796692,-3.023915426394044,-3.2775030889890067,-4.35305785035091,-2.988644522552396
2,-0.31786246167460064,1.3040764217796692,0.0,-1.719839004614375,-1.9734266672093375,-3.048981428571241,-1.6845681007727267
3,1.4019765429397744,3.023915426394044,1.719839004614375,0.0,-0.25358766259496246,-1.329142423956866,0.03527090384164833
4,1.6555642055347368,3.2775030889890067,1.9734266672093375,0.25358766259496246,0.0,-1.0755547613619036,0.2888585664366108
5,2.7311189668966405,4.35305785035091,3.048981428571241,1.329142423956866,1.0755547613619036,0.0,1.3644133277985144
6,1.366705639098126,2.988644522552396,1.6845681007727267,-0.03527090384164833,-0.2888585664366108,-1.3644133277985144,0.0
