,zero_shot_baseline,in_context_learning_3-shot,style_information_style_example,chain_of_thought_zero_shot,chain_of_thought_one_shot,self-refine
0,0.0,-1.5254982281811644,-1.254240796052617,0.026571944189194063,0.6162434275036768,-1.6723443621268297
1,1.5254982281811644,0.0,0.27125743212854747,1.5520701723703585,2.141741655684841,-0.14684613394566526
2,1.254240796052617,-0.27125743212854747,0.0,1.280812740241811,1.8704842235562937,-0.41810356607421273
3,-0.026571944189194063,-1.5520701723703585,-1.280812740241811,0.0,0.5896714833144827,-1.6989163063160237
4,-0.6162434275036768,-2.141741655684841,-1.8704842235562937,-0.5896714833144827,0.0,-2.2885877896305065
5,1.6723443621268297,0.14684613394566526,0.41810356607421273,1.6989163063160237,2.2885877896305065,0.0
