,zero_shot_baseline,in_context_learning_3-shot,style_information_style_example,chain_of_thought_zero_shot,chain_of_thought_one_shot,self-refine
0,0.0,-6.098496831784735,-3.465004814421163,-0.7080493343527774,-4.566400625022301,-2.1674711223052334
1,6.098496831784735,0.0,2.6334920173635723,5.390447497431958,1.532096206762434,3.931025709479502
2,3.465004814421163,-2.6334920173635723,0.0,2.7569554800683855,-1.1013958106011383,1.2975336921159295
3,0.7080493343527774,-5.390447497431958,-2.7569554800683855,0.0,-3.858351290669524,-1.459421787952456
4,4.566400625022301,-1.532096206762434,1.1013958106011383,3.858351290669524,0.0,2.398929502717068
5,2.1674711223052334,-3.931025709479502,-1.2975336921159295,1.459421787952456,-2.398929502717068,0.0
