,mistral,deepseek,llama3.3,qwen72b,qwen32b,qwen14b,solar
0,0.0,-0.128226976568385,0.7848915974781496,-1.0889036305024185,-4.499750021094711,-2.5197558951429944,-0.9202429488072301
1,0.128226976568385,0.0,0.9131185740465346,-0.9606766539340335,-4.371523044526326,-2.3915289185746094,-0.7920159722388451
2,-0.7848915974781496,-0.9131185740465346,0.0,-1.873795227980568,-5.28464161857286,-3.304647492621144,-1.7051345462853797
3,1.0889036305024185,0.9606766539340335,1.873795227980568,0.0,-3.410846390592292,-1.430852264640576,0.16866068169518833
4,4.499750021094711,4.371523044526326,5.28464161857286,3.410846390592292,0.0,1.9799941259517162,3.5795070722874804
5,2.5197558951429944,2.3915289185746094,3.304647492621144,1.430852264640576,-1.9799941259517162,0.0,1.5995129463357642
6,0.9202429488072301,0.7920159722388451,1.7051345462853797,-0.16866068169518833,-3.5795070722874804,-1.5995129463357642,0.0
