,zero_shot_baseline,in_context_learning_3-shot,style_information_style_example,chain_of_thought_zero_shot,chain_of_thought_one_shot,self-refine
0,0.0,1.7286180689284167,1.49734335719649,-0.023736245021293456,0.5570626096095079,1.3065927011065739
1,-1.7286180689284167,0.0,-0.2312747117319267,-1.7523543139497102,-1.1715554593189088,-0.42202536782184286
2,-1.49734335719649,0.2312747117319267,0.0,-1.5210796022177835,-0.9402807475869821,-0.19075065608991615
3,0.023736245021293456,1.7523543139497102,1.5210796022177835,0.0,0.5807988546308014,1.3303289461278673
4,-0.5570626096095079,1.1715554593189088,0.9402807475869821,-0.5807988546308014,0.0,0.749530091497066
5,-1.3065927011065739,0.42202536782184286,0.19075065608991615,-1.3303289461278673,-0.749530091497066,0.0
