,abstracts,news,reviews,qa
0,0.0,-2.3160498099013487,-1.8981131588520914,-0.46110563702314433
1,2.3160498099013487,0.0,0.41793665104925726,1.8549441728782043
2,1.8981131588520914,-0.41793665104925726,0.0,1.437007521828947
3,0.46110563702314433,-1.8549441728782043,-1.437007521828947,0.0
