,zero_shot_baseline,in_context_learning_3-shot,style_information_style_example,chain_of_thought_zero_shot,chain_of_thought_one_shot,self-refine
0,0.0,0.6342478868152668,1.0363032323796704,0.29484121646032335,0.8450859278146439,4.0592242667927465
1,-0.6342478868152668,0.0,0.4020553455644036,-0.33940667035494343,0.21083804099937709,3.4249763799774797
2,-1.0363032323796704,-0.4020553455644036,0.0,-0.741462015919347,-0.1912173045650265,3.022921034413076
3,-0.29484121646032335,0.33940667035494343,0.741462015919347,0.0,0.5502447113543205,3.764383050332423
4,-0.8450859278146439,-0.21083804099937709,0.1912173045650265,-0.5502447113543205,0.0,3.2141383389781026
5,-4.0592242667927465,-3.4249763799774797,-3.022921034413076,-3.764383050332423,-3.2141383389781026,0.0
