,zero_shot_baseline,in_context_learning_3-shot,style_information_style_example,chain_of_thought_zero_shot,chain_of_thought_one_shot,self-refine
0,0.0,-2.7274174493453787,-6.1030660561430965,-0.1443553243409852,-14.690342198860257,0.38701535720703983
1,2.7274174493453787,0.0,-3.375648606797718,2.5830621250043935,-11.962924749514878,3.1144328065524185
2,6.1030660561430965,3.375648606797718,0.0,5.958710731802111,-8.58727614271716,6.490081413350136
3,0.1443553243409852,-2.5830621250043935,-5.958710731802111,0.0,-14.545986874519272,0.531370681548025
4,14.690342198860257,11.962924749514878,8.58727614271716,14.545986874519272,0.0,15.077357556067296
5,-0.38701535720703983,-3.1144328065524185,-6.490081413350136,-0.531370681548025,-15.077357556067296,0.0
