,zero_shot_baseline,in_context_learning_3-shot,style_information_style_example,chain_of_thought_zero_shot,chain_of_thought_one_shot,self-refine
0,0.0,-3.3918943069351792,-0.7560283994301642,0.10859767757750305,-0.07489749337698282,-0.9093541423210709
1,3.3918943069351792,0.0,2.635865907505015,3.5004919845126823,3.3169968135581964,2.4825401646141083
2,0.7560283994301642,-2.635865907505015,0.0,0.8646260770076672,0.6811309060531814,-0.15332574289090672
3,-0.10859767757750305,-3.5004919845126823,-0.8646260770076672,0.0,-0.18349517095448586,-1.017951819898574
4,0.07489749337698282,-3.3169968135581964,-0.6811309060531814,0.18349517095448586,0.0,-0.8344566489440881
5,0.9093541423210709,-2.4825401646141083,0.15332574289090672,1.017951819898574,0.8344566489440881,0.0
