,zero_shot_baseline,in_context_learning_3-shot,style_information_style_example,chain_of_thought_zero_shot,chain_of_thought_one_shot,self-refine
0,0.0,-1.606066934244887,1.342843774932458,1.4870966631455325,-0.7018512735564295,0.3146641986267129
1,1.606066934244887,0.0,2.948910709177345,3.0931635973904195,0.9042156606884575,1.9207311328716
2,-1.342843774932458,-2.948910709177345,0.0,0.14425288821307447,-2.0446950484888875,-1.028179576305745
3,-1.4870966631455325,-3.0931635973904195,-0.14425288821307447,0.0,-2.188947936701962,-1.1724324645188196
4,0.7018512735564295,-0.9042156606884575,2.0446950484888875,2.188947936701962,0.0,1.0165154721831424
5,-0.3146641986267129,-1.9207311328716,1.028179576305745,1.1724324645188196,-1.0165154721831424,0.0
