,zero_shot_baseline,in_context_learning_3-shot,style_information_style_example,chain_of_thought_zero_shot,chain_of_thought_one_shot,self-refine
0,0.0,-1.6107789144313074,1.6257104521927248,0.19638985416273336,-0.7496731542059454,0.772713457553504
1,1.6107789144313074,0.0,3.236489366624032,1.8071687685940407,0.861105760225362,2.3834923719848113
2,-1.6257104521927248,-3.236489366624032,0.0,-1.4293205980299915,-2.37538360639867,-0.8529969946392209
3,-0.19638985416273336,-1.8071687685940407,1.4293205980299915,0.0,-0.9460630083686787,0.5763236033907706
4,0.7496731542059454,-0.861105760225362,2.37538360639867,0.9460630083686787,0.0,1.5223866117594493
5,-0.772713457553504,-2.3834923719848113,0.8529969946392209,-0.5763236033907706,-1.5223866117594493,0.0
