,mistral,deepseek,llama3.3,qwen72b,qwen32b,qwen14b,solar
0,0.0,-0.19592349842932144,-0.444971512920703,-0.8799125837850523,-3.68723826137266,-1.3489265469756475,-1.3605222911523658
1,0.19592349842932144,0.0,-0.2490480144913816,-0.6839890853557309,-3.4913147629433388,-1.153003048546326,-1.1645987927230443
2,0.444971512920703,0.2490480144913816,0.0,-0.4349410708643493,-3.242266748451957,-0.9039550340549445,-0.9155507782316628
3,0.8799125837850523,0.6839890853557309,0.4349410708643493,0.0,-2.807325677587608,-0.4690139631905952,-0.48060970736731345
4,3.68723826137266,3.4913147629433388,3.242266748451957,2.807325677587608,0.0,2.3383117143970127,2.3267159702202944
5,1.3489265469756475,1.153003048546326,0.9039550340549445,0.4690139631905952,-2.3383117143970127,0.0,-0.01159574417671827
6,1.3605222911523658,1.1645987927230443,0.9155507782316628,0.48060970736731345,-2.3267159702202944,0.01159574417671827,0.0
