,zero_shot_baseline,in_context_learning_3-shot,style_information_style_example,chain_of_thought_zero_shot,chain_of_thought_one_shot,self-refine
0,0.0,-0.09600000000000009,0.12166666666666648,0.11566666666666647,0.8693333333333332,-1.057333333333333
1,0.09600000000000009,0.0,0.21766666666666656,0.21166666666666656,0.9653333333333333,-0.9613333333333329
2,-0.12166666666666648,-0.21766666666666656,0.0,-0.006000000000000005,0.7476666666666667,-1.1789999999999994
3,-0.11566666666666647,-0.21166666666666656,0.006000000000000005,0.0,0.7536666666666667,-1.1729999999999996
4,-0.8693333333333332,-0.9653333333333333,-0.7476666666666667,-0.7536666666666667,0.0,-1.9266666666666663
5,1.057333333333333,0.9613333333333329,1.1789999999999994,1.1729999999999996,1.9266666666666663,0.0
