,zero_shot_baseline,in_context_learning_3-shot,style_information_style_example,chain_of_thought_zero_shot,chain_of_thought_one_shot,self-refine
0,0.0,-0.3803333333333334,-0.4710000000000001,0.05299999999999999,0.12233333333333339,-0.9563333333333331
1,0.3803333333333334,0.0,-0.09066666666666667,0.43333333333333335,0.5026666666666668,-0.5759999999999997
2,0.4710000000000001,0.09066666666666667,0.0,0.524,0.5933333333333335,-0.48533333333333306
3,-0.05299999999999999,-0.43333333333333335,-0.524,0.0,0.0693333333333334,-1.0093333333333332
4,-0.12233333333333339,-0.5026666666666668,-0.5933333333333335,-0.0693333333333334,0.0,-1.0786666666666664
5,0.9563333333333331,0.5759999999999997,0.48533333333333306,1.0093333333333332,1.0786666666666664,0.0
