,zero_shot_baseline,in_context_learning_3-shot,style_information_style_example,chain_of_thought_zero_shot,chain_of_thought_one_shot,self-refine
0,0.0,-0.697,-0.128,-0.0010000000000000009,-0.009666666666666601,-0.1353333333333333
1,0.697,0.0,0.569,0.696,0.6873333333333334,0.5616666666666666
2,0.128,-0.569,0.0,0.127,0.11833333333333339,-0.007333333333333303
3,0.0010000000000000009,-0.696,-0.127,0.0,-0.0086666666666666,-0.1343333333333333
4,0.009666666666666601,-0.6873333333333334,-0.11833333333333339,0.0086666666666666,0.0,-0.1256666666666667
5,0.1353333333333333,-0.5616666666666666,0.007333333333333303,0.1343333333333333,0.1256666666666667,0.0
