,zero_shot_baseline,in_context_learning_3-shot,style_information_style_example,chain_of_thought_zero_shot,chain_of_thought_one_shot,self-refine
0,0.0,-1.5201149655325774,0.1136666666666667,0.1386666666666667,0.13899999999999998,0.06799999999999999
1,1.5201149655325774,0.0,1.633781632199244,1.6587816321992441,1.6591149655325774,1.5881149655325772
2,-0.1136666666666667,-1.633781632199244,0.0,0.025,0.025333333333333298,-0.0456666666666667
3,-0.1386666666666667,-1.6587816321992441,-0.025,0.0,0.0003333333333333001,-0.0706666666666667
4,-0.13899999999999998,-1.6591149655325774,-0.025333333333333298,-0.0003333333333333001,0.0,-0.07100000000000001
5,-0.06799999999999999,-1.5881149655325772,0.0456666666666667,0.0706666666666667,0.07100000000000001,0.0
