,zero_shot_baseline,in_context_learning_3-shot,style_information_style_example,chain_of_thought_zero_shot,chain_of_thought_one_shot,self-refine
0,0.0,-0.79762276314327,0.05,0.0443333333333333,0.055,-0.06933333333333341
1,0.79762276314327,0.0,0.84762276314327,0.8419560964766033,0.85262276314327,0.7282894298099366
2,-0.05,-0.84762276314327,0.0,-0.005666666666666698,0.005000000000000001,-0.11933333333333342
3,-0.0443333333333333,-0.8419560964766033,0.005666666666666698,0.0,0.0106666666666667,-0.11366666666666672
4,-0.055,-0.85262276314327,-0.005000000000000001,-0.0106666666666667,0.0,-0.1243333333333334
5,0.06933333333333341,-0.7282894298099366,0.11933333333333342,0.11366666666666672,0.1243333333333334,0.0
