,zero_shot_baseline,in_context_learning_3-shot,style_information_style_example,chain_of_thought_zero_shot,chain_of_thought_one_shot,self-refine
0,0.0,-0.011666666666666603,-0.21133333333333326,0.13866666666666672,0.8740000000000001,-0.5956666666666665
1,0.011666666666666603,0.0,-0.19966666666666666,0.15033333333333332,0.8856666666666668,-0.5839999999999999
2,0.21133333333333326,0.19966666666666666,0.0,0.35,1.0853333333333335,-0.3843333333333332
3,-0.13866666666666672,-0.15033333333333332,-0.35,0.0,0.7353333333333334,-0.7343333333333332
4,-0.8740000000000001,-0.8856666666666668,-1.0853333333333335,-0.7353333333333334,0.0,-1.4696666666666667
5,0.5956666666666665,0.5839999999999999,0.3843333333333332,0.7343333333333332,1.4696666666666667,0.0
