,zero_shot_baseline,in_context_learning_3-shot,style_information_style_example,chain_of_thought_zero_shot,chain_of_thought_one_shot,self-refine
0,0.0,-0.033,-0.1393333333333333,0.04033333333333339,-0.09233333333333332,-0.714
1,0.033,0.0,-0.10633333333333331,0.07333333333333339,-0.05933333333333332,-0.681
2,0.1393333333333333,0.10633333333333331,0.0,0.1796666666666667,0.046999999999999986,-0.5746666666666667
3,-0.04033333333333339,-0.07333333333333339,-0.1796666666666667,0.0,-0.1326666666666667,-0.7543333333333334
4,0.09233333333333332,0.05933333333333332,-0.046999999999999986,0.1326666666666667,0.0,-0.6216666666666667
5,0.714,0.681,0.5746666666666667,0.7543333333333334,0.6216666666666667,0.0
