,zero_shot_baseline,in_context_learning_3-shot,style_information_style_example,chain_of_thought_zero_shot,chain_of_thought_one_shot,self-refine
0,0.0,0.7512236300989219,0.7523333333333333,0.03200000000000025,-0.16900000000000004,-1.4483333333333333
1,-0.7512236300989219,0.0,0.0011097032344113966,-0.7192236300989217,-0.9202236300989219,-2.199556963432255
2,-0.7523333333333333,-0.0011097032344113966,0.0,-0.720333333333333,-0.9213333333333333,-2.2006666666666668
3,-0.03200000000000025,0.7192236300989217,0.720333333333333,0.0,-0.2010000000000003,-1.4803333333333335
4,0.16900000000000004,0.9202236300989219,0.9213333333333333,0.2010000000000003,0.0,-1.2793333333333332
5,1.4483333333333333,2.199556963432255,2.2006666666666668,1.4803333333333335,1.2793333333333332,0.0
