,zero_shot_baseline,in_context_learning_3-shot,style_information_style_example,chain_of_thought_zero_shot,chain_of_thought_one_shot,self-refine
0,0.0,-0.11133333333333334,-0.3256666666666667,0.023333333333333317,-0.10533333333333333,-0.6146666666666667
1,0.11133333333333334,0.0,-0.21433333333333338,0.13466666666666666,0.006000000000000005,-0.5033333333333333
2,0.3256666666666667,0.21433333333333338,0.0,0.34900000000000003,0.22033333333333338,-0.2889999999999999
3,-0.023333333333333317,-0.13466666666666666,-0.34900000000000003,0.0,-0.12866666666666665,-0.6379999999999999
4,0.10533333333333333,-0.006000000000000005,-0.22033333333333338,0.12866666666666665,0.0,-0.5093333333333333
5,0.6146666666666667,0.5033333333333333,0.2889999999999999,0.6379999999999999,0.5093333333333333,0.0
