,abstracts,news,reviews,qa
0,0.0,4.889333333333333,1.1446666666666667,-0.1383333333333333
1,-4.889333333333333,0.0,-3.744666666666666,-5.027666666666666
2,-1.1446666666666667,3.744666666666666,0.0,-1.283
3,0.1383333333333333,5.027666666666666,1.283,0.0
