,zero_shot_baseline,in_context_learning_3-shot,style_information_style_example,chain_of_thought_zero_shot,chain_of_thought_one_shot,self-refine
0,0.0,-0.2383333333333333,0.028333333333333398,-0.059333333333333294,0.024666666666666698,-0.28700000000000003
1,0.2383333333333333,0.0,0.2666666666666667,0.17900000000000002,0.263,-0.04866666666666669
2,-0.028333333333333398,-0.2666666666666667,0.0,-0.0876666666666667,-0.0036666666666667,-0.3153333333333334
3,0.059333333333333294,-0.17900000000000002,0.0876666666666667,0.0,0.08399999999999999,-0.2276666666666667
4,-0.024666666666666698,-0.263,0.0036666666666667,-0.08399999999999999,0.0,-0.3116666666666667
5,0.28700000000000003,0.04866666666666669,0.3153333333333334,0.2276666666666667,0.3116666666666667,0.0
