,zero_shot_baseline,in_context_learning_3-shot,style_information_style_example,chain_of_thought_zero_shot,chain_of_thought_one_shot,self-refine
0,0.0,-0.14733333333333332,0.085,0.1106666666666667,0.0363333333333333,-0.122
1,0.14733333333333332,0.0,0.23233333333333334,0.258,0.18366666666666662,0.02533333333333332
2,-0.085,-0.23233333333333334,0.0,0.0256666666666667,-0.048666666666666705,-0.20700000000000002
3,-0.1106666666666667,-0.258,-0.0256666666666667,0.0,-0.0743333333333334,-0.2326666666666667
4,-0.0363333333333333,-0.18366666666666662,0.048666666666666705,0.0743333333333334,0.0,-0.1583333333333333
5,0.122,-0.02533333333333332,0.20700000000000002,0.2326666666666667,0.1583333333333333,0.0
