,zero_shot_baseline,in_context_learning_3-shot,style_information_style_example,chain_of_thought_zero_shot,chain_of_thought_one_shot,self-refine
0,0.0,-1.589198177170168,-0.0396666666666667,0.001,-0.0106666666666667,-0.3093333333333333
1,1.589198177170168,0.0,1.5495315105035012,1.5901981771701679,1.5785315105035012,1.2798648438368345
2,0.0396666666666667,-1.5495315105035012,0.0,0.0406666666666667,0.028999999999999998,-0.2696666666666666
3,-0.001,-1.5901981771701679,-0.0406666666666667,0.0,-0.0116666666666667,-0.3103333333333333
4,0.0106666666666667,-1.5785315105035012,-0.028999999999999998,0.0116666666666667,0.0,-0.2986666666666666
5,0.3093333333333333,-1.2798648438368345,0.2696666666666666,0.3103333333333333,0.2986666666666666,0.0
