,zero_shot_baseline,in_context_learning_3-shot,style_information_style_example,chain_of_thought_zero_shot,chain_of_thought_one_shot,self-refine
0,0.0,-0.024999999999999998,-0.0173333333333334,0.0006666666666666002,0.014000000000000002,-0.8500000000000001
1,0.024999999999999998,0.0,0.0076666666666665995,0.025666666666666598,0.039,-0.8250000000000001
2,0.0173333333333334,-0.0076666666666665995,0.0,0.018,0.0313333333333334,-0.8326666666666667
3,-0.0006666666666666002,-0.025666666666666598,-0.018,0.0,0.013333333333333402,-0.8506666666666667
4,-0.014000000000000002,-0.039,-0.0313333333333334,-0.013333333333333402,0.0,-0.8640000000000001
5,0.8500000000000001,0.8250000000000001,0.8326666666666667,0.8506666666666667,0.8640000000000001,0.0
