,abstracts,news,reviews,qa
0,0.0,4.605666666666666,1.696333333333333,0.03366666666666669
1,-4.605666666666666,0.0,-2.9093333333333335,-4.572
2,-1.696333333333333,2.9093333333333335,0.0,-1.6626666666666663
3,-0.03366666666666669,4.572,1.6626666666666663,0.0
