,mistral,deepseek,llama3.3,qwen72b,qwen32b,qwen14b,solar
0,0.0,0.0116666666666667,0.0020000000000000018,0.0116666666666667,-0.1353333333333333,-0.0536666666666666,-0.0046666666666666
1,-0.0116666666666667,0.0,-0.009666666666666698,0.0,-0.147,-0.0653333333333333,-0.0163333333333333
2,-0.0020000000000000018,0.009666666666666698,0.0,0.009666666666666698,-0.1373333333333333,-0.0556666666666666,-0.006666666666666602
3,-0.0116666666666667,0.0,-0.009666666666666698,0.0,-0.147,-0.0653333333333333,-0.0163333333333333
4,0.1353333333333333,0.147,0.1373333333333333,0.147,0.0,0.08166666666666669,0.13066666666666668
5,0.0536666666666666,0.0653333333333333,0.0556666666666666,0.0653333333333333,-0.08166666666666669,0.0,0.049
6,0.0046666666666666,0.0163333333333333,0.006666666666666602,0.0163333333333333,-0.13066666666666668,-0.049,0.0
