,mistral,deepseek,llama3.3,qwen72b,qwen32b,qwen14b,solar
0,0.0,0.1696666666666667,0.42300000000000004,-0.45033333333333336,-0.261,0.446,0.3976666666666667
1,-0.1696666666666667,0.0,0.2533333333333333,-0.6200000000000001,-0.4306666666666667,0.2763333333333333,0.228
2,-0.42300000000000004,-0.2533333333333333,0.0,-0.8733333333333334,-0.684,0.022999999999999993,-0.02533333333333332
3,0.45033333333333336,0.6200000000000001,0.8733333333333334,0.0,0.18933333333333335,0.8963333333333334,0.8480000000000001
4,0.261,0.4306666666666667,0.684,-0.18933333333333335,0.0,0.7070000000000001,0.6586666666666667
5,-0.446,-0.2763333333333333,-0.022999999999999993,-0.8963333333333334,-0.7070000000000001,0.0,-0.04833333333333331
6,-0.3976666666666667,-0.228,0.02533333333333332,-0.8480000000000001,-0.6586666666666667,0.04833333333333331,0.0
