,zero_shot_baseline,in_context_learning_3-shot,style_information_style_example,chain_of_thought_zero_shot,chain_of_thought_one_shot,self-refine
0,0.0,-0.27977692564188095,0.18966666666666665,-0.007333333333333192,0.7769999999999999,-2.0683333333333334
1,0.27977692564188095,0.0,0.4694435923085476,0.27244359230854776,1.0567769256418809,-1.7885564076914522
2,-0.18966666666666665,-0.4694435923085476,0.0,-0.19699999999999984,0.5873333333333333,-2.258
3,0.007333333333333192,-0.27244359230854776,0.19699999999999984,0.0,0.7843333333333331,-2.061
4,-0.7769999999999999,-1.0567769256418809,-0.5873333333333333,-0.7843333333333331,0.0,-2.845333333333333
5,2.0683333333333334,1.7885564076914522,2.258,2.061,2.845333333333333,0.0
