,zero_shot_baseline,in_context_learning_3-shot,style_information_style_example,chain_of_thought_zero_shot,chain_of_thought_one_shot,self-refine
0,0.0,0.5413333333333332,0.5486666666666669,0.012333333333333307,2.037333333333333,1.4386666666666668
1,-0.5413333333333332,0.0,0.007333333333333636,-0.5289999999999999,1.4960000000000002,0.8973333333333334
2,-0.5486666666666669,-0.007333333333333636,0.0,-0.5363333333333336,1.4886666666666666,0.8899999999999998
3,-0.012333333333333307,0.5289999999999999,0.5363333333333336,0.0,2.025,1.4263333333333335
4,-2.037333333333333,-1.4960000000000002,-1.4886666666666666,-2.025,0.0,-0.5986666666666667
5,-1.4386666666666668,-0.8973333333333334,-0.8899999999999998,-1.4263333333333335,0.5986666666666667,0.0
