,abstracts,news,reviews,qa
0,0.0,5.231000000000001,1.6543333333333332,-0.05299999999999999
1,-5.231000000000001,0.0,-3.576666666666667,-5.284000000000001
2,-1.6543333333333332,3.576666666666667,0.0,-1.7073333333333331
3,0.05299999999999999,5.284000000000001,1.7073333333333331,0.0
