,zero_shot_baseline,in_context_learning_3-shot,style_information_style_example,chain_of_thought_zero_shot,chain_of_thought_one_shot,self-refine
0,0.0,-3.3003333333333336,0.127,-0.02200000000000002,1.2853333333333334,-0.3833333333333333
1,3.3003333333333336,0.0,3.4273333333333333,3.2783333333333333,4.585666666666667,2.9170000000000003
2,-0.127,-3.4273333333333333,0.0,-0.14900000000000002,1.1583333333333332,-0.5103333333333333
3,0.02200000000000002,-3.2783333333333333,0.14900000000000002,0.0,1.3073333333333332,-0.3613333333333333
4,-1.2853333333333334,-4.585666666666667,-1.1583333333333332,-1.3073333333333332,0.0,-1.6686666666666667
5,0.3833333333333333,-2.9170000000000003,0.5103333333333333,0.3613333333333333,1.6686666666666667,0.0
