,zero_shot_baseline,in_context_learning_3-shot,style_information_style_example,chain_of_thought_zero_shot,chain_of_thought_one_shot,self-refine
0,0.0,-0.1793333333333333,0.0146666666666667,-0.0203333333333333,0.0076666666666667,-0.5519999999999999
1,0.1793333333333333,0.0,0.19399999999999998,0.15899999999999997,0.187,-0.3726666666666667
2,-0.0146666666666667,-0.19399999999999998,0.0,-0.035,-0.006999999999999999,-0.5666666666666667
3,0.0203333333333333,-0.15899999999999997,0.035,0.0,0.028,-0.5316666666666666
4,-0.0076666666666667,-0.187,0.006999999999999999,-0.028,0.0,-0.5596666666666666
5,0.5519999999999999,0.3726666666666667,0.5666666666666667,0.5316666666666666,0.5596666666666666,0.0
