,zero_shot_baseline,in_context_learning_3-shot,style_information_style_example,chain_of_thought_zero_shot,chain_of_thought_one_shot,self-refine
0,0.0,-0.6596666666666666,0.5463333333333334,-0.09766666666666657,1.1076666666666668,-1.077333333333333
1,0.6596666666666666,0.0,1.206,0.562,1.7673333333333334,-0.4176666666666664
2,-0.5463333333333334,-1.206,0.0,-0.644,0.5613333333333334,-1.6236666666666664
3,0.09766666666666657,-0.562,0.644,0.0,1.2053333333333334,-0.9796666666666665
4,-1.1076666666666668,-1.7673333333333334,-0.5613333333333334,-1.2053333333333334,0.0,-2.1849999999999996
5,1.077333333333333,0.4176666666666664,1.6236666666666664,0.9796666666666665,2.1849999999999996,0.0
