,zero_shot_baseline,in_context_learning_3-shot,style_information_style_example,chain_of_thought_zero_shot,chain_of_thought_one_shot,self-refine
0,0.0,-0.1216666666666667,0.018,-0.010000000000000002,0.0373333333333333,-0.5786666666666667
1,0.1216666666666667,0.0,0.13966666666666672,0.1116666666666667,0.159,-0.45699999999999996
2,-0.018,-0.13966666666666672,0.0,-0.028,0.0193333333333333,-0.5966666666666667
3,0.010000000000000002,-0.1116666666666667,0.028,0.0,0.0473333333333333,-0.5686666666666667
4,-0.0373333333333333,-0.159,-0.0193333333333333,-0.0473333333333333,0.0,-0.616
5,0.5786666666666667,0.45699999999999996,0.5966666666666667,0.5686666666666667,0.616,0.0
