,zero_shot_baseline,in_context_learning_3-shot,style_information_style_example,chain_of_thought_zero_shot,chain_of_thought_one_shot,self-refine
0,0.0,-0.04966666666666669,0.039333333333333304,0.0030000000000000027,0.030333333333333302,-0.9963333333333335
1,0.04966666666666669,0.0,0.089,0.052666666666666695,0.07999999999999999,-0.9466666666666668
2,-0.039333333333333304,-0.089,0.0,-0.0363333333333333,-0.009000000000000001,-1.0356666666666667
3,-0.0030000000000000027,-0.052666666666666695,0.0363333333333333,0.0,0.0273333333333333,-0.9993333333333334
4,-0.030333333333333302,-0.07999999999999999,0.009000000000000001,-0.0273333333333333,0.0,-1.0266666666666668
5,0.9963333333333335,0.9466666666666668,1.0356666666666667,0.9993333333333334,1.0266666666666668,0.0
