,zero_shot_baseline,in_context_learning_3-shot,style_information_style_example,chain_of_thought_zero_shot,chain_of_thought_one_shot,self-refine
0,0.0,-0.9536666666666666,-0.43766666666666676,0.04700000000000004,-0.3653333333333332,-0.9913333333333333
1,0.9536666666666666,0.0,0.5159999999999998,1.0006666666666666,0.5883333333333334,-0.03766666666666674
2,0.43766666666666676,-0.5159999999999998,0.0,0.4846666666666668,0.07233333333333358,-0.5536666666666665
3,-0.04700000000000004,-1.0006666666666666,-0.4846666666666668,0.0,-0.4123333333333332,-1.0383333333333333
4,0.3653333333333332,-0.5883333333333334,-0.07233333333333358,0.4123333333333332,0.0,-0.6260000000000001
5,0.9913333333333333,0.03766666666666674,0.5536666666666665,1.0383333333333333,0.6260000000000001,0.0
