,zero_shot_baseline,in_context_learning_3-shot,style_information_style_example,chain_of_thought_zero_shot,chain_of_thought_one_shot,self-refine
0,0.0,-0.00771540752775518,0.04866666666666672,0.042666666666666714,-0.045333333333333364,-1.921
1,0.00771540752775518,0.0,0.0563820741944219,0.050382074194421894,-0.037617925805578184,-1.9132845924722448
2,-0.04866666666666672,-0.0563820741944219,0.0,-0.006000000000000005,-0.09400000000000008,-1.9696666666666667
3,-0.042666666666666714,-0.050382074194421894,0.006000000000000005,0.0,-0.08800000000000008,-1.9636666666666667
4,0.045333333333333364,0.037617925805578184,0.09400000000000008,0.08800000000000008,0.0,-1.8756666666666666
5,1.921,1.9132845924722448,1.9696666666666667,1.9636666666666667,1.8756666666666666,0.0
