,zero_shot_baseline,in_context_learning_3-shot,style_information_style_example,chain_of_thought_zero_shot,chain_of_thought_one_shot,self-refine
0,0.0,-0.3565828609536512,0.2776666666666665,-0.05400000000000005,0.9326666666666665,-0.05966666666666698
1,0.3565828609536512,0.0,0.6342495276203177,0.30258286095365117,1.2892495276203177,0.29691619428698424
2,-0.2776666666666665,-0.6342495276203177,0.0,-0.33166666666666655,0.655,-0.3373333333333335
3,0.05400000000000005,-0.30258286095365117,0.33166666666666655,0.0,0.9866666666666666,-0.005666666666666931
4,-0.9326666666666665,-1.2892495276203177,-0.655,-0.9866666666666666,0.0,-0.9923333333333335
5,0.05966666666666698,-0.29691619428698424,0.3373333333333335,0.005666666666666931,0.9923333333333335,0.0
