,zero_shot_baseline,in_context_learning_3-shot,style_information_style_example,chain_of_thought_zero_shot,chain_of_thought_one_shot,self-refine
0,0.0,-2.503469798657718,-0.0683333333333333,-0.006666666666666599,0.007333333333333402,-0.2483333333333333
1,2.503469798657718,0.0,2.4351364653243848,2.4968031319910513,2.5108031319910515,2.2551364653243846
2,0.0683333333333333,-2.4351364653243848,0.0,0.0616666666666667,0.0756666666666667,-0.18
3,0.006666666666666599,-2.4968031319910513,-0.0616666666666667,0.0,0.014,-0.2416666666666667
4,-0.007333333333333402,-2.5108031319910515,-0.0756666666666667,-0.014,0.0,-0.2556666666666667
5,0.2483333333333333,-2.2551364653243846,0.18,0.2416666666666667,0.2556666666666667,0.0
