,zero_shot_baseline,in_context_learning_3-shot,style_information_style_example,chain_of_thought_zero_shot,chain_of_thought_one_shot,self-refine
0,0.0,-2.7813822874944374,-0.0273333333333333,0.001,-0.017333333333333298,-0.06999999999999999
1,2.7813822874944374,0.0,2.754048954161104,2.7823822874944373,2.764048954161104,2.711382287494437
2,0.0273333333333333,-2.754048954161104,0.0,0.0283333333333333,0.010000000000000002,-0.04266666666666669
3,-0.001,-2.7823822874944373,-0.0283333333333333,0.0,-0.0183333333333333,-0.071
4,0.017333333333333298,-2.764048954161104,-0.010000000000000002,0.0183333333333333,0.0,-0.052666666666666695
5,0.06999999999999999,-2.711382287494437,0.04266666666666669,0.071,0.052666666666666695,0.0
