,mistral,deepseek,llama3.3,qwen72b,qwen32b,qwen14b,solar
0,0.0,0.5760000000000001,-0.11699999999999999,0.5109999999999999,0.9806666666666668,1.0203333333333333,0.917
1,-0.5760000000000001,0.0,-0.6930000000000001,-0.06500000000000017,0.40466666666666673,0.44433333333333314,0.34099999999999997
2,0.11699999999999999,0.6930000000000001,0.0,0.6279999999999999,1.0976666666666668,1.1373333333333333,1.034
3,-0.5109999999999999,0.06500000000000017,-0.6279999999999999,0.0,0.4696666666666669,0.5093333333333333,0.40600000000000014
4,-0.9806666666666668,-0.40466666666666673,-1.0976666666666668,-0.4696666666666669,0.0,0.039666666666666406,-0.06366666666666676
5,-1.0203333333333333,-0.44433333333333314,-1.1373333333333333,-0.5093333333333333,-0.039666666666666406,0.0,-0.10333333333333317
6,-0.917,-0.34099999999999997,-1.034,-0.40600000000000014,0.06366666666666676,0.10333333333333317,0.0
