,zero_shot_baseline,in_context_learning_3-shot,style_information_style_example,chain_of_thought_zero_shot,chain_of_thought_one_shot,self-refine
0,0.0,-0.09933333333333338,0.0010000000000000009,-0.058,-0.00033333333333339377,-0.40666666666666673
1,0.09933333333333338,0.0,0.10033333333333339,0.04133333333333339,0.099,-0.30733333333333335
2,-0.0010000000000000009,-0.10033333333333339,0.0,-0.059000000000000004,-0.0013333333333333947,-0.40766666666666673
3,0.058,-0.04133333333333339,0.059000000000000004,0.0,0.05766666666666661,-0.3486666666666667
4,0.00033333333333339377,-0.099,0.0013333333333333947,-0.05766666666666661,0.0,-0.4063333333333333
5,0.40666666666666673,0.30733333333333335,0.40766666666666673,0.3486666666666667,0.4063333333333333,0.0
