,zero_shot_baseline,in_context_learning_3-shot,style_information_style_example,chain_of_thought_zero_shot,chain_of_thought_one_shot,self-refine
0,0.0,0.653,0.6223333333333334,0.08966666666666667,-0.21633333333333327,-0.8540000000000001
1,-0.653,0.0,-0.03066666666666662,-0.5633333333333334,-0.8693333333333333,-1.5070000000000001
2,-0.6223333333333334,0.03066666666666662,0.0,-0.5326666666666667,-0.8386666666666667,-1.4763333333333335
3,-0.08966666666666667,0.5633333333333334,0.5326666666666667,0.0,-0.30599999999999994,-0.9436666666666668
4,0.21633333333333327,0.8693333333333333,0.8386666666666667,0.30599999999999994,0.0,-0.6376666666666668
5,0.8540000000000001,1.5070000000000001,1.4763333333333335,0.9436666666666668,0.6376666666666668,0.0
