,zero_shot_baseline,in_context_learning_3-shot,style_information_style_example,chain_of_thought_zero_shot,chain_of_thought_one_shot,self-refine
0,0.0,-0.1713333333333334,-0.006666666666666696,0.007333333333333303,0.004666666666666597,-0.9811554663991977
1,0.1713333333333334,0.0,0.16466666666666668,0.1786666666666667,0.176,-0.8098221330658644
2,0.006666666666666696,-0.16466666666666668,0.0,0.013999999999999999,0.011333333333333293,-0.9744887997325311
3,-0.007333333333333303,-0.1786666666666667,-0.013999999999999999,0.0,-0.002666666666666706,-0.9884887997325311
4,-0.004666666666666597,-0.176,-0.011333333333333293,0.002666666666666706,0.0,-0.9858221330658643
5,0.9811554663991977,0.8098221330658644,0.9744887997325311,0.9884887997325311,0.9858221330658643,0.0
