,zero_shot_baseline,in_context_learning_3-shot,style_information_style_example,chain_of_thought_zero_shot,chain_of_thought_one_shot,self-refine
0,0.0,-0.28147093923247407,-0.09623866468722309,0.0007538059447805279,-0.1625665577599587,0.010457274985784526
1,0.28147093923247407,0.0,0.18523227454525099,0.2822247451772546,0.11890438147251536,0.2919282142182586
2,0.09623866468722309,-0.18523227454525099,0.0,0.09699247063200361,-0.06632789307273562,0.10669593967300761
3,-0.0007538059447805279,-0.2822247451772546,-0.09699247063200361,0.0,-0.16332036370473924,0.009703469041003998
4,0.1625665577599587,-0.11890438147251536,0.06632789307273562,0.16332036370473924,0.0,0.17302383274574323
5,-0.010457274985784526,-0.2919282142182586,-0.10669593967300761,-0.009703469041003998,-0.17302383274574323,0.0
