,zero_shot_baseline,in_context_learning_3-shot,style_information_style_example,chain_of_thought_zero_shot,chain_of_thought_one_shot,self-refine
0,0.0,-0.1124675814048923,-0.08664785141743878,0.0005565687741274083,0.0077156205621431995,-0.051210103662017004
1,0.1124675814048923,0.0,0.02581972998745352,0.1130241501790197,0.1201832019670355,0.061257477742875294
2,0.08664785141743878,-0.02581972998745352,0.0,0.08720442019156618,0.09436347197958198,0.03543774775542177
3,-0.0005565687741274083,-0.1130241501790197,-0.08720442019156618,0.0,0.007159051788015791,-0.05176667243614441
4,-0.0077156205621431995,-0.1201832019670355,-0.09436347197958198,-0.007159051788015791,0.0,-0.0589257242241602
5,0.051210103662017004,-0.061257477742875294,-0.03543774775542177,0.05176667243614441,0.0589257242241602,0.0
