,abstracts,news,reviews,qa
0,0.0,0.0643395149938476,-0.030289102043538824,-0.019195473455077022
1,-0.0643395149938476,0.0,-0.09462861703738643,-0.08353498844892462
2,0.030289102043538824,0.09462861703738643,0.0,0.011093628588461801
3,0.019195473455077022,0.08353498844892462,-0.011093628588461801,0.0
