,zero_shot_baseline,in_context_learning_3-shot,style_information_style_example,chain_of_thought_zero_shot,chain_of_thought_one_shot,self-refine
0,0.0,-0.040051900704786314,-0.01751258241789544,-7.193410947542445e-05,-0.00897557720568043,0.025485978925253894
1,0.040051900704786314,0.0,0.022539318286890875,0.03997996659531089,0.031076323499105885,0.06553787963004021
2,0.01751258241789544,-0.022539318286890875,0.0,0.017440648308420015,0.00853700521221501,0.04299856134314933
3,7.193410947542445e-05,-0.03997996659531089,-0.017440648308420015,0.0,-0.008903643096205005,0.025557913034729318
4,0.00897557720568043,-0.031076323499105885,-0.00853700521221501,0.008903643096205005,0.0,0.03446155613093432
5,-0.025485978925253894,-0.06553787963004021,-0.04299856134314933,-0.025557913034729318,-0.03446155613093432,0.0
