,zero_shot_baseline,in_context_learning_3-shot,style_information_style_example,chain_of_thought_zero_shot,chain_of_thought_one_shot,self-refine
0,0.0,-0.0440166069502031,-0.012168421643260818,0.006186555336481991,-0.010374590321998112,-0.015285419448964721
1,0.0440166069502031,0.0,0.03184818530694228,0.05020316228668509,0.033642016628204985,0.028731187501238376
2,0.012168421643260818,-0.03184818530694228,0.0,0.01835497697974281,0.0017938313212627066,-0.0031169978057039027
3,-0.006186555336481991,-0.05020316228668509,-0.01835497697974281,0.0,-0.016561145658480103,-0.021471974785446712
4,0.010374590321998112,-0.033642016628204985,-0.0017938313212627066,0.016561145658480103,0.0,-0.004910829126966609
5,0.015285419448964721,-0.028731187501238376,0.0031169978057039027,0.021471974785446712,0.004910829126966609,0.0
