,zero_shot_baseline,in_context_learning_3-shot,style_information_style_example,chain_of_thought_zero_shot,chain_of_thought_one_shot,self-refine
0,0.0,-0.2054093677735201,0.0295337953437233,0.002612563520524691,-0.09792507817116541,0.010083222284185622
1,0.2054093677735201,0.0,0.2349431631172434,0.20802193129404478,0.10748428960235468,0.2154925900577057
2,-0.0295337953437233,-0.2349431631172434,0.0,-0.02692123182319861,-0.12745887351488872,-0.01945057305953768
3,-0.002612563520524691,-0.20802193129404478,0.02692123182319861,0.0,-0.1005376416916901,0.007470658763660931
4,0.09792507817116541,-0.10748428960235468,0.12745887351488872,0.1005376416916901,0.0,0.10800830045535104
5,-0.010083222284185622,-0.2154925900577057,0.01945057305953768,-0.007470658763660931,-0.10800830045535104,0.0
