,zero_shot_baseline,in_context_learning_3-shot,style_information_style_example,chain_of_thought_zero_shot,chain_of_thought_one_shot,self-refine
0,0.0,0.05786787249889269,0.0932302470528808,-0.004502061798296431,-0.023296407503205496,0.04313060982509742
1,-0.05786787249889269,0.0,0.03536237455398811,-0.06236993429718912,-0.08116428000209819,-0.01473726267379527
2,-0.0932302470528808,-0.03536237455398811,0.0,-0.09773230885117723,-0.1165266545560863,-0.05009963722778338
3,0.004502061798296431,0.06236993429718912,0.09773230885117723,0.0,-0.018794345704909066,0.04763267162339385
4,0.023296407503205496,0.08116428000209819,0.1165266545560863,0.018794345704909066,0.0,0.06642701732830292
5,-0.04313060982509742,0.01473726267379527,0.05009963722778338,-0.04763267162339385,-0.06642701732830292,0.0
