,abstracts,news,reviews,qa
0,0.0,0.08167265824188608,-0.0393852809271068,-0.12919106946094042
1,-0.08167265824188608,0.0,-0.12105793916899288,-0.2108637277028265
2,0.0393852809271068,0.12105793916899288,0.0,-0.08980578853383361
3,0.12919106946094042,0.2108637277028265,0.08980578853383361,0.0
