,mistral,deepseek,llama3.3,qwen72b,qwen32b,qwen14b,solar
0,0.0,0.025932939844026393,0.03173280537979978,-0.05889779302245124,-0.0026440840768346963,-0.006617949999650707,-0.038325747994788606
1,-0.025932939844026393,0.0,0.005799865535773385,-0.08483073286647763,-0.02857702392086109,-0.0325508898436771,-0.064258687838815
2,-0.03173280537979978,-0.005799865535773385,0.0,-0.09063059840225102,-0.034376889456634474,-0.038350755379450485,-0.07005855337458838
3,0.05889779302245124,0.08483073286647763,0.09063059840225102,0.0,0.05625370894561654,0.05227984302280053,0.020572045027662633
4,0.0026440840768346963,0.02857702392086109,0.034376889456634474,-0.05625370894561654,0.0,-0.003973865922816011,-0.03568166391795391
5,0.006617949999650707,0.0325508898436771,0.038350755379450485,-0.05227984302280053,0.003973865922816011,0.0,-0.0317077979951379
6,0.038325747994788606,0.064258687838815,0.07005855337458838,-0.020572045027662633,0.03568166391795391,0.0317077979951379,0.0
