,zero_shot_baseline,in_context_learning_3-shot,style_information_style_example,chain_of_thought_zero_shot,chain_of_thought_one_shot,self-refine
0,0.0,-0.15659255325194393,-0.08339610589348884,-0.035086347690670594,-0.08965002450211618,-0.045868896331416886
1,0.15659255325194393,0.0,0.0731964473584551,0.12150620556127334,0.06694252874982776,0.11072365692052705
2,0.08339610589348884,-0.0731964473584551,0.0,0.04830975820281824,-0.00625391860862734,0.03752720956207195
3,0.035086347690670594,-0.12150620556127334,-0.04830975820281824,0.0,-0.05456367681144558,-0.010782548640746292
4,0.08965002450211618,-0.06694252874982776,0.00625391860862734,0.05456367681144558,0.0,0.04378112817069929
5,0.045868896331416886,-0.11072365692052705,-0.03752720956207195,0.010782548640746292,-0.04378112817069929,0.0
