,zero_shot_baseline,in_context_learning_3-shot,style_information_style_example,chain_of_thought_zero_shot,chain_of_thought_one_shot,self-refine
0,0.0,-0.08595859259893662,-0.08865684445827171,0.011742147110823886,0.0019926142394459945,-0.024829812086258313
1,0.08595859259893662,0.0,-0.002698251859335088,0.09770073970976051,0.08795120683838262,0.06112878051267831
2,0.08865684445827171,0.002698251859335088,0.0,0.1003989915690956,0.0906494586977177,0.0638270323720134
3,-0.011742147110823886,-0.09770073970976051,-0.1003989915690956,0.0,-0.009749532871377892,-0.0365719591970822
4,-0.0019926142394459945,-0.08795120683838262,-0.0906494586977177,0.009749532871377892,0.0,-0.026822426325704307
5,0.024829812086258313,-0.06112878051267831,-0.0638270323720134,0.0365719591970822,0.026822426325704307,0.0
