,zero_shot_baseline,in_context_learning_3-shot,style_information_style_example,chain_of_thought_zero_shot,chain_of_thought_one_shot,self-refine
0,0.0,-0.10364191991314448,-0.1495268919136321,-0.022353850630166705,-0.19910007342249658,0.011033518874764003
1,0.10364191991314448,0.0,-0.045884972000487634,0.08128806928297777,-0.0954581535093521,0.11467543878790848
2,0.1495268919136321,0.045884972000487634,0.0,0.1271730412834654,-0.04957318150886447,0.1605604107883961
3,0.022353850630166705,-0.08128806928297777,-0.1271730412834654,0.0,-0.17674622279232988,0.03338736950493071
4,0.19910007342249658,0.0954581535093521,0.04957318150886447,0.17674622279232988,0.0,0.21013359229726059
5,-0.011033518874764003,-0.11467543878790848,-0.1605604107883961,-0.03338736950493071,-0.21013359229726059,0.0
