,zero_shot_baseline,in_context_learning_3-shot,style_information_style_example,chain_of_thought_zero_shot,chain_of_thought_one_shot,self-refine
0,0.0,-0.1109624216696603,-0.009118148398476689,0.008100781915592492,-0.0687068865168215,0.014211627265572901
1,0.1109624216696603,0.0,0.10184427327118362,0.1190632035852528,0.04225553515283881,0.1251740489352332
2,0.009118148398476689,-0.10184427327118362,0.0,0.01721893031406918,-0.05958873811834481,0.02332977566404959
3,-0.008100781915592492,-0.1190632035852528,-0.01721893031406918,0.0,-0.07680766843241399,0.006110845349980409
4,0.0687068865168215,-0.04225553515283881,0.05958873811834481,0.07680766843241399,0.0,0.0829185137823944
5,-0.014211627265572901,-0.1251740489352332,-0.02332977566404959,-0.006110845349980409,-0.0829185137823944,0.0
