,zero_shot_baseline,in_context_learning_3-shot,style_information_style_example,chain_of_thought_zero_shot,chain_of_thought_one_shot,self-refine
0,0.0,-0.1020922384741027,0.0073605929642582,0.0542775095399361,-0.05171457044941652,-0.028262161896484228
1,0.1020922384741027,0.0,0.1094528314383609,0.1563697480140388,0.050377668024686184,0.07383007657761848
2,-0.0073605929642582,-0.1094528314383609,0.0,0.0469169165756779,-0.05907516341367472,-0.03562275486074243
3,-0.0542775095399361,-0.1563697480140388,-0.0469169165756779,0.0,-0.10599207998935262,-0.08253967143642033
4,0.05171457044941652,-0.050377668024686184,0.05907516341367472,0.10599207998935262,0.0,0.02345240855293229
5,0.028262161896484228,-0.07383007657761848,0.03562275486074243,0.08253967143642033,-0.02345240855293229,0.0
