,zero_shot_baseline,in_context_learning_3-shot,style_information_style_example,chain_of_thought_zero_shot,chain_of_thought_one_shot,self-refine
0,0.0,-0.1077069157083376,-0.02152600251506978,0.012916849728775603,-0.06186195306512379,0.003129348743524718
1,0.1077069157083376,0.0,0.08618091319326782,0.1206237654371132,0.045844962643213805,0.11083626445186232
2,0.02152600251506978,-0.08618091319326782,0.0,0.034442852243845384,-0.04033595055005401,0.0246553512585945
3,-0.012916849728775603,-0.1206237654371132,-0.034442852243845384,0.0,-0.0747788027938994,-0.009787500985250885
4,0.06186195306512379,-0.045844962643213805,0.04033595055005401,0.0747788027938994,0.0,0.06499130180864851
5,-0.003129348743524718,-0.11083626445186232,-0.0246553512585945,0.009787500985250885,-0.06499130180864851,0.0
