,zero_shot_baseline,in_context_learning_3-shot,style_information_style_example,chain_of_thought_zero_shot,chain_of_thought_one_shot,self-refine
0,0.0,-0.03482882413575811,0.018338952730569402,-0.007905141728348886,-0.02824913345759722,0.02438587714146101
1,0.03482882413575811,0.0,0.05316777686632751,0.026923682407409222,0.006579690678160888,0.05921470127721912
2,-0.018338952730569402,-0.05316777686632751,0.0,-0.026244094458918288,-0.04658808618816662,0.006046924410891608
3,0.007905141728348886,-0.026923682407409222,0.026244094458918288,0.0,-0.020343991729248334,0.032291018869809895
4,0.02824913345759722,-0.006579690678160888,0.04658808618816662,0.020343991729248334,0.0,0.05263501059905823
5,-0.02438587714146101,-0.05921470127721912,-0.006046924410891608,-0.032291018869809895,-0.05263501059905823,0.0
