,zero_shot_baseline,in_context_learning_3-shot,style_information_style_example,chain_of_thought_zero_shot,chain_of_thought_one_shot,self-refine
0,0.0,-0.030503514148735034,0.023166564131837875,-0.004012951939252718,0.019927141614668797,0.08744645715487218
1,0.030503514148735034,0.0,0.05367007828057291,0.026490562209482316,0.05043065576340383,0.11794997130360721
2,-0.023166564131837875,-0.05367007828057291,0.0,-0.027179516071090593,-0.003239422517169077,0.0642798930230343
3,0.004012951939252718,-0.026490562209482316,0.027179516071090593,0.0,0.023940093553921515,0.0914594090941249
4,-0.019927141614668797,-0.05043065576340383,0.003239422517169077,-0.023940093553921515,0.0,0.06751931554020338
5,-0.08744645715487218,-0.11794997130360721,-0.0642798930230343,-0.0914594090941249,-0.06751931554020338,0.0
