,zero_shot_baseline,in_context_learning_3-shot,style_information_style_example,chain_of_thought_zero_shot,chain_of_thought_one_shot,self-refine
0,0.0,-0.017860405257878798,0.0074847441801697,-0.005707508358527624,0.012225689106707682,0.062051906609078694
1,0.017860405257878798,0.0,0.025345149438048498,0.012152896899351173,0.03008609436458648,0.07991231186695749
2,-0.0074847441801697,-0.025345149438048498,0.0,-0.013192252538697324,0.004740944926537982,0.054567162428908994
3,0.005707508358527624,-0.012152896899351173,0.013192252538697324,0.0,0.017933197465235307,0.06775941496760632
4,-0.012225689106707682,-0.03008609436458648,-0.004740944926537982,-0.017933197465235307,0.0,0.04982621750237101
5,-0.062051906609078694,-0.07991231186695749,-0.054567162428908994,-0.06775941496760632,-0.04982621750237101,0.0
