,zero_shot_baseline,in_context_learning_3-shot,style_information_style_example,chain_of_thought_zero_shot,chain_of_thought_one_shot,self-refine
0,0.0,-0.05469298836636122,-0.0001450653374840405,0.013523947564565986,-0.06505983205931604,0.04022062445197866
1,0.05469298836636122,0.0,0.05454792302887718,0.0682169359309272,-0.010366843692954819,0.09491361281833988
2,0.0001450653374840405,-0.05454792302887718,0.0,0.013669012902050026,-0.064914766721832,0.0403656897894627
3,-0.013523947564565986,-0.0682169359309272,-0.013669012902050026,0.0,-0.07858377962388202,0.026696676887412674
4,0.06505983205931604,0.010366843692954819,0.064914766721832,0.07858377962388202,0.0,0.1052804565112947
5,-0.04022062445197866,-0.09491361281833988,-0.0403656897894627,-0.026696676887412674,-0.1052804565112947,0.0
