,zero_shot_baseline,in_context_learning_3-shot,style_information_style_example,chain_of_thought_zero_shot,chain_of_thought_one_shot,self-refine
0,0.0,-0.1144813751161356,0.03727314982041818,0.05080557616847539,-0.04892374882413092,0.028402423286195855
1,0.1144813751161356,0.0,0.15175452493655378,0.165286951284611,0.06555762629200468,0.14288379840233145
2,-0.03727314982041818,-0.15175452493655378,0.0,0.013532426348057208,-0.0861968986445491,-0.008870726534222328
3,-0.05080557616847539,-0.165286951284611,-0.013532426348057208,0.0,-0.09972932499260631,-0.022403152882279537
4,0.04892374882413092,-0.06555762629200468,0.0861968986445491,0.09972932499260631,0.0,0.07732617211032677
5,-0.028402423286195855,-0.14288379840233145,0.008870726534222328,0.022403152882279537,-0.07732617211032677,0.0
