,zero_shot_baseline,in_context_learning_3-shot,style_information_style_example,chain_of_thought_zero_shot,chain_of_thought_one_shot,self-refine
0,0.0,-0.0280660801807458,0.07449383840663343,-0.0011338506874608023,-0.0044045816370730795,0.10918381442345151
1,0.0280660801807458,0.0,0.10255991858737923,0.026932229493284998,0.02366149854367272,0.13724989460419731
2,-0.07449383840663343,-0.10255991858737923,0.0,-0.07562768909409423,-0.07889842004370651,0.034689976016818086
3,0.0011338506874608023,-0.026932229493284998,0.07562768909409423,0.0,-0.003270730949612277,0.11031766511091232
4,0.0044045816370730795,-0.02366149854367272,0.07889842004370651,0.003270730949612277,0.0,0.1135883960605246
5,-0.10918381442345151,-0.13724989460419731,-0.034689976016818086,-0.11031766511091232,-0.1135883960605246,0.0
