,zero_shot_baseline,in_context_learning_3-shot,style_information_style_example,chain_of_thought_zero_shot,chain_of_thought_one_shot,self-refine
0,0.0,-0.289105448084099,-0.18800629484123021,-0.012921372580221996,-0.1531950085990887,-0.17511540398760628
1,0.289105448084099,0.0,0.10109915324286878,0.276184075503877,0.1359104394850103,0.11399004409649272
2,0.18800629484123021,-0.10109915324286878,0.0,0.17508492226100822,0.034811286242141526,0.012890890853623937
3,0.012921372580221996,-0.276184075503877,-0.17508492226100822,0.0,-0.1402736360188667,-0.16219403140738428
4,0.1531950085990887,-0.1359104394850103,-0.034811286242141526,0.1402736360188667,0.0,-0.02192039538851759
5,0.17511540398760628,-0.11399004409649272,-0.012890890853623937,0.16219403140738428,0.02192039538851759,0.0
