,zero_shot_baseline,in_context_learning_3-shot,style_information_style_example,chain_of_thought_zero_shot,chain_of_thought_one_shot,self-refine
0,0.0,-0.05097962042582482,-0.06170903913832304,-0.0008480774774561328,-0.0005169011013766434,-0.007198686450162639
1,0.05097962042582482,0.0,-0.010729418712498218,0.05013154294836869,0.05046271932444818,0.043780933975662184
2,0.06170903913832304,0.010729418712498218,0.0,0.06086096166086691,0.0611921380369464,0.0545103526881604
3,0.0008480774774561328,-0.05013154294836869,-0.06086096166086691,0.0,0.00033117637607948947,-0.006350608972706506
4,0.0005169011013766434,-0.05046271932444818,-0.0611921380369464,-0.00033117637607948947,0.0,-0.006681785348785996
5,0.007198686450162639,-0.043780933975662184,-0.0545103526881604,0.006350608972706506,0.006681785348785996,0.0
