,zero_shot_baseline,in_context_learning_3-shot,style_information_style_example,chain_of_thought_zero_shot,chain_of_thought_one_shot,self-refine
0,0.0,0.17524727876445736,0.07894815440509267,0.009106684137336285,-0.007023980779829131,0.06188392515414576
1,-0.17524727876445736,0.0,-0.09629912435936469,-0.16614059462712108,-0.1822712595442865,-0.1133633536103116
2,-0.07894815440509267,0.09629912435936469,0.0,-0.06984147026775639,-0.0859721351849218,-0.017064229250946916
3,-0.009106684137336285,0.16614059462712108,0.06984147026775639,0.0,-0.016130664917165416,0.05277724101680947
4,0.007023980779829131,0.1822712595442865,0.0859721351849218,0.016130664917165416,0.0,0.06890790593397489
5,-0.06188392515414576,0.1133633536103116,0.017064229250946916,-0.05277724101680947,-0.06890790593397489,0.0
