,mistral,deepseek,llama3.3,qwen72b,qwen32b,qwen14b,solar
0,0.0,-0.018422993664855003,-0.01919766350919211,-0.0630716964925696,0.1270599754497489,0.1453994874769009,-0.01363704977213892
1,0.018422993664855003,0.0,-0.0007746698443371058,-0.044648702827714604,0.1454829691146039,0.1638224811417559,0.0047859438927160824
2,0.01919766350919211,0.0007746698443371058,0.0,-0.0438740329833775,0.146257638958941,0.164597150986093,0.005560613737053188
3,0.0630716964925696,0.044648702827714604,0.0438740329833775,0.0,0.1901316719423185,0.2084711839694705,0.049434646720430686
4,-0.1270599754497489,-0.1454829691146039,-0.146257638958941,-0.1901316719423185,0.0,0.018339512027152005,-0.14069702522188782
5,-0.1453994874769009,-0.1638224811417559,-0.164597150986093,-0.2084711839694705,-0.018339512027152005,0.0,-0.15903653724903982
6,0.01363704977213892,-0.0047859438927160824,-0.005560613737053188,-0.049434646720430686,0.14069702522188782,0.15903653724903982,0.0
