,zero_shot_baseline,in_context_learning_3-shot,style_information_style_example,chain_of_thought_zero_shot,chain_of_thought_one_shot,self-refine
0,0.0,-0.1647160144997748,-0.002293268146491001,-0.008840897811212,-0.0654777997452734,-0.0083084891125072
1,0.1647160144997748,0.0,0.1624227463532838,0.1558751166885628,0.0992382147545014,0.1564075253872676
2,0.002293268146491001,-0.1624227463532838,0.0,-0.006547629664721,-0.0631845315987824,-0.006015220966016199
3,0.008840897811212,-0.1558751166885628,0.006547629664721,0.0,-0.0566369019340614,0.0005324086987048005
4,0.0654777997452734,-0.0992382147545014,0.0631845315987824,0.0566369019340614,0.0,0.0571693106327662
5,0.0083084891125072,-0.1564075253872676,0.006015220966016199,-0.0005324086987048005,-0.0571693106327662,0.0
