,zero_shot_baseline,in_context_learning_3-shot,style_information_style_example,chain_of_thought_zero_shot,chain_of_thought_one_shot,self-refine
0,0.0,0.13321416556345939,0.09924661438699589,0.0012440252717763056,0.034860331869915995,0.06295031746087931
1,-0.13321416556345939,0.0,-0.033967551176463495,-0.13197014029168308,-0.09835383369354339,-0.07026384810258007
2,-0.09924661438699589,0.033967551176463495,0.0,-0.09800258911521958,-0.0643862825170799,-0.03629629692611658
3,-0.0012440252717763056,0.13197014029168308,0.09800258911521958,0.0,0.03361630659813969,0.06170629218910301
4,-0.034860331869915995,0.09835383369354339,0.0643862825170799,-0.03361630659813969,0.0,0.028089985590963318
5,-0.06295031746087931,0.07026384810258007,0.03629629692611658,-0.06170629218910301,-0.028089985590963318,0.0
