,zero_shot_baseline,in_context_learning_3-shot,style_information_style_example,chain_of_thought_zero_shot,chain_of_thought_one_shot,self-refine
0,0.0,0.18614811614551502,0.15419740732688914,0.011275548742801123,0.03065608745313031,0.07948957559019282
1,-0.18614811614551502,0.0,-0.031950708818625884,-0.1748725674027139,-0.1554920286923847,-0.1066585405553222
2,-0.15419740732688914,0.031950708818625884,0.0,-0.142921858584088,-0.12354131987375883,-0.07470783173669632
3,-0.011275548742801123,0.1748725674027139,0.142921858584088,0.0,0.019380538710329187,0.0682140268473917
4,-0.03065608745313031,0.1554920286923847,0.12354131987375883,-0.019380538710329187,0.0,0.04883348813706251
5,-0.07948957559019282,0.1066585405553222,0.07470783173669632,-0.0682140268473917,-0.04883348813706251,0.0
