,zero_shot_baseline,in_context_learning_3-shot,style_information_style_example,chain_of_thought_zero_shot,chain_of_thought_one_shot,self-refine
0,0.0,0.18997050443625288,0.05578796510651307,0.009612530477520254,0.11510962595480698,0.02237551870318627
1,-0.18997050443625288,0.0,-0.1341825393297398,-0.18035797395873263,-0.0748608784814459,-0.1675949857330666
2,-0.05578796510651307,0.1341825393297398,0.0,-0.04617543462899282,0.059321660848293906,-0.0334124464033268
3,-0.009612530477520254,0.18035797395873263,0.04617543462899282,0.0,0.10549709547728672,0.012762988225666017
4,-0.11510962595480698,0.0748608784814459,-0.059321660848293906,-0.10549709547728672,0.0,-0.0927341072516207
5,-0.02237551870318627,0.1675949857330666,0.0334124464033268,-0.012762988225666017,0.0927341072516207,0.0
