,zero_shot_baseline,in_context_learning_3-shot,style_information_style_example,chain_of_thought_zero_shot,chain_of_thought_one_shot,self-refine
0,0.0,-0.125092984105445,-0.045974532488112174,-0.014820476191251597,0.05897015126107921,-0.03592616524739972
1,0.125092984105445,0.0,0.07911845161733283,0.11027250791419341,0.18406313536652422,0.08916681885804528
2,0.045974532488112174,-0.07911845161733283,0.0,0.031154056296860577,0.10494468374919139,0.010048367240712452
3,0.014820476191251597,-0.11027250791419341,-0.031154056296860577,0.0,0.07379062745233081,-0.021105689056148125
4,-0.05897015126107921,-0.18406313536652422,-0.10494468374919139,-0.07379062745233081,0.0,-0.09489631650847893
5,0.03592616524739972,-0.08916681885804528,-0.010048367240712452,0.021105689056148125,0.09489631650847893,0.0
