,zero_shot_baseline,in_context_learning_3-shot,style_information_style_example,chain_of_thought_zero_shot,chain_of_thought_one_shot,self-refine
0,0.0,-0.1423755883092247,-0.06454751988427687,-0.017441062291783604,-0.02029309409110369,-0.0729328641789665
1,0.1423755883092247,0.0,0.07782806842494783,0.1249345260174411,0.12208249421812101,0.0694427241302582
2,0.06454751988427687,-0.07782806842494783,0.0,0.04710645759249327,0.04425442579317318,-0.008385344294689623
3,0.017441062291783604,-0.1249345260174411,-0.04710645759249327,0.0,-0.002852031799320087,-0.05549180188718289
4,0.02029309409110369,-0.12208249421812101,-0.04425442579317318,0.002852031799320087,0.0,-0.0526397700878628
5,0.0729328641789665,-0.0694427241302582,0.008385344294689623,0.05549180188718289,0.0526397700878628,0.0
