,abstracts,news,reviews,qa
0,0.0,0.035005598967650375,-0.023322504497807012,-0.023840691258624508
1,-0.035005598967650375,0.0,-0.05832810346545739,-0.05884629022627488
2,0.023322504497807012,0.05832810346545739,0.0,-0.0005181867608174962
3,0.023840691258624508,0.05884629022627488,0.0005181867608174962,0.0
