,mistral,deepseek,llama3.3,qwen72b,qwen32b,qwen14b,solar
0,0.0,-0.01999345984275036,0.047506509018924115,-0.026842554827474385,0.07997454248019112,0.08266965177336533,-0.04993756334406796
1,0.01999345984275036,0.0,0.06749996886167448,-0.0068490949847240246,0.09996800232294148,0.10266311161611569,-0.029944103501317598
2,-0.047506509018924115,-0.06749996886167448,0.0,-0.0743490638463985,0.032468033461267004,0.03516314275444121,-0.09744407236299207
3,0.026842554827474385,0.0068490949847240246,0.0743490638463985,0.0,0.1068170973076655,0.10951220660083971,-0.023095008516593574
4,-0.07997454248019112,-0.09996800232294148,-0.032468033461267004,-0.1068170973076655,0.0,0.0026951092931742082,-0.12991210582425908
5,-0.08266965177336533,-0.10266311161611569,-0.03516314275444121,-0.10951220660083971,-0.0026951092931742082,0.0,-0.13260721511743329
6,0.04993756334406796,0.029944103501317598,0.09744407236299207,0.023095008516593574,0.12991210582425908,0.13260721511743329,0.0
