,zero_shot_baseline,in_context_learning_3-shot,style_information_style_example,chain_of_thought_zero_shot,chain_of_thought_one_shot,self-refine
0,0.0,0.017555468102065208,-0.017265623265545094,-0.0030881595531754846,-0.05397721815997458,0.03119662596657158
1,-0.017555468102065208,0.0,-0.0348210913676103,-0.020643627655240693,-0.07153268626203979,0.01364115786450637
2,0.017265623265545094,0.0348210913676103,0.0,0.014177463712369609,-0.03671159489442949,0.04846224923211667
3,0.0030881595531754846,0.020643627655240693,-0.014177463712369609,0.0,-0.0508890586067991,0.03428478551974706
4,0.05397721815997458,0.07153268626203979,0.03671159489442949,0.0508890586067991,0.0,0.08517384412654616
5,-0.03119662596657158,-0.01364115786450637,-0.04846224923211667,-0.03428478551974706,-0.08517384412654616,0.0
