,abstracts,news,reviews,qa
0,0.0,0.015456551079889004,0.0448517873271907,-0.051350655295894304
1,-0.015456551079889004,0.0,0.029395236247301698,-0.0668072063757833
2,-0.0448517873271907,-0.029395236247301698,0.0,-0.096202442623085
3,0.051350655295894304,0.0668072063757833,0.096202442623085,0.0
