,zero_shot_baseline,in_context_learning_3-shot,style_information_style_example,chain_of_thought_zero_shot,chain_of_thought_one_shot,self-refine
0,0.0,0.023905621208951122,0.021767476125931995,0.007638682491236226,0.02103273619232393,0.0031164663093598
1,-0.023905621208951122,0.0,-0.0021381450830191273,-0.016266938717714896,-0.0028728850166271913,-0.020789154899591322
2,-0.021767476125931995,0.0021381450830191273,0.0,-0.014128793634695769,-0.000734739933608064,-0.018651009816572195
3,-0.007638682491236226,0.016266938717714896,0.014128793634695769,0.0,0.013394053701087705,-0.004522216181876426
4,-0.02103273619232393,0.0028728850166271913,0.000734739933608064,-0.013394053701087705,0.0,-0.01791626988296413
5,-0.0031164663093598,0.020789154899591322,0.018651009816572195,0.004522216181876426,0.01791626988296413,0.0
