,mistral,deepseek,llama3.3,qwen72b,qwen32b,qwen14b,solar
0,0.0,0.03584978788951537,0.04891401360161257,-0.001375735797843003,0.008544310095832397,0.01746357336567439,-0.003971090063930427
1,-0.03584978788951537,0.0,0.0130642257120972,-0.037225523687358375,-0.027305477793682975,-0.018386214523840982,-0.0398208779534458
2,-0.04891401360161257,-0.0130642257120972,0.0,-0.050289749399455574,-0.040369703505780175,-0.03145044023593818,-0.052885103665543
3,0.001375735797843003,0.037225523687358375,0.050289749399455574,0.0,0.0099200458936754,0.018839309163517393,-0.002595354266087424
4,-0.008544310095832397,0.027305477793682975,0.040369703505780175,-0.0099200458936754,0.0,0.008919263269841993,-0.012515400159762824
5,-0.01746357336567439,0.018386214523840982,0.03145044023593818,-0.018839309163517393,-0.008919263269841993,0.0,-0.021434663429604817
6,0.003971090063930427,0.0398208779534458,0.052885103665543,0.002595354266087424,0.012515400159762824,0.021434663429604817,0.0
