,zero_shot_baseline,in_context_learning_3-shot,style_information_style_example,chain_of_thought_zero_shot,chain_of_thought_one_shot,self-refine
0,0.0,0.025917677845954,0.0325981355504521,0.008490563292105402,-0.020637582672807464,-0.044644843327250716
1,-0.025917677845954,0.0,0.0066804577044980995,-0.0174271145538486,-0.046555260518761465,-0.07056252117320472
2,-0.0325981355504521,-0.0066804577044980995,0.0,-0.0241075722583467,-0.053235718223259565,-0.07724297887770282
3,-0.008490563292105402,0.0174271145538486,0.0241075722583467,0.0,-0.029128145964912866,-0.05313540661935612
4,0.020637582672807464,0.046555260518761465,0.053235718223259565,0.029128145964912866,0.0,-0.024007260654443252
5,0.044644843327250716,0.07056252117320472,0.07724297887770282,0.05313540661935612,0.024007260654443252,0.0
