,zero_shot_baseline,in_context_learning_3-shot,style_information_style_example,chain_of_thought_zero_shot,chain_of_thought_one_shot,self-refine
0,0.0,0.047261497130064334,0.030642923002185518,0.0026962534543878425,0.01707097139693503,-0.0044793881548262915
1,-0.047261497130064334,0.0,-0.016618574127878816,-0.04456524367567649,-0.030190525733129303,-0.051740885284890625
2,-0.030642923002185518,0.016618574127878816,0.0,-0.027946669547797676,-0.013571951605250487,-0.03512231115701181
3,-0.0026962534543878425,0.04456524367567649,0.027946669547797676,0.0,0.014374717942547188,-0.007175641609214134
4,-0.01707097139693503,0.030190525733129303,0.013571951605250487,-0.014374717942547188,0.0,-0.021550359551761322
5,0.0044793881548262915,0.051740885284890625,0.03512231115701181,0.007175641609214134,0.021550359551761322,0.0
