,zero_shot_baseline,in_context_learning_3-shot,style_information_style_example,chain_of_thought_zero_shot,chain_of_thought_one_shot,self-refine
0,0.0,0.030396541891573592,-0.0008662983036499261,0.003956304143152789,0.006724998170583918,-0.01344601665517886
1,-0.030396541891573592,0.0,-0.03126284019522352,-0.026440237748420803,-0.023671543720989674,-0.04384255854675245
2,0.0008662983036499261,0.03126284019522352,0.0,0.004822602446802715,0.007591296474233844,-0.012579718351528935
3,-0.003956304143152789,0.026440237748420803,-0.004822602446802715,0.0,0.002768694027431129,-0.01740232079833165
4,-0.006724998170583918,0.023671543720989674,-0.007591296474233844,-0.002768694027431129,0.0,-0.02017101482576278
5,0.01344601665517886,0.04384255854675245,0.012579718351528935,0.01740232079833165,0.02017101482576278,0.0
