,mistral,deepseek,llama3.3,qwen72b,qwen32b,qwen14b,solar
0,0.0,-0.020508528238662116,-0.031584157367325005,-0.019866133829496202,-0.023756450017828334,-0.028341303820103914,-0.007012174298668017
1,0.020508528238662116,0.0,-0.01107562912866289,0.000642394409165914,-0.0032479217791662185,-0.007832775581441798,0.013496353939994099
2,0.031584157367325005,0.01107562912866289,0.0,0.011718023537828803,0.007827707349496671,0.0032428535472210918,0.02457198306865699
3,0.019866133829496202,-0.000642394409165914,-0.011718023537828803,0.0,-0.0038903161883321324,-0.008475169990607712,0.012853959530828185
4,0.023756450017828334,0.0032479217791662185,-0.007827707349496671,0.0038903161883321324,0.0,-0.004584853802275579,0.016744275719160318
5,0.028341303820103914,0.007832775581441798,-0.0032428535472210918,0.008475169990607712,0.004584853802275579,0.0,0.021329129521435897
6,0.007012174298668017,-0.013496353939994099,-0.02457198306865699,-0.012853959530828185,-0.016744275719160318,-0.021329129521435897,0.0
