,zero_shot_baseline,in_context_learning_3-shot,style_information_style_example,chain_of_thought_zero_shot,chain_of_thought_one_shot,self-refine
0,0.0,0.019543335836095077,-0.016942506432707005,0.023349933486329966,0.001296387422746459,-0.0016867417730858092
1,-0.019543335836095077,0.0,-0.03648584226880208,0.0038065976502348886,-0.018246948413348618,-0.021230077609180886
2,0.016942506432707005,0.03648584226880208,0.0,0.04029243991903697,0.018238893855453464,0.015255764659621196
3,-0.023349933486329966,-0.0038065976502348886,-0.04029243991903697,0.0,-0.022053546063583507,-0.025036675259415775
4,-0.001296387422746459,0.018246948413348618,-0.018238893855453464,0.022053546063583507,0.0,-0.002983129195832268
5,0.0016867417730858092,0.021230077609180886,-0.015255764659621196,0.025036675259415775,0.002983129195832268,0.0
