,zero_shot_baseline,in_context_learning_3-shot,style_information_style_example,chain_of_thought_zero_shot,chain_of_thought_one_shot,self-refine
0,0.0,0.02258352559619381,-0.007648231794945171,0.0032804418776680166,-0.007981843575132375,-0.004629825851989899
1,-0.02258352559619381,0.0,-0.03023175739113898,-0.019303083718525793,-0.030565369171326184,-0.02721335144818371
2,0.007648231794945171,0.03023175739113898,0.0,0.010928673672613187,-0.00033361178018720405,0.003018405942955271
3,-0.0032804418776680166,0.019303083718525793,-0.010928673672613187,0.0,-0.011262285452800391,-0.007910267729657916
4,0.007981843575132375,0.030565369171326184,0.00033361178018720405,0.011262285452800391,0.0,0.0033520177231424753
5,0.004629825851989899,0.02721335144818371,-0.003018405942955271,0.007910267729657916,-0.0033520177231424753,0.0
