,abstracts,news,reviews,qa
0,0.0,-0.012791759580897497,-0.020241678473538,-0.003153244440617403
1,0.012791759580897497,0.0,-0.007449918892640503,0.009638515140280093
2,0.020241678473538,0.007449918892640503,0.0,0.017088434032920596
3,0.003153244440617403,-0.009638515140280093,-0.017088434032920596,0.0
