,zero_shot_baseline,in_context_learning_3-shot,style_information_style_example,chain_of_thought_zero_shot,chain_of_thought_one_shot,self-refine
0,0.0,0.02764540975246549,0.013259483437127073,0.08024666753097248,0.01493460942155489,-0.0070436642936665406
1,-0.02764540975246549,0.0,-0.014385926315338415,0.05260125777850699,-0.012710800330910599,-0.03468907404613203
2,-0.013259483437127073,0.014385926315338415,0.0,0.06698718409384541,0.0016751259844278166,-0.020303147730793614
3,-0.08024666753097248,-0.05260125777850699,-0.06698718409384541,0.0,-0.06531205810941759,-0.08729033182463902
4,-0.01493460942155489,0.012710800330910599,-0.0016751259844278166,0.06531205810941759,0.0,-0.02197827371522143
5,0.0070436642936665406,0.03468907404613203,0.020303147730793614,0.08729033182463902,0.02197827371522143,0.0
