,zero_shot_baseline,in_context_learning_3-shot,style_information_style_example,chain_of_thought_zero_shot,chain_of_thought_one_shot,self-refine
0,0.0,0.026841913144799667,0.024479171299165436,0.0008418372382255068,0.010002148553921453,-0.01246465058920554
1,-0.026841913144799667,0.0,-0.002362741845634231,-0.02600007590657416,-0.016839764590878215,-0.03930656373400521
2,-0.024479171299165436,0.002362741845634231,0.0,-0.02363733406093993,-0.014477022745243984,-0.036943821888370976
3,-0.0008418372382255068,0.02600007590657416,0.02363733406093993,0.0,0.009160311315695946,-0.013306487827431046
4,-0.010002148553921453,0.016839764590878215,0.014477022745243984,-0.009160311315695946,0.0,-0.022466799143126992
5,0.01246465058920554,0.03930656373400521,0.036943821888370976,0.013306487827431046,0.022466799143126992,0.0
