,zero_shot_baseline,in_context_learning_3-shot,style_information_style_example,chain_of_thought_zero_shot,chain_of_thought_one_shot,self-refine
0,0.0,-0.003583218560615997,-0.004044543133694178,0.0019693701695990273,0.007929156177351127,-0.0075197049389862936
1,0.003583218560615997,0.0,-0.0004613245730781812,0.0055525887302150245,0.011512374737967124,-0.003936486378370296
2,0.004044543133694178,0.0004613245730781812,0.0,0.006013913303293206,0.011973699311045305,-0.003475161805292115
3,-0.0019693701695990273,-0.0055525887302150245,-0.006013913303293206,0.0,0.005959786007752099,-0.009489075108585321
4,-0.007929156177351127,-0.011512374737967124,-0.011973699311045305,-0.005959786007752099,0.0,-0.01544886111633742
5,0.0075197049389862936,0.003936486378370296,0.003475161805292115,0.009489075108585321,0.01544886111633742,0.0
