,zero_shot_baseline,in_context_learning_3-shot,style_information_style_example,chain_of_thought_zero_shot,chain_of_thought_one_shot,self-refine
0,0.0,0.014112594212408791,-0.02260176120129842,0.017647953315403198,0.0043671492450406135,0.0024472936668896716
1,-0.014112594212408791,0.0,-0.03671435541370721,0.0035353591029944065,-0.009745444967368178,-0.01166530054551912
2,0.02260176120129842,0.03671435541370721,0.0,0.04024971451670162,0.026968910446339034,0.025049054868188092
3,-0.017647953315403198,-0.0035353591029944065,-0.04024971451670162,0.0,-0.013280804070362584,-0.015200659648513526
4,-0.0043671492450406135,0.009745444967368178,-0.026968910446339034,0.013280804070362584,0.0,-0.0019198555781509419
5,-0.0024472936668896716,0.01166530054551912,-0.025049054868188092,0.015200659648513526,0.0019198555781509419,0.0
