,zero_shot_baseline,in_context_learning_3-shot,style_information_style_example,chain_of_thought_zero_shot,chain_of_thought_one_shot,self-refine
0,0.0,0.001844602560464037,0.008309600089046298,0.004270173932926835,-0.0020439281883369853,-0.01264485035127405
1,-0.001844602560464037,0.0,0.006464997528582261,0.002425571372462798,-0.0038885307488010223,-0.014489452911738088
2,-0.008309600089046298,-0.006464997528582261,0.0,-0.004039426156119463,-0.010353528277383284,-0.02095445044032035
3,-0.004270173932926835,-0.002425571372462798,0.004039426156119463,0.0,-0.00631410212126382,-0.016915024284200886
4,0.0020439281883369853,0.0038885307488010223,0.010353528277383284,0.00631410212126382,0.0,-0.010600922162937065
5,0.01264485035127405,0.014489452911738088,0.02095445044032035,0.016915024284200886,0.010600922162937065,0.0
