,zero_shot_baseline,in_context_learning_3-shot,style_information_style_example,chain_of_thought_zero_shot,chain_of_thought_one_shot,self-refine
0,0.0,0.030482111454828487,-0.019189299707736696,0.014272869720784065,0.010207602614582978,-0.013109347527848814
1,-0.030482111454828487,0.0,-0.04967141116256518,-0.01620924173404442,-0.02027450884024551,-0.0435914589826773
2,0.019189299707736696,0.04967141116256518,0.0,0.03346216942852076,0.029396902322319673,0.006079952179887882
3,-0.014272869720784065,0.01620924173404442,-0.03346216942852076,0.0,-0.004065267106201087,-0.02738221724863288
4,-0.010207602614582978,0.02027450884024551,-0.029396902322319673,0.004065267106201087,0.0,-0.02331695014243179
5,0.013109347527848814,0.0435914589826773,-0.006079952179887882,0.02738221724863288,0.02331695014243179,0.0
