,zero_shot_baseline,in_context_learning_3-shot,style_information_style_example,chain_of_thought_zero_shot,chain_of_thought_one_shot,self-refine
0,0.0,0.008889565128157362,0.0015589239356439966,0.005971139823244376,0.006958751037439981,0.00011918716163156207
1,-0.008889565128157362,0.0,-0.007330641192513365,-0.002918425304912986,-0.001930814090717381,-0.0087703779665258
2,-0.0015589239356439966,0.007330641192513365,0.0,0.004412215887600379,0.005399827101795984,-0.0014397367740124345
3,-0.005971139823244376,0.002918425304912986,-0.004412215887600379,0.0,0.000987611214195605,-0.005851952661612814
4,-0.006958751037439981,0.001930814090717381,-0.005399827101795984,-0.000987611214195605,0.0,-0.006839563875808419
5,-0.00011918716163156207,0.0087703779665258,0.0014397367740124345,0.005851952661612814,0.006839563875808419,0.0
