,abstracts,news,reviews,qa
0,0.0,0.015523025134355398,0.0482957295879987,-0.06516101737790181
1,-0.015523025134355398,0.0,0.0327727044536433,-0.0806840425122572
2,-0.0482957295879987,-0.0327727044536433,0.0,-0.11345674696590051
3,0.06516101737790181,0.0806840425122572,0.11345674696590051,0.0
