,zero_shot_baseline,in_context_learning_3-shot,style_information_style_example,chain_of_thought_zero_shot,chain_of_thought_one_shot,self-refine
0,0.0,0.04925438033182217,0.04453591476141916,0.0010809301028997798,0.04745678409102988,-0.005327919112555368
1,-0.04925438033182217,0.0,-0.004718465570403008,-0.04817345022892239,-0.0017975962407922874,-0.054582299444377536
2,-0.04453591476141916,0.004718465570403008,0.0,-0.04345498465851938,0.00292086932961072,-0.04986383387397453
3,-0.0010809301028997798,0.04817345022892239,0.04345498465851938,0.0,0.0463758539881301,-0.006408849215455148
4,-0.04745678409102988,0.0017975962407922874,-0.00292086932961072,-0.0463758539881301,0.0,-0.05278470320358525
5,0.005327919112555368,0.054582299444377536,0.04986383387397453,0.006408849215455148,0.05278470320358525,0.0
