,zero_shot_baseline,in_context_learning_3-shot,style_information_style_example,chain_of_thought_zero_shot,chain_of_thought_one_shot,self-refine
0,0.0,0.026402464715080398,-0.0198594607926465,0.011301691791589519,-0.011170923063441696,-0.09289963121712058
1,-0.026402464715080398,0.0,-0.0462619255077269,-0.01510077292349088,-0.037573387778522094,-0.11930209593220098
2,0.0198594607926465,0.0462619255077269,0.0,0.031161152584236018,0.008688537729204804,-0.07304017042447408
3,-0.011301691791589519,0.01510077292349088,-0.031161152584236018,0.0,-0.022472614855031214,-0.1042013230087101
4,0.011170923063441696,0.037573387778522094,-0.008688537729204804,0.022472614855031214,0.0,-0.08172870815367889
5,0.09289963121712058,0.11930209593220098,0.07304017042447408,0.1042013230087101,0.08172870815367889,0.0
