,zero_shot_baseline,in_context_learning_3-shot,style_information_style_example,chain_of_thought_zero_shot,chain_of_thought_one_shot,self-refine
0,0.0,0.008894586287220174,7.5330648350857565e-06,0.003330893041308902,0.009393746596224106,0.004144727732336595
1,-0.008894586287220174,0.0,-0.008887053222385088,-0.005563693245911272,0.000499160309003932,-0.004749858554883579
2,-7.5330648350857565e-06,0.008887053222385088,0.0,0.0033233599764738164,0.00938621353138902,0.004137194667501509
3,-0.003330893041308902,0.005563693245911272,-0.0033233599764738164,0.0,0.006062853554915204,0.0008138346910276928
4,-0.009393746596224106,-0.000499160309003932,-0.00938621353138902,-0.006062853554915204,0.0,-0.005249018863887511
5,-0.004144727732336595,0.004749858554883579,-0.004137194667501509,-0.0008138346910276928,0.005249018863887511,0.0
