,zero_shot_baseline,in_context_learning_3-shot,style_information_style_example,chain_of_thought_zero_shot,chain_of_thought_one_shot,self-refine
0,0.0,0.0524143891885992,0.04417956566793635,-0.004059905318494206,0.015975987773639067,-0.002228312043052294
1,-0.0524143891885992,0.0,-0.008234823520662848,-0.0564742945070934,-0.03643840141496013,-0.05464270123165149
2,-0.04417956566793635,0.008234823520662848,0.0,-0.048239470986430555,-0.028203577894297283,-0.04640787771098864
3,0.004059905318494206,0.0564742945070934,0.048239470986430555,0.0,0.020035893092133272,0.0018315932754419118
4,-0.015975987773639067,0.03643840141496013,0.028203577894297283,-0.020035893092133272,0.0,-0.01820429981669136
5,0.002228312043052294,0.05464270123165149,0.04640787771098864,-0.0018315932754419118,0.01820429981669136,0.0
