,zero_shot_baseline,in_context_learning_3-shot,style_information_style_example,chain_of_thought_zero_shot,chain_of_thought_one_shot,self-refine
0,0.0,0.02060833976960985,0.01129096555090614,0.004896072072522406,0.012983724626401127,-0.0015741449328043888
1,-0.02060833976960985,0.0,-0.009317374218703711,-0.015712267697087445,-0.007624615143208724,-0.02218248470241424
2,-0.01129096555090614,0.009317374218703711,0.0,-0.006394893478383734,0.0016927590754949873,-0.012865110483710529
3,-0.004896072072522406,0.015712267697087445,0.006394893478383734,0.0,0.008087652553878721,-0.006470217005326795
4,-0.012983724626401127,0.007624615143208724,-0.0016927590754949873,-0.008087652553878721,0.0,-0.014557869559205516
5,0.0015741449328043888,0.02218248470241424,0.012865110483710529,0.006470217005326795,0.014557869559205516,0.0
