,zero_shot_baseline,in_context_learning_3-shot,style_information_style_example,chain_of_thought_zero_shot,chain_of_thought_one_shot,self-refine
0,0.0,0.002443005589183478,0.005014399746782472,0.003592907040189497,-0.010972960359212414,-0.024884337024323577
1,-0.002443005589183478,0.0,0.002571394157598994,0.001149901451006019,-0.013415965948395892,-0.027327342613507055
2,-0.005014399746782472,-0.002571394157598994,0.0,-0.001421492706592975,-0.015987360105994886,-0.02989873677110605
3,-0.003592907040189497,-0.001149901451006019,0.001421492706592975,0.0,-0.01456586739940191,-0.028477244064513074
4,0.010972960359212414,0.013415965948395892,0.015987360105994886,0.01456586739940191,0.0,-0.013911376665111164
5,0.024884337024323577,0.027327342613507055,0.02989873677110605,0.028477244064513074,0.013911376665111164,0.0
