,abstracts,news,reviews,qa
0,0.0,0.016472026067804596,0.0529224006322602,-0.0378465382237768
1,-0.016472026067804596,0.0,0.0364503745644556,-0.0543185642915814
2,-0.0529224006322602,-0.0364503745644556,0.0,-0.090768938856037
3,0.0378465382237768,0.0543185642915814,0.090768938856037,0.0
