,zero_shot_baseline,in_context_learning_3-shot,style_information_style_example,chain_of_thought_zero_shot,chain_of_thought_one_shot,self-refine
0,0.0,0.02557093643492453,-0.0121486229620128,0.0018635981508615118,0.011443998382897225,-0.0009708956571199967
1,-0.02557093643492453,0.0,-0.03771955939693733,-0.023707338284063018,-0.014126938052027305,-0.026541832092044526
2,0.0121486229620128,0.03771955939693733,0.0,0.014012221112874312,0.023592621344910025,0.011177727304892804
3,-0.0018635981508615118,0.023707338284063018,-0.014012221112874312,0.0,0.009580400232035713,-0.0028344938079815085
4,-0.011443998382897225,0.014126938052027305,-0.023592621344910025,-0.009580400232035713,0.0,-0.012414894040017221
5,0.0009708956571199967,0.026541832092044526,-0.011177727304892804,0.0028344938079815085,0.012414894040017221,0.0
