,abstracts,news,reviews,qa
0,0.0,-0.011772282290917702,0.0296640948470257,-0.0806103311748173
1,0.011772282290917702,0.0,0.0414363771379434,-0.0688380488838996
2,-0.0296640948470257,-0.0414363771379434,0.0,-0.11027442602184301
3,0.0806103311748173,0.0688380488838996,0.11027442602184301,0.0
