,zero_shot_baseline,in_context_learning_3-shot,style_information_style_example,chain_of_thought_zero_shot,chain_of_thought_one_shot,self-refine
0,0.0,0.01572706304366378,-0.004126975770465391,0.00010882397024292167,0.0026092695816277156,0.0006182026281185138
1,-0.01572706304366378,0.0,-0.01985403881412917,-0.015618239073420859,-0.013117793462036065,-0.015108860415545267
2,0.004126975770465391,0.01985403881412917,0.0,0.0042357997407083126,0.0067362453520931065,0.004745178398583905
3,-0.00010882397024292167,0.015618239073420859,-0.0042357997407083126,0.0,0.002500445611384794,0.0005093786578755921
4,-0.0026092695816277156,0.013117793462036065,-0.0067362453520931065,-0.002500445611384794,0.0,-0.001991066953509202
5,-0.0006182026281185138,0.015108860415545267,-0.004745178398583905,-0.0005093786578755921,0.001991066953509202,0.0
