,zero_shot_baseline,in_context_learning_3-shot,style_information_style_example,chain_of_thought_zero_shot,chain_of_thought_one_shot,self-refine
0,0.0,0.05192728303520355,0.03868921356436572,-0.002126937505233628,0.07527960191110705,-0.014958918924698916
1,-0.05192728303520355,0.0,-0.013238069470837832,-0.05405422054043718,0.0233523188759035,-0.06688620195990247
2,-0.03868921356436572,0.013238069470837832,0.0,-0.04081615106959935,0.03659038834674133,-0.05364813248906464
3,0.002126937505233628,0.05405422054043718,0.04081615106959935,0.0,0.07740653941634068,-0.012831981419465288
4,-0.07527960191110705,-0.0233523188759035,-0.03659038834674133,-0.07740653941634068,0.0,-0.09023852083580597
5,0.014958918924698916,0.06688620195990247,0.05364813248906464,0.012831981419465288,0.09023852083580597,0.0
