,zero_shot_baseline,in_context_learning_3-shot,style_information_style_example,chain_of_thought_zero_shot,chain_of_thought_one_shot,self-refine
0,0.0,-3.1782069465580154e-05,-0.0026846604515076145,0.00029152493611278585,-0.0003690451484246182,-0.007265214815655785
1,3.1782069465580154e-05,0.0,-0.0026528783820420343,0.000323307005578366,-0.00033726307895903807,-0.007233432746190205
2,0.0026846604515076145,0.0026528783820420343,0.0,0.0029761853876204003,0.0023156153030829962,-0.0045805543641481705
3,-0.00029152493611278585,-0.000323307005578366,-0.0029761853876204003,0.0,-0.0006605700845374041,-0.007556739751768571
4,0.0003690451484246182,0.00033726307895903807,-0.0023156153030829962,0.0006605700845374041,0.0,-0.006896169667231167
5,0.007265214815655785,0.007233432746190205,0.0045805543641481705,0.007556739751768571,0.006896169667231167,0.0
