,zero_shot_baseline,in_context_learning_3-shot,style_information_style_example,chain_of_thought_zero_shot,chain_of_thought_one_shot,self-refine
0,0.0,-0.011129067573924512,0.023753167958727117,0.05626225015689912,-0.02048099775701262,0.0212723197621425
1,0.011129067573924512,0.0,0.03488223553265163,0.06739131773082363,-0.009351930183088109,0.03240138733606701
2,-0.023753167958727117,-0.03488223553265163,0.0,0.032509082198172,-0.04423416571573974,-0.0024808481965846174
3,-0.05626225015689912,-0.06739131773082363,-0.032509082198172,0.0,-0.07674324791391174,-0.03498993039475662
4,0.02048099775701262,0.009351930183088109,0.04423416571573974,0.07674324791391174,0.0,0.04175331751915512
5,-0.0212723197621425,-0.03240138733606701,0.0024808481965846174,0.03498993039475662,-0.04175331751915512,0.0
