,mistral,deepseek,llama3.3,qwen72b,qwen32b,qwen14b,solar
0,0.0,0.003123824778997586,-0.031809219500599006,0.008223588752482691,0.0042667985096842,0.0006974196953241085,-0.00621775914196232
1,-0.003123824778997586,0.0,-0.03493304427959659,0.005099763973485105,0.001142973730686614,-0.0024264050836734774,-0.009341583920959906
2,0.031809219500599006,0.03493304427959659,0.0,0.0400328082530817,0.036076018010283206,0.032506639195923115,0.025591460358636686
3,-0.008223588752482691,-0.005099763973485105,-0.0400328082530817,0.0,-0.003956790242798491,-0.007526169057158583,-0.014441347894445011
4,-0.0042667985096842,-0.001142973730686614,-0.036076018010283206,0.003956790242798491,0.0,-0.0035693788143600913,-0.01048455765164652
5,-0.0006974196953241085,0.0024264050836734774,-0.032506639195923115,0.007526169057158583,0.0035693788143600913,0.0,-0.006915178837286429
6,0.00621775914196232,0.009341583920959906,-0.025591460358636686,0.014441347894445011,0.01048455765164652,0.006915178837286429,0.0
