,zero_shot_baseline,in_context_learning_3-shot,style_information_style_example,chain_of_thought_zero_shot,chain_of_thought_one_shot,self-refine
0,0.0,0.05945900719254821,0.004625147060386414,0.018494844813241484,0.01094194362182932,-0.039382795291864114
1,-0.05945900719254821,0.0,-0.054833860132161794,-0.04096416237930672,-0.04851706357071889,-0.09884180248441232
2,-0.004625147060386414,0.054833860132161794,0.0,0.01386969775285507,0.006316796561442906,-0.04400794235225053
3,-0.018494844813241484,0.04096416237930672,-0.01386969775285507,0.0,-0.007552901191412165,-0.0578776401051056
4,-0.01094194362182932,0.04851706357071889,-0.006316796561442906,0.007552901191412165,0.0,-0.050324738913693434
5,0.039382795291864114,0.09884180248441232,0.04400794235225053,0.0578776401051056,0.050324738913693434,0.0
