,zero_shot_baseline,in_context_learning_3-shot,style_information_style_example,chain_of_thought_zero_shot,chain_of_thought_one_shot,self-refine
0,0.0,0.027815335344328784,-0.005043367394853837,0.0037276722019415898,0.0066148988904984884,-0.007846959714885915
1,-0.027815335344328784,0.0,-0.03285870273918262,-0.024087663142387195,-0.021200436453830296,-0.0356622950592147
2,0.005043367394853837,0.03285870273918262,0.0,0.008771039596795427,0.011658266285352326,-0.002803592320032078
3,-0.0037276722019415898,0.024087663142387195,-0.008771039596795427,0.0,0.0028872266885568987,-0.011574631916827505
4,-0.0066148988904984884,0.021200436453830296,-0.011658266285352326,-0.0028872266885568987,0.0,-0.014461858605384403
5,0.007846959714885915,0.0356622950592147,0.002803592320032078,0.011574631916827505,0.014461858605384403,0.0
