,zero_shot_baseline,in_context_learning_3-shot,style_information_style_example,chain_of_thought_zero_shot,chain_of_thought_one_shot,self-refine
0,0.0,-199.081288096032,-69.21133333333333,29.744333333333316,-66.22733333333335,39.31433333333331
1,199.081288096032,0.0,129.86995476269868,228.82562142936533,132.85395476269866,238.39562142936532
2,69.21133333333333,-129.86995476269868,0.0,98.95566666666664,2.9839999999999804,108.52566666666664
3,-29.744333333333316,-228.82562142936533,-98.95566666666664,0.0,-95.97166666666666,9.569999999999993
4,66.22733333333335,-132.85395476269866,-2.9839999999999804,95.97166666666666,0.0,105.54166666666666
5,-39.31433333333331,-238.39562142936532,-108.52566666666664,-9.569999999999993,-105.54166666666666,0.0
