,abstracts,news,reviews,qa
0,0.0,325.60566666666665,-51.442999999999984,-52.236999999999995
1,-325.60566666666665,0.0,-377.04866666666663,-377.8426666666667
2,51.442999999999984,377.04866666666663,0.0,-0.7940000000000111
3,52.236999999999995,377.8426666666667,0.7940000000000111,0.0
