,zero_shot_baseline,in_context_learning_3-shot,style_information_style_example,chain_of_thought_zero_shot,chain_of_thought_one_shot,self-refine
0,0.0,217.587,63.38399999999996,-38.41633333333334,-20.58333333333337,188.7376666666667
1,-217.587,0.0,-154.20300000000003,-256.00333333333333,-238.17033333333336,-28.849333333333277
2,-63.38399999999996,154.20300000000003,0.0,-101.8003333333333,-83.96733333333333,125.35366666666675
3,38.41633333333334,256.00333333333333,101.8003333333333,0.0,17.83299999999997,227.15400000000005
4,20.58333333333337,238.17033333333336,83.96733333333333,-17.83299999999997,0.0,209.32100000000008
5,-188.7376666666667,28.849333333333277,-125.35366666666675,-227.15400000000005,-209.32100000000008,0.0
