,zero_shot_baseline,in_context_learning_3-shot,style_information_style_example,chain_of_thought_zero_shot,chain_of_thought_one_shot,self-refine
0,0.0,-328.7962661326213,70.28666666666663,39.28133333333329,-51.96966666666668,56.10966666666664
1,328.7962661326213,0.0,399.08293279928796,368.0775994659546,276.82659946595464,384.90593279928794
2,-70.28666666666663,-399.08293279928796,0.0,-31.00533333333334,-122.25633333333332,-14.176999999999992
3,-39.28133333333329,-368.0775994659546,31.00533333333334,0.0,-91.25099999999998,16.828333333333347
4,51.96966666666668,-276.82659946595464,122.25633333333332,91.25099999999998,0.0,108.07933333333332
5,-56.10966666666664,-384.90593279928794,14.176999999999992,-16.828333333333347,-108.07933333333332,0.0
