,mistral,deepseek,llama3.3,qwen72b,qwen32b,qwen14b,solar
0,0.0,21.035333333333327,23.649,-63.408,-44.12666666666668,-60.72633333333333,-92.80133333333337
1,-21.035333333333327,0.0,2.613666666666674,-84.44333333333333,-65.162,-81.76166666666666,-113.8366666666667
2,-23.649,-2.613666666666674,0.0,-87.057,-67.77566666666668,-84.37533333333333,-116.45033333333338
3,63.408,84.44333333333333,87.057,0.0,19.281333333333322,2.681666666666672,-29.393333333333374
4,44.12666666666668,65.162,67.77566666666668,-19.281333333333322,0.0,-16.59966666666665,-48.674666666666695
5,60.72633333333333,81.76166666666666,84.37533333333333,-2.681666666666672,16.59966666666665,0.0,-32.075000000000045
6,92.80133333333337,113.8366666666667,116.45033333333338,29.393333333333374,48.674666666666695,32.075000000000045,0.0
