,zero_shot_baseline,in_context_learning_3-shot,style_information_style_example,chain_of_thought_zero_shot,chain_of_thought_one_shot,self-refine
0,0.0,280.04247793122124,269.71366666666665,28.860666666666646,60.29000000000002,96.31033333333329
1,-280.04247793122124,0.0,-10.328811264554588,-251.18181126455457,-219.7524779312212,-183.73214459788792
2,-269.71366666666665,10.328811264554588,0.0,-240.85299999999998,-209.4236666666666,-173.40333333333334
3,-28.860666666666646,251.18181126455457,240.85299999999998,0.0,31.429333333333375,67.44966666666664
4,-60.29000000000002,219.7524779312212,209.4236666666666,-31.429333333333375,0.0,36.02033333333327
5,-96.31033333333329,183.73214459788792,173.40333333333334,-67.44966666666664,-36.02033333333327,0.0
