,abstracts,news,reviews,qa
0,0.0,422.1213333333332,-0.25099999999999056,-56.85366666666664
1,-422.1213333333332,0.0,-422.37233333333324,-478.97499999999985
2,0.25099999999999056,422.37233333333324,0.0,-56.60266666666665
3,56.85366666666664,478.97499999999985,56.60266666666665,0.0
