,zero_shot_baseline,in_context_learning_3-shot,style_information_style_example,chain_of_thought_zero_shot,chain_of_thought_one_shot,self-refine
0,0.0,-378.5822438478747,-44.522999999999996,6.265999999999991,-71.41966666666667,-6.943666666666672
1,378.5822438478747,0.0,334.05924384787465,384.84824384787464,307.162577181208,371.638577181208
2,44.522999999999996,-334.05924384787465,0.0,50.78899999999999,-26.896666666666675,37.579333333333324
3,-6.265999999999991,-384.84824384787464,-50.78899999999999,0.0,-77.68566666666666,-13.209666666666664
4,71.41966666666667,-307.162577181208,26.896666666666675,77.68566666666666,0.0,64.476
5,6.943666666666672,-371.638577181208,-37.579333333333324,13.209666666666664,-64.476,0.0
