,zero_shot_baseline,in_context_learning_3-shot,style_information_style_example,chain_of_thought_zero_shot,chain_of_thought_one_shot,self-refine
0,0.0,-169.73366666666666,-118.16266666666667,-2.7749999999999915,-57.869333333333316,-80.99566666666666
1,169.73366666666666,0.0,51.571,166.95866666666666,111.86433333333335,88.738
2,118.16266666666667,-51.571,0.0,115.38766666666668,60.29333333333335,37.167
3,2.7749999999999915,-166.95866666666666,-115.38766666666668,0.0,-55.094333333333324,-78.22066666666667
4,57.869333333333316,-111.86433333333335,-60.29333333333335,55.094333333333324,0.0,-23.12633333333335
5,80.99566666666666,-88.738,-37.167,78.22066666666667,23.12633333333335,0.0
