,zero_shot_baseline,in_context_learning_3-shot,style_information_style_example,chain_of_thought_zero_shot,chain_of_thought_one_shot,self-refine
0,0.0,-30.01110381238192,-56.56633333333335,0.36966666666666015,37.701333333333324,-14.079666666666668
1,30.01110381238192,0.0,-26.55522952095143,30.38077047904858,67.71243714571524,15.93143714571525
2,56.56633333333335,26.55522952095143,0.0,56.93600000000001,94.26766666666667,42.48666666666668
3,-0.36966666666666015,-30.38077047904858,-56.93600000000001,0.0,37.33166666666666,-14.449333333333328
4,-37.701333333333324,-67.71243714571524,-94.26766666666667,-37.33166666666666,0.0,-51.78099999999999
5,14.079666666666668,-15.93143714571525,-42.48666666666668,14.449333333333328,51.78099999999999,0.0
