,zero_shot_baseline,in_context_learning_3-shot,style_information_style_example,chain_of_thought_zero_shot,chain_of_thought_one_shot,self-refine
0,0.0,19.427666666666667,-5.498666666666679,44.004333333333335,37.518000000000015,63.80366666666666
1,-19.427666666666667,0.0,-24.926333333333346,24.576666666666668,18.090333333333348,44.37599999999999
2,5.498666666666679,24.926333333333346,0.0,49.503000000000014,43.016666666666694,69.30233333333334
3,-44.004333333333335,-24.576666666666668,-49.503000000000014,0.0,-6.48633333333332,19.799333333333323
4,-37.518000000000015,-18.090333333333348,-43.016666666666694,6.48633333333332,0.0,26.285666666666643
5,-63.80366666666666,-44.37599999999999,-69.30233333333334,-19.799333333333323,-26.285666666666643,0.0
