,zero_shot_baseline,in_context_learning_3-shot,style_information_style_example,chain_of_thought_zero_shot,chain_of_thought_one_shot,self-refine
0,0.0,-43.452,-95.27566666666668,-15.945999999999998,-123.728,-28.659000000000006
1,43.452,0.0,-51.82366666666668,27.506,-80.276,14.792999999999992
2,95.27566666666668,51.82366666666668,0.0,79.32966666666668,-28.452333333333314,66.61666666666667
3,15.945999999999998,-27.506,-79.32966666666668,0.0,-107.782,-12.713000000000008
4,123.728,80.276,28.452333333333314,107.782,0.0,95.06899999999999
5,28.659000000000006,-14.792999999999992,-66.61666666666667,12.713000000000008,-95.06899999999999,0.0
