,zero_shot_baseline,in_context_learning_3-shot,style_information_style_example,chain_of_thought_zero_shot,chain_of_thought_one_shot,self-refine
0,0.0,-151.32299999999998,-167.36399999999998,-36.173333333333346,-97.13900000000001,-117.54899999999998
1,151.32299999999998,0.0,-16.040999999999997,115.14966666666663,54.18399999999997,33.774
2,167.36399999999998,16.040999999999997,0.0,131.19066666666663,70.22499999999997,49.815
3,36.173333333333346,-115.14966666666663,-131.19066666666663,0.0,-60.965666666666664,-81.37566666666663
4,97.13900000000001,-54.18399999999997,-70.22499999999997,60.965666666666664,0.0,-20.409999999999968
5,117.54899999999998,-33.774,-49.815,81.37566666666663,20.409999999999968,0.0
