,zero_shot_baseline,in_context_learning_3-shot,style_information_style_example,chain_of_thought_zero_shot,chain_of_thought_one_shot,self-refine
0,0.0,-69.57233333333335,-140.39233333333337,29.042999999999978,45.26366666666665,26.28333333333333
1,69.57233333333335,0.0,-70.82000000000002,98.61533333333333,114.836,95.85566666666668
2,140.39233333333337,70.82000000000002,0.0,169.43533333333335,185.656,166.6756666666667
3,-29.042999999999978,-98.61533333333333,-169.43533333333335,0.0,16.220666666666673,-2.7596666666666465
4,-45.26366666666665,-114.836,-185.656,-16.220666666666673,0.0,-18.98033333333332
5,-26.28333333333333,-95.85566666666668,-166.6756666666667,2.7596666666666465,18.98033333333332,0.0
