,mistral,deepseek,llama3.3,qwen72b,qwen32b,qwen14b,solar
0,0.0,-49.41299999999998,32.14633333333333,-95.79899999999998,-87.7643333333333,-26.428666666666658,-88.92066666666668
1,49.41299999999998,0.0,81.55933333333331,-46.385999999999996,-38.351333333333315,22.984333333333325,-39.507666666666694
2,-32.14633333333333,-81.55933333333331,0.0,-127.94533333333331,-119.91066666666663,-58.57499999999999,-121.06700000000001
3,95.79899999999998,46.385999999999996,127.94533333333331,0.0,8.03466666666668,69.37033333333332,6.878333333333302
4,87.7643333333333,38.351333333333315,119.91066666666663,-8.03466666666668,0.0,61.33566666666664,-1.1563333333333787
5,26.428666666666658,-22.984333333333325,58.57499999999999,-69.37033333333332,-61.33566666666664,0.0,-62.49200000000002
6,88.92066666666668,39.507666666666694,121.06700000000001,-6.878333333333302,1.1563333333333787,62.49200000000002,0.0
