,zero_shot_baseline,in_context_learning_3-shot,style_information_style_example,chain_of_thought_zero_shot,chain_of_thought_one_shot,self-refine
0,0.0,-278.626,-99.73333333333332,6.890000000000001,-154.818,-19.721000000000004
1,278.626,0.0,178.89266666666668,285.516,123.80799999999999,258.905
2,99.73333333333332,-178.89266666666668,0.0,106.62333333333332,-55.08466666666669,80.01233333333332
3,-6.890000000000001,-285.516,-106.62333333333332,0.0,-161.70800000000003,-26.611000000000004
4,154.818,-123.80799999999999,55.08466666666669,161.70800000000003,0.0,135.097
5,19.721000000000004,-258.905,-80.01233333333332,26.611000000000004,-135.097,0.0
