,zero_shot_baseline,in_context_learning_3-shot,style_information_style_example,chain_of_thought_zero_shot,chain_of_thought_one_shot,self-refine
0,0.0,-216.47906515454753,32.579333333333295,63.51599999999999,-20.477000000000032,79.90399999999997
1,216.47906515454753,0.0,249.05839848788082,279.99506515454755,196.0020651545475,296.38306515454747
2,-32.579333333333295,-249.05839848788082,0.0,30.936666666666696,-53.05633333333333,47.32466666666667
3,-63.51599999999999,-279.99506515454755,-30.936666666666696,0.0,-83.99300000000002,16.387999999999977
4,20.477000000000032,-196.0020651545475,53.05633333333333,83.99300000000002,0.0,100.381
5,-79.90399999999997,-296.38306515454747,-47.32466666666667,-16.387999999999977,-100.381,0.0
