,zero_shot_baseline,in_context_learning_3-shot,style_information_style_example,chain_of_thought_zero_shot,chain_of_thought_one_shot,self-refine
0,0.0,-182.26966666666664,-89.185,1.9823333333333437,43.57300000000001,-33.576666666666654
1,182.26966666666664,0.0,93.08466666666664,184.25199999999998,225.84266666666664,148.69299999999998
2,89.185,-93.08466666666664,0.0,91.16733333333335,132.758,55.60833333333335
3,-1.9823333333333437,-184.25199999999998,-91.16733333333335,0.0,41.590666666666664,-35.559
4,-43.57300000000001,-225.84266666666664,-132.758,-41.590666666666664,0.0,-77.14966666666666
5,33.576666666666654,-148.69299999999998,-55.60833333333335,35.559,77.14966666666666,0.0
