,zero_shot_baseline,in_context_learning_3-shot,style_information_style_example,chain_of_thought_zero_shot,chain_of_thought_one_shot,self-refine
0,0.0,-123.56877870401249,-12.195999999999998,16.365333333333325,-80.77599999999998,25.2413333333333
1,123.56877870401249,0.0,111.37277870401249,139.9341120373458,42.792778704012505,148.8101120373458
2,12.195999999999998,-111.37277870401249,0.0,28.561333333333323,-68.57999999999998,37.4373333333333
3,-16.365333333333325,-139.9341120373458,-28.561333333333323,0.0,-97.14133333333331,8.875999999999976
4,80.77599999999998,-42.792778704012505,68.57999999999998,97.14133333333331,0.0,106.01733333333328
5,-25.2413333333333,-148.8101120373458,-37.4373333333333,-8.875999999999976,-106.01733333333328,0.0
