,zero_shot_baseline,in_context_learning_3-shot,style_information_style_example,chain_of_thought_zero_shot,chain_of_thought_one_shot,self-refine
0,0.0,-56.33100000000002,7.022999999999968,14.499666666666656,153.9753333333333,52.91599999999997
1,56.33100000000002,0.0,63.353999999999985,70.83066666666667,210.30633333333333,109.24699999999999
2,-7.022999999999968,-63.353999999999985,0.0,7.476666666666688,146.95233333333334,45.893
3,-14.499666666666656,-70.83066666666667,-7.476666666666688,0.0,139.47566666666665,38.41633333333331
4,-153.9753333333333,-210.30633333333333,-146.95233333333334,-139.47566666666665,0.0,-101.05933333333333
5,-52.91599999999997,-109.24699999999999,-45.893,-38.41633333333331,101.05933333333333,0.0
