,abstracts,news,reviews,qa
0,0.0,63.89366666666663,-49.86233333333334,-15.965333333333348
1,-63.89366666666663,0.0,-113.75599999999997,-79.85899999999998
2,49.86233333333334,113.75599999999997,0.0,33.89699999999999
3,15.965333333333348,79.85899999999998,-33.89699999999999,0.0
