,zero_shot_baseline,in_context_learning_3-shot,style_information_style_example,chain_of_thought_zero_shot,chain_of_thought_one_shot,self-refine
0,0.0,74.65733333333333,88.23733333333334,10.39966666666669,30.430666666666696,29.99000000000001
1,-74.65733333333333,0.0,13.580000000000013,-64.25766666666664,-44.22666666666663,-44.66733333333332
2,-88.23733333333334,-13.580000000000013,0.0,-77.83766666666665,-57.80666666666664,-58.24733333333333
3,-10.39966666666669,64.25766666666664,77.83766666666665,0.0,20.031000000000006,19.59033333333332
4,-30.430666666666696,44.22666666666663,57.80666666666664,-20.031000000000006,0.0,-0.4406666666666865
5,-29.99000000000001,44.66733333333332,58.24733333333333,-19.59033333333332,0.4406666666666865,0.0
