,zero_shot_baseline,in_context_learning_3-shot,style_information_style_example,chain_of_thought_zero_shot,chain_of_thought_one_shot,self-refine
0,0.0,-28.75933333333333,7.161666666666669,19.690666666666672,-21.474999999999994,-55.39692042795053
1,28.75933333333333,0.0,35.921,48.45,7.284333333333336,-26.637587094617203
2,-7.161666666666669,-35.921,0.0,12.529000000000003,-28.636666666666663,-62.5585870946172
3,-19.690666666666672,-48.45,-12.529000000000003,0.0,-41.16566666666667,-75.0875870946172
4,21.474999999999994,-7.284333333333336,28.636666666666663,41.16566666666667,0.0,-33.92192042795054
5,55.39692042795053,26.637587094617203,62.5585870946172,75.0875870946172,33.92192042795054,0.0
