,zero_shot_baseline,in_context_learning_3-shot,style_information_style_example,chain_of_thought_zero_shot,chain_of_thought_one_shot,self-refine
0,0.0,132.89966666666672,-32.27499999999998,-9.985333333333301,-115.71166666666664,64.29133333333334
1,-132.89966666666672,0.0,-165.1746666666667,-142.88500000000002,-248.61133333333336,-68.60833333333338
2,32.27499999999998,165.1746666666667,0.0,22.289666666666676,-83.43666666666667,96.56633333333332
3,9.985333333333301,142.88500000000002,-22.289666666666676,0.0,-105.72633333333334,74.27666666666664
4,115.71166666666664,248.61133333333336,83.43666666666667,105.72633333333334,0.0,180.003
5,-64.29133333333334,68.60833333333338,-96.56633333333332,-74.27666666666664,-180.003,0.0
