,zero_shot_baseline,in_context_learning_3-shot,style_information_style_example,chain_of_thought_zero_shot,chain_of_thought_one_shot,self-refine
0,0.0,39.90233333333332,68.10266666666666,41.03533333333333,29.953666666666663,60.23766666666667
1,-39.90233333333332,0.0,28.200333333333347,1.1330000000000098,-9.948666666666654,20.335333333333352
2,-68.10266666666666,-28.200333333333347,0.0,-27.067333333333337,-38.149,-7.864999999999995
3,-41.03533333333333,-1.1330000000000098,27.067333333333337,0.0,-11.081666666666663,19.202333333333343
4,-29.953666666666663,9.948666666666654,38.149,11.081666666666663,0.0,30.284000000000006
5,-60.23766666666667,-20.335333333333352,7.864999999999995,-19.202333333333343,-30.284000000000006,0.0
