,zero_shot_baseline,in_context_learning_3-shot,style_information_style_example,chain_of_thought_zero_shot,chain_of_thought_one_shot,self-refine
0,0.0,-60.925333333333356,-73.702,24.863,94.69433333333332,35.146666666666675
1,60.925333333333356,0.0,-12.776666666666642,85.78833333333336,155.61966666666666,96.07200000000003
2,73.702,12.776666666666642,0.0,98.565,168.3963333333333,108.84866666666667
3,-24.863,-85.78833333333336,-98.565,0.0,69.83133333333332,10.283666666666676
4,-94.69433333333332,-155.61966666666666,-168.3963333333333,-69.83133333333332,0.0,-59.54766666666664
5,-35.146666666666675,-96.07200000000003,-108.84866666666667,-10.283666666666676,59.54766666666664,0.0
