,zero_shot_baseline,in_context_learning_3-shot,style_information_style_example,chain_of_thought_zero_shot,chain_of_thought_one_shot,self-refine
0,0.0,12.817999999999998,12.17033333333336,21.062333333333342,33.64233333333334,53.35700000000001
1,-12.817999999999998,0.0,-0.6476666666666375,8.244333333333344,20.824333333333342,40.539000000000016
2,-12.17033333333336,0.6476666666666375,0.0,8.891999999999982,21.47199999999998,41.18666666666665
3,-21.062333333333342,-8.244333333333344,-8.891999999999982,0.0,12.579999999999998,32.29466666666667
4,-33.64233333333334,-20.824333333333342,-21.47199999999998,-12.579999999999998,0.0,19.714666666666673
5,-53.35700000000001,-40.539000000000016,-41.18666666666665,-32.29466666666667,-19.714666666666673,0.0
