,zero_shot_baseline,in_context_learning_3-shot,style_information_style_example,chain_of_thought_zero_shot,chain_of_thought_one_shot,self-refine
0,0.0,-41.68066666666668,10.219999999999999,29.03366666666667,-15.397333333333322,-2.228666666666669
1,41.68066666666668,0.0,51.90066666666668,70.71433333333334,26.28333333333336,39.45200000000001
2,-10.219999999999999,-51.90066666666668,0.0,18.81366666666667,-25.61733333333332,-12.448666666666668
3,-29.03366666666667,-70.71433333333334,-18.81366666666667,0.0,-44.43099999999999,-31.262333333333338
4,15.397333333333322,-26.28333333333336,25.61733333333332,44.43099999999999,0.0,13.168666666666653
5,2.228666666666669,-39.45200000000001,12.448666666666668,31.262333333333338,-13.168666666666653,0.0
