,mistral,deepseek,llama3.3,qwen72b,qwen32b,qwen14b,solar
0,0.0,6.256333333333345,73.48033333333333,-104.07633333333331,-43.25333333333333,-5.683666666666653,-98.77866666666665
1,-6.256333333333345,0.0,67.22399999999999,-110.33266666666665,-49.509666666666675,-11.939999999999998,-105.035
2,-73.48033333333333,-67.22399999999999,0.0,-177.55666666666664,-116.73366666666666,-79.16399999999999,-172.259
3,104.07633333333331,110.33266666666665,177.55666666666664,0.0,60.82299999999998,98.39266666666666,5.297666666666657
4,43.25333333333333,49.509666666666675,116.73366666666666,-60.82299999999998,0.0,37.56966666666668,-55.52533333333332
5,5.683666666666653,11.939999999999998,79.16399999999999,-98.39266666666666,-37.56966666666668,0.0,-93.095
6,98.77866666666665,105.035,172.259,-5.297666666666657,55.52533333333332,93.095,0.0
