,zero_shot_baseline,in_context_learning_3-shot,style_information_style_example,chain_of_thought_zero_shot,chain_of_thought_one_shot,self-refine
0,0.0,90.83800000000002,106.73633333333333,1.2510000000000332,-105.53366666666659,93.71266666666668
1,-90.83800000000002,0.0,15.898333333333312,-89.58699999999999,-196.3716666666666,2.8746666666666556
2,-106.73633333333333,-15.898333333333312,0.0,-105.4853333333333,-212.26999999999992,-13.023666666666657
3,-1.2510000000000332,89.58699999999999,105.4853333333333,0.0,-106.78466666666662,92.46166666666664
4,105.53366666666659,196.3716666666666,212.26999999999992,106.78466666666662,0.0,199.24633333333327
5,-93.71266666666668,-2.8746666666666556,13.023666666666657,-92.46166666666664,-199.24633333333327,0.0
