,zero_shot_baseline,in_context_learning_3-shot,style_information_style_example,chain_of_thought_zero_shot,chain_of_thought_one_shot,self-refine
0,0.0,475.619182838724,351.19066666666663,34.49199999999996,-30.891333333333364,215.36766666666665
1,-475.619182838724,0.0,-124.42851617205736,-441.127182838724,-506.51051617205735,-260.25151617205734
2,-351.19066666666663,124.42851617205736,0.0,-316.69866666666667,-382.082,-135.82299999999998
3,-34.49199999999996,441.127182838724,316.69866666666667,0.0,-65.38333333333333,180.8756666666667
4,30.891333333333364,506.51051617205735,382.082,65.38333333333333,0.0,246.25900000000001
5,-215.36766666666665,260.25151617205734,135.82299999999998,-180.8756666666667,-246.25900000000001,0.0
