,zero_shot_baseline,in_context_learning_3-shot,style_information_style_example,chain_of_thought_zero_shot,chain_of_thought_one_shot,self-refine
0,0.0,138.2769805490719,66.55166666666665,12.587000000000018,141.346,10.13366666666667
1,-138.2769805490719,0.0,-71.72531388240526,-125.68998054907189,3.0690194509280957,-128.14331388240524
2,-66.55166666666665,71.72531388240526,0.0,-53.96466666666663,74.79433333333336,-56.41799999999998
3,-12.587000000000018,125.68998054907189,53.96466666666663,0.0,128.759,-2.4533333333333474
4,-141.346,-3.0690194509280957,-74.79433333333336,-128.759,0.0,-131.21233333333333
5,-10.13366666666667,128.14331388240524,56.41799999999998,2.4533333333333474,131.21233333333333,0.0
