,abstracts,news,reviews,qa
0,0.0,380.8689999999999,14.084333333333348,22.092000000000013
1,-380.8689999999999,0.0,-366.78466666666657,-358.77699999999993
2,-14.084333333333348,366.78466666666657,0.0,8.007666666666665
3,-22.092000000000013,358.77699999999993,-8.007666666666665,0.0
