,zero_shot_baseline,in_context_learning_3-shot,style_information_style_example,chain_of_thought_zero_shot,chain_of_thought_one_shot,self-refine
0,0.0,-0.002469856277912897,0.00033087833004370043,0.0003974407758535019,0.0010130407854045016,-0.0010709512116016985
1,0.002469856277912897,0.0,0.0028007346079565974,0.002867297053766399,0.0034828970633173986,0.0013989050663111985
2,-0.00033087833004370043,-0.0028007346079565974,0.0,6.656244580980145e-05,0.0006821624553608012,-0.001401829541645399
3,-0.0003974407758535019,-0.002867297053766399,-6.656244580980145e-05,0.0,0.0006156000095509997,-0.0014683919874552004
4,-0.0010130407854045016,-0.0034828970633173986,-0.0006821624553608012,-0.0006156000095509997,0.0,-0.0020839919970062
5,0.0010709512116016985,-0.0013989050663111985,0.001401829541645399,0.0014683919874552004,0.0020839919970062,0.0
