,zero_shot_baseline,in_context_learning_3-shot,style_information_style_example,chain_of_thought_zero_shot,chain_of_thought_one_shot,self-refine
0,0.0,-0.005815812108060696,-0.00014943833396689754,0.0005177753351564007,0.007551091600990104,0.0006844983195334053
1,0.005815812108060696,0.0,0.005666373774093798,0.006333587443217097,0.0133669037090508,0.006500310427594101
2,0.00014943833396689754,-0.005666373774093798,0.0,0.0006672136691232983,0.007700529934957002,0.0008339366535003029
3,-0.0005177753351564007,-0.006333587443217097,-0.0006672136691232983,0.0,0.0070333162658337035,0.0001667229843770046
4,-0.007551091600990104,-0.0133669037090508,-0.007700529934957002,-0.0070333162658337035,0.0,-0.006866593281456699
5,-0.0006844983195334053,-0.006500310427594101,-0.0008339366535003029,-0.0001667229843770046,0.006866593281456699,0.0
