,mistral,deepseek,llama3.3,qwen72b,qwen32b,qwen14b,solar
0,0.0,0.0013549867466598996,-0.00019564896381270118,-0.0012137390348032004,-0.00020859675549680066,0.0013930677119260992,0.00016285813139619958
1,-0.0013549867466598996,0.0,-0.0015506357104726008,-0.0025687257814631,-0.0015635835021567002,3.808096526619967e-05,-0.0011921286152637
2,0.00019564896381270118,0.0015506357104726008,0.0,-0.0010180900709904992,-1.2947791684099486e-05,0.0015887166757388004,0.00035850709520890076
3,0.0012137390348032004,0.0025687257814631,0.0010180900709904992,0.0,0.0010051422793063997,0.0026068067467292996,0.0013765971661994
4,0.00020859675549680066,0.0015635835021567002,1.2947791684099486e-05,-0.0010051422793063997,0.0,0.0016016644674229,0.00037145488689300024
5,-0.0013930677119260992,-3.808096526619967e-05,-0.0015887166757388004,-0.0026068067467292996,-0.0016016644674229,0.0,-0.0012302095805298997
6,-0.00016285813139619958,0.0011921286152637,-0.00035850709520890076,-0.0013765971661994,-0.00037145488689300024,0.0012302095805298997,0.0
