,zero_shot_baseline,in_context_learning_3-shot,style_information_style_example,chain_of_thought_zero_shot,chain_of_thought_one_shot,self-refine
0,0.0,-0.0174671694166045,-0.003996039340230498,-0.0009377030918631003,-0.0086942810389004,-0.0115678617221094
1,0.0174671694166045,0.0,0.013471130076374002,0.0165294663247414,0.0087728883777041,0.0058993076944951
2,0.003996039340230498,-0.013471130076374002,0.0,0.003058336248367398,-0.004698241698669902,-0.007571822381878902
3,0.0009377030918631003,-0.0165294663247414,-0.003058336248367398,0.0,-0.0077565779470373,-0.0106301586302463
4,0.0086942810389004,-0.0087728883777041,0.004698241698669902,0.0077565779470373,0.0,-0.0028735806832090004
5,0.0115678617221094,-0.0058993076944951,0.007571822381878902,0.0106301586302463,0.0028735806832090004,0.0
