,zero_shot_baseline,in_context_learning_3-shot,style_information_style_example,chain_of_thought_zero_shot,chain_of_thought_one_shot,self-refine
0,0.0,-0.0017247776342911008,-0.0009646101735775008,7.33339218493001e-05,-0.0013041116085466004,-0.006678277880706801
1,0.0017247776342911008,0.0,0.0007601674607136,0.001798111556140401,0.0004206660257445004,-0.0049535002464157
2,0.0009646101735775008,-0.0007601674607136,0.0,0.0010379440954268009,-0.00033950143496909967,-0.0057136677071293
3,-7.33339218493001e-05,-0.001798111556140401,-0.0010379440954268009,0.0,-0.0013774455303959005,-0.006751611802556101
4,0.0013041116085466004,-0.0004206660257445004,0.00033950143496909967,0.0013774455303959005,0.0,-0.0053741662721602
5,0.006678277880706801,0.0049535002464157,0.0057136677071293,0.006751611802556101,0.0053741662721602,0.0
