,zero_shot_baseline,in_context_learning_3-shot,style_information_style_example,chain_of_thought_zero_shot,chain_of_thought_one_shot,self-refine
0,0.0,-0.003550421897019703,-0.0017950208946854,-0.00016513549962030027,0.0009001484921825967,-0.0082487323614083
1,0.003550421897019703,0.0,0.001755401002334303,0.003385286397399403,0.0044505703892023,-0.004698310464388598
2,0.0017950208946854,-0.001755401002334303,0.0,0.0016298853950650997,0.0026951693868679967,-0.006453711466722901
3,0.00016513549962030027,-0.003385286397399403,-0.0016298853950650997,0.0,0.001065283991802897,-0.008083596861788
4,-0.0009001484921825967,-0.0044505703892023,-0.0026951693868679967,-0.001065283991802897,0.0,-0.009148880853590897
5,0.0082487323614083,0.004698310464388598,0.006453711466722901,0.008083596861788,0.009148880853590897,0.0
