,mistral,deepseek,llama3.3,qwen72b,qwen32b,qwen14b,solar
0,0.0,0.0046298286198570016,0.00031494323448959943,4.6310361331396155e-05,0.0029005622900888997,0.0036168179439127965,0.0022635132898385993
1,-0.0046298286198570016,0.0,-0.004314885385367402,-0.004583518258525605,-0.0017292663297681019,-0.001013010675944205,-0.0023663153300184023
2,-0.00031494323448959943,0.004314885385367402,0.0,-0.0002686328731582033,0.0025856190555993003,0.003301874709423197,0.0019485700553489999
3,-4.6310361331396155e-05,0.004583518258525605,0.0002686328731582033,0.0,0.0028542519287575036,0.0035705075825814003,0.002217202928507203
4,-0.0029005622900888997,0.0017292663297681019,-0.0025856190555993003,-0.0028542519287575036,0.0,0.0007162556538238968,-0.0006370490002503004
5,-0.0036168179439127965,0.001013010675944205,-0.003301874709423197,-0.0035705075825814003,-0.0007162556538238968,0.0,-0.0013533046540741972
6,-0.0022635132898385993,0.0023663153300184023,-0.0019485700553489999,-0.002217202928507203,0.0006370490002503004,0.0013533046540741972,0.0
