,zero_shot_baseline,in_context_learning_3-shot,style_information_style_example,chain_of_thought_zero_shot,chain_of_thought_one_shot,self-refine
0,0.0,-0.0211641161964616,-0.0005043694346761,-0.0005189407427245007,-0.002724758412514402,-0.0123883482526379
1,0.0211641161964616,0.0,0.020659746761785502,0.020645175453737098,0.0184393577839472,0.0087757679438237
2,0.0005043694346761,-0.020659746761785502,0.0,-1.4571308048400705e-05,-0.002220388977838302,-0.0118839788179618
3,0.0005189407427245007,-0.020645175453737098,1.4571308048400705e-05,0.0,-0.002205817669789901,-0.0118694075099134
4,0.002724758412514402,-0.0184393577839472,0.002220388977838302,0.002205817669789901,0.0,-0.009663589840123499
5,0.0123883482526379,-0.0087757679438237,0.0118839788179618,0.0118694075099134,0.009663589840123499,0.0
