,zero_shot_baseline,in_context_learning_3-shot,style_information_style_example,chain_of_thought_zero_shot,chain_of_thought_one_shot,self-refine
0,0.0,-0.0052862405422755,-0.0026130568348613978,-0.00039717246839750253,0.0005122349281063976,-0.007183471708900699
1,0.0052862405422755,0.0,0.002673183707414102,0.004889068073877997,0.0057984754703818975,-0.001897231166625199
2,0.0026130568348613978,-0.002673183707414102,0.0,0.0022158843664638952,0.0031252917629677954,-0.004570414874039301
3,0.00039717246839750253,-0.004889068073877997,-0.0022158843664638952,0.0,0.0009094073965039001,-0.006786299240503196
4,-0.0005122349281063976,-0.0057984754703818975,-0.0031252917629677954,-0.0009094073965039001,0.0,-0.0076957066370070965
5,0.007183471708900699,0.001897231166625199,0.004570414874039301,0.006786299240503196,0.0076957066370070965,0.0
