,abstracts,news,reviews,qa
0,0.0,-0.0032807638117981,0.0036596420525532,-0.0092953081383146
1,0.0032807638117981,0.0,0.0069404058643513,-0.0060145443265165
2,-0.0036596420525532,-0.0069404058643513,0.0,-0.0129549501908678
3,0.0092953081383146,0.0060145443265165,0.0129549501908678,0.0
