,zero_shot_baseline,in_context_learning_3-shot,style_information_style_example,chain_of_thought_zero_shot,chain_of_thought_one_shot,self-refine
0,0.0,-0.0192519768325859,-0.0002624883831705005,0.0007471547954457005,-0.0031426124139569012,-0.0029849812624951986
1,0.0192519768325859,0.0,0.0189894884494154,0.019999131628031602,0.016109364418629,0.016266995570090703
2,0.0002624883831705005,-0.0189894884494154,0.0,0.001009643178616201,-0.0028801240307864007,-0.002722492879324698
3,-0.0007471547954457005,-0.019999131628031602,-0.001009643178616201,0.0,-0.0038897672094026017,-0.003732136057940899
4,0.0031426124139569012,-0.016109364418629,0.0028801240307864007,0.0038897672094026017,0.0,0.00015763115146170265
5,0.0029849812624951986,-0.016266995570090703,0.002722492879324698,0.003732136057940899,-0.00015763115146170265,0.0
