,zero_shot_baseline,in_context_learning_3-shot,style_information_style_example,chain_of_thought_zero_shot,chain_of_thought_one_shot,self-refine
0,0.0,-0.0029982144451236002,-0.0007809365115160997,0.0013710717740073996,-0.0031899041528667006,-0.0076807903333542
1,0.0029982144451236002,0.0,0.0022172779336075005,0.004369286219131,-0.00019168970774310033,-0.0046825758882306
2,0.0007809365115160997,-0.0022172779336075005,0.0,0.0021520082855234993,-0.002408967641350601,-0.0068998538218381
3,-0.0013710717740073996,-0.004369286219131,-0.0021520082855234993,0.0,-0.0045609759268741,-0.0090518621073616
4,0.0031899041528667006,0.00019168970774310033,0.002408967641350601,0.0045609759268741,0.0,-0.0044908861804874994
5,0.0076807903333542,0.0046825758882306,0.0068998538218381,0.0090518621073616,0.0044908861804874994,0.0
