,zero_shot_baseline,in_context_learning_3-shot,style_information_style_example,chain_of_thought_zero_shot,chain_of_thought_one_shot,self-refine
0,0.0,-0.005663724095661203,-0.0005299710833698013,-0.00020871413195179891,-0.0011004225680446011,-0.0009044861863367996
1,0.005663724095661203,0.0,0.005133753012291402,0.005455009963709404,0.004563301527616602,0.0047592379093244035
2,0.0005299710833698013,-0.005133753012291402,0.0,0.00032125695141800234,-0.0005704514846747999,-0.0003745151029669984
3,0.00020871413195179891,-0.005455009963709404,-0.00032125695141800234,0.0,-0.0008917084360928022,-0.0006957720543850007
4,0.0011004225680446011,-0.004563301527616602,0.0005704514846747999,0.0008917084360928022,0.0,0.0001959363817078015
5,0.0009044861863367996,-0.0047592379093244035,0.0003745151029669984,0.0006957720543850007,-0.0001959363817078015,0.0
