,abstracts,news,reviews,qa
0,0.0,-0.0060542312976999005,0.005760297210995499,-0.012281901325500801
1,0.0060542312976999005,0.0,0.0118145285086954,-0.0062276700278009
2,-0.005760297210995499,-0.0118145285086954,0.0,-0.0180421985364963
3,0.012281901325500801,0.0062276700278009,0.0180421985364963,0.0
