,zero_shot_baseline,in_context_learning_3-shot,style_information_style_example,chain_of_thought_zero_shot,chain_of_thought_one_shot,self-refine
0,0.0,-0.0020660104609738997,0.0024899683206803993,0.0027105575079839003,-0.0025930274463822,-0.0099882911542148
1,0.0020660104609738997,0.0,0.004555978781654299,0.0047765679689578,-0.0005270169854083,-0.0079222806932409
2,-0.0024899683206803993,-0.004555978781654299,0.0,0.00022058918730350104,-0.005082995767062599,-0.0124782594748952
3,-0.0027105575079839003,-0.0047765679689578,-0.00022058918730350104,0.0,-0.0053035849543661,-0.0126988486621987
4,0.0025930274463822,0.0005270169854083,0.005082995767062599,0.0053035849543661,0.0,-0.007395263707832601
5,0.0099882911542148,0.0079222806932409,0.0124782594748952,0.0126988486621987,0.007395263707832601,0.0
