,zero_shot_baseline,in_context_learning_3-shot,style_information_style_example,chain_of_thought_zero_shot,chain_of_thought_one_shot,self-refine
0,0.0,-0.0175641543006913,-0.0004838143195481006,-0.00018489794317230052,-0.0014114956723282005,-0.006213661175620801
1,0.0175641543006913,0.0,0.0170803399811432,0.017379256357519,0.016152658628363098,0.011350493125070499
2,0.0004838143195481006,-0.0170803399811432,0.0,0.0002989163763758001,-0.0009276813527800999,-0.005729846856072701
3,0.00018489794317230052,-0.017379256357519,-0.0002989163763758001,0.0,-0.0012265977291559,-0.006028763232448501
4,0.0014114956723282005,-0.016152658628363098,0.0009276813527800999,0.0012265977291559,0.0,-0.004802165503292601
5,0.006213661175620801,-0.011350493125070499,0.005729846856072701,0.006028763232448501,0.004802165503292601,0.0
