,zero_shot_baseline,in_context_learning_3-shot,style_information_style_example,chain_of_thought_zero_shot,chain_of_thought_one_shot,self-refine
0,0.0,-0.0037994421004864005,0.001380227121782299,0.0002588192922070992,0.0009970241271535004,-0.0068292181416502
1,0.0037994421004864005,0.0,0.0051796692222686996,0.0040582613926935,0.004796466227639901,-0.0030297760411637994
2,-0.001380227121782299,-0.0051796692222686996,0.0,-0.0011214078295751998,-0.0003832029946287986,-0.008209445263432499
3,-0.0002588192922070992,-0.0040582613926935,0.0011214078295751998,0.0,0.0007382048349464012,-0.007088037433857299
4,-0.0009970241271535004,-0.004796466227639901,0.0003832029946287986,-0.0007382048349464012,0.0,-0.0078262422688037
5,0.0068292181416502,0.0030297760411637994,0.008209445263432499,0.007088037433857299,0.0078262422688037,0.0
