,mistral,deepseek,llama3.3,qwen72b,qwen32b,qwen14b,solar
0,0.0,0.0029689521466404016,-0.0079802261093205,-0.0021826468416478,0.008226450617938103,0.0071478906453721,-0.0026106093545054977
1,-0.0029689521466404016,0.0,-0.010949178255960902,-0.0051515989882882016,0.005257498471297702,0.004178938498731698,-0.005579561501145899
2,0.0079802261093205,0.010949178255960902,0.0,0.005797579267672701,0.016206676727258604,0.0151281167546926,0.005369616754815003
3,0.0021826468416478,0.0051515989882882016,-0.005797579267672701,0.0,0.010409097459585903,0.0093305374870199,-0.00042796251285769776
4,-0.008226450617938103,-0.005257498471297702,-0.016206676727258604,-0.010409097459585903,0.0,-0.0010785599725660032,-0.010837059972443601
5,-0.0071478906453721,-0.004178938498731698,-0.0151281167546926,-0.0093305374870199,0.0010785599725660032,0.0,-0.009758499999877598
6,0.0026106093545054977,0.005579561501145899,-0.005369616754815003,0.00042796251285769776,0.010837059972443601,0.009758499999877598,0.0
