,zero_shot_baseline,in_context_learning_3-shot,style_information_style_example,chain_of_thought_zero_shot,chain_of_thought_one_shot,self-refine
0,0.0,-0.027909922953509702,-0.0018647278365926008,0.000259174512727299,-0.004500252705420302,-0.004122613707972501
1,0.027909922953509702,0.0,0.0260451951169171,0.028169097466237,0.0234096702480894,0.0237873092455372
2,0.0018647278365926008,-0.0260451951169171,0.0,0.0021239023493199,-0.002635524868827701,-0.0022578858713799
3,-0.000259174512727299,-0.028169097466237,-0.0021239023493199,0.0,-0.004759427218147601,-0.0043817882206998
4,0.004500252705420302,-0.0234096702480894,0.002635524868827701,0.004759427218147601,0.0,0.000377638997447801
5,0.004122613707972501,-0.0237873092455372,0.0022578858713799,0.0043817882206998,-0.000377638997447801,0.0
