,mistral,deepseek,llama3.3,qwen72b,qwen32b,qwen14b,solar
0,0.0,0.0028609901413040005,0.0012270844847734,-0.0026935186433717003,-0.0017062963796932,-0.0053018291164014,-0.0028237350557898996
1,-0.0028609901413040005,0.0,-0.0016339056565306005,-0.005554508784675701,-0.0045672865209972005,-0.0081628192577054,-0.0056847251970939
2,-0.0012270844847734,0.0016339056565306005,0.0,-0.0039206031281451,-0.0029333808644666,-0.0065289136011748,-0.0040508195405633
3,0.0026935186433717003,0.005554508784675701,0.0039206031281451,0.0,0.0009872222636785003,-0.0026083104730296996,-0.00013021641241819926
4,0.0017062963796932,0.0045672865209972005,0.0029333808644666,-0.0009872222636785003,0.0,-0.0035955327367082,-0.0011174386760966996
5,0.0053018291164014,0.0081628192577054,0.0065289136011748,0.0026083104730296996,0.0035955327367082,0.0,0.0024780940606115003
6,0.0028237350557898996,0.0056847251970939,0.0040508195405633,0.00013021641241819926,0.0011174386760966996,-0.0024780940606115003,0.0
