,zero_shot_baseline,in_context_learning_3-shot,style_information_style_example,chain_of_thought_zero_shot,chain_of_thought_one_shot,self-refine
0,0.0,0.005733783112641798,0.006247902994308899,0.0002801151645911021,0.0010627738534272,-0.0014405955573427998
1,-0.005733783112641798,0.0,0.0005141198816671008,-0.005453667948050696,-0.004671009259214598,-0.007174378669984598
2,-0.006247902994308899,-0.0005141198816671008,0.0,-0.005967787829717797,-0.005185129140881699,-0.0076884985516516985
3,-0.0002801151645911021,0.005453667948050696,0.005967787829717797,0.0,0.0007826586888360978,-0.0017207107219339018
4,-0.0010627738534272,0.004671009259214598,0.005185129140881699,-0.0007826586888360978,0.0,-0.0025033694107699997
5,0.0014405955573427998,0.007174378669984598,0.0076884985516516985,0.0017207107219339018,0.0025033694107699997,0.0
