,zero_shot_baseline,in_context_learning_3-shot,style_information_style_example,chain_of_thought_zero_shot,chain_of_thought_one_shot,self-refine
0,0.0,-0.0011174079836748993,-0.0017641515725805995,0.00014106428033980323,-0.001736931812525197,-0.003782798265959099
1,0.0011174079836748993,0.0,-0.0006467435889057002,0.0012584722640147025,-0.0006195238288502977,-0.0026653902822841996
2,0.0017641515725805995,0.0006467435889057002,0.0,0.0019052158529204027,2.7219760055402498e-05,-0.0020186466933784994
3,-0.00014106428033980323,-0.0012584722640147025,-0.0019052158529204027,0.0,-0.0018779960928650002,-0.003923862546298902
4,0.001736931812525197,0.0006195238288502977,-2.7219760055402498e-05,0.0018779960928650002,0.0,-0.002045866453433902
5,0.003782798265959099,0.0026653902822841996,0.0020186466933784994,0.003923862546298902,0.002045866453433902,0.0
