,zero_shot_baseline,in_context_learning_3-shot,style_information_style_example,chain_of_thought_zero_shot,chain_of_thought_one_shot,self-refine
0,0.0,-0.0004839286140588001,0.0007957403080055998,0.00010149418695229971,-0.0122436728406534,-0.0087109116182562
1,0.0004839286140588001,0.0,0.0012796689220644,0.0005854228010110998,-0.0117597442265946,-0.0082269830041974
2,-0.0007957403080055998,-0.0012796689220644,0.0,-0.0006942461210533001,-0.013039413148659,-0.0095066519262618
3,-0.00010149418695229971,-0.0005854228010110998,0.0006942461210533001,0.0,-0.0123451670276057,-0.0088124058052085
4,0.0122436728406534,0.0117597442265946,0.013039413148659,0.0123451670276057,0.0,0.0035327612223972
5,0.0087109116182562,0.0082269830041974,0.0095066519262618,0.0088124058052085,-0.0035327612223972,0.0
