,abstracts,news,reviews,qa
0,0.0,0.0024740591216478,0.005883392284539801,-0.0159902049666423
1,-0.0024740591216478,0.0,0.0034093331628920007,-0.0184642640882901
2,-0.005883392284539801,-0.0034093331628920007,0.0,-0.0218735972511821
3,0.0159902049666423,0.0184642640882901,0.0218735972511821,0.0
