,zero_shot_baseline,in_context_learning_3-shot,style_information_style_example,chain_of_thought_zero_shot,chain_of_thought_one_shot,self-refine
0,0.0,-0.0046294327107791,-0.0005313596426322013,0.00038689639354649863,-0.0013388374882506004,-0.0088568274887612
1,0.0046294327107791,0.0,0.0040980730681468985,0.0050163291043255984,0.0032905952225284994,-0.0042273947779820995
2,0.0005313596426322013,-0.0040980730681468985,0.0,0.0009182560361786999,-0.0008074778456183991,-0.008325467846128998
3,-0.00038689639354649863,-0.0050163291043255984,-0.0009182560361786999,0.0,-0.001725733881797099,-0.009243723882307698
4,0.0013388374882506004,-0.0032905952225284994,0.0008074778456183991,0.001725733881797099,0.0,-0.007517990000510599
5,0.0088568274887612,0.0042273947779820995,0.008325467846128998,0.009243723882307698,0.007517990000510599,0.0
