,zero_shot_baseline,in_context_learning_3-shot,style_information_style_example,chain_of_thought_zero_shot,chain_of_thought_one_shot,self-refine
0,0.0,-0.0016019010803175002,0.0026189035063282993,-0.0004376417288565991,-0.00039758062907689976,-0.006911187787623901
1,0.0016019010803175002,0.0,0.0042208045866457995,0.0011642593514609011,0.0012043204512406005,-0.005309286707306401
2,-0.0026189035063282993,-0.0042208045866457995,0.0,-0.0030565452351848984,-0.003016484135405199,-0.0095300912939522
3,0.0004376417288565991,-0.0011642593514609011,0.0030565452351848984,0.0,4.006109977969935e-05,-0.006473546058767302
4,0.00039758062907689976,-0.0012043204512406005,0.003016484135405199,-4.006109977969935e-05,0.0,-0.006513607158547001
5,0.006911187787623901,0.005309286707306401,0.0095300912939522,0.006473546058767302,0.006513607158547001,0.0
