,zero_shot_baseline,in_context_learning_3-shot,style_information_style_example,chain_of_thought_zero_shot,chain_of_thought_one_shot,self-refine
0,0.0,-0.0009488865224033978,-4.621892969969982e-05,-0.00037329042709589866,0.0006629744843275019,-0.003476655879535901
1,0.0009488865224033978,0.0,0.000902667592703698,0.0005755960953074991,0.0016118610067308997,-0.0025277693571325033
2,4.621892969969982e-05,-0.000902667592703698,0.0,-0.00032707149739619884,0.0007091934140272017,-0.0034304369498362013
3,0.00037329042709589866,-0.0005755960953074991,0.00032707149739619884,0.0,0.0010362649114234006,-0.0031033654524400024
4,-0.0006629744843275019,-0.0016118610067308997,-0.0007091934140272017,-0.0010362649114234006,0.0,-0.004139630363863403
5,0.003476655879535901,0.0025277693571325033,0.0034304369498362013,0.0031033654524400024,0.004139630363863403,0.0
