,abstracts,news,reviews,qa
0,0.0,0.005154283561636701,0.006768801098138699,-0.0107930077625111
1,-0.005154283561636701,0.0,0.0016145175365019984,-0.0159472913241478
2,-0.006768801098138699,-0.0016145175365019984,0.0,-0.0175618088606498
3,0.0107930077625111,0.0159472913241478,0.0175618088606498,0.0
