,zero_shot_baseline,in_context_learning_3-shot,style_information_style_example,chain_of_thought_zero_shot,chain_of_thought_one_shot,self-refine
0,0.0,-0.0028374622893789017,-0.0014821329649543982,8.654320370359708e-05,0.004752656058964199,-0.004973384970948701
1,0.0028374622893789017,0.0,0.0013553293244245035,0.002924005493082499,0.007590118348343101,-0.002135922681569799
2,0.0014821329649543982,-0.0013553293244245035,0.0,0.0015686761686579953,0.006234789023918597,-0.0034912520059943025
3,-8.654320370359708e-05,-0.002924005493082499,-0.0015686761686579953,0.0,0.004666112855260602,-0.005059928174652298
4,-0.004752656058964199,-0.007590118348343101,-0.006234789023918597,-0.004666112855260602,0.0,-0.0097260410299129
5,0.004973384970948701,0.002135922681569799,0.0034912520059943025,0.005059928174652298,0.0097260410299129,0.0
